# https://github.com/mikedh/trimesh
v 0.80435141 38.72863397 3.44439591
v 1.32752395 38.70588885 3.44439591
v 2.41936235 38.65281209 2.35243960
v 0.80435141 38.72105322 2.35243960
v 0.00063703 38.72105322 2.35243960
v -0.81065954 38.72105322 3.44518749
v -0.00694519 38.72105322 3.44518749
v 2.41936235 38.65281209 3.44439591
v 2.41936235 38.52391635 0.73586642
v 2.94253508 38.61490260 3.44439591
v 4.03437330 38.52391635 3.44439591
v 4.03437330 38.51633272 2.35243960
v 0.80435141 38.59215460 0.73586642
v 0.00063703 38.66039573 1.54929688
v -0.81065954 38.59215460 0.73586642
v -0.81065954 38.71346959 2.35243960
v -2.42567049 38.65281209 2.35243960
v -2.42567049 38.65281209 3.44518749
v 33.22588718 -0.00113538 3.89304934
v 38.72298886 -0.00113538 3.89304934
v 2.41936235 38.03865637 -0.87674882
v 0.80435141 38.11447824 -0.87674882
v 4.03437330 38.38743698 0.73586642
v 5.65696680 38.31161511 3.44439591
v 5.65696680 38.31161511 2.35243960
v -0.81065954 38.11447824 -0.87674882
v -2.42567049 38.52391635 0.73586642
v -4.03309925 38.38743698 0.73586642
v -4.03309925 38.50875198 2.35243960
v -4.03309925 38.51633272 3.44518749
v 0.00821924 -33.22624253 3.89304934
v -5.13252002 38.37985335 3.44518749
v -5.65569275 38.31161511 3.44518749
v -6.74753133 38.12964262 3.44518749
v -7.27070370 38.03865637 3.44518749
v -8.36254228 37.80360712 3.44518749
v -8.88571465 37.68987575 3.44518749
v -9.85623751 37.44724576 3.44518749
v -10.31117019 37.32593076 3.44518749
v -11.12246712 37.09846514 3.44518749
v -12.12331945 36.78001328 3.44518749
v -13.73832968 36.21135068 3.44518749
v -14.97423054 35.71850995 3.44518749
v -15.77794528 35.36972933 3.44518749
v -16.58165858 34.99061997 3.44518749
v -16.96076939 34.80864747 3.44518749
v -18.23458119 34.17174374 3.44518749
v -19.03829593 33.72439613 3.44518749
v -20.19079129 33.04199928 3.44518749
v -20.85802666 32.62498042 3.44518749
v -21.17647852 32.42025992 3.44518749
v -21.44185652 32.24587106 3.44518749
v -21.98777545 31.87434532 3.44518749
v -23.11752569 31.06304984 3.44518749
v -23.92882118 30.45647774 3.44518749
v -25.17230712 29.42530027 3.44518749
v -25.71822460 28.96278829 3.44518749
v -26.30205158 28.41687081 3.44518749
v -26.58259684 28.15149570 3.44518749
v -27.38631158 27.38569334 3.44518749
v 38.72298886 -0.79726414 3.89304934
v 38.72298886 0.79499338 3.44439591
v 38.70024085 1.32574595 3.44439591
v 38.64716987 2.41757966 3.44439591
v 38.60925460 2.94075004 3.44439591
v 38.51068761 4.04016611 3.44439591
v 38.31354785 5.65517020 3.44439591
v 38.03300837 7.27017429 3.44439591
v 37.92686064 7.79334449 3.44439591
v 37.69181138 8.87759583 3.44439591
v 37.32786062 10.31820997 3.44439591
v 37.10039789 11.12192110 3.44439591
v 36.78194313 12.10760400 3.44439591
v 36.20569690 13.72260773 3.44439591
v 36.05405315 14.12446365 3.44439591
v 35.72043691 14.95850281 3.44439591
v 35.37165341 15.77737904 3.44439591
v 35.18968091 16.16407059 3.44439591
v 34.81056866 16.96778100 3.44439591
v 34.16607841 18.23400483 3.44439591
v 33.87037743 18.77233869 3.44439591
v 33.72631443 19.03013305 3.44439591
v 33.03633394 20.18262408 3.44439591
v 32.42217244 21.17589061 3.44439591
v 31.86866843 21.98718321 3.44439591
v 31.61087695 22.35112820 3.44439591
v 31.06495947 23.10934548 3.44439591
v 30.45079797 23.92063952 3.44439591
v 29.64708322 24.90632243 3.44439591
v 28.95710274 25.71003428 3.44439591
v 28.15338799 26.58198437 3.44439591
v 27.38758274 27.39327697 3.44439591
v 26.58386800 28.15149570 3.44439591
v 25.71191502 28.96278829 3.44439591
v 24.90820028 29.64518515 3.44439591
v 24.24096780 30.19868338 3.44439591
v 23.92251304 30.45647774 3.44439591
v 23.11879974 31.07063347 3.44439591
v 21.98146732 31.88192607 3.44439591
v 21.17775257 32.42784355 3.44439591
v 20.19206534 33.04199928 3.44439591
v 19.03956998 33.72439613 3.44439591
v 18.78177417 33.87603988 3.44439591
v 18.23585524 34.16416300 3.44439591
v 17.37148300 34.61151060 3.44439591
v 16.96204344 34.81623110 3.44439591
v 15.77921933 35.36972933 3.44439591
v 15.51384133 35.49104433 3.44439591
v 14.96792241 35.72609069 3.44439591
v 13.73202154 36.21135068 3.44439591
v 12.11701059 36.78759691 3.44439591
v 11.12374117 37.10604878 3.44439591
v 10.31244424 37.33351439 3.44439591
v 9.34192138 37.58372513 3.44439591
v 8.88698870 37.68987575 3.44439591
v 7.27197775 38.03865637 3.44439591
v 2.41936235 37.42450064 -2.01618300
v 4.03437330 37.90217700 -0.87674882
v 4.03437330 37.35625951 -1.93626452
v 0.80435141 37.45482939 -2.05416471
v 5.65696680 38.17513574 0.73586642
v 5.65696680 37.70504013 -0.87674882
v 7.27197775 38.03865637 2.35243960
v -0.81065954 37.45482939 -2.05416471
v -2.42567049 37.41691701 -2.01618300
v -2.42567049 38.04623711 -0.87674882
v -4.03309925 37.90217700 -0.87674882
v -5.65569275 37.70504013 -0.87674882
v -5.65569275 38.18271648 0.73586642
v -5.65569275 38.30403148 2.35243960
v 0.00821924 -38.72332398 3.89304934
v -28.15211105 26.58198437 3.44518749
v -28.96341232 25.71003428 3.44518749
v -29.64580628 24.90632243 3.44518749
v -30.44952103 23.92063952 3.44518749
v -30.86654277 23.37472204 3.44518749
v -31.06368253 23.10934548 3.44518749
v -31.32906053 22.74540049 3.44518749
v -31.87497802 21.97960102 3.44518749
v -32.42848202 21.17589061 3.44518749
v -32.62561600 20.85743875 3.44518749
v -33.03505700 20.18262408 3.44518749
v -33.72503749 19.03013305 3.44518749
v -34.02832498 18.48421701 3.44518749
v -34.16480724 18.22642265 3.44518749
v -34.37710849 17.81698453 3.44518749
v -34.80929750 16.96019881 3.44518749
v -35.37037647 15.76979685 3.44518749
v -35.60542572 15.22387937 3.44518749
v -35.71915997 14.95850281 3.44518749
v -36.21200648 13.72260773 3.44518749
v -36.78067197 12.10760400 3.44518749
v -37.09912095 11.11433891 3.44518749
v -37.32658946 10.31062778 3.44518749
v -37.69053445 8.87759583 3.44518749
v -38.03173721 7.26259210 3.44518749
v -38.12272345 6.73942190 3.44518749
v -38.31227669 5.64758801 3.44518749
v -38.50941645 4.03258393 3.44518749
v -38.55490669 3.50941337 3.44518749
v -38.64589293 2.41757966 3.44518749
v -38.72171770 -0.00113538 3.44597908
v -7.27070370 38.03107274 2.35243960
v -8.88571465 37.68987575 2.35243960
v -10.31117019 37.32593076 2.35243960
v -11.11488493 37.09846514 2.35243960
v -12.12331945 36.78001328 2.35243960
v -13.73832968 36.20376993 2.35243960
v -14.96664836 35.71850995 2.35243960
v -15.77794528 35.36972933 2.35243960
v -16.96076939 34.80864747 2.35243960
v -18.22699900 34.16416300 2.35243960
v -19.03829593 33.72439613 2.35243960
v -20.19079129 33.03441853 2.35243960
v -21.17647852 32.42025992 2.35243960
v -21.98019327 31.87434532 2.35243960
v -23.11752569 31.06304984 2.35243960
v -23.92123899 30.44889411 2.35243960
v -24.90692912 29.64518515 2.35243960
v -25.71822460 28.95520466 2.35243960
v -26.57501610 28.15149570 2.35243960
v -27.38631158 27.38569334 2.35243960
v 38.72298886 -0.79726414 2.35164801
v 38.65475062 -2.41985042 3.89304934
v 38.72298886 -0.00113538 2.35164801
v 38.71540811 0.79499338 2.35243960
v 38.64716987 2.41757966 2.35243960
v 38.51068761 4.04016611 2.35243960
v 38.30596711 5.65517020 2.35243960
v 38.03300837 7.27017429 2.35243960
v 37.68422486 8.87759583 2.35243960
v 37.32027987 10.31062778 2.35243960
v 37.09281714 11.11433891 2.35243960
v 36.77436239 12.10760400 2.35243960
v 36.20569690 13.72260773 2.35243960
v 35.71285039 14.95850281 2.35243960
v 35.36407266 15.76979685 2.35243960
v 34.80298792 16.96778100 2.35243960
v 34.16607841 18.22642265 2.35243960
v 33.72631443 19.02255087 2.35243960
v 33.03633394 20.18262408 2.35243960
v 32.42217244 21.17589061 2.35243960
v 31.86866843 21.97960102 2.35243960
v 31.06495947 23.10176330 2.35243960
v 30.45079797 23.92063952 2.35243960
v 29.63950248 24.90632243 2.35243960
v 28.95710274 25.71003428 2.35243960
v 28.14580725 26.58198437 2.35243960
v 27.38758274 27.37811259 2.35243960
v 26.57628726 28.15149570 2.35243960
v 25.71191502 28.96278829 2.35243960
v 24.90061953 29.64518515 2.35243960
v 23.92251304 30.45647774 2.35243960
v 23.11121756 31.07063347 2.35243960
v 21.98146732 31.87434532 2.35243960
v 21.17775257 32.42784355 2.35243960
v 20.19206534 33.04199928 2.35243960
v 19.03956998 33.72439613 2.35243960
v 18.22827305 34.16416300 2.35243960
v 16.96204344 34.80864747 2.35243960
v 15.77163715 35.36972933 2.35243960
v 14.96034022 35.71850995 2.35243960
v 13.73202154 36.21135068 2.35243960
v 12.11701059 36.77243254 2.35243960
v 11.11615898 37.09846514 2.35243960
v 10.30486205 37.32593076 2.35243960
v 8.88698870 37.68987575 2.35243960
v 2.41936235 36.56013129 -2.82486682
v 4.03437330 36.49947379 -2.74494834
v 5.65696680 37.25010889 -1.81124582
v 5.65696680 36.40848755 -2.61992676
v 0.80435141 36.59046004 -2.86284854
v -0.00694519 36.59804078 -2.86284854
v 0.00063703 37.03022690 -2.45534028
v 7.27197775 37.90217700 0.73586642
v 8.88698870 37.29560201 -0.40831439
v 7.18857297 37.42450064 -0.94005265
v 6.58957873 37.18187065 -1.71866484
v -0.00694519 37.03022690 -2.45534028
v -0.81065954 36.59804078 -2.86284854
v -2.42567049 36.56771203 -2.82407524
v -4.03309925 37.34867877 -1.93626452
v -5.65569275 37.25010889 -1.81045423
v -6.58830468 37.17428702 -1.71787326
v -7.18729892 37.41691701 -0.93846947
v -8.88571465 37.29560201 -0.40752569
v -7.27070370 37.90217700 0.73586642
v 0.81193359 -38.73090472 3.89304934
v -38.72171770 -0.80484633 3.44597908
v -38.65347368 -2.41985042 3.44597908
v -38.51699719 -4.03485468 3.44597908
v -38.31227669 -5.64985877 3.44597908
v -38.03931795 -7.27244504 3.44597908
v -37.69053445 -8.88744877 3.44597908
v -37.32658946 -10.32048072 3.44597908
v -37.09912095 -11.12419186 3.44597908
v -36.78067197 -12.11745622 3.44597908
v -36.21200648 -13.72487848 3.44597908
v -35.71915997 -14.96077357 3.44597908
v -35.48411072 -15.50669105 3.44597908
v -35.37037647 -15.76448542 3.44597908
v -35.18840397 -16.15117697 3.44597908
v -34.80929750 -16.95488738 3.44597908
v -34.60457700 -17.36432549 3.44597908
v -34.17238799 -18.22111121 3.44597908
v -33.72503749 -19.03240381 3.44597908
v -33.04263775 -20.17731265 3.44597908
v -32.84550377 -20.50334670 3.44597908
v -32.42848202 -21.17816137 3.44597908
v -32.05695051 -21.72407741 3.44597908
v -31.87497802 -21.98187178 3.44597908
v -31.07126327 -23.11161624 3.44597908
v -30.65424153 -23.65753372 3.44597908
v -30.44952103 -23.91532809 3.44597908
v -29.64580628 -24.90100955 3.44597908
v -29.18329430 -25.45451067 3.44597908
v -28.96341232 -25.71230503 3.44597908
v -27.39389233 -27.38796409 3.44597908
v -25.71822460 -28.95747542 3.44597908
v -24.90692912 -29.63987227 3.44597908
v -23.92123899 -30.44358413 3.44597908
v -23.11752569 -31.06532059 3.44597908
v -21.98777545 -31.86903245 3.44597908
v -21.72998109 -32.05100494 3.44597908
v -21.18406071 -32.42253068 3.44597908
v -20.18320910 -33.03668929 3.44597908
v -19.03829593 -33.71908326 3.44597908
v -18.78050012 -33.86314626 3.44597908
v -18.23458119 -34.16643375 3.44597908
v -17.37779114 -34.59861698 3.44597908
v -16.96835158 -34.80333748 3.44597908
v -16.16463684 -35.18244396 3.44597908
v -15.77794528 -35.36441646 3.44597908
v -15.52014947 -35.47815071 3.44597908
v -14.97423054 -35.71319707 3.44597908
v -13.73832968 -36.20604069 3.44597908
v -12.11573654 -36.77470329 3.44597908
v -11.44850190 -36.99458528 3.44597908
v -11.12246712 -37.09315516 3.44597908
v -10.31875238 -37.32062078 3.44597908
v -8.88571465 -37.68456288 3.44597908
v -7.27070370 -38.03334349 3.44597908
v -5.64811020 -38.30630223 3.44597908
v -4.03309925 -38.51102274 3.44597908
v -2.41808830 -38.64750211 3.44597908
v -0.80307736 -38.71574035 3.44597908
v -28.15211105 26.57440074 2.35243960
v -28.95582580 25.71003428 2.35243960
v -29.63822554 24.89873879 2.35243960
v -30.44952103 23.91305734 2.35243960
v -31.06368253 23.10934548 2.35243960
v -31.86739727 21.97960102 2.35243960
v -32.42089550 21.16830843 2.35243960
v -33.03505700 20.18262408 2.35243960
v -33.72503749 19.03013305 2.35243960
v -34.16480724 18.21884046 2.35243960
v -34.80929750 16.96019881 2.35243960
v -35.37037647 15.76221467 2.35243960
v -35.71915997 14.95850281 2.35243960
v -36.20441996 13.72260773 2.35243960
v -36.78067197 12.10760400 2.35243960
v -37.09912095 11.10675672 2.35243960
v -37.32658946 10.30304559 2.35243960
v -37.69053445 8.87759583 2.35243960
v -38.03173721 7.26259210 2.35243960
v -38.30469595 5.64758801 2.35243960
v -38.50941645 4.03258393 2.35243960
v -38.64589293 2.41757966 2.35243960
v -38.72171770 0.80257557 3.44518749
v -8.88571465 37.56097712 0.73586642
v -10.08370385 37.25769252 0.73586642
v -10.89500078 37.03022690 0.73586642
v -12.12331945 36.64353391 0.73586642
v -13.73832968 36.07487130 0.73586642
v -14.80742098 35.65026882 0.73586642
v -16.96076939 34.67216810 0.73586642
v -15.61871791 35.30148820 0.73586642
v -18.09810182 34.09592187 0.73586642
v -18.90939730 33.64857426 0.73586642
v -21.11582103 32.38235043 1.09747710
v -23.01137363 30.98723086 0.73586642
v -23.82267056 30.37307224 0.73586642
v -24.80835635 29.56177964 0.73586642
v -25.61965761 28.87180205 0.73586642
v -26.48402407 28.06809019 0.73586642
v -27.29532534 27.29470709 0.73586642
v -28.06871133 26.48341449 0.73586642
v 38.64716987 -2.41985042 2.35164801
v 38.52585488 -2.41985042 0.73586642
v 38.59409312 -0.79726414 0.73586642
v 38.52585488 -3.96661500 3.89304934
v 38.59409312 -0.00113538 0.73586642
v 38.58651237 0.79499338 0.73586642
v 38.51826835 2.41757966 0.73586642
v 38.38179187 4.04016611 0.73586642
v 38.17707137 5.65517020 0.73586642
v 37.90411263 7.27017429 0.73586642
v 37.55532912 8.87759583 0.73586642
v 37.25962238 10.07557998 0.73586642
v 37.03215965 10.87929111 0.73586642
v 36.64546665 12.10760400 0.73586642
v 36.06921464 13.72260773 0.73586642
v 35.65219289 14.80686051 0.73586642
v 35.30341517 15.61815311 0.73586642
v 34.66650566 16.96778100 0.73586642
v 34.09784016 18.09752546 0.73586642
v 33.65048967 18.89365368 0.73586642
v 32.37667643 21.10765093 1.09747710
v 30.98913471 23.00319486 0.73586642
v 30.36739246 23.82207109 0.73586642
v 29.56367772 24.80017180 0.73586642
v 28.87369723 25.61904803 0.73586642
v 28.06240175 26.49099813 0.73586642
v 27.29659650 27.28712635 0.73586642
v 26.48530101 28.06050945 0.73586642
v 25.61334803 28.87180205 0.73586642
v 24.80963329 29.55419890 0.73586642
v 23.81636242 30.36549150 0.73586642
v 23.01264768 30.98723086 0.73586642
v 21.10951289 32.38235043 1.09668840
v 18.91067135 33.64857426 0.73586642
v 18.09937587 34.10350550 0.73586642
v 16.96204344 34.67216810 0.73586642
v 15.61999196 35.29390746 0.73586642
v 14.80869503 35.65785245 0.73586642
v 13.73202154 36.07487130 0.73586642
v 12.11701059 36.65111754 0.73586642
v 10.88869264 37.03780765 0.73586642
v 10.08497790 37.26527326 0.73586642
v 8.88698870 37.55339638 0.73586642
v 2.41936235 35.75641944 -3.43335722
v 4.03437330 35.69576194 -3.39695578
v 6.47584519 35.53653745 -3.30358900
v 5.65696680 35.59719495 -3.33840148
v 7.07484016 36.30233692 -2.47354100
v 0.80435141 35.79433182 -3.45076635
v 0.00063703 36.20376993 -3.15482848
v 9.80443625 37.18945139 -0.15036112
v 8.88698870 36.92407628 -1.21620662
v 7.66625293 37.06813640 -1.51847430
v 10.50199965 35.90806318 -2.10401445
v 8.88698870 36.12036443 -2.30183313
v -0.81065954 35.78674819 -3.44997476
v -2.42567049 35.75641944 -3.43256563
v -4.03309925 35.68818120 -3.39695578
v -5.65569275 35.59719495 -3.33840148
v -4.03309925 36.49947379 -2.74415676
v -5.65569275 36.40090391 -2.61834358
v -6.47457114 35.53653745 -3.30279741
v -7.07356611 36.30233692 -2.47274941
v -8.88571465 36.11278369 -2.30104154
v -10.50072560 35.90048244 -2.10322576
v -7.66497888 37.06813640 -1.51847430
v -8.88571465 36.92407628 -1.21541504
v -9.81074439 37.18187065 -0.14956954
v 0.81193359 -38.71574035 2.35164801
v 2.42694454 -38.64750211 2.35164801
v 2.42694454 -38.65508285 3.89304934
v 0.00063703 -38.72332398 3.44597908
v -0.80307736 -38.71574035 2.35164801
v -38.72171770 -0.80484633 2.35164801
v -38.64589293 -2.41985042 2.35164801
v -38.50941645 -4.03485468 2.35164801
v -38.30469595 -5.64985877 2.35164801
v -38.03173721 -7.27244504 2.35164801
v -37.68295370 -8.88744877 2.35164801
v -37.32658946 -10.31289854 2.35164801
v -37.09912095 -11.11660967 2.35164801
v -36.78067197 -12.11745622 2.35164801
v -36.20441996 -13.72487848 2.35164801
v -35.71157923 -14.95319138 2.35164801
v -35.37037647 -15.76448542 2.35164801
v -34.80929750 -16.95488738 2.35164801
v -34.16480724 -18.22111121 2.35164801
v -33.72503749 -19.02482162 2.35164801
v -33.03505700 -20.17731265 2.35164801
v -32.42089550 -21.17057918 2.35164801
v -31.87497802 -21.98187178 2.35164801
v -31.06368253 -23.11161624 2.35164801
v -30.44952103 -23.91532809 2.35164801
v -29.64580628 -24.90100955 2.35164801
v -28.96341232 -25.71230503 2.35164801
v -28.15211105 -26.57667150 2.35164801
v -27.38631158 -27.38038335 2.35164801
v -26.58259684 -28.14618282 2.35164801
v -25.71064386 -28.95747542 2.35164801
v -24.90692912 -29.63987227 2.35164801
v -23.92123899 -30.44358413 2.35164801
v -23.10994351 -31.05773985 2.35164801
v -21.98777545 -31.86903245 2.35164801
v -21.17647852 -32.41494993 2.35164801
v -20.18320910 -33.02910566 2.35164801
v -19.03829593 -33.71908326 2.35164801
v -18.23458119 -34.15885012 2.35164801
v -16.96835158 -34.80333748 2.35164801
v -15.77794528 -35.36441646 2.35164801
v -14.96664836 -35.71319707 2.35164801
v -13.73832968 -36.19845706 2.35164801
v -12.11573654 -36.77470329 2.35164801
v -11.11488493 -37.09315516 2.35164801
v -10.30358800 -37.32062078 2.35164801
v -8.88571465 -37.68456288 2.35164801
v -7.27070370 -38.02576275 2.35164801
v -5.64811020 -38.30630223 2.35164801
v -4.03309925 -38.50343910 2.35164801
v -2.41808830 -38.63991848 2.35164801
v -28.87242607 25.61146440 0.73586642
v -29.56240656 24.80775255 0.73586642
v -30.98785777 23.01077705 0.73586642
v -30.36612130 23.81448890 0.73586642
v -32.38298601 21.10765093 1.09826869
v -33.64921851 18.90123587 0.73586642
v -34.09656900 18.08994327 0.73586642
v -34.67281524 16.96019881 0.73586642
v -35.30213823 15.61057092 0.73586642
v -35.65092173 14.79927832 0.73586642
v -36.07552422 13.72260773 0.73586642
v -36.64418971 12.10760400 0.73586642
v -37.03088271 10.87929111 0.73586642
v -37.25835121 10.07557998 0.73586642
v -37.56163871 8.87759583 0.73586642
v -37.90283569 7.26259210 0.73586642
v -38.17579443 5.64758801 0.73586642
v -38.38051493 4.03258393 0.73586642
v -38.71413117 0.80257557 2.35243960
v -38.51699719 2.41757966 0.73586642
v -38.72171770 -0.00113538 2.35164801
v -14.62544848 35.57444694 -0.15273299
v -17.90854569 33.99735488 -0.23502623
v -20.97175947 32.28378344 0.02055516
v -20.33485429 32.78420491 0.62983425
v -21.71481671 31.88950970 0.62983425
v -22.81423676 30.83558711 -0.36875238
v -24.55814561 29.34947840 -0.56577947
v -26.15040783 27.74963833 -0.87674882
v -27.74267583 26.14979825 -0.87674882
v -26.95412257 26.95351011 -0.87674882
v -29.35010531 24.54996107 -0.56498788
v 38.51068761 -4.03485468 2.35164801
v 38.38937262 -4.03485468 0.73586642
v 38.04058911 -2.41985042 -0.87674882
v 38.10883313 -0.79726414 -0.87674882
v 38.35146312 -0.00113538 -0.07835562
v 38.51826835 -4.03485468 3.89304934
v 38.10883313 0.79499338 -0.87674882
v 38.04058911 2.41757966 -0.87674882
v 37.90411263 4.04016611 -0.87674882
v 37.69939213 5.65517020 -0.87674882
v 37.28995112 8.87759583 -0.40910597
v 37.18380339 9.81020414 -0.15036112
v 35.56878739 14.62488802 -0.15194430
v 33.99169243 17.90797078 -0.23423465
v 32.28569018 20.97117156 0.02134675
v 32.77853669 20.32668564 0.62983425
v 31.88383570 21.70664228 0.62983425
v 30.83749096 22.80605799 -0.36558604
v 29.35137647 24.55754181 -0.56419630
v 27.74394699 26.14221751 -0.87674882
v 26.95539951 26.96109374 -0.87674882
v 26.15168477 27.74205758 -0.87674882
v 24.55183603 29.34189766 -0.56577947
v 22.81551081 30.83558711 -0.36716921
v 20.97303352 32.29136418 0.01818040
v 21.70850857 31.88950970 0.62904555
v 20.33612834 32.77662417 0.62904555
v 17.90981974 33.99735488 -0.23502623
v 14.61914035 35.56686620 -0.15194430
v 2.41936235 34.73282560 -3.81949552
v 4.03437330 34.73282560 -3.76964867
v 5.65696680 34.73282560 -3.68577515
v 7.55251940 35.41522245 -3.22841715
v 10.50199965 34.20965612 -3.45551009
v 8.88698870 34.42953811 -3.54492472
v 7.12033328 34.81623110 -3.54729948
v 0.80435141 34.73282560 -3.84402893
v 0.00063703 35.79433182 -3.45076635
v 13.73202154 35.74125506 -0.52146795
v 12.26107288 36.03696181 -1.02788410
v 10.41101340 36.72693941 -0.76438973
v 12.89039587 35.52137308 -1.66644034
v 11.81372238 35.70334557 -1.88641478
v 10.50199965 35.02094872 -2.91269828
v 8.88698870 35.23324996 -3.10972537
v -0.81065954 34.72524486 -3.84323735
v -2.42567049 34.72524486 -3.81949552
v -4.03309925 34.72524486 -3.76885709
v -5.65569275 34.72524486 -3.68498356
v -7.11905923 34.81623110 -3.54650789
v -8.88571465 34.42953811 -3.54492472
v -10.50072560 34.20965612 -3.45551009
v -7.55124535 35.40763882 -3.22762556
v -8.88571465 35.23324996 -3.10893378
v -10.50072560 35.01336508 -2.91111511
v -11.82003052 35.70334557 -1.88641478
v -10.40973935 36.72693941 -0.76359815
v -12.89670400 35.52895382 -1.66644034
v -12.26738101 36.02937818 -1.02709252
v -13.73832968 35.74125506 -0.52146795
v 0.81193359 -38.59442535 0.73586642
v 2.42694454 -38.52618711 0.73586642
v 4.03437330 -38.51102274 2.35164801
v 3.96613362 -38.52618711 3.89304934
v -2.41808830 -38.51860348 0.73586642
v -0.80307736 -38.58684461 0.73586642
v 0.00821924 -38.59442535 0.73586642
v -38.59281618 -0.80484633 0.73586642
v -38.52457794 -2.41985042 0.73586642
v -38.38810145 -4.03485468 0.73586642
v -38.18338095 -5.64985877 0.73586642
v -37.90283569 -7.27244504 0.73586642
v -37.56163871 -8.88744877 0.73586642
v -37.26593196 -10.08543292 0.73586642
v -37.03088271 -10.88914405 0.73586642
v -36.64418971 -12.11745622 0.73586642
v -36.07552422 -13.72487848 0.73586642
v -35.65092173 -14.80154908 0.73586642
v -35.30213823 -15.60525949 0.73586642
v -34.67281524 -16.95488738 0.73586642
v -34.09656900 -18.09221403 0.73586642
v -33.65679925 -18.89592444 0.73586642
v -32.37540527 -21.10992168 1.09906027
v -30.98785777 -23.00546562 0.73586642
v -30.36612130 -23.81675966 0.73586642
v -29.56240656 -24.80244256 0.73586642
v -28.88000681 -25.61373516 0.73586642
v -28.06871133 -26.48568525 0.73586642
v -27.29532534 -27.28939710 0.73586642
v -26.48402407 -28.06278021 0.73586642
v -25.61207109 -28.86648917 0.73586642
v -24.80835635 -29.55646966 0.73586642
v -23.82267056 -30.36776225 0.73586642
v -23.01137363 -30.98191798 0.73586642
v -21.11582103 -32.37703755 1.09826869
v -18.90939730 -33.65084502 0.73586642
v -18.09810182 -34.09061188 0.73586642
v -16.96835158 -34.66685811 0.73586642
v -15.61871791 -35.29617821 0.73586642
v -14.81500316 -35.64495883 0.73586642
v -13.73832968 -36.06956132 0.73586642
v -12.11573654 -36.63822392 0.73586642
v -10.88741859 -37.02491403 0.73586642
v -10.08370385 -37.25996328 0.73586642
v -8.88571465 -37.55566714 0.73586642
v -7.27070370 -37.89686412 0.73586642
v -5.64811020 -38.17740650 0.73586642
v -4.03309925 -38.38212411 0.73586642
v -30.83621402 22.80605799 -0.36637762
v -32.28441902 20.96358937 0.02134675
v -31.88255876 21.70664228 0.63062584
v -32.78484627 20.32668564 0.63062584
v -33.99041549 17.90038859 -0.23502623
v -35.56751623 14.61730583 -0.15194430
v -37.18252645 9.80262195 -0.15036112
v -37.29626071 8.87759583 -0.40910597
v -37.69811519 5.64758801 -0.87674882
v -37.91042221 4.03258393 -0.87674882
v -38.58523543 0.80257557 0.73586642
v -38.03931795 2.41757966 -0.87674882
v -38.59281618 -0.00113538 0.73586642
v -15.23202491 35.00578434 -0.76518132
v -16.90011189 34.21723686 -0.81423947
v -13.73832968 35.36214570 -1.32856860
v -17.39295551 33.72439613 -1.31036789
v -18.49995919 33.36803478 -0.81423947
v -19.81926267 32.57190367 -0.87674882
v -20.62297741 32.06389856 -0.87674882
v -21.85129608 31.22985796 -0.89415795
v -22.41237939 30.53988036 -1.44409404
v -23.50421725 29.94846975 -1.00493675
v -24.19419918 29.04619091 -1.64349300
v -25.07373435 28.64433643 -1.01364132
v -25.87744909 27.49184396 -1.71866484
v -27.49245932 25.87684240 -1.71866484
v -28.63737682 25.06554691 -1.01284973
v -29.04681204 24.19359682 -1.64270430
v -29.94151303 23.50361922 -1.00414517
v 38.30596711 -5.64985877 2.35164801
v 38.17707137 -5.64985877 0.73586642
v 37.69939213 -5.64985877 -0.87674882
v 37.90411263 -4.03485468 -0.87674882
v 37.35060862 -4.03485468 -1.93705611
v 37.41884686 -2.41985042 -2.01539430
v 37.78279763 -0.00113538 -1.47020484
v 37.44917561 -0.79726414 -2.05495630
v 38.31354785 -5.64985877 3.89304934
v 37.44917561 0.79499338 -2.05416471
v 37.41884686 2.41757966 -2.01539430
v 37.35060862 4.04016611 -1.93705611
v 37.24446089 5.65517020 -1.81045423
v 37.17621687 6.58777815 -1.71708167
v 37.41884686 7.17918804 -0.94084423
v 37.06248840 7.65686512 -1.52005458
v 36.92600613 8.87759583 -1.21778980
v 36.72128563 10.40919622 -0.76438973
v 36.03130515 12.25924847 -1.02867569
v 35.74317914 13.72260773 -0.52146795
v 35.52329715 12.88856857 -1.66644034
v 35.35648614 13.72260773 -1.32856860
v 35.00012190 15.23146155 -0.76518132
v 34.21157442 16.89954131 -0.81423947
v 33.71872791 17.39238349 -1.30957630
v 33.36236944 18.49938139 -0.81423947
v 32.56623544 19.81109834 -0.87674882
v 32.06580819 20.62239094 -0.87674882
v 31.23176470 21.83553946 -0.89257478
v 30.54178421 22.41178570 -1.44330245
v 29.94278997 23.50361922 -1.00414517
v 29.04050824 24.18601463 -1.64270430
v 28.63864798 25.07313055 -1.01364132
v 27.49373626 25.87684240 -1.71787326
v 25.87872603 27.48426322 -1.71787326
v 25.06742477 28.64433643 -1.01364132
v 24.19547323 29.03861017 -1.64270430
v 23.50549130 29.94088901 -1.00493675
v 22.41365344 30.54746399 -1.44409404
v 21.84498795 31.23744159 -0.89415795
v 20.62425146 32.06389856 -0.87674882
v 19.81295453 32.56432292 -0.87674882
v 18.50123324 33.36803478 -0.81503106
v 17.39422956 33.72439613 -1.31195106
v 16.89380376 34.20965612 -0.81503106
v 15.23329896 35.00578434 -0.76597291
v 13.73202154 35.35456496 -1.32856860
v 7.27197775 33.11782115 -4.04105313
v 5.65696680 33.11782115 -4.08932259
v 4.03437330 33.11782115 -4.11543339
v 8.88698870 33.11782115 -3.96508970
v 11.66966010 34.02768363 -3.36767863
v 12.17008663 33.23155540 -3.60585378
v 10.50199965 33.11782115 -3.84323735
v 0.80435141 33.11782115 -4.13838363
v 0.00063703 34.73282560 -3.84402893
v 2.41936235 33.11782115 -4.13205094
v 16.30997389 33.99735488 -1.77721915
v 15.34703321 34.20965612 -2.00589815
v 13.73202154 34.55085310 -2.31212087
v 12.28381944 34.78590235 -2.57561524
v 12.74633431 33.84571113 -3.26402411
v -0.81065954 33.11024041 -4.13838363
v -2.42567049 33.11024041 -4.13125935
v -4.03309925 33.11024041 -4.11543339
v -5.65569275 33.11024041 -4.08853100
v -7.27070370 33.11024041 -4.04105313
v -8.88571465 33.11024041 -3.96588128
v -10.50072560 33.11024041 -3.84323735
v -12.17639477 33.23155540 -3.60585378
v -11.67596824 34.03526437 -3.36767863
v -12.75264244 33.84571113 -3.26323252
v -12.29012757 34.77831872 -2.57482365
v -13.73832968 34.55085310 -2.31132928
v -15.34575916 34.20965612 -2.00510656
v -16.31628203 33.99735488 -1.77801073
v 0.00063703 -38.10916537 -0.87754041
v 0.81193359 -38.10158462 -0.87674882
v 2.42694454 -38.04092712 -0.87674882
v 4.03437330 -38.38970774 0.73586642
v 5.65696680 -38.29872149 2.35164801
v 5.65696680 -38.31388587 3.89304934
v 4.03437330 -38.51860348 3.89304934
v -2.41808830 -38.03334349 -0.87754041
v -0.80307736 -38.10916537 -0.87754041
v -4.03309925 -37.90444775 -0.87754041
v -38.35776693 -0.00113538 -0.06569312
v -38.11513693 -0.80484633 -0.87754041
v -38.03931795 -2.41985042 -0.87754041
v -37.91042221 -4.03485468 -0.87754041
v -37.70570171 -5.64985877 -0.87754041
v -37.29626071 -8.88744877 -0.40910597
v -37.18252645 -9.80489271 -0.15115271
v -35.57509697 -14.61199440 -0.15194430
v -33.99799623 -17.89507716 -0.23423465
v -32.29199976 -20.96586012 0.02134675
v -32.78484627 -20.32895639 0.63062584
v -31.89014528 -21.70891303 0.63062584
v -30.84380054 -22.80832875 -0.36716921
v -29.35010531 -24.55223182 -0.56657106
v -27.75025657 -26.14448827 -0.87754041
v -26.96170909 -26.95578086 -0.87754041
v -26.15040783 -27.74432834 -0.87754041
v -24.55814561 -29.34416841 -0.56498788
v -22.81423676 -30.83785787 -0.36716921
v -20.97175947 -32.28605419 0.02134675
v -21.71481671 -31.88419682 0.63062584
v -20.33485429 -32.77889492 0.63062584
v -17.90854569 -33.99204200 -0.23423465
v -14.61786630 -35.56913696 -0.15194430
v -9.80316220 -37.17655777 -0.15115271
v -8.88571465 -37.29029203 -0.40910597
v -5.64811020 -37.69972725 -0.87754041
v -30.54050727 22.41178570 -1.44251086
v -31.23049354 21.84312165 -0.89257478
v -32.06453703 20.62239094 -0.87674882
v -32.57254502 19.81109834 -0.87674882
v -33.36867324 18.49179920 -0.81344789
v -33.72503749 17.38480130 -1.30957630
v -34.21029748 16.89195913 -0.81344789
v -35.00643148 15.22387937 -0.76438973
v -35.35521498 13.72260773 -1.32856860
v -35.52960673 12.88856857 -1.66723193
v -35.74190798 13.72260773 -0.52146795
v -36.03002821 12.25166628 -1.02788410
v -36.72759522 10.40161403 -0.76359815
v -36.92472920 8.87759583 -1.21620662
v -37.06879220 7.65686512 -1.51926300
v -37.41757570 7.17160585 -0.93926106
v -37.17494571 6.58019597 -1.71708167
v -37.25076469 5.64758801 -1.80966265
v -37.34933746 4.03258393 -1.93705611
v -38.10755619 0.80257557 -0.87674882
v -37.41757570 2.41757966 -2.01539430
v -19.44773549 32.34444094 -1.73369921
v -21.33570590 30.91898972 -1.92439650
v -25.03582486 27.86337258 -2.02488756
v -23.11752569 29.46321265 -2.04071352
v -25.06615361 26.66538699 -2.86522041
v -26.50677208 26.50616250 -1.98769743
v -26.66600235 25.06554691 -2.86522041
v -27.86399083 25.03521817 -2.02488756
v -29.46383379 23.10934548 -2.04071352
v -30.91961953 21.33511655 -1.92439650
v 38.03300837 -7.27244504 2.35164801
v 37.90411263 -7.27244504 0.73586642
v 37.29753187 -8.87986658 -0.40910597
v 37.41884686 -7.18145880 -0.93926106
v 37.17621687 -6.59004891 -1.71708167
v 37.24446089 -5.64985877 -1.81124582
v 36.40283088 -5.64985877 -2.61913517
v 36.50140365 -4.03485468 -2.74573993
v 36.56206114 -2.41985042 -2.82407524
v 36.59997064 -0.79726414 -2.86364013
v 37.44917561 -0.00113538 -2.05495630
v 37.02457313 -0.00113538 -2.46167009
v 38.04058911 -7.27244504 3.89304934
v 36.59997064 -0.00113538 -2.86284854
v 36.59238989 0.79499338 -2.86364013
v 36.56206114 2.41757966 -2.82407524
v 36.50140365 4.04016611 -2.74494834
v 36.40283088 5.65517020 -2.61755200
v 36.30426389 7.06545523 -2.47274941
v 36.11471065 8.87759583 -2.30104154
v 35.90240941 10.50018246 -2.10401445
v 35.70526965 11.81948161 -1.88799795
v 34.55277140 13.72260773 -2.31291245
v 34.21157442 15.33761218 -2.00668973
v 33.99927317 16.30813071 -1.77721915
v 32.34634768 19.44715335 -1.73211604
v 30.92089647 21.33511655 -1.92439650
v 29.46511073 23.10934548 -2.04150510
v 27.86526199 25.02763742 -2.02409598
v 26.66727351 25.05796617 -2.86442882
v 26.50804902 26.50616250 -1.98769743
v 25.03709602 27.86337258 -2.02409598
v 23.11879974 29.46321265 -2.04150510
v 21.33697995 30.92657336 -1.92518808
v 19.44900954 32.35202168 -1.73290763
v 12.11701059 31.49523596 -4.06716394
v 10.50199965 31.49523596 -4.13284252
v 8.88698870 31.49523596 -4.16528602
v 13.73202154 31.49523596 -3.94768635
v 13.73202154 32.82211729 -3.53701463
v 0.00063703 33.11782115 -4.13838363
v 7.27197775 31.49523596 -4.18111198
v 5.65696680 31.49523596 -4.18664731
v 2.41936235 31.49523596 -4.18981365
v 18.57705511 32.59465167 -1.97978445
v 16.77248876 33.01925416 -2.44347226
v 15.34703321 33.29221290 -2.81220721
v 13.73202154 33.64099352 -3.11921863
v 16.15832870 32.31411219 -3.30358900
v 15.34703321 32.47333668 -3.39221204
v -2.42567049 31.49523596 -4.18902207
v -4.03309925 31.49523596 -4.18823048
v -5.65569275 31.49523596 -4.18664731
v -7.27070370 31.49523596 -4.18032039
v 0.00063703 31.49523596 -4.18981365
v -8.88571465 31.49523596 -4.16449443
v -10.50072560 31.49523596 -4.13284252
v -12.12331945 31.49523596 -4.06716394
v -13.73832968 31.49523596 -3.94689476
v -13.73832968 32.82969803 -3.53622304
v -15.34575916 32.48091742 -3.39142045
v -16.16463684 32.30652855 -3.30279741
v -13.73832968 33.63340989 -3.11921863
v -15.34575916 33.29221290 -2.81299591
v -16.77879690 33.01167053 -2.44268067
v -18.58336325 32.58706804 -1.98057604
v 0.00821924 -37.78313276 -1.46150028
v 0.81193359 -37.44951652 -2.05495630
v 2.42694454 -37.41918777 -2.01539430
v 4.03437330 -37.35094953 -1.93705611
v 4.03437330 -37.90444775 -0.87674882
v 5.65696680 -38.17740650 0.73586642
v 7.27197775 -38.02576275 2.35164801
v 7.27197775 -38.04092712 3.89304934
v -2.41808830 -37.41160702 -2.01618300
v -4.03309925 -37.34336589 -1.93784769
v -0.80307736 -37.44951652 -2.05416471
v -5.64811020 -37.24479890 -1.80966265
v -38.11513693 -0.00113538 -0.87754041
v -37.45548520 -0.80484633 -2.05574789
v -37.41757570 -2.41985042 -2.01618300
v -37.34933746 -4.03485468 -1.93784769
v -37.25076469 -5.64985877 -1.81045423
v -37.17494571 -6.59004891 -1.71787326
v -37.41757570 -7.18145880 -0.93926106
v -37.06121146 -7.66671806 -1.51847430
v -36.92472920 -8.88744877 -1.21620662
v -36.72759522 -10.41146697 -0.76359815
v -36.03002821 -12.26151923 -1.02946439
v -35.74190798 -13.72487848 -0.52225954
v -35.36279572 -13.72487848 -1.32935730
v -35.00643148 -15.22615012 -0.76518132
v -34.21788400 -16.88664770 -0.81423947
v -33.72503749 -17.37948987 -1.31036789
v -33.36867324 -18.48648777 -0.81423947
v -32.56495850 -19.80578691 -0.87754041
v -32.06453703 -20.61707951 -0.87754041
v -31.23049354 -21.84539241 -0.89336636
v -30.54050727 -22.40647427 -1.44409404
v -29.94909955 -23.49830779 -1.00414517
v -29.04681204 -24.18828539 -1.64349300
v -28.63737682 -25.06781767 -1.01443291
v -27.49245932 -25.87152952 -1.71945643
v -25.87744909 -27.48653397 -1.71866484
v -25.06615361 -28.63902355 -1.01284973
v -24.19419918 -29.04088092 -1.64270430
v -23.50421725 -29.94315976 -1.00414517
v -22.41237939 -30.54215112 -1.44251086
v -21.84371390 -31.22454797 -0.89336636
v -20.62297741 -32.05858857 -0.87754041
v -19.81168048 -32.56659368 -0.87754041
v -18.49995919 -33.36272190 -0.81423947
v -17.39295551 -33.71908326 -1.31036789
v -16.90011189 -34.21192688 -0.81423947
v -15.23202491 -35.00047147 -0.76518132
v -13.73832968 -35.35683571 -1.32935730
v -13.73832968 -35.73594508 -0.52225954
v -8.88571465 -36.91876341 -1.21620662
v -12.26738101 -36.02406819 -1.02788410
v -10.40973935 -36.72162654 -0.76359815
v -7.66497888 -37.06282641 -1.52005458
v -7.17971673 -37.41160702 -0.93926106
v -6.58830468 -37.16897703 -1.71787326
v -32.34507652 19.43957117 -1.73211604
v -33.99799623 16.30813071 -1.77721915
v -35.70399849 11.81189942 -1.88720637
v -34.21029748 15.33761218 -2.00589815
v -34.55150024 13.72260773 -2.31212087
v -35.90113247 10.49260028 -2.10322576
v -36.11343371 8.87759583 -2.30104154
v -36.30299273 7.06545523 -2.47274941
v -36.40155972 5.64758801 -2.61834358
v -36.50012671 4.03258393 -2.74494834
v -37.45548520 0.80257557 -2.05416471
v -36.56078421 2.41757966 -2.82407524
v -20.06947629 31.47248795 -2.15861371
v -21.77547421 29.85748350 -2.52180756
v -20.19079129 30.29725037 -3.04800472
v -23.53454744 28.35621331 -2.61043061
v -23.95914993 27.21130447 -3.18093928
v -22.20766033 28.75048705 -3.11842993
v -25.62723835 25.61904803 -3.20072028
v -27.21191983 23.95854901 -3.18093928
v -28.35683156 23.53394797 -2.61122219
v -28.75110530 22.20706664 -3.11842993
v -29.85811331 21.76729978 -2.52180756
v -31.47312353 20.06130908 -2.15782213
v -30.29787728 20.18262408 -3.04800472
v 37.69181138 -8.87986658 2.35164801
v 37.56290987 -8.87986658 0.73586642
v 37.18380339 -9.80489271 -0.15036112
v 36.92600613 -8.87986658 -1.21699821
v 37.07006914 -7.65913587 -1.51847430
v 35.90240941 -10.50245322 -2.10322576
v 36.11471065 -8.87986658 -2.30104154
v 36.30426389 -7.06014380 -2.47274941
v 35.53845864 -6.47631610 -3.30279741
v 35.59911614 -5.64985877 -3.33840148
v 35.69010816 -4.03485468 -3.39616420
v 35.75834640 -2.41985042 -3.43335722
v 35.78867515 -0.79726414 -3.45076635
v 35.78867515 0.79499338 -3.45076635
v 37.69181138 -8.87986658 3.89304934
v 35.75834640 2.41757966 -3.43335722
v 35.69010816 4.04016611 -3.39695578
v 35.59153539 5.65517020 -3.33840148
v 35.53845864 6.48162753 -3.30358900
v 35.40956290 7.55071450 -3.22841715
v 35.23517115 8.87759583 -3.10893378
v 35.01528916 10.50018246 -2.91190669
v 34.78023991 12.28199503 -2.57561524
v 33.84762943 12.74450701 -3.26323252
v 33.63532818 13.72260773 -3.12001022
v 33.28654468 15.33761218 -2.81299591
v 33.01358594 16.77822632 -2.44347226
v 32.58898345 18.57520326 -1.97978445
v 31.47439469 20.06130908 -2.15703054
v 30.29915422 20.18262408 -3.04721313
v 29.85180373 21.76729978 -2.52101598
v 28.75238223 22.20706664 -3.11842993
v 28.35810850 23.53394797 -2.61043061
v 27.21319099 23.95096683 -3.18014769
v 25.62092877 25.61904803 -3.19993158
v 25.06742477 26.65780625 -2.86442882
v 23.95284179 27.21130447 -3.18014769
v 23.53582149 28.36379694 -2.61043061
v 22.20893438 28.75048705 -3.11842993
v 21.76916607 29.84990276 -2.52101598
v 20.19206534 30.28966962 -3.04721313
v 20.07075034 31.48007158 -2.15861371
v 15.34703321 29.88023151 -4.09011417
v 13.73202154 29.88023151 -4.15578698
v 12.11701059 29.88023151 -4.18269515
v 15.34703321 31.49523596 -3.74274628
v 16.96204344 29.88023151 -3.94768635
v 10.50199965 29.88023151 -4.18981365
v 8.88698870 29.88023151 -4.19060524
v 18.66804136 31.48007158 -2.86759517
v 17.23500363 32.00324106 -3.10735061
v 19.26703560 30.60812149 -3.26323252
v 18.19036212 30.92657336 -3.41357333
v 16.80281751 31.48007158 -3.49428628
v -8.88571465 29.88023151 -4.19060524
v -10.50072560 29.88023151 -4.18902207
v -12.12331945 29.88023151 -4.18190356
v -13.73832968 29.88023151 -4.15578698
v -15.34575916 29.88023151 -4.08932259
v -16.96076939 29.88023151 -3.94689476
v -15.34575916 31.49523596 -3.74195469
v -16.80912564 31.47248795 -3.49349469
v -18.18908807 30.91898972 -3.41357333
v -19.26576155 30.60812149 -3.26244093
v -17.24131176 31.99566032 -3.10735061
v -18.66676731 31.47248795 -2.86759517
v 0.00063703 -37.44951652 -2.05574789
v 0.81193359 -36.59273080 -2.86364013
v 2.42694454 -36.56240205 -2.82407524
v 4.03437330 -36.50174455 -2.74573993
v 5.65696680 -37.24479890 -1.81124582
v 6.58957873 -37.17655777 -1.71708167
v 5.65696680 -37.69214651 -0.87674882
v 8.88698870 -37.29787277 -0.40910597
v 7.27197775 -37.90444775 0.73586642
v 8.88698870 -37.69214651 2.35164801
v 8.88698870 -37.69214651 3.89304934
v -2.41808830 -36.56240205 -2.82407524
v -5.64811020 -36.39559393 -2.61834358
v -4.03309925 -36.49416092 -2.74494834
v -0.80307736 -36.59273080 -2.86364013
v -7.06598392 -36.29702405 -2.47274941
v -6.47457114 -35.53122458 -3.30358900
v -37.45548520 -0.00113538 -2.05574789
v -36.59869948 -0.80484633 -2.86364013
v -36.56078421 -2.41985042 -2.82407524
v -36.50012671 -4.03485468 -2.74494834
v -36.40155972 -5.64985877 -2.61834358
v -35.53718748 -6.47631610 -3.30200582
v -36.30299273 -7.06772599 -2.47274941
v -36.12102023 -8.88744877 -2.30262471
v -35.90113247 -10.50245322 -2.10322576
v -35.70399849 -11.82175236 -1.88641478
v -35.52202021 -12.89083933 -1.66960669
v -33.99799623 -16.30281927 -1.77880232
v -32.34507652 -19.44184192 -1.73369921
v -30.91961953 -21.32980511 -1.92518808
v -29.47142031 -23.11161624 -2.04150510
v -27.87157157 -25.02990818 -2.02567915
v -26.51435860 -26.50843326 -1.98928061
v -25.03582486 -27.85805970 -2.02567915
v -23.11752569 -29.45789978 -2.04150510
v -21.33570590 -30.92126048 -1.92518808
v -19.44773549 -32.33912806 -1.73290763
v -16.31628203 -33.99204200 -1.77721915
v -12.89670400 -35.52364383 -1.66723193
v -11.82003052 -35.69803270 -1.88720637
v -10.50072560 -35.89516957 -2.10322576
v -8.88571465 -36.11505444 -2.30104154
v -32.58770651 18.57520326 -1.97978445
v -33.01230900 16.77064413 -2.44268067
v -33.29285426 15.33761218 -2.81299591
v -34.77896875 12.27441284 -2.57482365
v -35.01401222 10.49260028 -2.91111511
v -33.63405124 13.72260773 -3.12001022
v -33.84635249 12.74450701 -3.26244093
v -35.23389999 8.87759583 -3.10893378
v -35.40829174 7.55071450 -3.22841715
v -35.53718748 6.46646316 -3.30279741
v -35.59784498 5.64758801 -3.33840148
v -35.68883122 4.03258393 -3.39695578
v -36.59869948 0.80257557 -2.86284854
v -35.75706946 2.41757966 -3.43256563
v -21.13098540 29.16750591 -3.35026950
v -24.55056487 26.13463388 -3.41911443
v -22.88247644 27.67381645 -3.39695578
v -26.14282709 24.54237744 -3.41911443
v -27.67443181 22.87429768 -3.39695578
v -29.16812704 21.13039749 -3.35026950
v -30.60875129 19.26518086 -3.26323252
v -31.47312353 18.66618951 -2.86759517
v 37.32027987 -10.35839166 3.89304934
v 37.32786062 -10.31289854 2.35164801
v 37.25962238 -10.07785073 0.73586642
v 37.03215965 -10.88156186 0.73586642
v 36.64546665 -12.10987476 0.73586642
v 35.56878739 -14.61957658 -0.15115271
v 35.74317914 -13.72487848 -0.52225954
v 36.03130515 -12.26151923 -1.02867569
v 36.72886638 -10.40388478 -0.76438973
v 35.52329715 -12.89083933 -1.66881510
v 35.70526965 -11.82175236 -1.88641478
v 35.01528916 -10.50245322 -2.91111511
v 35.23517115 -8.87986658 -3.10972537
v 35.40956290 -7.54540307 -3.22841715
v 34.20399367 -10.50245322 -3.45471850
v 34.43145640 -8.87986658 -3.54492472
v 34.81056866 -7.11321911 -3.54650789
v 34.72716315 -5.64985877 -3.68498356
v 34.72716315 -4.03485468 -3.76885709
v 34.72716315 -2.41985042 -3.81870394
v 34.72716315 -0.79726414 -3.84323735
v 35.25791915 -0.00113538 -3.64779054
v 34.72716315 0.79499338 -3.84402893
v 34.72716315 2.41757966 -3.81949552
v 34.72716315 4.04016611 -3.76964867
v 34.72716315 5.65517020 -3.68577515
v 34.81056866 7.11094836 -3.54729948
v 34.43145640 8.87759583 -3.54492472
v 34.20399367 10.50018246 -3.45551009
v 34.03718267 11.67542005 -3.36767863
v 32.82402692 13.72260773 -3.53701463
v 32.48282994 15.33761218 -3.39221204
v 32.30843819 16.16407059 -3.30438058
v 31.99756995 17.24073974 -3.10735061
v 31.47439469 18.66618951 -2.86759517
v 30.61002245 19.26518086 -3.26323252
v 29.16940398 21.13039749 -3.35026950
v 27.67570875 22.87429768 -3.39695578
v 26.13651751 24.54996107 -3.41911443
v 24.54425529 26.14221751 -3.41911443
v 22.87616831 27.66623571 -3.39695578
v 21.13225945 29.15992516 -3.34948369
v 18.57705511 28.25764632 -4.05450433
v 16.96204344 28.25764632 -4.15104324
v 15.34703321 28.25764632 -4.18269515
v 16.96204344 26.64264187 -4.18981365
v 18.66804136 29.98638213 -3.62800665
v 20.19206534 28.25764632 -3.84244576
v 18.57705511 25.02763742 -4.19060524
v 20.19206534 29.49354140 -3.47133604
v -12.12331945 28.26522706 -4.19060524
v -13.73832968 28.26522706 -4.18902207
v -15.34575916 28.26522706 -4.18269515
v -16.96076939 28.26522706 -4.15025165
v -18.58336325 28.26522706 -4.05529591
v -20.19079129 28.26522706 -3.84165417
v -18.66676731 29.99396288 -3.62800665
v -20.19079129 29.48595777 -3.47212763
v 0.81193359 -35.78901894 -3.45076635
v 2.42694454 -35.75869019 -3.43335722
v 4.03437330 -35.69045195 -3.39616420
v 5.65696680 -35.59946571 -3.33840148
v 6.47584519 -35.53880821 -3.30279741
v 5.65696680 -36.39559393 -2.61913517
v 7.07484016 -36.30460768 -2.47354100
v 8.88698870 -36.11505444 -2.30104154
v 10.50199965 -35.90275320 -2.10322576
v 7.66625293 -37.07040715 -1.51847430
v 7.18099078 -37.41918777 -0.93926106
v 8.88698870 -36.92634704 -1.21778980
v 9.81201844 -37.18414140 -0.15036112
v 8.88698870 -37.55566714 0.73586642
v 10.08497790 -37.25996328 0.73586642
v 10.31244424 -37.32820152 2.35164801
v 10.35793737 -37.32062078 3.89304934
v -2.41808830 -35.75110945 -3.43256563
v -5.64811020 -35.59188207 -3.33919307
v -4.03309925 -35.68286832 -3.39695578
v -0.80307736 -35.78143820 -3.45076635
v 0.00821924 -35.78901894 -3.45076635
v -7.55124535 -35.40232884 -3.22920874
v -10.50072560 -34.20434324 -3.45630167
v -8.88571465 -34.42422812 -3.54571630
v -7.11905923 -34.81091823 -3.54729948
v -36.59869948 -0.00113538 -2.86364013
v -35.78739821 -0.80484633 -3.45076635
v -35.75706946 -2.41985042 -3.43256563
v -35.68883122 -4.03485468 -3.39695578
v -35.59026423 -5.64985877 -3.33919307
v -34.81687824 -7.12080130 -3.54729948
v -34.43018524 -8.88744877 -3.54571630
v -34.21029748 -10.50245322 -3.45630167
v -35.40829174 -7.55298525 -3.22920874
v -35.24148073 -8.88744877 -3.10972537
v -35.01401222 -10.50245322 -2.91032352
v -34.77896875 -12.28426579 -2.57482365
v -34.55150024 -13.72487848 -2.31212087
v -34.21029748 -15.33988293 -2.00589815
v -33.29285426 -15.33988293 -2.81378750
v -33.01230900 -16.76533270 -2.44426384
v -32.59528725 -18.56989183 -1.98057604
v -31.47312353 -20.06357984 -2.15861371
v -30.29787728 -20.17731265 -3.04879630
v -29.85811331 -21.76957053 -2.52259915
v -28.75110530 -22.20933740 -3.12001022
v -28.36441808 -23.53621873 -2.61122219
v -27.21950057 -23.95323758 -3.18093928
v -26.66600235 -25.06023693 -2.86680359
v -25.61965761 -25.62131879 -3.20151187
v -25.06615361 -26.66007700 -2.86680359
v -23.95914993 -27.21357523 -3.18093928
v -23.53454744 -28.35848407 -2.61122219
v -22.20766033 -28.74517417 -3.11921863
v -21.77547421 -29.85217352 -2.52259915
v -20.18320910 -30.29194038 -3.04879630
v -20.06947629 -31.47475871 -2.15782213
v -18.57578106 -32.58933880 -1.98057604
v -16.77879690 -33.01394128 -2.44347226
v -15.34575916 -34.20434324 -2.00589815
v -13.73832968 -34.54554312 -2.31212087
v -12.28254539 -34.77300874 -2.57482365
v -10.50072560 -35.00805510 -2.91190669
v -8.88571465 -35.23552072 -3.10972537
v -31.99629301 17.23315755 -3.10814219
v -32.30716702 16.15648840 -3.30279741
v -34.03591150 11.66783786 -3.36767863
v -32.48155878 15.33761218 -3.39142045
v -32.83033650 13.72260773 -3.53622304
v -34.21029748 10.49260028 -3.45551009
v -34.43018524 8.87759583 -3.54492472
v -34.81687824 7.11094836 -3.54650789
v -34.72589199 5.64758801 -3.68498356
v -34.72589199 4.03258393 -3.76885709
v -35.78739821 0.80257557 -3.44997476
v -34.72589199 2.41757966 -3.81949552
v -21.72239890 28.23489831 -3.51802233
v -25.06615361 25.06554691 -3.58765307
v -23.42081319 26.66538699 -3.57103552
v -26.66600235 23.41263297 -3.57103552
v -28.23551656 21.72180665 -3.51881391
v -29.48658180 20.18262408 -3.47212763
v -30.91961953 18.18851171 -3.41357333
v 37.10039789 -11.12419186 3.89304934
v 37.10039789 -11.11660967 2.35164801
v 36.77436239 -12.10987476 2.35164801
v 36.20569690 -13.72487848 2.35164801
v 36.06921464 -13.72487848 0.73586642
v 35.65219289 -14.80913127 0.73586642
v 35.30341517 -15.61284168 0.73586642
v 34.66650566 -16.96246957 0.73586642
v 33.99169243 -17.90265935 -0.23265436
v 34.21157442 -16.89422988 -0.81423947
v 35.00012190 -15.22615012 -0.76518132
v 35.35648614 -13.72487848 -1.32935730
v 33.99927317 -16.30281927 -1.77721915
v 34.21157442 -15.33988293 -2.00589815
v 34.55277140 -13.72487848 -2.31212087
v 34.78023991 -12.28426579 -2.57482365
v 33.84762943 -12.73919558 -3.26323252
v 34.03718267 -11.67010862 -3.36767863
v 33.23346792 -12.17053298 -3.60506220
v 33.11215293 -10.50245322 -3.84323735
v 33.11215293 -8.87986658 -3.96429811
v 33.11215293 -7.27244504 -4.04105313
v 33.11215293 -5.64985877 -4.08853100
v 33.11215293 -4.03485468 -4.11543339
v 34.72716315 -0.00113538 -3.84402893
v 33.11215293 -2.41985042 -4.13125935
v 33.11215293 -0.79726414 -4.13838363
v 33.11215293 0.79499338 -4.13838363
v 33.11215293 2.41757966 -4.13205094
v 33.11215293 4.04016611 -4.11543339
v 33.11215293 5.65517020 -4.08932259
v 33.11215293 7.27017429 -4.04105313
v 33.11215293 8.87759583 -3.96508970
v 33.11215293 10.50018246 -3.84323735
v 33.22588718 12.17584441 -3.60585378
v 31.49714270 13.72260773 -3.94768635
v 31.49714270 15.33761218 -3.74274628
v 31.47439469 16.80855507 -3.49507787
v 30.92089647 18.19609390 -3.41357333
v 29.48785874 20.18262408 -3.47212763
v 28.23679350 21.71422447 -3.51881391
v 26.66727351 23.42021516 -3.57103552
v 25.06742477 25.05796617 -3.58765307
v 23.42208724 26.65780625 -3.57024394
v 21.72367295 28.22731757 -3.51802233
v 21.80707701 26.64264187 -3.92869404
v 20.19206534 26.64264187 -4.10910648
v 18.57705511 26.64264187 -4.17557087
v 20.19206534 25.02763742 -4.18269515
v 21.80707701 23.42021516 -4.18506413
v 25.03709602 18.57520326 -4.19060524
v -18.58336325 25.03521817 -4.19060524
v -16.96076939 26.65022261 -4.18902207
v -20.19079129 25.03521817 -4.18190356
v -18.58336325 26.65022261 -4.17477928
v -20.19079129 26.65022261 -4.10910648
v -21.80580296 26.65022261 -3.92869404
v 0.81193359 -34.72751561 -3.84323735
v 2.42694454 -34.72751561 -3.81870394
v 4.03437330 -34.72751561 -3.76885709
v 5.65696680 -34.72751561 -3.68498356
v 7.12033328 -34.81850186 -3.54650789
v 8.88698870 -34.43180886 -3.54492472
v 10.50199965 -34.21192688 -3.45471850
v 7.55251940 -35.40232884 -3.22841715
v 8.88698870 -35.23552072 -3.10972537
v 10.50199965 -35.00805510 -2.91111511
v 11.82130457 -35.70561633 -1.88562319
v 12.89797805 -35.52364383 -1.66960669
v 10.41101340 -36.72921017 -0.76438973
v 12.26107288 -36.03164894 -1.02867569
v 13.73202154 -35.74352582 -0.52225954
v 14.61914035 -35.56913696 -0.15115271
v 12.11701059 -36.63822392 0.73586642
v 10.89627483 -37.03249766 0.73586642
v 11.12374117 -37.10073590 2.35164801
v 11.13132336 -37.10073590 3.89304934
v -2.41808830 -34.71993198 -3.81949552
v -4.03309925 -34.71993198 -3.76964867
v -5.64811020 -34.71993198 -3.68498356
v -0.80307736 -34.71993198 -3.84323735
v 0.00821924 -34.72751561 -3.84323735
v -11.66838605 -34.02995438 -3.36767863
v -12.17639477 -33.22624253 -3.60585378
v -10.50072560 -33.10492753 -3.84323735
v -8.88571465 -33.10492753 -3.96429811
v -35.78739821 -0.00113538 -3.45076635
v -34.72589199 -0.80484633 -3.84323735
v -34.72589199 -2.41985042 -3.81949552
v -34.72589199 -4.03485468 -3.76964867
v -34.72589199 -5.64985877 -3.68498356
v -33.11088177 -8.88744877 -3.96429811
v -33.11088177 -10.50245322 -3.84323735
v -34.03591150 -11.67010862 -3.36767863
v -33.23219676 -12.17053298 -3.60585378
v -33.84635249 -12.74677777 -3.26244093
v -33.63405124 -13.72487848 -3.12001022
v -32.30716702 -16.15117697 -3.30358900
v -31.99629301 -17.22784612 -3.10893378
v -31.47312353 -18.66087808 -2.86917835
v -30.60875129 -19.25986943 -3.26323252
v -29.16812704 -21.13266824 -3.35026950
v -27.67443181 -22.87656843 -3.39853896
v -26.14282709 -24.54464819 -3.41911443
v -24.55056487 -26.13690463 -3.41911443
v -22.88247644 -27.66850647 -3.39695578
v -21.13098540 -29.16219592 -3.35026950
v -19.27334374 -30.60280861 -3.26323252
v -18.66676731 -31.46717797 -2.86759517
v -17.24889395 -31.99034744 -3.10814219
v -16.16463684 -32.30121857 -3.30358900
v -15.34575916 -33.28690003 -2.81378750
v -13.73832968 -33.62809990 -3.12001022
v -12.75264244 -33.84039825 -3.26244093
v -31.47312353 16.80097288 -3.49349469
v -33.23219676 12.16826222 -3.60585378
v -31.49586576 15.33761218 -3.74195469
v -31.49586576 13.72260773 -3.94689476
v -33.11088177 10.49260028 -3.84323735
v -33.11088177 8.87759583 -3.96429811
v -33.11088177 7.26259210 -4.04105313
v -34.72589199 0.80257557 -3.84323735
v -33.11088177 5.64758801 -4.08853100
v -33.11088177 4.03258393 -4.11543339
v -23.42081319 25.03521817 -3.96588128
v -25.03582486 23.41263297 -3.96588128
v -26.65083508 21.79762853 -3.92869404
v -28.26584531 20.18262408 -3.84323735
v -29.99458979 18.66618951 -3.62800665
v 36.79711040 -12.06438163 3.89304934
v 36.78194313 -12.10987476 3.89304934
v 35.72043691 -14.95319138 2.35164801
v 36.21327764 -13.72487848 3.89304934
v 35.37165341 -15.77206761 2.35164801
v 34.80298792 -16.96246957 2.35164801
v 34.09784016 -18.09221403 0.73586642
v 33.65048967 -18.89592444 0.73586642
v 32.28569018 -20.97344231 0.02213833
v 32.57381618 -19.82095129 -0.87674882
v 33.36995018 -18.50165214 -0.81423947
v 33.71872791 -17.38707206 -1.30957630
v 32.34634768 -19.44942411 -1.73211604
v 32.58898345 -18.57747402 -1.97978445
v 33.01358594 -16.77291489 -2.44347226
v 33.28654468 -15.33988293 -2.81299591
v 33.63532818 -13.72487848 -3.11921863
v 32.30843819 -16.15875916 -3.30358900
v 32.48282994 -15.33988293 -3.39142045
v 32.82402692 -13.72487848 -3.53622304
v 31.49714270 -13.72487848 -3.94768635
v 31.49714270 -12.10987476 -4.06716394
v 31.49714270 -10.50245322 -4.13205094
v 31.49714270 -8.87986658 -4.16449443
v 31.49714270 -7.27244504 -4.18032039
v 31.49714270 -5.64985877 -4.18585572
v 31.49714270 -4.03485468 -4.18981365
v 31.49714270 2.41757966 -4.18981365
v 31.49714270 4.04016611 -4.18823048
v 31.49714270 5.65517020 -4.18664731
v 31.49714270 7.27017429 -4.18111198
v 31.49714270 8.87759583 -4.16528602
v 31.49714270 10.50018246 -4.13284252
v 31.49714270 12.10760400 -4.06716394
v 29.88213247 15.33761218 -4.08932259
v 29.88213247 16.96778100 -3.94768635
v 29.99586673 18.66618951 -3.62879824
v 28.26712225 20.18262408 -3.84402893
v 26.65211202 21.79762853 -3.92948563
v 25.03709602 23.42021516 -3.96508970
v 23.42208724 25.02763742 -3.96508970
v 21.80707701 25.02763742 -4.13363411
v 23.42208724 23.42021516 -4.13917522
v 23.42208724 21.79762853 -4.18506413
v 26.65211202 16.96778100 -4.18981365
v 29.88213247 8.87759583 -4.19060524
v -25.03582486 18.57520326 -4.19060524
v -23.42081319 21.79762853 -4.18506413
v -21.80580296 23.41263297 -4.18506413
v -23.42081319 23.41263297 -4.13917522
v -21.80580296 25.03521817 -4.13284252
v 0.81193359 -33.11251116 -4.13838363
v 2.42694454 -33.11251116 -4.13125935
v 4.03437330 -33.11251116 -4.11543339
v 5.65696680 -33.11251116 -4.08853100
v 7.27197775 -33.11251116 -4.04105313
v 8.88698870 -33.11251116 -3.96429811
v 10.50199965 -33.11251116 -3.84323735
v 12.17766882 -33.23382616 -3.60585378
v 11.67724229 -34.02995438 -3.36767863
v 12.75391649 -33.84798189 -3.26323252
v 12.28381944 -34.78058948 -2.57482365
v 13.73202154 -34.55312386 -2.31212087
v 15.34703321 -34.21192688 -2.00668973
v 16.30997389 -33.99962563 -1.77880232
v 13.73202154 -35.35683571 -1.32935730
v 15.23329896 -35.00805510 -0.76438973
v 16.89380376 -34.21192688 -0.81423947
v 17.90981974 -33.98446126 -0.23265436
v 16.96204344 -34.67443886 0.73586642
v 15.61240977 -35.29617821 0.73586642
v 14.80869503 -35.64495883 0.73586642
v 13.73202154 -36.07714206 0.73586642
v 12.11701059 -36.77470329 2.35164801
v 12.11701059 -36.77470329 3.89304934
v -7.27070370 -33.10492753 -4.04105313
v -5.64811020 -33.10492753 -4.08853100
v -4.03309925 -33.10492753 -4.11622498
v -2.41808830 -33.10492753 -4.13205094
v -0.80307736 -33.10492753 -4.13838363
v 0.00821924 -33.11251116 -4.13838363
v -13.73832968 -32.82438805 -3.53622304
v -13.73832968 -31.48992308 -3.94768635
v -12.11573654 -31.48992308 -4.06716394
v -33.11088177 -0.80484633 -4.13838363
v -33.11088177 -2.41985042 -4.13205094
v -33.11088177 -4.03485468 -4.11622498
v -33.11088177 -5.64985877 -4.08853100
v -33.11088177 -7.27244504 -4.04105313
v -31.49586576 -12.11745622 -4.06874711
v -31.49586576 -13.72487848 -3.94768635
v -32.82275576 -13.72487848 -3.53622304
v -32.48155878 -15.33988293 -3.39142045
v -31.47312353 -16.79566145 -3.49428628
v -30.91961953 -18.18320028 -3.41357333
v -29.48658180 -20.17731265 -3.47291922
v -28.23551656 -21.72407741 -3.51802233
v -26.66600235 -23.41490373 -3.57103552
v -25.06615361 -25.06023693 -3.58765307
v -23.42081319 -26.66007700 -3.57103552
v -21.72998109 -28.22958833 -3.51960550
v -20.18320910 -29.48822853 -3.47291922
v -18.19667025 -30.91367974 -3.41357333
v -16.80912564 -31.46717797 -3.49428628
v -15.34575916 -32.47560743 -3.39142045
v -29.88085554 16.96019881 -3.94689476
v -31.49586576 12.10760400 -4.06716394
v -29.88085554 15.33761218 -4.08932259
v -31.49586576 10.49260028 -4.13284252
v -33.11088177 2.41757966 -4.13125935
v -33.11088177 0.80257557 -4.13838363
v -31.49586576 8.87759583 -4.16449443
v -25.03582486 21.79762853 -4.13363411
v -26.65083508 20.18262408 -4.10910648
v -28.26584531 18.57520326 -4.05529591
v 35.74317914 -14.90769826 3.89304934
v 35.37165341 -15.77964980 3.89304934
v 34.84089741 -16.90939426 3.89304934
v 34.16607841 -18.22111121 2.35164801
v 33.72631443 -19.02482162 2.35164801
v 32.37667643 -21.10992168 1.09826869
v 32.77853669 -20.32895639 0.62983425
v 32.06580819 -20.62466170 -0.87674882
v 31.88383570 -21.70891303 0.62983425
v 30.98913471 -23.00546562 0.73586642
v 30.83749096 -22.80832875 -0.36558604
v 31.23176470 -21.85297459 -0.89415795
v 30.54178421 -22.41405645 -1.44330245
v 30.92089647 -21.33738730 -1.92518808
v 31.47439469 -20.06357984 -2.15861371
v 31.47439469 -18.66846026 -2.86838676
v 31.99756995 -17.23542831 -3.10893378
v 30.61002245 -19.26745162 -3.26323252
v 30.92089647 -18.19078247 -3.41278174
v 31.47439469 -16.80324364 -3.49428628
v 31.49714270 -15.33988293 -3.74195469
v 29.88213247 -16.96246957 -3.94689476
v 29.88213247 -15.33988293 -4.08932259
v 29.88213247 -13.72487848 -4.15499539
v 29.88213247 -12.10987476 -4.18190356
v 29.88213247 -10.50245322 -4.18981365
v 29.88213247 -8.87986658 -4.19060524
v 29.88213247 10.50018246 -4.18981365
v 29.88213247 12.10760400 -4.18269515
v 29.88213247 13.72260773 -4.15578698
v 28.26712225 16.96778100 -4.15104324
v 28.26712225 18.57520326 -4.05450433
v 26.65211202 20.18262408 -4.10910648
v 25.03709602 21.79762853 -4.13363411
v 25.03709602 20.18262408 -4.18269515
v 26.65211202 18.57520326 -4.17557087
v 28.26712225 15.33761218 -4.18269515
v -29.88085554 8.87759583 -4.19060524
v -26.65083508 16.96019881 -4.18902207
v -25.03582486 20.18262408 -4.18190356
v 4.03437330 -31.49750672 -4.18981365
v 5.65696680 -31.49750672 -4.18585572
v 7.27197775 -31.49750672 -4.18032039
v 8.88698870 -31.49750672 -4.16449443
v 10.50199965 -31.49750672 -4.13205094
v 12.11701059 -31.49750672 -4.06716394
v 13.73202154 -31.49750672 -3.94768635
v 13.73202154 -32.82438805 -3.53622304
v 13.73202154 -33.63568064 -3.11921863
v 15.34703321 -32.47560743 -3.39142045
v 16.15832870 -32.30879931 -3.30358900
v 15.34703321 -33.29448366 -2.81299591
v 16.77248876 -33.01394128 -2.44347226
v 18.58463730 -32.58175805 -1.98057604
v 19.44900954 -32.34671169 -1.73290763
v 17.39422956 -33.72666689 -1.30957630
v 18.50123324 -33.37030553 -0.81423947
v 19.81295453 -32.56659368 -0.87674882
v 20.97303352 -32.28605419 0.02213833
v 18.91067135 -33.65084502 0.73586642
v 18.09937587 -34.09061188 0.73586642
v 16.96204344 -34.81091823 2.35164801
v 15.77163715 -35.37200009 2.35164801
v 18.22827305 -34.16643375 2.35164801
v 14.96034022 -35.72078070 2.35164801
v 13.73202154 -36.20604069 2.35164801
v 13.73202154 -36.21362143 3.89304934
v -10.50072560 -31.48992308 -4.13284252
v -8.88571465 -31.48992308 -4.16528602
v -7.27070370 -31.48992308 -4.18032039
v -5.64811020 -31.48992308 -4.18743889
v -2.41808830 -31.48992308 -4.18981365
v 0.00821924 -31.49750672 -4.18981365
v -15.34575916 -31.48992308 -3.74195469
v -16.96835158 -29.87491863 -3.94689476
v -15.34575916 -29.87491863 -4.08932259
v -13.73832968 -29.87491863 -4.15578698
v -31.49586576 -2.41985042 -4.18981365
v -31.49586576 -5.64985877 -4.18743889
v -31.49586576 -7.27244504 -4.18032039
v -31.49586576 -8.88744877 -4.16528602
v -31.49586576 -10.50245322 -4.13205094
v -29.88085554 -13.72487848 -4.15578698
v -29.88085554 -15.33988293 -4.08932259
v -31.49586576 -15.33988293 -3.74195469
v -29.88085554 -16.95488738 -3.94689476
v -29.99458979 -18.66087808 -3.62879824
v -28.26584531 -20.17731265 -3.84323735
v -26.65083508 -21.79989928 -3.92869404
v -25.03582486 -23.41490373 -3.96588128
v -23.42081319 -25.02990818 -3.96588128
v -21.80580296 -26.64491263 -3.92869404
v -20.18320910 -28.25991708 -3.84323735
v -18.66676731 -29.98865289 -3.62879824
v -29.88085554 13.72260773 -4.15578698
v -28.26584531 16.96019881 -4.15025165
v -31.49586576 7.26259210 -4.18032039
v -31.49586576 5.64758801 -4.18664731
v -31.49586576 4.03258393 -4.18823048
v -31.49586576 2.41757966 -4.18902207
v -31.49586576 -0.00113538 -4.18981365
v -29.88085554 12.10760400 -4.18190356
v -26.65083508 18.57520326 -4.17477928
v 34.15091692 -18.26660434 3.89304934
v 33.72631443 -19.03240381 3.89304934
v 33.04391469 -20.18489483 3.89304934
v 33.03633394 -20.18489483 2.35164801
v 32.42217244 -21.17816137 2.35164801
v 31.86866843 -21.98187178 2.35164801
v 31.06495947 -23.10403405 2.35164801
v 30.45079797 -23.92291028 2.35164801
v 30.36739246 -23.82434184 0.73586642
v 29.34379573 -24.55981257 -0.56657106
v 29.94278997 -23.50588998 -1.00493675
v 29.04808898 -24.18828539 -1.64270430
v 29.46511073 -23.11161624 -2.04229669
v 29.85180373 -21.76957053 -2.52101598
v 30.29915422 -20.18489483 -3.04800472
v 29.16940398 -21.13266824 -3.34948369
v 29.48785874 -20.18489483 -3.47133604
v 29.99586673 -18.66846026 -3.62800665
v 28.26712225 -20.18489483 -3.84323735
v 28.26712225 -18.57747402 -4.05450433
v 28.26712225 -16.96246957 -4.15104324
v 28.26712225 -15.33988293 -4.18269515
v 26.65211202 -16.96246957 -4.18981365
v 25.03709602 -18.57747402 -4.19060524
v -29.88085554 -8.88744877 -4.19060524
v -29.88085554 10.49260028 -4.18902207
v -28.26584531 15.33761218 -4.18269515
v 8.88698870 -29.88250227 -4.19060524
v 10.50199965 -29.88250227 -4.18981365
v 12.11701059 -29.88250227 -4.18190356
v 13.73202154 -29.88250227 -4.15499539
v 15.34703321 -29.88250227 -4.08932259
v 16.96204344 -29.88250227 -3.94689476
v 15.34703321 -31.49750672 -3.74195469
v 16.80281751 -31.46717797 -3.49428628
v 18.19036212 -30.91367974 -3.41278174
v 19.26703560 -30.61039225 -3.26323252
v 17.23500363 -31.99793108 -3.10893378
v 18.66804136 -31.46717797 -2.86838676
v 20.07075034 -31.46717797 -2.15861371
v 21.33697995 -30.91367974 -1.92518808
v 22.41365344 -30.53457037 -1.44330245
v 20.62425146 -32.06616932 -0.87674882
v 21.70850857 -31.89178045 0.63062584
v 21.10951289 -32.38462118 1.09826869
v 20.33612834 -32.77889492 0.63062584
v 22.81551081 -30.83785787 -0.36558604
v 23.01264768 -30.98950161 0.73586642
v 19.03956998 -33.72666689 2.35164801
v 16.90896813 -34.84124698 3.89304934
v 18.23585524 -34.16643375 3.89304934
v 15.77921933 -35.37200009 3.89304934
v 15.00583334 -35.70561633 3.89304934
v 14.91484709 -35.74352582 3.89304934
v -12.11573654 -29.87491863 -4.18190356
v -10.50072560 -29.87491863 -4.18981365
v -8.88571465 -29.87491863 -4.19060524
v 0.00821924 -29.88250227 -4.19060524
v -18.57578106 -28.25991708 -4.05529591
v -16.96835158 -28.25991708 -4.15025165
v -15.34575916 -28.25991708 -4.18348096
v -29.88085554 -10.50245322 -4.18981365
v -29.88085554 -12.11745622 -4.18190356
v -28.26584531 -15.33988293 -4.18348096
v -28.26584531 -16.95488738 -4.15025165
v -28.26584531 -18.56989183 -4.05529591
v -26.65083508 -20.17731265 -4.10910648
v -25.03582486 -21.79989928 -4.13284252
v -23.42081319 -23.41490373 -4.13996102
v -21.80580296 -25.02990818 -4.13442570
v -20.18320910 -26.64491263 -4.10910648
v 32.45250119 -21.14025043 3.89304934
v 32.39942443 -21.22365449 3.89304934
v 31.87625495 -21.98945396 3.89304934
v 31.04221146 -23.14952718 3.89304934
v 30.45079797 -23.92291028 3.89304934
v 29.63950248 -24.90859318 2.35164801
v 29.56367772 -24.80244256 0.73586642
v 28.87369723 -25.62131879 0.73586642
v 28.06240175 -26.49326888 0.73586642
v 27.74394699 -26.14448827 -0.87674882
v 28.63864798 -25.07540130 -1.01443291
v 27.49373626 -25.87911316 -1.71866484
v 27.86526199 -25.02990818 -2.02488756
v 28.35810850 -23.53621873 -2.61201378
v 28.75238223 -22.20933740 -3.11842993
v 27.67570875 -22.87656843 -3.39695578
v 28.23679350 -21.71649522 -3.51881391
v 26.65211202 -21.79989928 -3.92869404
v 26.65211202 -20.18489483 -4.10910648
v 25.03709602 -21.79989928 -4.13363411
v 26.65211202 -18.57747402 -4.17398770
v 25.03709602 -20.18489483 -4.18269515
v 23.42208724 -21.79989928 -4.18427255
v 21.80707701 -23.42248592 -4.18427255
v 18.58463730 -25.02990818 -4.19060524
v -25.03582486 -18.56989183 -4.19060524
v 16.96204344 -26.64491263 -4.18981365
v 15.34703321 -28.25991708 -4.18269515
v 16.96204344 -28.25991708 -4.15104324
v 18.58463730 -28.25991708 -4.05450433
v 20.19206534 -28.25991708 -3.84323735
v 18.66804136 -29.98865289 -3.62800665
v 20.19206534 -29.49581216 -3.47133604
v 20.19206534 -30.29194038 -3.04800472
v 21.13225945 -29.16219592 -3.34948369
v 21.77674826 -29.85217352 -2.52180756
v 23.11879974 -29.46548341 -2.04229669
v 24.19547323 -29.04088092 -1.64349300
v 21.84498795 -31.22454797 -0.89415795
v 23.50549130 -29.94315976 -1.00493675
v 21.98146732 -31.87661608 2.35164801
v 21.17775257 -32.41494993 2.35164801
v 20.19206534 -33.03668929 2.35164801
v 24.55941677 -29.34416841 -0.56657106
v 24.80963329 -29.55646966 0.73586642
v 23.81636242 -30.36776225 0.73586642
v 23.92251304 -30.44358413 2.35164801
v 23.11121756 -31.05773985 2.35164801
v 19.04715217 -33.72666689 3.89304934
v 20.19206534 -33.04427003 3.89304934
v -16.96835158 -26.64491263 -4.18981365
v -18.57578106 -25.02990818 -4.19060524
v -18.57578106 -26.64491263 -4.17557087
v -26.65083508 -16.95488738 -4.18981365
v -26.65083508 -18.56989183 -4.17557087
v -23.42081319 -21.79989928 -4.18585572
v -21.80580296 -23.41490373 -4.18585572
v -20.18320910 -25.02990818 -4.18190356
v -25.03582486 -20.17731265 -4.18190356
v 29.60917373 -24.93892193 3.89304934
v 28.96468348 -25.71230503 3.89304934
v 28.95710274 -25.71230503 2.35164801
v 28.15338799 -26.58425513 2.35164801
v 27.29659650 -27.28939710 0.73586642
v 26.95539951 -26.96336449 -0.87674882
v 25.87872603 -27.48653397 -1.72024802
v 26.51562976 -26.50843326 -1.98928061
v 26.66727351 -25.06023693 -2.86601200
v 27.21319099 -23.95323758 -3.18173087
v 26.14410403 -24.55223182 -3.41990602
v 26.66727351 -23.42248592 -3.57103552
v 25.03709602 -23.42248592 -3.96508970
v 23.42208724 -23.42248592 -4.13917522
v 20.19206534 -25.02990818 -4.18269515
v 18.58463730 -26.64491263 -4.17398770
v 21.80707701 -25.02990818 -4.13363411
v 20.19206534 -26.64491263 -4.10910648
v 21.80707701 -26.64491263 -3.92869404
v 21.72367295 -28.22958833 -3.51881391
v 22.20893438 -28.75275780 -3.11842993
v 22.88375049 -27.66850647 -3.39695578
v 23.53582149 -28.36606770 -2.61201378
v 25.03709602 -27.86564334 -2.02488756
v 25.07501129 -28.64660718 -1.01443291
v 23.11879974 -31.07290423 3.89304934
v 21.98904950 -31.87661608 3.89304934
v 21.17775257 -32.43011431 3.89304934
v 26.15168477 -27.74432834 -0.87674882
v 25.62092877 -28.87407280 0.73586642
v 24.90820028 -29.63229153 2.35164801
v 23.92251304 -30.44358413 3.89304934
v 24.94610977 -29.61712716 3.89304934
v 28.15338799 -26.58425513 3.89304934
v 27.38758274 -27.39554772 3.89304934
v 27.38758274 -27.38038335 2.35164801
v 26.49288175 -28.06278021 0.73586642
v 25.06742477 -26.66007700 -2.86759517
v 25.62850951 -25.62131879 -3.20072028
v 24.55183603 -26.14448827 -3.41990602
v 25.06742477 -25.06023693 -3.58765307
v 23.42208724 -25.02990818 -3.96508970
v 23.42208724 -26.66007700 -3.57103552
v 23.96042398 -27.21357523 -3.18173087
v 26.58386800 -28.15376645 2.35164801
v 25.71191502 -28.94989467 2.35164801
v 25.71949576 -28.96505905 3.89304934
v 26.58386800 -28.15376645 3.89304934
f 1 2 3
f 1 3 4
f 1 4 5
f 1 5 6
f 1 6 7
f 1 7 2
f 2 8 3
f 2 7 8
f 3 9 13
f 3 13 4
f 3 8 10
f 3 10 11
f 3 11 12
f 3 12 23
f 3 23 9
f 4 13 14
f 4 14 5
f 5 14 15
f 5 15 16
f 5 16 6
f 6 16 17
f 6 17 18
f 6 18 19
f 6 19 20
f 6 20 7
f 7 20 8
f 8 20 10
f 9 21 22
f 9 22 13
f 9 23 118
f 9 118 21
f 10 20 11
f 11 24 25
f 11 25 12
f 11 20 24
f 12 25 23
f 13 22 26
f 13 26 15
f 13 15 14
f 15 26 126
f 15 126 27
f 15 27 17
f 15 17 16
f 17 27 28
f 17 28 29
f 17 29 30
f 17 30 18
f 18 30 19
f 19 31 131
f 19 131 248
f 19 248 418
f 19 418 562
f 19 562 719
f 19 719 718
f 19 718 854
f 19 854 1005
f 19 1005 1134
f 19 1134 1278
f 19 1278 1405
f 19 1405 1512
f 19 1512 1602
f 19 1602 1601
f 19 1601 1600
f 19 1600 1598
f 19 1598 1599
f 19 1599 1668
f 19 1668 1669
f 19 1669 1706
f 19 1706 1705
f 19 1705 1704
f 19 1704 1710
f 19 1710 1711
f 19 1711 1725
f 19 1725 1726
f 19 1726 1713
f 19 1713 1712
f 19 1712 1680
f 19 1680 1679
f 19 1679 1624
f 19 1624 1623
f 19 1623 1622
f 19 1622 1621
f 19 1621 1620
f 19 1620 1551
f 19 1551 1550
f 19 1550 1549
f 19 1549 1448
f 19 1448 1447
f 19 1447 1446
f 19 1446 1334
f 19 1334 1332
f 19 1332 1331
f 19 1331 1202
f 19 1202 1060
f 19 1060 943
f 19 943 793
f 19 793 645
f 19 645 504
f 19 504 351
f 19 351 184
f 19 184 61
f 19 61 20
f 19 30 32
f 19 32 33
f 19 33 34
f 19 34 35
f 19 35 36
f 19 36 37
f 19 37 38
f 19 38 39
f 19 39 40
f 19 40 41
f 19 41 42
f 19 42 43
f 19 43 44
f 19 44 45
f 19 45 46
f 19 46 47
f 19 47 48
f 19 48 49
f 19 49 50
f 19 50 51
f 19 51 52
f 19 52 53
f 19 53 54
f 19 54 55
f 19 55 56
f 19 56 57
f 19 57 58
f 19 58 59
f 19 59 60
f 19 60 31
f 20 61 183
f 20 183 185
f 20 185 62
f 20 62 63
f 20 63 64
f 20 64 65
f 20 65 66
f 20 66 67
f 20 67 68
f 20 68 69
f 20 69 70
f 20 70 71
f 20 71 72
f 20 72 73
f 20 73 74
f 20 74 75
f 20 75 76
f 20 76 77
f 20 77 78
f 20 78 79
f 20 79 80
f 20 80 81
f 20 81 82
f 20 82 83
f 20 83 84
f 20 84 85
f 20 85 86
f 20 86 87
f 20 87 88
f 20 88 89
f 20 89 90
f 20 90 91
f 20 91 92
f 20 92 93
f 20 93 94
f 20 94 95
f 20 95 96
f 20 96 97
f 20 97 98
f 20 98 99
f 20 99 100
f 20 100 101
f 20 101 102
f 20 102 103
f 20 103 104
f 20 104 105
f 20 105 106
f 20 106 107
f 20 107 108
f 20 108 109
f 20 109 110
f 20 110 111
f 20 111 112
f 20 112 113
f 20 113 114
f 20 114 115
f 20 115 116
f 20 116 24
f 21 117 22
f 21 118 119
f 21 119 117
f 22 117 120
f 22 120 124
f 22 124 26
f 23 25 121
f 23 121 122
f 23 122 118
f 24 116 123
f 24 123 25
f 25 123 235
f 25 235 121
f 26 124 125
f 26 125 126
f 27 126 28
f 28 126 127
f 28 127 128
f 28 128 129
f 28 129 130
f 28 130 29
f 29 130 32
f 29 32 30
f 31 60 132
f 31 132 133
f 31 133 134
f 31 134 135
f 31 135 136
f 31 136 137
f 31 137 138
f 31 138 139
f 31 139 140
f 31 140 141
f 31 141 142
f 31 142 143
f 31 143 144
f 31 144 145
f 31 145 146
f 31 146 147
f 31 147 148
f 31 148 149
f 31 149 150
f 31 150 151
f 31 151 152
f 31 152 153
f 31 153 154
f 31 154 155
f 31 155 156
f 31 156 157
f 31 157 158
f 31 158 159
f 31 159 160
f 31 160 161
f 31 161 162
f 31 162 249
f 31 249 131
f 32 130 33
f 33 130 34
f 34 130 163
f 34 163 35
f 35 163 164
f 35 164 36
f 36 164 37
f 37 164 38
f 38 164 165
f 38 165 39
f 39 165 40
f 40 165 166
f 40 166 167
f 40 167 41
f 41 167 42
f 42 167 168
f 42 168 169
f 42 169 43
f 43 169 170
f 43 170 44
f 44 170 45
f 45 170 171
f 45 171 46
f 46 171 47
f 47 171 172
f 47 172 173
f 47 173 48
f 48 173 49
f 49 173 174
f 49 174 175
f 49 175 50
f 50 175 51
f 51 175 52
f 52 175 176
f 52 176 53
f 53 176 177
f 53 177 54
f 54 177 55
f 55 177 178
f 55 178 179
f 55 179 56
f 56 179 57
f 57 179 180
f 57 180 58
f 58 180 181
f 58 181 182
f 58 182 59
f 59 182 60
f 60 182 132
f 61 184 183
f 62 185 186
f 62 186 187
f 62 187 63
f 63 187 64
f 64 187 65
f 65 187 188
f 65 188 66
f 66 188 67
f 67 188 189
f 67 189 190
f 67 190 68
f 68 190 69
f 69 190 70
f 70 190 191
f 70 191 71
f 71 192 193
f 71 193 72
f 71 191 192
f 72 193 194
f 72 194 73
f 73 194 195
f 73 195 74
f 74 195 75
f 75 196 76
f 75 195 196
f 76 196 77
f 77 196 197
f 77 197 198
f 77 198 78
f 78 198 79
f 79 198 199
f 79 199 80
f 80 199 81
f 81 199 200
f 81 200 82
f 82 200 201
f 82 201 83
f 83 201 202
f 83 202 84
f 84 202 85
f 85 202 203
f 85 203 86
f 86 203 204
f 86 204 87
f 87 204 205
f 87 205 88
f 88 205 89
f 89 205 206
f 89 206 207
f 89 207 90
f 90 207 91
f 91 207 208
f 91 208 92
f 92 208 209
f 92 209 210
f 92 210 93
f 93 210 211
f 93 211 94
f 94 211 95
f 95 212 96
f 95 211 212
f 96 212 213
f 96 213 97
f 97 213 98
f 98 213 214
f 98 214 99
f 99 214 215
f 99 215 216
f 99 216 100
f 100 216 217
f 100 217 101
f 101 217 218
f 101 218 102
f 102 218 103
f 103 218 219
f 103 219 104
f 104 219 105
f 105 219 220
f 105 220 106
f 106 220 221
f 106 221 107
f 107 221 108
f 108 221 109
f 109 221 222
f 109 222 223
f 109 223 110
f 110 223 111
f 111 223 224
f 111 224 225
f 111 225 112
f 112 225 226
f 112 226 113
f 113 226 114
f 114 226 227
f 114 227 115
f 115 227 123
f 115 123 116
f 117 228 232
f 117 232 120
f 117 119 229
f 117 229 228
f 118 122 230
f 118 230 119
f 119 230 231
f 119 231 229
f 120 232 233
f 120 233 234
f 120 234 239
f 120 239 124
f 121 235 122
f 122 235 236
f 122 236 237
f 122 237 238
f 122 238 230
f 123 227 390
f 123 390 235
f 124 239 240
f 124 240 241
f 124 241 125
f 125 241 407
f 125 407 242
f 125 242 126
f 126 242 127
f 127 242 243
f 127 243 128
f 128 243 244
f 128 244 245
f 128 245 246
f 128 246 129
f 129 246 247
f 129 247 163
f 129 163 130
f 131 249 250
f 131 250 251
f 131 251 252
f 131 252 253
f 131 253 254
f 131 254 255
f 131 255 256
f 131 256 257
f 131 257 258
f 131 258 259
f 131 259 260
f 131 260 261
f 131 261 262
f 131 262 263
f 131 263 264
f 131 264 265
f 131 265 266
f 131 266 267
f 131 267 268
f 131 268 269
f 131 269 270
f 131 270 271
f 131 271 272
f 131 272 273
f 131 273 274
f 131 274 275
f 131 275 276
f 131 276 277
f 131 277 278
f 131 278 279
f 131 279 280
f 131 280 281
f 131 281 282
f 131 282 283
f 131 283 284
f 131 284 285
f 131 285 286
f 131 286 287
f 131 287 288
f 131 288 289
f 131 289 290
f 131 290 291
f 131 291 292
f 131 292 293
f 131 293 294
f 131 294 295
f 131 295 296
f 131 296 297
f 131 297 298
f 131 298 299
f 131 299 300
f 131 300 301
f 131 301 302
f 131 302 303
f 131 303 304
f 131 304 305
f 131 305 306
f 131 306 419
f 131 419 248
f 132 182 307
f 132 307 133
f 133 307 308
f 133 308 134
f 134 308 309
f 134 309 310
f 134 310 135
f 135 310 311
f 135 311 136
f 136 311 137
f 137 311 138
f 138 311 139
f 139 311 312
f 139 312 140
f 140 312 313
f 140 313 314
f 140 314 141
f 141 314 142
f 142 314 315
f 142 315 143
f 143 315 144
f 144 315 316
f 144 316 145
f 145 316 146
f 146 316 317
f 146 317 147
f 147 317 148
f 148 317 318
f 148 318 319
f 148 319 149
f 149 319 150
f 150 319 151
f 151 319 320
f 151 320 321
f 151 321 152
f 152 321 153
f 153 321 322
f 153 322 323
f 153 323 154
f 154 323 324
f 154 324 155
f 155 324 325
f 155 325 156
f 156 325 157
f 157 325 158
f 158 325 326
f 158 326 327
f 158 327 159
f 159 327 160
f 160 327 328
f 160 328 161
f 161 328 329
f 161 329 162
f 162 329 487
f 162 487 421
f 162 421 249
f 163 247 330
f 163 330 164
f 164 330 331
f 164 331 165
f 165 331 332
f 165 332 166
f 166 332 333
f 166 333 167
f 167 333 334
f 167 334 168
f 168 334 169
f 169 335 337
f 169 337 170
f 169 334 335
f 170 336 171
f 170 337 336
f 171 336 338
f 171 338 172
f 172 338 173
f 173 338 339
f 173 339 340
f 173 340 174
f 174 340 175
f 175 340 176
f 176 340 177
f 177 340 341
f 177 341 342
f 177 342 178
f 178 342 179
f 179 342 343
f 179 343 344
f 179 344 180
f 180 344 345
f 180 345 181
f 181 345 182
f 182 345 346
f 182 346 347
f 182 347 307
f 183 184 348
f 183 348 349
f 183 349 350
f 183 350 352
f 183 352 185
f 184 351 348
f 185 352 353
f 185 353 186
f 186 353 354
f 186 354 187
f 187 354 355
f 187 355 188
f 188 355 356
f 188 356 189
f 189 356 357
f 189 357 190
f 190 357 358
f 190 358 191
f 191 358 359
f 191 359 192
f 192 359 360
f 192 360 193
f 193 360 361
f 193 361 194
f 194 361 195
f 195 361 362
f 195 362 363
f 195 363 196
f 196 363 364
f 196 364 197
f 197 364 198
f 198 365 366
f 198 366 199
f 198 364 365
f 199 366 200
f 200 366 367
f 200 367 368
f 200 368 201
f 201 368 202
f 202 368 203
f 203 369 204
f 203 368 369
f 204 369 205
f 205 370 371
f 205 371 206
f 205 369 370
f 206 371 372
f 206 372 207
f 207 372 373
f 207 373 208
f 208 373 209
f 209 374 375
f 209 375 210
f 209 373 374
f 210 375 211
f 211 375 376
f 211 376 377
f 211 377 212
f 212 377 213
f 213 378 379
f 213 379 214
f 213 377 378
f 214 379 380
f 214 380 215
f 215 380 216
f 216 380 217
f 217 380 218
f 218 381 382
f 218 382 219
f 218 380 381
f 219 382 220
f 220 382 383
f 220 383 221
f 221 384 385
f 221 385 222
f 221 383 384
f 222 385 223
f 223 386 387
f 223 387 224
f 223 385 386
f 224 387 225
f 225 388 389
f 225 389 226
f 225 387 388
f 226 389 227
f 227 389 390
f 228 391 232
f 228 229 392
f 228 392 391
f 229 231 393
f 229 393 394
f 229 394 392
f 230 238 231
f 231 238 395
f 231 395 393
f 232 391 396
f 232 396 397
f 232 397 233
f 233 240 239
f 233 239 234
f 233 397 240
f 235 390 398
f 235 398 236
f 236 398 399
f 236 399 400
f 236 400 237
f 237 400 238
f 238 400 401
f 238 401 402
f 238 402 395
f 240 403 404
f 240 404 241
f 240 397 403
f 241 404 405
f 241 405 406
f 241 406 407
f 242 407 408
f 242 408 243
f 243 408 409
f 243 409 410
f 243 410 244
f 244 410 411
f 244 411 412
f 244 412 413
f 244 413 245
f 245 413 246
f 246 413 414
f 246 414 415
f 246 415 247
f 247 415 330
f 248 416 417
f 248 417 418
f 248 419 420
f 248 420 416
f 249 421 250
f 250 421 422
f 250 422 423
f 250 423 251
f 251 423 424
f 251 424 252
f 252 424 425
f 252 425 253
f 253 425 426
f 253 426 254
f 254 426 427
f 254 427 255
f 255 427 428
f 255 428 256
f 256 428 429
f 256 429 257
f 257 429 258
f 258 429 430
f 258 430 259
f 259 430 431
f 259 431 432
f 259 432 260
f 260 432 261
f 261 432 262
f 262 432 433
f 262 433 263
f 263 433 264
f 264 433 265
f 265 434 435
f 265 435 266
f 265 433 434
f 266 435 267
f 267 436 268
f 267 435 436
f 268 436 269
f 269 437 438
f 269 438 270
f 269 436 437
f 270 438 271
f 271 438 272
f 272 439 273
f 272 438 439
f 273 440 274
f 273 439 440
f 274 440 441
f 274 441 275
f 275 441 276
f 276 442 277
f 276 441 442
f 277 442 278
f 278 442 443
f 278 443 444
f 278 444 445
f 278 445 279
f 279 446 447
f 279 447 280
f 279 445 446
f 280 447 448
f 280 448 281
f 281 448 282
f 282 449 450
f 282 450 283
f 282 448 449
f 283 450 284
f 284 450 285
f 285 450 451
f 285 451 452
f 285 452 286
f 286 452 453
f 286 453 287
f 287 453 288
f 288 453 289
f 289 454 455
f 289 455 290
f 289 453 454
f 290 455 291
f 291 455 292
f 292 456 293
f 292 455 456
f 293 456 294
f 294 456 295
f 295 457 296
f 295 456 457
f 296 457 458
f 296 458 459
f 296 459 297
f 297 459 298
f 298 460 299
f 298 459 460
f 299 460 300
f 300 461 462
f 300 462 301
f 300 460 461
f 301 462 302
f 302 462 463
f 302 463 464
f 302 464 303
f 303 464 304
f 304 464 465
f 304 465 466
f 304 466 305
f 305 466 420
f 305 420 306
f 306 420 419
f 307 347 308
f 308 347 467
f 308 467 468
f 308 468 309
f 309 468 310
f 310 469 311
f 310 468 470
f 310 470 469
f 311 469 471
f 311 471 312
f 312 471 313
f 313 471 314
f 314 471 315
f 315 471 472
f 315 472 473
f 315 473 316
f 316 473 317
f 317 473 474
f 317 474 318
f 318 475 319
f 318 474 475
f 319 475 476
f 319 476 477
f 319 477 320
f 320 477 321
f 321 477 478
f 321 478 322
f 322 478 479
f 322 479 480
f 322 480 323
f 323 480 324
f 324 480 481
f 324 481 482
f 324 482 325
f 325 482 483
f 325 483 326
f 326 483 484
f 326 484 327
f 327 484 486
f 327 486 328
f 328 485 329
f 328 486 617
f 328 617 485
f 329 485 487
f 330 415 331
f 331 415 332
f 332 415 333
f 333 415 488
f 333 488 334
f 334 488 335
f 335 488 337
f 336 337 488
f 336 488 489
f 336 489 338
f 338 489 339
f 339 489 490
f 339 490 491
f 339 491 340
f 340 491 490
f 340 490 492
f 340 492 341
f 341 492 490
f 341 490 493
f 341 493 342
f 342 494 343
f 342 493 494
f 343 494 344
f 344 494 495
f 344 495 345
f 345 495 346
f 346 496 347
f 346 495 497
f 346 497 496
f 347 496 498
f 347 498 467
f 348 351 499
f 348 499 500
f 348 500 349
f 349 500 640
f 349 640 501
f 349 501 502
f 349 502 350
f 350 502 503
f 350 503 352
f 351 504 499
f 352 503 505
f 352 505 353
f 353 505 506
f 353 506 354
f 354 506 507
f 354 507 355
f 355 507 508
f 355 508 356
f 356 508 357
f 357 508 509
f 357 509 510
f 357 510 358
f 358 510 359
f 359 510 360
f 360 510 361
f 361 510 511
f 361 511 362
f 362 511 363
f 363 511 364
f 364 511 365
f 365 512 366
f 365 511 512
f 366 512 367
f 367 512 513
f 367 513 514
f 367 514 368
f 368 513 515
f 368 515 369
f 368 514 513
f 369 516 370
f 369 515 513
f 369 513 516
f 370 516 517
f 370 517 371
f 371 517 372
f 372 517 373
f 373 518 374
f 373 517 518
f 374 518 519
f 374 519 520
f 374 520 375
f 375 520 376
f 376 521 377
f 376 520 521
f 377 521 522
f 377 522 378
f 378 522 379
f 379 522 523
f 379 523 524
f 379 524 380
f 380 523 525
f 380 525 381
f 380 524 523
f 381 526 382
f 381 525 523
f 381 523 526
f 382 526 383
f 383 526 527
f 383 527 384
f 384 527 385
f 385 527 386
f 386 527 387
f 387 398 388
f 387 527 398
f 388 398 389
f 389 398 390
f 391 528 396
f 391 392 529
f 391 529 528
f 392 394 530
f 392 530 529
f 393 395 531
f 393 531 532
f 393 532 533
f 393 533 534
f 393 534 394
f 394 534 530
f 395 402 531
f 396 535 692
f 396 692 536
f 396 536 397
f 396 528 535
f 397 536 403
f 398 527 537
f 398 537 538
f 398 538 539
f 398 539 399
f 399 539 540
f 399 540 541
f 399 541 400
f 400 541 401
f 401 541 542
f 401 542 402
f 402 543 531
f 402 542 543
f 403 544 545
f 403 545 404
f 403 536 692
f 403 692 544
f 404 545 546
f 404 546 405
f 405 546 547
f 405 547 406
f 406 547 548
f 406 548 409
f 406 409 407
f 407 409 408
f 409 548 549
f 409 549 550
f 409 550 551
f 409 551 410
f 410 551 411
f 411 551 552
f 411 552 412
f 412 552 553
f 412 553 554
f 412 554 413
f 413 554 414
f 414 555 415
f 414 554 556
f 414 556 555
f 415 555 557
f 415 557 558
f 415 558 488
f 416 559 560
f 416 560 417
f 416 420 565
f 416 565 559
f 417 560 716
f 417 716 561
f 417 561 562
f 417 562 418
f 420 466 563
f 420 563 564
f 420 564 565
f 421 487 619
f 421 619 566
f 421 566 567
f 421 567 422
f 422 567 568
f 422 568 423
f 423 568 569
f 423 569 424
f 424 569 425
f 425 569 570
f 425 570 571
f 425 571 426
f 426 571 572
f 426 572 427
f 427 572 428
f 428 572 573
f 428 573 574
f 428 574 429
f 429 574 575
f 429 575 430
f 430 575 576
f 430 576 431
f 431 576 432
f 432 577 578
f 432 578 433
f 432 576 577
f 433 578 579
f 433 579 434
f 434 579 580
f 434 580 435
f 435 580 581
f 435 581 436
f 436 581 437
f 437 581 438
f 438 582 439
f 438 581 582
f 439 582 440
f 440 583 584
f 440 584 441
f 440 582 583
f 441 584 585
f 441 585 442
f 442 585 586
f 442 586 443
f 443 586 444
f 444 587 588
f 444 588 445
f 444 586 587
f 445 588 446
f 446 589 590
f 446 590 447
f 446 588 589
f 447 590 591
f 447 591 448
f 448 591 592
f 448 592 449
f 449 592 450
f 450 592 593
f 450 593 451
f 451 593 452
f 452 593 453
f 453 594 454
f 453 593 594
f 454 594 595
f 454 595 596
f 454 596 455
f 455 596 456
f 456 596 597
f 456 597 598
f 456 598 457
f 457 598 458
f 458 598 599
f 458 599 459
f 459 600 460
f 459 599 600
f 460 601 602
f 460 602 461
f 460 600 601
f 461 602 462
f 462 603 604
f 462 604 463
f 462 602 603
f 463 604 605
f 463 605 464
f 464 605 606
f 464 606 465
f 465 606 563
f 465 563 466
f 467 498 468
f 468 498 607
f 468 607 470
f 469 470 607
f 469 607 608
f 469 608 609
f 469 609 471
f 471 610 472
f 471 609 608
f 471 608 610
f 472 611 473
f 472 610 608
f 472 608 611
f 473 611 474
f 474 611 612
f 474 612 475
f 475 612 476
f 476 612 477
f 477 612 478
f 478 613 479
f 478 612 613
f 479 613 480
f 480 613 481
f 481 613 482
f 482 613 614
f 482 614 483
f 483 614 615
f 483 615 616
f 483 616 484
f 484 616 486
f 485 617 487
f 486 616 618
f 486 618 769
f 486 769 617
f 487 617 619
f 488 620 621
f 488 621 489
f 488 558 556
f 488 556 622
f 488 622 620
f 489 623 624
f 489 624 625
f 489 625 490
f 489 621 623
f 490 625 626
f 490 626 627
f 490 627 493
f 493 627 628
f 493 628 629
f 493 629 494
f 494 629 630
f 494 630 631
f 494 631 495
f 495 631 632
f 495 632 497
f 496 497 633
f 496 633 634
f 496 634 498
f 497 632 633
f 498 634 635
f 498 635 636
f 498 636 607
f 499 504 645
f 499 645 637
f 499 637 500
f 500 637 638
f 500 638 639
f 500 639 640
f 501 640 641
f 501 641 642
f 501 642 502
f 502 643 505
f 502 505 503
f 502 642 644
f 502 644 643
f 505 643 646
f 505 646 647
f 505 647 506
f 506 647 648
f 506 648 507
f 507 648 649
f 507 649 650
f 507 650 508
f 508 650 651
f 508 651 509
f 509 651 652
f 509 652 653
f 509 653 510
f 510 653 654
f 510 654 655
f 510 655 656
f 510 656 511
f 511 657 658
f 511 658 659
f 511 659 660
f 511 660 512
f 511 656 657
f 512 661 662
f 512 662 663
f 512 663 513
f 512 660 661
f 513 663 664
f 513 664 665
f 513 665 516
f 516 665 666
f 516 666 667
f 516 667 517
f 517 667 668
f 517 668 669
f 517 669 518
f 518 670 519
f 518 669 670
f 519 670 671
f 519 671 520
f 520 671 672
f 520 672 521
f 521 672 673
f 521 673 674
f 521 674 522
f 522 675 676
f 522 676 523
f 522 674 675
f 523 677 678
f 523 678 526
f 523 676 677
f 526 678 679
f 526 679 680
f 526 680 681
f 526 681 682
f 526 682 527
f 527 682 683
f 527 683 537
f 528 529 684
f 528 684 685
f 528 685 686
f 528 686 535
f 529 530 687
f 529 687 684
f 530 534 533
f 530 533 687
f 531 543 688
f 531 688 532
f 532 688 689
f 532 689 690
f 532 690 533
f 533 690 687
f 535 691 821
f 535 821 692
f 535 686 693
f 535 693 691
f 537 683 540
f 537 540 538
f 538 540 539
f 540 683 694
f 540 694 695
f 540 695 696
f 540 696 541
f 541 696 697
f 541 697 542
f 542 697 698
f 542 698 688
f 542 688 543
f 544 699 700
f 544 700 701
f 544 701 545
f 544 692 699
f 545 701 702
f 545 702 703
f 545 703 546
f 546 703 704
f 546 704 547
f 547 704 549
f 547 549 548
f 549 704 705
f 549 705 550
f 550 705 706
f 550 706 707
f 550 707 551
f 551 707 552
f 552 707 553
f 553 707 708
f 553 708 709
f 553 709 554
f 554 709 710
f 554 710 556
f 555 556 557
f 556 710 711
f 556 711 712
f 556 712 622
f 556 558 557
f 559 565 721
f 559 721 713
f 559 713 714
f 559 714 715
f 559 715 560
f 560 715 851
f 560 851 716
f 561 716 852
f 561 852 717
f 561 717 718
f 561 718 719
f 561 719 562
f 563 720 721
f 563 721 564
f 563 606 722
f 563 722 720
f 564 721 565
f 566 619 723
f 566 723 724
f 566 724 567
f 567 724 725
f 567 725 726
f 567 726 568
f 568 726 727
f 568 727 569
f 569 727 728
f 569 728 570
f 570 728 729
f 570 729 571
f 571 729 572
f 572 729 573
f 573 729 574
f 574 729 730
f 574 730 575
f 575 730 576
f 576 730 577
f 577 730 578
f 578 731 579
f 578 730 731
f 579 731 580
f 580 731 732
f 580 732 733
f 580 733 581
f 581 732 734
f 581 734 582
f 581 733 732
f 582 735 583
f 582 734 732
f 582 732 735
f 583 735 584
f 584 736 585
f 584 735 736
f 585 736 737
f 585 737 586
f 586 737 587
f 587 737 738
f 587 738 739
f 587 739 588
f 588 739 740
f 588 740 589
f 589 740 590
f 590 740 591
f 591 740 741
f 591 741 592
f 592 741 742
f 592 742 743
f 592 743 593
f 593 742 744
f 593 744 594
f 593 743 742
f 594 745 595
f 594 744 742
f 594 742 745
f 595 745 596
f 596 746 597
f 596 745 746
f 597 746 598
f 598 746 599
f 599 746 600
f 600 747 601
f 600 746 747
f 601 747 602
f 602 747 603
f 603 747 604
f 604 747 748
f 604 748 605
f 605 749 722
f 605 722 606
f 605 748 749
f 607 750 751
f 607 751 608
f 607 636 750
f 608 751 752
f 608 752 753
f 608 753 611
f 611 753 754
f 611 754 755
f 611 755 756
f 611 756 612
f 612 756 757
f 612 757 758
f 612 758 759
f 612 759 760
f 612 760 613
f 613 760 761
f 613 761 762
f 613 762 763
f 613 763 614
f 614 763 764
f 614 764 765
f 614 765 615
f 615 765 766
f 615 766 616
f 616 766 767
f 616 767 768
f 616 768 618
f 617 769 723
f 617 723 619
f 618 768 770
f 618 770 769
f 620 712 621
f 620 622 712
f 621 712 623
f 623 771 624
f 623 712 771
f 624 771 625
f 625 771 626
f 626 628 627
f 626 771 628
f 628 771 772
f 628 772 630
f 628 630 629
f 630 773 632
f 630 632 631
f 630 772 774
f 630 774 773
f 632 773 775
f 632 775 776
f 632 776 633
f 633 776 777
f 633 777 778
f 633 778 635
f 633 635 634
f 635 779 780
f 635 780 750
f 635 750 636
f 635 778 779
f 637 781 782
f 637 782 638
f 637 645 793
f 637 793 781
f 638 782 783
f 638 783 639
f 639 783 784
f 639 784 785
f 639 785 640
f 640 785 786
f 640 786 641
f 641 786 787
f 641 787 788
f 641 788 642
f 642 788 789
f 642 789 790
f 642 790 644
f 643 791 646
f 643 644 791
f 644 790 792
f 644 792 791
f 646 791 792
f 646 792 794
f 646 794 795
f 646 795 647
f 647 795 796
f 647 796 797
f 647 797 648
f 648 797 798
f 648 798 649
f 649 798 799
f 649 799 650
f 650 652 651
f 650 799 800
f 650 800 801
f 650 801 652
f 652 801 802
f 652 802 653
f 653 802 657
f 653 657 654
f 654 657 655
f 655 657 656
f 657 802 803
f 657 803 804
f 657 804 805
f 657 805 658
f 658 805 659
f 659 805 660
f 660 805 661
f 661 805 806
f 661 806 662
f 662 806 663
f 663 806 664
f 664 806 666
f 664 666 665
f 666 806 807
f 666 807 668
f 666 668 667
f 668 807 808
f 668 808 809
f 668 809 670
f 668 670 669
f 670 809 810
f 670 810 811
f 670 811 671
f 671 811 812
f 671 812 673
f 671 673 672
f 673 813 814
f 673 814 675
f 673 675 674
f 673 812 813
f 675 814 815
f 675 815 677
f 675 677 676
f 677 815 678
f 678 815 679
f 679 815 680
f 680 815 694
f 680 694 681
f 681 694 682
f 682 694 683
f 684 687 816
f 684 816 817
f 684 817 685
f 685 817 818
f 685 818 686
f 686 818 693
f 687 690 819
f 687 819 816
f 688 698 820
f 688 820 689
f 689 820 819
f 689 819 690
f 691 693 822
f 691 822 823
f 691 823 824
f 691 824 835
f 691 835 821
f 692 821 699
f 693 818 822
f 694 815 825
f 694 825 826
f 694 826 695
f 695 826 827
f 695 827 828
f 695 828 696
f 696 828 698
f 696 698 697
f 698 828 829
f 698 829 830
f 698 830 820
f 699 831 832
f 699 832 833
f 699 833 834
f 699 834 700
f 699 821 835
f 699 835 831
f 700 834 836
f 700 836 701
f 701 836 702
f 702 836 837
f 702 837 703
f 703 837 838
f 703 838 704
f 704 838 839
f 704 839 705
f 705 839 706
f 706 839 840
f 706 840 707
f 707 840 708
f 708 840 841
f 708 841 842
f 708 842 843
f 708 843 710
f 708 710 709
f 710 843 844
f 710 844 711
f 711 844 712
f 712 845 846
f 712 846 771
f 712 844 845
f 713 721 847
f 713 847 848
f 713 848 714
f 714 848 849
f 714 849 715
f 715 849 850
f 715 850 851
f 716 851 1001
f 716 1001 852
f 717 852 1003
f 717 1003 853
f 717 853 854
f 717 854 718
f 720 855 721
f 720 722 856
f 720 856 855
f 721 855 857
f 721 857 847
f 722 749 858
f 722 858 856
f 723 769 859
f 723 859 724
f 724 859 1012
f 724 1012 860
f 724 860 861
f 724 861 725
f 725 861 862
f 725 862 726
f 726 862 863
f 726 863 727
f 727 863 864
f 727 864 865
f 727 865 728
f 728 865 866
f 728 866 867
f 728 867 729
f 729 867 868
f 729 868 869
f 729 869 870
f 729 870 730
f 730 871 872
f 730 872 873
f 730 873 731
f 730 870 871
f 731 874 875
f 731 875 876
f 731 876 732
f 731 873 874
f 732 876 877
f 732 877 878
f 732 878 735
f 735 879 880
f 735 880 736
f 735 878 879
f 736 881 882
f 736 882 737
f 736 880 881
f 737 883 738
f 737 882 883
f 738 884 739
f 738 883 884
f 739 884 885
f 739 885 740
f 740 886 887
f 740 887 741
f 740 885 886
f 741 888 889
f 741 889 742
f 741 887 888
f 742 890 891
f 742 891 745
f 742 889 890
f 745 891 892
f 745 892 893
f 745 893 894
f 745 894 746
f 746 894 895
f 746 895 896
f 746 896 897
f 746 897 747
f 747 898 748
f 747 897 899
f 747 899 900
f 747 900 898
f 748 898 901
f 748 901 902
f 748 902 749
f 749 902 903
f 749 903 858
f 750 780 904
f 750 904 752
f 750 752 751
f 752 904 753
f 753 904 754
f 754 904 755
f 755 905 756
f 755 904 905
f 756 905 757
f 757 905 758
f 758 905 759
f 759 906 763
f 759 763 762
f 759 762 761
f 759 761 760
f 759 905 907
f 759 907 908
f 759 908 906
f 763 906 764
f 764 766 765
f 764 906 909
f 764 909 766
f 766 909 910
f 766 910 911
f 766 911 767
f 767 911 912
f 767 912 768
f 768 912 913
f 768 913 770
f 769 770 914
f 769 914 859
f 770 913 915
f 770 915 1050
f 770 1050 914
f 771 916 772
f 771 846 916
f 772 917 774
f 772 916 918
f 772 918 917
f 773 774 919
f 773 919 920
f 773 920 775
f 774 917 921
f 774 921 919
f 775 922 776
f 775 920 922
f 776 922 777
f 777 923 778
f 777 922 923
f 778 923 924
f 778 924 779
f 779 924 925
f 779 925 926
f 779 926 780
f 780 927 904
f 780 926 928
f 780 928 927
f 781 793 929
f 781 929 930
f 781 930 782
f 782 930 931
f 782 931 783
f 783 931 932
f 783 932 933
f 783 933 784
f 784 933 785
f 785 933 934
f 785 934 935
f 785 935 936
f 785 936 787
f 785 787 786
f 787 936 937
f 787 937 788
f 788 937 938
f 788 938 939
f 788 939 789
f 789 939 940
f 789 940 790
f 790 794 792
f 790 940 941
f 790 941 942
f 790 942 794
f 793 943 929
f 794 942 795
f 795 942 944
f 795 944 796
f 796 944 945
f 796 945 797
f 797 945 946
f 797 946 947
f 797 947 798
f 798 947 799
f 799 947 948
f 799 948 800
f 800 948 949
f 800 949 801
f 801 949 950
f 801 950 802
f 802 950 951
f 802 951 803
f 803 951 952
f 803 952 953
f 803 953 804
f 804 953 954
f 804 954 955
f 804 955 805
f 805 955 956
f 805 956 806
f 806 956 957
f 806 957 807
f 807 957 958
f 807 958 959
f 807 959 808
f 808 959 960
f 808 960 961
f 808 961 809
f 809 962 810
f 809 961 962
f 810 962 963
f 810 963 811
f 811 963 964
f 811 964 812
f 812 964 965
f 812 965 966
f 812 966 813
f 813 966 967
f 813 967 968
f 813 968 814
f 814 968 969
f 814 969 970
f 814 970 815
f 815 970 825
f 816 819 971
f 816 971 972
f 816 972 817
f 817 972 818
f 818 972 973
f 818 973 822
f 819 820 974
f 819 974 975
f 819 975 971
f 820 830 974
f 822 973 976
f 822 976 823
f 823 976 824
f 824 976 977
f 824 977 983
f 824 983 835
f 825 970 978
f 825 978 979
f 825 979 826
f 826 829 827
f 826 979 829
f 827 829 828
f 829 979 980
f 829 980 981
f 829 981 982
f 829 982 830
f 830 982 974
f 831 983 832
f 831 835 983
f 832 983 833
f 833 983 984
f 833 984 834
f 834 984 985
f 834 985 836
f 836 985 986
f 836 986 837
f 837 986 838
f 838 986 987
f 838 987 839
f 839 987 988
f 839 988 989
f 839 989 840
f 840 989 841
f 841 989 990
f 841 990 842
f 842 990 991
f 842 991 992
f 842 992 993
f 842 993 845
f 842 845 844
f 842 844 843
f 845 993 846
f 846 994 916
f 846 993 994
f 847 857 995
f 847 995 848
f 848 996 997
f 848 997 849
f 848 995 996
f 849 997 998
f 849 998 850
f 850 998 999
f 850 999 851
f 851 999 1000
f 851 1000 1001
f 852 1001 1002
f 852 1002 1003
f 853 1003 1004
f 853 1004 854
f 854 1004 1005
f 855 1006 857
f 855 856 1006
f 856 858 1007
f 856 1007 1008
f 856 1008 1006
f 857 1009 995
f 857 1006 1009
f 858 903 1010
f 858 1010 1011
f 858 1011 1007
f 859 914 1012
f 860 1012 1144
f 860 1144 1013
f 860 1013 1014
f 860 1014 861
f 861 1014 1015
f 861 1015 862
f 862 1015 1016
f 862 1016 863
f 863 1016 1017
f 863 1017 1018
f 863 1018 864
f 864 1018 1019
f 864 1019 1020
f 864 1020 866
f 864 866 865
f 866 1020 1021
f 866 1021 867
f 867 1021 1022
f 867 1022 868
f 868 1022 869
f 869 1022 870
f 870 1022 871
f 871 1022 1023
f 871 1023 872
f 872 1023 873
f 873 1023 874
f 874 1023 1024
f 874 1024 875
f 875 1024 876
f 876 1024 877
f 877 1024 879
f 877 879 878
f 879 1024 1025
f 879 1025 881
f 879 881 880
f 881 1025 1026
f 881 1026 1027
f 881 1027 883
f 881 883 882
f 883 1027 1028
f 883 1028 884
f 884 1028 1029
f 884 1029 886
f 884 886 885
f 886 1029 1030
f 886 1030 1031
f 886 1031 888
f 886 888 887
f 888 1031 1032
f 888 1032 890
f 888 890 889
f 890 1032 891
f 891 1032 892
f 892 1032 893
f 893 1032 1033
f 893 1033 894
f 894 1033 895
f 895 1033 896
f 896 1034 897
f 896 1033 1034
f 897 1034 899
f 898 900 1034
f 898 1034 1035
f 898 1035 901
f 899 1034 900
f 901 1035 1036
f 901 1036 903
f 901 903 902
f 903 1036 1037
f 903 1037 1010
f 904 1038 905
f 904 927 1038
f 905 1038 1039
f 905 1039 1040
f 905 1040 907
f 906 908 1041
f 906 1041 1042
f 906 1042 909
f 907 1040 1043
f 907 1043 908
f 908 1043 1044
f 908 1044 1041
f 909 1042 1045
f 909 1045 910
f 910 1045 1046
f 910 1046 911
f 911 1046 1047
f 911 1047 912
f 912 1047 913
f 913 1047 1048
f 913 1048 1049
f 913 1049 915
f 914 1050 1012
f 915 1049 1051
f 915 1051 1050
f 916 994 918
f 917 918 921
f 918 994 992
f 918 992 1052
f 918 1052 921
f 919 921 920
f 920 1053 922
f 920 921 1054
f 920 1054 1053
f 921 1052 1054
f 922 1053 1055
f 922 1055 923
f 923 1056 925
f 923 925 924
f 923 1055 1056
f 925 1057 928
f 925 928 926
f 925 1056 1057
f 927 928 1058
f 927 1058 1059
f 927 1059 1038
f 928 1057 1058
f 929 943 1060
f 929 1060 1061
f 929 1061 1062
f 929 1062 930
f 930 1062 931
f 931 1062 1063
f 931 1063 1064
f 931 1064 1065
f 931 1065 1066
f 931 1066 1067
f 931 1067 1068
f 931 1068 932
f 932 1068 1069
f 932 1069 1070
f 932 1070 933
f 933 1070 934
f 934 1070 1071
f 934 1071 1072
f 934 1072 935
f 935 1072 1073
f 935 1073 936
f 936 1073 937
f 937 1073 1074
f 937 1074 1075
f 937 1075 1076
f 937 1076 938
f 938 1076 1077
f 938 1077 939
f 939 1077 1078
f 939 1078 940
f 940 1078 1079
f 940 1079 941
f 941 1079 1080
f 941 1080 1226
f 941 1226 1081
f 941 1081 942
f 942 1081 1082
f 942 1082 1083
f 942 1083 944
f 944 1083 1084
f 944 1084 945
f 945 1084 1085
f 945 1085 946
f 946 1085 947
f 947 1085 1086
f 947 1086 1087
f 947 1087 1088
f 947 1088 948
f 948 1088 1089
f 948 1089 949
f 949 1089 950
f 950 1089 952
f 950 952 951
f 952 1089 1090
f 952 1090 1091
f 952 1091 1092
f 952 1092 953
f 953 1092 954
f 954 1092 955
f 955 1092 1093
f 955 1093 956
f 956 1093 1094
f 956 1094 957
f 957 1094 1095
f 957 1095 958
f 958 1095 1096
f 958 1096 960
f 958 960 959
f 960 1096 1097
f 960 1097 962
f 960 962 961
f 962 1097 1098
f 962 1098 963
f 963 1098 1099
f 963 1099 965
f 963 965 964
f 965 1099 1100
f 965 1100 967
f 965 967 966
f 967 1100 1101
f 967 1101 969
f 967 969 968
f 969 1101 980
f 969 980 970
f 970 980 978
f 971 975 1102
f 971 1102 1103
f 971 1103 972
f 972 1103 1104
f 972 1104 973
f 973 1104 1105
f 973 1105 976
f 974 982 1106
f 974 1106 975
f 975 1106 1107
f 975 1107 1102
f 976 1105 1108
f 976 1108 977
f 977 1108 1252
f 977 1252 1376
f 977 1376 1472
f 977 1472 1572
f 977 1572 1644
f 977 1644 1576
f 977 1576 1606
f 977 1606 1605
f 977 1605 1671
f 977 1671 1645
f 977 1645 1573
f 977 1573 1483
f 977 1483 1377
f 977 1377 1253
f 977 1253 1110
f 977 1110 983
f 978 980 979
f 980 1101 1109
f 980 1109 981
f 981 1109 1106
f 981 1106 982
f 983 1110 1111
f 983 1111 984
f 984 1111 1112
f 984 1112 985
f 985 1112 986
f 986 1112 1113
f 986 1113 987
f 987 1113 1114
f 987 1114 988
f 988 1114 1115
f 988 1115 1116
f 988 1116 989
f 989 1116 990
f 990 1116 991
f 991 1116 1117
f 991 1117 992
f 992 1117 1052
f 992 994 993
f 995 1009 996
f 996 1118 1119
f 996 1119 997
f 996 1009 1139
f 996 1139 1118
f 997 1119 1120
f 997 1120 998
f 998 1120 1121
f 998 1121 1122
f 998 1122 1123
f 998 1123 999
f 999 1123 1122
f 999 1122 1124
f 999 1124 1000
f 1000 1124 1125
f 1000 1125 1126
f 1000 1126 1127
f 1000 1127 1128
f 1000 1128 1001
f 1001 1128 1002
f 1002 1129 1130
f 1002 1130 1003
f 1002 1128 1127
f 1002 1127 1129
f 1003 1130 1131
f 1003 1131 1004
f 1004 1131 1132
f 1004 1132 1133
f 1004 1133 1134
f 1004 1134 1005
f 1006 1135 1009
f 1006 1008 1136
f 1006 1136 1137
f 1006 1137 1135
f 1007 1011 1008
f 1008 1011 1136
f 1009 1135 1138
f 1009 1138 1139
f 1010 1037 1140
f 1010 1140 1011
f 1011 1140 1141
f 1011 1141 1142
f 1011 1142 1143
f 1011 1143 1136
f 1012 1050 1144
f 1013 1144 1288
f 1013 1288 1145
f 1013 1145 1146
f 1013 1146 1014
f 1014 1146 1147
f 1014 1147 1015
f 1015 1147 1148
f 1015 1148 1017
f 1015 1017 1016
f 1017 1148 1149
f 1017 1149 1150
f 1017 1150 1151
f 1017 1151 1152
f 1017 1152 1018
f 1018 1152 1019
f 1019 1152 1153
f 1019 1153 1020
f 1020 1153 1154
f 1020 1154 1021
f 1021 1154 1155
f 1021 1155 1156
f 1021 1156 1022
f 1022 1156 1157
f 1022 1157 1023
f 1023 1157 1158
f 1023 1158 1159
f 1023 1159 1160
f 1023 1160 1024
f 1024 1160 1161
f 1024 1161 1025
f 1025 1161 1162
f 1025 1162 1163
f 1025 1163 1026
f 1026 1163 1164
f 1026 1164 1165
f 1026 1165 1027
f 1027 1166 1167
f 1027 1167 1028
f 1027 1165 1166
f 1028 1167 1168
f 1028 1168 1169
f 1028 1169 1029
f 1029 1169 1170
f 1029 1170 1171
f 1029 1171 1030
f 1030 1172 1173
f 1030 1173 1031
f 1030 1171 1172
f 1031 1173 1174
f 1031 1174 1175
f 1031 1175 1032
f 1032 1175 1176
f 1032 1176 1033
f 1033 1176 1177
f 1033 1177 1178
f 1033 1178 1034
f 1034 1178 1179
f 1034 1179 1035
f 1035 1179 1180
f 1035 1180 1181
f 1035 1181 1036
f 1036 1181 1182
f 1036 1182 1037
f 1037 1182 1140
f 1038 1059 1183
f 1038 1183 1039
f 1039 1183 1184
f 1039 1184 1040
f 1040 1184 1043
f 1041 1044 1042
f 1042 1044 1185
f 1042 1185 1045
f 1043 1184 1044
f 1044 1184 1186
f 1044 1186 1187
f 1044 1187 1185
f 1045 1185 1046
f 1046 1185 1188
f 1046 1188 1047
f 1047 1188 1189
f 1047 1189 1190
f 1047 1190 1048
f 1048 1190 1191
f 1048 1191 1049
f 1049 1191 1192
f 1049 1192 1051
f 1050 1051 1193
f 1050 1193 1288
f 1050 1288 1144
f 1051 1192 1194
f 1051 1194 1193
f 1052 1195 1054
f 1052 1117 1195
f 1053 1196 1055
f 1053 1054 1197
f 1053 1197 1196
f 1054 1195 1197
f 1055 1198 1056
f 1055 1196 1198
f 1056 1198 1199
f 1056 1199 1057
f 1057 1200 1058
f 1057 1199 1200
f 1058 1201 1184
f 1058 1184 1183
f 1058 1183 1059
f 1058 1200 1201
f 1060 1202 1203
f 1060 1203 1061
f 1061 1203 1063
f 1061 1063 1062
f 1063 1203 1064
f 1064 1203 1204
f 1064 1204 1205
f 1064 1205 1206
f 1064 1206 1065
f 1065 1069 1066
f 1065 1206 1207
f 1065 1207 1208
f 1065 1208 1209
f 1065 1209 1210
f 1065 1210 1211
f 1065 1211 1212
f 1065 1212 1213
f 1065 1213 1069
f 1066 1069 1067
f 1067 1069 1068
f 1069 1213 1214
f 1069 1214 1215
f 1069 1215 1216
f 1069 1216 1070
f 1070 1216 1217
f 1070 1217 1071
f 1071 1217 1218
f 1071 1218 1219
f 1071 1219 1072
f 1072 1219 1073
f 1073 1219 1074
f 1074 1219 1220
f 1074 1220 1221
f 1074 1221 1075
f 1075 1077 1076
f 1075 1221 1222
f 1075 1222 1077
f 1077 1222 1078
f 1078 1222 1223
f 1078 1223 1079
f 1079 1223 1224
f 1079 1224 1225
f 1079 1225 1080
f 1080 1225 1227
f 1080 1227 1228
f 1080 1228 1226
f 1081 1226 1082
f 1082 1226 1228
f 1082 1228 1229
f 1082 1229 1230
f 1082 1230 1231
f 1082 1231 1083
f 1083 1231 1232
f 1083 1232 1233
f 1083 1233 1084
f 1084 1233 1234
f 1084 1234 1085
f 1085 1234 1087
f 1085 1087 1086
f 1087 1234 1235
f 1087 1235 1088
f 1088 1235 1236
f 1088 1236 1089
f 1089 1236 1090
f 1090 1236 1237
f 1090 1237 1238
f 1090 1238 1091
f 1091 1238 1239
f 1091 1239 1092
f 1092 1239 1240
f 1092 1240 1095
f 1092 1095 1093
f 1093 1095 1094
f 1095 1240 1241
f 1095 1241 1096
f 1096 1241 1242
f 1096 1242 1097
f 1097 1243 1098
f 1097 1242 1243
f 1098 1243 1244
f 1098 1244 1099
f 1099 1244 1245
f 1099 1245 1100
f 1100 1246 1101
f 1100 1245 1246
f 1101 1246 1109
f 1102 1107 1247
f 1102 1247 1248
f 1102 1248 1103
f 1103 1248 1372
f 1103 1372 1249
f 1103 1249 1104
f 1104 1249 1250
f 1104 1250 1105
f 1105 1250 1251
f 1105 1251 1108
f 1106 1109 1107
f 1107 1109 1246
f 1107 1246 1247
f 1108 1251 1252
f 1110 1253 1111
f 1111 1253 1254
f 1111 1254 1112
f 1112 1254 1255
f 1112 1255 1256
f 1112 1256 1113
f 1113 1256 1257
f 1113 1257 1114
f 1114 1257 1258
f 1114 1258 1115
f 1115 1117 1116
f 1115 1258 1195
f 1115 1195 1117
f 1118 1139 1283
f 1118 1283 1259
f 1118 1259 1260
f 1118 1260 1119
f 1119 1260 1261
f 1119 1261 1120
f 1120 1261 1262
f 1120 1262 1121
f 1121 1262 1263
f 1121 1263 1122
f 1122 1263 1264
f 1122 1264 1265
f 1122 1265 1266
f 1122 1266 1124
f 1124 1266 1125
f 1125 1266 1267
f 1125 1267 1126
f 1126 1268 1269
f 1126 1269 1127
f 1126 1267 1268
f 1127 1269 1129
f 1129 1269 1270
f 1129 1270 1271
f 1129 1271 1130
f 1130 1132 1131
f 1130 1271 1272
f 1130 1272 1273
f 1130 1273 1274
f 1130 1274 1275
f 1130 1275 1276
f 1130 1276 1132
f 1132 1276 1277
f 1132 1277 1133
f 1133 1277 1134
f 1134 1277 1278
f 1135 1279 1138
f 1135 1137 1280
f 1135 1280 1279
f 1136 1143 1281
f 1136 1281 1137
f 1137 1281 1280
f 1138 1279 1282
f 1138 1282 1283
f 1138 1283 1139
f 1140 1182 1141
f 1141 1284 1285
f 1141 1285 1286
f 1141 1286 1142
f 1141 1182 1284
f 1142 1286 1287
f 1142 1287 1281
f 1142 1281 1143
f 1145 1288 1323
f 1145 1323 1289
f 1145 1289 1290
f 1145 1290 1146
f 1146 1290 1291
f 1146 1291 1147
f 1147 1291 1292
f 1147 1292 1148
f 1148 1292 1149
f 1149 1292 1150
f 1150 1292 1293
f 1150 1293 1294
f 1150 1294 1151
f 1151 1295 1153
f 1151 1153 1152
f 1151 1294 1296
f 1151 1296 1295
f 1153 1295 1154
f 1154 1295 1297
f 1154 1297 1155
f 1155 1297 1156
f 1156 1297 1298
f 1156 1298 1158
f 1156 1158 1157
f 1158 1299 1300
f 1158 1300 1159
f 1158 1298 1299
f 1159 1300 1160
f 1160 1300 1301
f 1160 1301 1161
f 1161 1301 1302
f 1161 1302 1162
f 1162 1303 1164
f 1162 1164 1163
f 1162 1302 1303
f 1164 1303 1304
f 1164 1304 1166
f 1164 1166 1165
f 1166 1304 1305
f 1166 1305 1168
f 1166 1168 1167
f 1168 1306 1170
f 1168 1170 1169
f 1168 1305 1306
f 1170 1306 1307
f 1170 1307 1172
f 1170 1172 1171
f 1172 1307 1308
f 1172 1308 1174
f 1172 1174 1173
f 1174 1309 1175
f 1174 1308 1309
f 1175 1309 1310
f 1175 1310 1176
f 1176 1310 1311
f 1176 1311 1177
f 1177 1312 1313
f 1177 1313 1178
f 1177 1311 1312
f 1178 1313 1314
f 1178 1314 1179
f 1179 1314 1315
f 1179 1315 1180
f 1180 1315 1181
f 1181 1315 1182
f 1182 1315 1284
f 1184 1201 1316
f 1184 1316 1186
f 1185 1187 1317
f 1185 1317 1188
f 1186 1316 1318
f 1186 1318 1187
f 1187 1318 1319
f 1187 1319 1317
f 1188 1317 1320
f 1188 1320 1189
f 1189 1191 1190
f 1189 1320 1321
f 1189 1321 1191
f 1191 1321 1192
f 1192 1321 1322
f 1192 1322 1194
f 1193 1194 1323
f 1193 1323 1288
f 1194 1322 1324
f 1194 1324 1325
f 1194 1325 1323
f 1195 1258 1197
f 1196 1197 1326
f 1196 1326 1327
f 1196 1327 1198
f 1197 1258 1326
f 1198 1327 1328
f 1198 1328 1199
f 1199 1328 1329
f 1199 1329 1200
f 1200 1329 1330
f 1200 1330 1201
f 1201 1330 1316
f 1202 1331 1203
f 1203 1331 1204
f 1204 1331 1332
f 1204 1332 1334
f 1204 1334 1205
f 1205 1333 1207
f 1205 1207 1206
f 1205 1334 1333
f 1207 1335 1208
f 1207 1333 1335
f 1208 1335 1209
f 1209 1336 1337
f 1209 1337 1210
f 1209 1335 1336
f 1210 1337 1338
f 1210 1338 1339
f 1210 1339 1340
f 1210 1340 1341
f 1210 1341 1342
f 1210 1342 1211
f 1211 1342 1214
f 1211 1214 1212
f 1212 1214 1213
f 1214 1342 1343
f 1214 1343 1344
f 1214 1344 1345
f 1214 1345 1215
f 1215 1345 1346
f 1215 1346 1347
f 1215 1347 1216
f 1216 1347 1218
f 1216 1218 1217
f 1218 1347 1348
f 1218 1348 1349
f 1218 1349 1350
f 1218 1350 1219
f 1219 1350 1220
f 1220 1350 1351
f 1220 1351 1221
f 1221 1351 1222
f 1222 1351 1352
f 1222 1352 1223
f 1223 1352 1353
f 1223 1353 1224
f 1224 1353 1354
f 1224 1354 1225
f 1225 1354 1355
f 1225 1355 1227
f 1227 1355 1228
f 1228 1355 1356
f 1228 1356 1357
f 1228 1357 1358
f 1228 1358 1229
f 1229 1358 1359
f 1229 1359 1360
f 1229 1360 1361
f 1229 1361 1230
f 1230 1361 1362
f 1230 1362 1231
f 1231 1362 1232
f 1232 1362 1363
f 1232 1363 1233
f 1233 1363 1364
f 1233 1364 1234
f 1234 1364 1237
f 1234 1237 1235
f 1235 1237 1236
f 1237 1364 1365
f 1237 1365 1366
f 1237 1366 1238
f 1238 1366 1367
f 1238 1367 1239
f 1239 1367 1240
f 1240 1367 1241
f 1241 1368 1242
f 1241 1367 1368
f 1242 1368 1369
f 1242 1369 1243
f 1243 1369 1370
f 1243 1370 1244
f 1244 1370 1371
f 1244 1371 1245
f 1245 1371 1247
f 1245 1247 1246
f 1247 1371 1248
f 1248 1371 1372
f 1249 1372 1250
f 1250 1372 1373
f 1250 1373 1251
f 1251 1373 1374
f 1251 1374 1252
f 1252 1374 1375
f 1252 1375 1376
f 1253 1377 1378
f 1253 1378 1379
f 1253 1379 1254
f 1254 1379 1255
f 1255 1379 1380
f 1255 1380 1381
f 1255 1381 1256
f 1256 1381 1257
f 1257 1381 1326
f 1257 1326 1258
f 1259 1283 1411
f 1259 1411 1382
f 1259 1382 1383
f 1259 1383 1384
f 1259 1384 1260
f 1260 1384 1385
f 1260 1385 1386
f 1260 1386 1261
f 1261 1386 1387
f 1261 1387 1262
f 1262 1387 1264
f 1262 1264 1263
f 1264 1387 1388
f 1264 1388 1265
f 1265 1388 1389
f 1265 1389 1390
f 1265 1390 1267
f 1265 1267 1266
f 1267 1390 1391
f 1267 1391 1268
f 1268 1391 1392
f 1268 1392 1269
f 1269 1392 1393
f 1269 1393 1270
f 1270 1393 1394
f 1270 1394 1395
f 1270 1395 1396
f 1270 1396 1273
f 1270 1273 1272
f 1270 1272 1271
f 1273 1396 1274
f 1274 1397 1398
f 1274 1398 1399
f 1274 1399 1400
f 1274 1400 1401
f 1274 1401 1402
f 1274 1402 1403
f 1274 1403 1275
f 1274 1396 1397
f 1275 1403 1404
f 1275 1404 1277
f 1275 1277 1276
f 1277 1404 1278
f 1278 1404 1405
f 1279 1280 1406
f 1279 1406 1407
f 1279 1407 1408
f 1279 1408 1282
f 1280 1281 1287
f 1280 1287 1406
f 1282 1408 1409
f 1282 1409 1410
f 1282 1410 1411
f 1282 1411 1283
f 1284 1315 1412
f 1284 1412 1285
f 1285 1412 1413
f 1285 1413 1286
f 1286 1413 1287
f 1287 1413 1414
f 1287 1414 1406
f 1289 1323 1441
f 1289 1441 1415
f 1289 1415 1416
f 1289 1416 1417
f 1289 1417 1290
f 1290 1417 1418
f 1290 1418 1419
f 1290 1419 1291
f 1291 1419 1293
f 1291 1293 1292
f 1293 1419 1420
f 1293 1420 1294
f 1294 1420 1421
f 1294 1421 1296
f 1295 1296 1422
f 1295 1422 1297
f 1296 1421 1422
f 1297 1422 1423
f 1297 1423 1299
f 1297 1299 1298
f 1299 1423 1424
f 1299 1424 1425
f 1299 1425 1302
f 1299 1302 1300
f 1300 1302 1301
f 1302 1425 1426
f 1302 1426 1303
f 1303 1426 1427
f 1303 1427 1304
f 1304 1427 1428
f 1304 1428 1305
f 1305 1428 1429
f 1305 1429 1306
f 1306 1430 1307
f 1306 1429 1430
f 1307 1431 1308
f 1307 1430 1431
f 1308 1431 1432
f 1308 1432 1309
f 1309 1432 1433
f 1309 1433 1312
f 1309 1312 1311
f 1309 1311 1310
f 1312 1433 1434
f 1312 1434 1435
f 1312 1435 1315
f 1312 1315 1314
f 1312 1314 1313
f 1315 1435 1412
f 1316 1330 1318
f 1317 1319 1320
f 1318 1330 1436
f 1318 1436 1319
f 1319 1437 1321
f 1319 1321 1320
f 1319 1436 1438
f 1319 1438 1437
f 1321 1437 1322
f 1322 1437 1439
f 1322 1439 1324
f 1323 1325 1440
f 1323 1440 1441
f 1324 1439 1442
f 1324 1442 1325
f 1325 1442 1542
f 1325 1542 1440
f 1326 1381 1380
f 1326 1380 1327
f 1327 1380 1443
f 1327 1443 1444
f 1327 1444 1328
f 1328 1444 1445
f 1328 1445 1329
f 1329 1445 1436
f 1329 1436 1330
f 1333 1334 1446
f 1333 1446 1335
f 1335 1446 1447
f 1335 1447 1448
f 1335 1448 1336
f 1336 1449 1337
f 1336 1448 1449
f 1337 1449 1450
f 1337 1450 1338
f 1338 1450 1451
f 1338 1451 1452
f 1338 1452 1339
f 1339 1453 1340
f 1339 1452 1451
f 1339 1451 1454
f 1339 1454 1455
f 1339 1455 1456
f 1339 1456 1457
f 1339 1457 1453
f 1340 1453 1343
f 1340 1343 1341
f 1341 1343 1342
f 1343 1453 1458
f 1343 1458 1459
f 1343 1459 1460
f 1343 1460 1344
f 1344 1460 1461
f 1344 1461 1462
f 1344 1462 1345
f 1345 1462 1348
f 1345 1348 1346
f 1346 1348 1347
f 1348 1462 1463
f 1348 1463 1464
f 1348 1464 1465
f 1348 1465 1349
f 1349 1465 1466
f 1349 1466 1350
f 1350 1466 1351
f 1351 1466 1467
f 1351 1467 1468
f 1351 1468 1352
f 1352 1468 1469
f 1352 1469 1353
f 1353 1469 1354
f 1354 1469 1470
f 1354 1470 1355
f 1355 1470 1471
f 1355 1471 1356
f 1356 1471 1357
f 1357 1471 1472
f 1357 1472 1376
f 1357 1376 1358
f 1358 1376 1473
f 1358 1473 1359
f 1359 1473 1360
f 1360 1473 1361
f 1361 1473 1474
f 1361 1474 1362
f 1362 1474 1475
f 1362 1475 1363
f 1363 1475 1364
f 1364 1475 1365
f 1365 1475 1476
f 1365 1476 1477
f 1365 1477 1366
f 1366 1477 1368
f 1366 1368 1367
f 1368 1477 1369
f 1369 1477 1478
f 1369 1478 1370
f 1370 1478 1479
f 1370 1479 1373
f 1370 1373 1371
f 1371 1373 1372
f 1373 1479 1480
f 1373 1480 1374
f 1374 1480 1375
f 1375 1481 1482
f 1375 1482 1474
f 1375 1474 1473
f 1375 1473 1376
f 1375 1480 1481
f 1377 1483 1484
f 1377 1484 1378
f 1378 1484 1485
f 1378 1485 1380
f 1378 1380 1379
f 1380 1485 1443
f 1382 1411 1518
f 1382 1518 1486
f 1382 1486 1487
f 1382 1487 1488
f 1382 1488 1383
f 1383 1488 1489
f 1383 1489 1384
f 1384 1489 1385
f 1385 1489 1490
f 1385 1490 1386
f 1386 1490 1491
f 1386 1491 1387
f 1387 1491 1492
f 1387 1492 1388
f 1388 1492 1389
f 1389 1492 1493
f 1389 1493 1390
f 1390 1493 1391
f 1391 1494 1393
f 1391 1393 1392
f 1391 1493 1495
f 1391 1495 1496
f 1391 1496 1494
f 1393 1494 1394
f 1394 1497 1395
f 1394 1494 1497
f 1395 1498 1499
f 1395 1499 1500
f 1395 1500 1501
f 1395 1501 1398
f 1395 1398 1397
f 1395 1397 1396
f 1395 1497 1498
f 1398 1501 1399
f 1399 1502 1503
f 1399 1503 1504
f 1399 1504 1505
f 1399 1505 1506
f 1399 1506 1400
f 1399 1501 1502
f 1400 1507 1508
f 1400 1508 1401
f 1400 1506 1509
f 1400 1509 1507
f 1401 1508 1402
f 1402 1508 1510
f 1402 1510 1403
f 1403 1511 1404
f 1403 1510 1511
f 1404 1511 1512
f 1404 1512 1405
f 1406 1414 1513
f 1406 1513 1407
f 1407 1513 1514
f 1407 1514 1408
f 1408 1514 1409
f 1409 1514 1515
f 1409 1515 1516
f 1409 1516 1410
f 1410 1516 1517
f 1410 1517 1411
f 1411 1517 1518
f 1412 1435 1519
f 1412 1519 1413
f 1413 1519 1520
f 1413 1520 1521
f 1413 1521 1414
f 1414 1521 1522
f 1414 1522 1513
f 1415 1441 1546
f 1415 1546 1523
f 1415 1523 1524
f 1415 1524 1416
f 1416 1524 1525
f 1416 1525 1526
f 1416 1526 1417
f 1417 1526 1418
f 1418 1526 1527
f 1418 1527 1419
f 1419 1527 1420
f 1420 1527 1528
f 1420 1528 1529
f 1420 1529 1421
f 1421 1530 1422
f 1421 1529 1531
f 1421 1531 1530
f 1422 1530 1423
f 1423 1530 1424
f 1424 1530 1532
f 1424 1532 1425
f 1425 1532 1426
f 1426 1532 1533
f 1426 1533 1427
f 1427 1534 1428
f 1427 1533 1534
f 1428 1534 1535
f 1428 1535 1429
f 1429 1535 1536
f 1429 1536 1430
f 1430 1536 1537
f 1430 1537 1431
f 1431 1537 1538
f 1431 1538 1432
f 1432 1538 1539
f 1432 1539 1433
f 1433 1539 1434
f 1434 1519 1435
f 1434 1539 1519
f 1436 1445 1438
f 1437 1438 1540
f 1437 1540 1439
f 1438 1445 1541
f 1438 1541 1540
f 1439 1540 1442
f 1440 1542 1441
f 1441 1542 1543
f 1441 1543 1544
f 1441 1544 1545
f 1441 1545 1546
f 1442 1540 1547
f 1442 1547 1542
f 1443 1485 1548
f 1443 1548 1541
f 1443 1541 1444
f 1444 1541 1445
f 1448 1549 1449
f 1449 1549 1450
f 1450 1549 1550
f 1450 1550 1551
f 1450 1551 1552
f 1450 1552 1451
f 1451 1552 1553
f 1451 1553 1554
f 1451 1554 1455
f 1451 1455 1454
f 1453 1457 1458
f 1455 1555 1556
f 1455 1556 1557
f 1455 1557 1456
f 1455 1554 1555
f 1456 1557 1558
f 1456 1558 1559
f 1456 1559 1458
f 1456 1458 1457
f 1458 1559 1560
f 1458 1560 1459
f 1459 1560 1561
f 1459 1561 1562
f 1459 1562 1563
f 1459 1563 1460
f 1460 1563 1463
f 1460 1463 1461
f 1461 1463 1462
f 1463 1563 1564
f 1463 1564 1565
f 1463 1565 1464
f 1464 1565 1566
f 1464 1566 1465
f 1465 1566 1466
f 1466 1566 1467
f 1467 1566 1567
f 1467 1567 1568
f 1467 1568 1468
f 1468 1568 1569
f 1468 1569 1469
f 1469 1569 1570
f 1469 1570 1470
f 1470 1570 1471
f 1471 1570 1571
f 1471 1571 1572
f 1471 1572 1472
f 1474 1482 1475
f 1475 1482 1476
f 1476 1482 1481
f 1476 1481 1479
f 1476 1479 1478
f 1476 1478 1477
f 1479 1481 1480
f 1483 1573 1523
f 1483 1523 1546
f 1483 1546 1545
f 1483 1545 1544
f 1483 1544 1543
f 1483 1543 1574
f 1483 1574 1484
f 1484 1574 1575
f 1484 1575 1485
f 1485 1575 1548
f 1486 1518 1606
f 1486 1606 1576
f 1486 1576 1577
f 1486 1577 1487
f 1487 1577 1488
f 1488 1577 1578
f 1488 1578 1489
f 1489 1578 1579
f 1489 1579 1490
f 1490 1579 1491
f 1491 1579 1580
f 1491 1580 1492
f 1492 1580 1581
f 1492 1581 1582
f 1492 1582 1493
f 1493 1582 1495
f 1494 1496 1497
f 1495 1582 1583
f 1495 1583 1496
f 1496 1583 1584
f 1496 1584 1585
f 1496 1585 1586
f 1496 1586 1497
f 1497 1586 1498
f 1498 1586 1499
f 1499 1586 1587
f 1499 1587 1588
f 1499 1588 1500
f 1500 1588 1589
f 1500 1589 1590
f 1500 1590 1591
f 1500 1591 1503
f 1500 1503 1502
f 1500 1502 1501
f 1503 1591 1504
f 1504 1592 1593
f 1504 1593 1594
f 1504 1594 1505
f 1504 1591 1595
f 1504 1595 1596
f 1504 1596 1592
f 1505 1597 1509
f 1505 1509 1506
f 1505 1594 1593
f 1505 1593 1597
f 1507 1598 1508
f 1507 1509 1599
f 1507 1599 1598
f 1508 1600 1601
f 1508 1601 1510
f 1508 1598 1600
f 1509 1597 1668
f 1509 1668 1599
f 1510 1601 1602
f 1510 1602 1512
f 1510 1512 1511
f 1513 1522 1514
f 1514 1522 1603
f 1514 1603 1515
f 1515 1603 1604
f 1515 1604 1516
f 1516 1604 1517
f 1517 1604 1605
f 1517 1605 1518
f 1518 1605 1606
f 1519 1539 1520
f 1520 1539 1538
f 1520 1538 1607
f 1520 1607 1521
f 1521 1607 1608
f 1521 1608 1522
f 1522 1608 1609
f 1522 1609 1603
f 1523 1573 1610
f 1523 1610 1524
f 1524 1610 1525
f 1525 1610 1611
f 1525 1611 1526
f 1526 1611 1528
f 1526 1528 1527
f 1528 1611 1612
f 1528 1612 1613
f 1528 1613 1529
f 1529 1613 1614
f 1529 1614 1531
f 1530 1531 1532
f 1531 1614 1533
f 1531 1533 1532
f 1533 1614 1534
f 1534 1614 1615
f 1534 1615 1535
f 1535 1616 1617
f 1535 1617 1536
f 1535 1615 1616
f 1536 1617 1618
f 1536 1618 1619
f 1536 1619 1537
f 1537 1619 1607
f 1537 1607 1538
f 1540 1541 1575
f 1540 1575 1547
f 1541 1548 1575
f 1542 1547 1574
f 1542 1574 1543
f 1547 1575 1574
f 1551 1620 1553
f 1551 1553 1552
f 1553 1620 1621
f 1553 1621 1622
f 1553 1622 1554
f 1554 1622 1555
f 1555 1623 1556
f 1555 1622 1623
f 1556 1624 1625
f 1556 1625 1626
f 1556 1626 1557
f 1556 1623 1624
f 1557 1626 1558
f 1558 1627 1628
f 1558 1628 1629
f 1558 1629 1630
f 1558 1630 1560
f 1558 1560 1559
f 1558 1626 1627
f 1560 1630 1631
f 1560 1631 1632
f 1560 1632 1561
f 1561 1632 1633
f 1561 1633 1634
f 1561 1634 1562
f 1562 1634 1563
f 1563 1634 1564
f 1564 1634 1635
f 1564 1635 1636
f 1564 1636 1565
f 1565 1636 1567
f 1565 1567 1566
f 1567 1636 1637
f 1567 1637 1568
f 1568 1637 1638
f 1568 1638 1569
f 1569 1638 1639
f 1569 1639 1640
f 1569 1640 1570
f 1570 1640 1641
f 1570 1641 1571
f 1571 1641 1642
f 1571 1642 1572
f 1572 1642 1643
f 1572 1643 1644
f 1573 1645 1610
f 1576 1644 1577
f 1577 1644 1646
f 1577 1646 1647
f 1577 1647 1578
f 1578 1647 1579
f 1579 1647 1648
f 1579 1648 1580
f 1580 1648 1649
f 1580 1649 1581
f 1581 1649 1650
f 1581 1650 1651
f 1581 1651 1582
f 1582 1651 1583
f 1583 1651 1584
f 1584 1651 1652
f 1584 1652 1585
f 1585 1653 1588
f 1585 1588 1587
f 1585 1587 1586
f 1585 1652 1654
f 1585 1654 1653
f 1588 1653 1589
f 1589 1655 1656
f 1589 1656 1657
f 1589 1657 1590
f 1589 1653 1655
f 1590 1595 1658
f 1590 1658 1591
f 1590 1657 1659
f 1590 1659 1595
f 1591 1658 1595
f 1592 1596 1593
f 1593 1596 1660
f 1593 1660 1661
f 1593 1661 1662
f 1593 1662 1597
f 1595 1659 1663
f 1595 1663 1664
f 1595 1664 1665
f 1595 1665 1596
f 1596 1665 1666
f 1596 1666 1667
f 1596 1667 1660
f 1597 1662 1669
f 1597 1669 1668
f 1603 1609 1604
f 1604 1609 1670
f 1604 1670 1605
f 1605 1670 1671
f 1607 1619 1608
f 1608 1619 1618
f 1608 1618 1672
f 1608 1672 1609
f 1609 1672 1670
f 1610 1645 1673
f 1610 1673 1612
f 1610 1612 1611
f 1612 1673 1674
f 1612 1674 1613
f 1613 1674 1615
f 1613 1615 1614
f 1615 1674 1616
f 1616 1674 1617
f 1617 1675 1676
f 1617 1676 1677
f 1617 1677 1618
f 1617 1674 1678
f 1617 1678 1675
f 1618 1677 1672
f 1624 1679 1625
f 1625 1679 1680
f 1625 1680 1681
f 1625 1681 1627
f 1625 1627 1626
f 1627 1681 1682
f 1627 1682 1628
f 1628 1682 1714
f 1628 1714 1683
f 1628 1683 1629
f 1629 1683 1684
f 1629 1684 1631
f 1629 1631 1630
f 1631 1684 1685
f 1631 1685 1686
f 1631 1686 1687
f 1631 1687 1632
f 1632 1687 1688
f 1632 1688 1633
f 1633 1688 1634
f 1634 1688 1635
f 1635 1688 1689
f 1635 1689 1690
f 1635 1690 1636
f 1636 1690 1637
f 1637 1690 1691
f 1637 1691 1638
f 1638 1691 1639
f 1639 1691 1692
f 1639 1692 1641
f 1639 1641 1640
f 1641 1692 1642
f 1642 1692 1643
f 1643 1693 1646
f 1643 1646 1644
f 1643 1692 1693
f 1645 1671 1676
f 1645 1676 1675
f 1645 1675 1673
f 1646 1693 1647
f 1647 1693 1694
f 1647 1694 1648
f 1648 1694 1695
f 1648 1695 1696
f 1648 1696 1649
f 1649 1696 1697
f 1649 1697 1650
f 1650 1697 1698
f 1650 1698 1652
f 1650 1652 1651
f 1652 1698 1654
f 1653 1654 1699
f 1653 1699 1655
f 1654 1698 1700
f 1654 1700 1699
f 1655 1699 1656
f 1656 1701 1702
f 1656 1702 1657
f 1656 1699 1701
f 1657 1702 1685
f 1657 1685 1703
f 1657 1703 1663
f 1657 1663 1659
f 1660 1667 1704
f 1660 1704 1705
f 1660 1705 1706
f 1660 1706 1661
f 1661 1706 1662
f 1662 1706 1669
f 1663 1703 1707
f 1663 1707 1708
f 1663 1708 1664
f 1664 1709 1666
f 1664 1666 1665
f 1664 1708 1709
f 1666 1710 1704
f 1666 1704 1667
f 1666 1709 1711
f 1666 1711 1710
f 1670 1672 1677
f 1670 1677 1676
f 1670 1676 1671
f 1673 1675 1678
f 1673 1678 1674
f 1680 1712 1682
f 1680 1682 1681
f 1682 1712 1713
f 1682 1713 1714
f 1683 1714 1723
f 1683 1723 1715
f 1683 1715 1707
f 1683 1707 1684
f 1684 1707 1685
f 1685 1707 1703
f 1685 1702 1686
f 1686 1702 1716
f 1686 1716 1717
f 1686 1717 1687
f 1687 1717 1688
f 1688 1717 1689
f 1689 1717 1718
f 1689 1718 1719
f 1689 1719 1690
f 1690 1719 1691
f 1691 1719 1720
f 1691 1720 1692
f 1692 1720 1695
f 1692 1695 1693
f 1693 1695 1694
f 1695 1720 1696
f 1696 1720 1697
f 1697 1720 1721
f 1697 1721 1698
f 1698 1721 1700
f 1699 1700 1722
f 1699 1722 1701
f 1700 1721 1718
f 1700 1718 1722
f 1701 1722 1702
f 1702 1722 1716
f 1707 1715 1708
f 1708 1715 1723
f 1708 1723 1724
f 1708 1724 1709
f 1709 1724 1725
f 1709 1725 1711
f 1713 1726 1723
f 1713 1723 1714
f 1716 1722 1717
f 1717 1722 1718
f 1718 1721 1719
f 1719 1721 1720
f 1723 1726 1725
f 1723 1725 1724

