# https://github.com/mikedh/trimesh
v -24.78907451 17.76807345 20.00000006
v -25.50531670 17.33667199 19.99021204
v -25.59788495 16.58564173 20.00000006
v -24.78907451 16.88370090 20.00000006
v -24.78907451 18.34262218 19.99021204
v -25.01239300 18.04064102 19.99021204
v -25.78533188 17.52688177 19.96671924
v -25.88253140 16.76996723 19.99021204
v -26.33148402 16.05423354 19.99021204
v -26.39512241 15.28555434 20.00000006
v -24.78907451 16.88370090 -0.00000006
v -28.88519734 8.10467899 20.00000006
v -24.78907451 18.90540496 19.96671924
v -24.88742664 18.77794564 19.96671924
v -25.28546646 18.23673248 19.96671924
v -26.06303662 17.71512926 19.92560750
v -26.44835085 17.13665854 19.92560750
v -26.16602004 16.95233304 19.96671924
v -25.55853993 18.43478624 19.92560750
v -26.61959872 16.23071507 19.96671924
v -26.98061436 15.62479306 19.96671924
v -26.68786839 15.45419320 19.99021204
v -27.09284991 14.73257653 19.99021204
v -27.12525323 13.94624840 20.00000006
v -24.78907451 17.76807345 -0.00000006
v -28.88519734 8.10467899 -0.00000006
v -29.40010399 8.10467899 20.00000006
v -25.15587404 18.97992007 19.92560750
v -24.78907451 19.45250109 19.92560750
v -26.33958355 17.90337674 19.86883324
v -26.72836602 17.31706336 19.86883324
v -27.19236508 16.57975875 19.86883324
v -26.90656081 16.40523691 19.92560750
v -25.42200580 19.18189451 19.86883324
v -25.82930297 18.62891670 19.86883324
v -27.27104470 15.79343192 19.92560750
v -27.68528357 15.05612731 19.92560750
v -27.38906935 14.89533111 19.96671924
v -27.72693902 14.25607353 19.96671924
v -27.42609352 14.10116032 19.99021204
v -27.78826699 13.37562166 19.99021204
v -27.78826699 12.57360689 20.00000006
v -24.78907451 18.18574928 0.00587314
v -25.59788495 16.58564173 -0.00000006
v -25.42894751 17.28372779 0.00587314
v -24.93602380 17.98769683 0.00587314
v -29.40010399 8.10467899 -0.00000006
v -29.75417271 8.10467899 19.99021204
v -29.35497507 8.28116117 20.00000006
v -24.86660153 19.89762951 19.86883324
v -24.78907451 19.99175325 19.86883324
v -27.00607076 17.49746818 19.79444068
v -26.09775037 18.82304717 19.79444068
v -26.61265701 18.08966454 19.79444068
v -27.47469589 16.75231960 19.79444068
v -27.56031722 15.96010979 19.86883324
v -25.12463376 20.10352593 19.79444068
v -25.68582192 19.37994696 19.79444068
v -27.97802955 15.21496121 19.86883324
v -28.32284614 14.56393637 19.86883324
v -28.02662671 14.41098545 19.92560750
v -28.09258595 13.52269091 19.96671924
v -28.09721202 12.71479316 19.99021204
v -28.41541439 11.98729351 19.99021204
v -28.38185847 11.16959080 20.00000006
v -24.78907451 18.59950311 0.01761889
v -26.39512241 15.28555434 -0.00000006
v -26.25164136 16.00521002 0.00587314
v -25.80384657 16.71898402 0.00587314
v -25.63144088 17.42295306 0.01761889
v -25.13504371 18.12888309 0.01761889
v -29.65697840 8.10467899 0.00587314
v -29.35497507 8.28116117 -0.00000006
v -30.10361537 8.10467899 19.96671924
v -29.68127698 8.37332457 19.99021204
v -30.00642106 8.46548732 19.96671924
v -28.90486464 9.73812211 20.00000006
v -29.45911631 9.12239449 19.99021204
v -24.78907451 20.25647685 19.83163696
v -27.28030205 17.67591070 19.70634334
v -26.36272430 19.01325565 19.70634334
v -26.88342005 18.27202905 19.70634334
v -25.94732761 19.57799941 19.70634334
v -28.12961012 16.28954355 19.70634334
v -27.84612149 16.12678766 19.79444068
v -27.75355324 16.92095846 19.70634334
v -28.26845989 15.37379511 19.79444068
v -24.78907451 20.51531747 19.79444068
v -24.78907451 20.70356626 19.76311695
v -25.38035035 20.30746005 19.70634334
v -28.61790776 14.71492760 19.79444068
v -28.69658738 13.81290611 19.86883324
v -28.39574188 13.66779786 19.92560750
v -28.40499923 12.85401843 19.96671924
v -28.72666985 12.11671382 19.96671924
v -29.01131630 11.41862646 19.96671924
v -28.69658738 11.29508913 19.99021204
v -28.97313431 10.56758948 19.99021204
v -24.78907451 18.70343052 0.02349209
v -27.01069683 14.68943600 0.00587314
v -26.60687312 15.40909167 0.00587314
v -27.12525323 13.94624840 -0.00000006
v -26.46107644 16.13463033 0.01761889
v -26.00980818 16.85232632 0.01761889
v -26.29329681 17.03469083 0.05090035
v -25.91029823 17.61120055 0.05090035
v -25.40927500 18.32497455 0.05090035
v -29.91153717 8.10467899 0.01761889
v -29.59102437 8.34783232 0.00587314
v -29.37001631 9.09494124 0.00587314
v -28.90486464 9.73812211 -0.00000006
v -30.45190543 8.10467899 19.92560750
v -29.78194475 9.22240121 19.96671924
v -30.33040732 8.55568973 19.92560750
v -30.10361537 9.32240793 19.92560750
v -29.22538266 9.84597215 19.99021204
v -29.54589546 9.95382285 19.96671924
v -27.55106509 17.85043254 19.60062705
v -28.02894235 17.08959732 19.60062705
v -26.62423000 19.20346543 19.60062705
v -27.14955181 18.45243387 19.60062705
v -25.63144088 20.50943449 19.60062705
v -26.20420203 19.77212988 19.60062705
v -28.40847269 16.45033844 19.60062705
v -28.83891061 15.68362024 19.60062705
v -28.55657980 15.52870832 19.70634334
v -24.94759679 20.83690856 19.70634334
v -24.78907451 21.02123406 19.70634334
v -28.90833810 14.86395784 19.70634334
v -29.28902104 14.09919932 19.70634334
v -28.99395943 13.95605337 19.79444068
v -29.01594758 13.13050669 19.86883324
v -28.71162862 12.99128272 19.92560750
v -29.03677270 12.24809512 19.92560750
v -29.32489261 11.54020410 19.92560750
v -29.60606560 10.79897750 19.92560750
v -29.29017887 10.68328349 19.96671924
v -24.78907451 19.15248092 0.05090035
v -25.00776693 18.86814870 0.05090035
v -27.22591579 14.80709035 0.01761889
v -27.34394044 14.05998208 0.00587314
v -26.81977645 15.53066932 0.01761889
v -27.78826699 12.57360689 -0.00000006
v -27.70379826 13.33640311 0.00587314
v -26.74919635 16.30915217 0.05090035
v -26.57447502 17.21705664 0.09788530
v -26.18800297 17.79944934 0.09788530
v -25.68119586 18.52106601 0.09788530
v -25.27620912 19.07012314 0.09788530
v -30.26097983 8.10467899 0.05090035
v -30.15221775 8.50666687 0.05090035
v -29.82707366 8.41450347 0.01761889
v -29.60490778 9.16749537 0.01761889
v -29.13744047 9.81655857 0.00587314
v -28.88519734 10.53621490 0.00587314
v -28.38185847 11.16959080 -0.00000006
v -30.79671681 8.10467899 19.86883324
v -30.65092534 8.64785248 19.86883324
v -30.42297557 9.42045366 19.86883324
v -29.86409783 10.06167354 19.92560750
v -30.18114239 10.16756259 19.86883324
v -28.29970539 17.25431420 19.48120598
v -27.41221011 18.63087770 19.48120598
v -27.81603903 18.02299339 19.48120598
v -26.45760819 19.96233966 19.48120598
v -26.88110441 19.38779093 19.48120598
v -25.19521385 21.04280367 19.60062705
v -25.43820485 21.24673910 19.48120598
v -25.87905794 20.70748694 19.48120598
v -28.68270397 16.60917234 19.48120598
v -29.11777318 15.83461016 19.48120598
v -29.47647318 15.15613403 19.48120598
v -29.19413716 15.01102578 19.60062705
v -24.78907451 21.23301346 19.66131613
v -29.57945138 14.23842460 19.60062705
v -29.90806893 13.53445556 19.60062705
v -29.61416513 13.40111326 19.70634334
v -29.31679308 13.26580998 19.79444068
v -29.64887887 12.50693575 19.79444068
v -29.34340730 12.37751544 19.86883324
v -29.63499546 11.66374274 19.86883324
v -29.91963670 10.91271117 19.86883324
v -24.78907451 19.69761606 0.09788530
v -27.56147504 14.17175345 0.01761889
v -27.86232054 14.32666667 0.05090035
v -27.52213523 14.96788524 0.05090035
v -27.92480633 13.44229281 0.01761889
v -27.11136460 15.69930688 0.05090035
v -28.32863003 11.95003465 0.00587314
v -28.01158547 12.67557461 0.00587314
v -28.23606178 12.77754232 0.01761889
v -27.40179494 15.86794574 0.09788530
v -27.03499541 16.48367401 0.09788530
v -26.85333237 17.39942245 0.16248984
v -26.46339208 17.98769683 0.16248984
v -25.95080107 18.71715747 0.16248984
v -25.54118827 19.27209757 0.16248984
v -30.39867699 8.10467899 0.06851995
v -30.47504619 8.59686863 0.09788530
v -30.24709642 9.36554782 0.09788530
v -29.92658362 9.26750209 0.05090035
v -29.68937650 10.00284571 0.05090035
v -29.37001631 9.89499567 0.01761889
v -29.11545753 10.61857333 0.01761889
v -28.83891061 11.34999432 0.01761889
v -28.61096084 11.25979386 0.00587314
v -31.07904762 8.10467899 19.80814416
v -30.96912771 8.73609390 19.79444068
v -30.49471349 10.27345229 19.79444068
v -30.73770449 9.51849939 19.79444068
v -30.23089737 11.02644354 19.79444068
v -28.56467932 17.41707008 19.34612369
v -27.66908452 18.80539823 19.34612369
v -27.13335276 19.57015544 19.34612369
v -28.07753950 18.18967126 19.34612369
v -26.70522526 20.14862616 19.34612369
v -26.12089112 20.90161871 19.34612369
v -24.78907451 21.51538469 19.60062705
v -24.81221527 21.97423875 19.48120598
v -25.67656457 21.44479156 19.34612369
v -28.95115137 16.76604524 19.34612369
v -29.38968882 15.98364040 19.34612369
v -29.75301489 15.29731899 19.34612369
v -30.14411300 14.51099217 19.34612369
v -29.86409783 14.37568888 19.48120598
v -30.19734144 13.66387717 19.48120598
v -30.24709642 12.75989339 19.60062705
v -29.94972438 12.63439506 19.70634334
v -30.24709642 11.90493442 19.70634334
v -29.94278267 11.78531907 19.79444068
v -24.78907451 20.22706326 0.16248984
v -24.98346835 19.98979226 0.16248984
v -28.15969259 14.47961759 0.09788530
v -27.81719685 15.12672044 0.09788530
v -28.22912008 13.58936206 0.05090035
v -28.53112340 13.73446900 0.09788530
v -28.55542198 12.04612069 0.01761889
v -28.86552483 12.17750199 0.05090035
v -28.54269639 12.91480660 0.05090035
v -27.68875703 16.03462361 0.16248984
v -27.31964186 16.65623486 0.16248984
v -28.10993761 15.28555434 0.16248984
v -27.12987930 17.57786497 0.24275625
v -27.60082006 16.82879571 0.24275625
v -26.73530772 18.17006133 0.24275625
v -26.21808544 18.90932694 0.24275625
v -25.80384657 19.47015002 0.24275625
v -25.24034277 20.19568868 0.24275625
v -30.60811207 8.10467899 0.09788530
v -30.79440117 8.68707104 0.16248984
v -30.56529880 9.46359355 0.16248984
v -30.00757888 10.10873541 0.09788530
v -29.43250209 10.73426735 0.05090035
v -29.15248170 11.47353295 0.05090035
v -31.13921776 8.10467899 19.79444068
v -31.05012298 9.61458413 19.70634334
v -31.28269881 8.82629631 19.70634334
v -31.18550450 8.10467899 19.78269428
v -30.53752676 11.13821622 19.70634334
v -30.80365852 10.37738100 19.70634334
v -28.33210349 18.35438814 19.19538019
v -28.82386938 17.57394299 19.19538019
v -27.92017505 18.97599809 19.19538019
v -26.94705844 20.33295296 19.19538019
v -27.37981200 19.74663828 19.19538019
v -25.90914041 21.63892202 19.19538019
v -26.35809824 21.08986620 19.19538019
v -24.78907451 21.95267044 19.49295238
v -24.78907451 21.99973166 19.48120598
v -24.78907451 22.04679288 19.46750250
v -24.78907451 22.46250771 19.34612369
v -25.04363328 22.18013518 19.34612369
v -25.27158305 22.38210961 19.19538019
v -29.65697840 16.12874866 19.19538019
v -29.21380967 16.91703647 19.19538019
v -30.02262011 15.43654427 19.19538019
v -30.41834950 14.64237347 19.19538019
v -30.47967225 13.79133649 19.34612369
v -30.53868458 12.88147103 19.48120598
v -30.54678410 12.02258877 19.60062705
v -24.78907451 20.74670549 0.24275625
v -28.45591202 14.63060752 0.16248984
v -28.84816796 13.05403188 0.09788530
v -29.15132910 13.19129616 0.16248984
v -28.83081108 13.87761626 0.16248984
v -29.17446986 12.30692230 0.09788530
v -29.46490020 11.59707159 0.09788530
v -27.97456130 16.19934179 0.24275625
v -28.39921534 15.44438824 0.24275625
v -27.40295276 17.75434781 0.33868387
v -27.87851959 16.99743457 0.33868387
v -27.00375512 18.35242715 0.33868387
v -26.48074895 19.09953672 0.33868387
v -26.06303662 19.66428049 0.33868387
v -25.49374372 20.39766312 0.33868387
v -25.05983233 20.92907131 0.33868387
v -30.95061302 8.10467899 0.16248984
v -31.11029312 8.77727279 0.24275625
v -31.29195616 8.10467899 0.24275625
v -30.87886989 9.56163928 0.24275625
v -30.63472629 10.32051416 0.24275625
v -30.32230780 10.21658545 0.16248984
v -29.74723101 10.84996136 0.09788530
v -31.35791019 9.71066952 19.60062705
v -31.59280166 8.91257608 19.60062705
v -31.79297939 8.10467899 19.60649960
v -31.47709265 8.10467899 19.70634334
v -30.83953008 11.24802791 19.60062705
v -31.10797748 10.48130905 19.60062705
v -28.58087838 18.51518303 19.02897418
v -29.07611772 17.72885621 19.02897418
v -28.16432387 19.14267596 19.02897418
v -27.61932954 19.92116012 19.02897418
v -26.58951625 21.27615400 19.02897418
v -27.18426555 20.51139548 19.02897418
v -26.13709018 21.82913180 19.02897418
v -24.78907451 22.91351780 19.19538019
v -24.80758920 22.89390787 19.19538019
v -25.02511859 23.09392393 19.02897418
v -25.49258590 22.57820107 19.02897418
v -29.91732627 16.26993362 19.02897418
v -29.46952626 17.06606671 19.02897418
v -30.28528363 15.57184756 19.02897418
v -30.68448126 14.76983279 19.02897418
v -31.02466658 14.03841116 19.02897418
v -30.75506136 13.91683482 19.19538019
v -31.10334620 13.12070303 19.19538019
v -30.82333103 13.00304737 19.34612369
v -31.12996042 12.25201711 19.34612369
v -30.84068790 12.13828344 19.48120598
v -31.13690212 11.35587730 19.48120598
v -24.78907451 21.24477811 0.33868387
v -28.74865800 14.78159875 0.24275625
v -29.48109925 12.43634261 0.16248984
v -29.45101678 13.32659945 0.24275625
v -29.12702531 14.02076352 0.24275625
v -29.78426039 12.56380193 0.24275625
v -30.05964950 10.96369438 0.16248984
v -29.77384523 11.71864793 0.16248984
v -28.25573429 16.36209767 0.33868387
v -29.03793052 14.93062899 0.33868387
v -28.68386179 15.59930146 0.33868387
v -27.67140016 17.92886965 0.45027401
v -27.26872906 18.53283197 0.45027401
v -28.15044045 17.16411244 0.45027401
v -28.53228122 16.52289256 0.45027401
v -26.73993900 19.28582322 0.45027401
v -26.31875321 19.85841095 0.45027401
v -25.74367642 20.59767656 0.45027401
v -25.30513898 21.13496773 0.45027401
v -31.42270640 8.86551421 0.33868387
v -31.62751541 8.10467899 0.33868387
v -31.18897274 9.65772467 0.33868387
v -30.94135568 10.42444287 0.33868387
v -30.36974713 11.07742805 0.24275625
v -31.40882298 10.58131577 19.48120598
v -31.65991351 9.80283227 19.48120598
v -31.89827323 8.99885651 19.48120598
v -31.79876328 8.14781887 19.60062705
v -31.81033626 8.10467899 19.60062705
v -28.40268359 19.30347215 18.85082241
v -28.82155374 18.67205594 18.85082241
v -29.32141915 17.87788514 18.85082241
v -27.85306320 20.08783799 18.85082241
v -26.35694042 22.01345861 18.85082241
v -26.81399256 21.45459652 18.85082241
v -27.41336793 20.68395633 18.85082241
v -25.70781007 22.76840955 18.85082241
v -24.78907451 23.23118821 19.07400204
v -24.78907451 23.34295958 19.02897418
v -24.78907451 23.54689501 18.94283522
v -25.23686931 23.29001538 18.85082241
v -30.16956940 16.40719790 18.85082241
v -30.54215804 15.70322886 18.85082241
v -29.71830636 17.20921267 18.85082241
v -30.94251350 14.89533111 18.85082241
v -31.28732488 14.15802650 18.85082241
v -31.37642488 13.23639639 19.02897418
v -31.41229123 12.36378849 19.19538019
v -31.71429455 11.56765670 19.19538019
v -31.42849028 11.46372929 19.34612369
v -24.78907451 21.73500806 0.45027401
v -30.08047462 11.83826327 0.24275625
v -29.74723101 13.45994174 0.33868387
v -29.41977128 14.16194849 0.33868387
v -30.08394808 12.69126125 0.33868387
v -28.96503478 15.75225238 0.45027401
v -29.32257697 15.07573593 0.45027401
v -29.70789120 14.30117376 0.45027401
v -27.93406367 18.09946951 0.57752537
v -27.52791911 18.70931350 0.57752537
v -28.41888264 17.32686833 0.57752537
v -26.99565560 19.47015002 0.57752537
v -28.80419686 16.67976547 0.57752537
v -26.56984374 20.04665844 0.57752537
v -25.98898306 20.79376802 0.57752537
v -25.54581434 21.33498117 0.57752537
v -31.93761304 8.18311544 0.45027401
v -31.73049361 8.95179464 0.45027401
v -31.95728555 8.10467899 0.45027401
v -31.49444953 9.75184841 0.45027401
v -31.24451160 10.52641058 0.45027401
v -30.67406610 11.18723974 0.33868387
v -30.38247794 11.95787862 0.33868387
v -31.70272678 10.68132250 19.34612369
v -31.95728555 9.89499567 19.34612369
v -32.40623817 8.30469243 19.34612369
v -32.10539266 8.22625533 19.48120598
v -32.19680309 9.08317594 19.34612369
v -32.13548034 8.10467899 19.48120598
v -28.63294899 19.46034506 18.65896652
v -29.05528739 18.82304717 18.65896652
v -29.55978408 18.02299339 18.65896652
v -29.96013954 17.35039894 18.65896652
v -28.07869732 20.25059387 18.65896652
v -27.63552859 20.85259520 18.65896652
v -25.91724515 22.95273766 18.65896652
v -26.57100156 22.19190113 18.65896652
v -27.03152716 21.62911836 18.65896652
v -24.78907451 23.76063541 18.85082241
v -24.78907451 24.12536442 18.67854385
v -25.44167832 23.47826287 18.65896652
v -30.41487604 16.54054020 18.65896652
v -30.78861728 15.83068818 18.65896652
v -31.19360402 15.01690876 18.65896652
v -31.54073104 14.27372117 18.65896652
v -31.89827323 13.45601976 18.65896652
v -31.64139882 13.34816907 18.85082241
v -31.68768033 12.47163918 19.02897418
v -31.99199930 11.66962441 19.02897418
v -31.99084148 10.77740788 19.19538019
v -24.91635650 22.06640281 0.57752537
v -24.78907451 22.20955007 0.57752537
v -30.03881916 13.59328404 0.45027401
v -30.37900448 12.81479988 0.45027401
v -29.24042389 15.90128131 0.57752537
v -29.60143954 15.22084419 0.57752537
v -29.99137983 14.43647705 0.57752537
v -28.19209591 18.26418638 0.72043793
v -27.78248310 18.88187435 0.72043793
v -28.68154615 17.48766322 0.72043793
v -27.24443048 19.65055354 0.72043793
v -26.81515038 20.23294624 0.72043793
v -29.51118171 16.04835056 0.72043793
v -29.07032862 16.83467738 0.72043793
v -26.22850060 20.98593749 0.72043793
v -25.78186363 21.53303362 0.72043793
v -32.24193200 8.26155189 0.57752537
v -32.03365475 9.03807506 0.57752537
v -32.28011400 8.10467899 0.57752537
v -31.79413721 9.84597215 0.57752537
v -31.54188886 10.62641731 0.57752537
v -31.26881540 11.40490081 0.57752537
v -30.97375378 11.29705012 0.45027401
v -30.67984998 12.07553428 0.45027401
v -32.24655807 9.98519743 19.19538019
v -32.48954907 9.16553438 19.19538019
v -32.70129979 8.37920690 19.19538019
v -32.45483533 8.10467899 19.34612369
v -28.29738975 20.40942777 18.45144875
v -28.85510966 19.61133499 18.45144875
v -29.28092152 18.97011511 18.45144875
v -29.79004428 18.16025767 18.45144875
v -30.19271538 17.48374123 18.45144875
v -30.65092534 16.66800082 18.45144875
v -27.85075277 21.01339009 18.45144875
v -27.24212006 21.79775722 18.45144875
v -26.77812099 22.36446068 18.45144875
v -25.63954040 23.66062738 18.45144875
v -26.11857548 23.13118018 18.45144875
v -24.78907451 24.16654527 18.65896652
v -31.02698222 15.95422681 18.45144875
v -31.43658981 15.13260342 18.45144875
v -31.78603768 14.38353285 18.45144875
v -32.14589030 13.55994716 18.45144875
v -32.46525049 12.77754232 18.45144875
v -32.21415997 12.67949659 18.65896652
v -31.95496991 12.57752888 18.85082241
v -32.54393533 10.96369438 18.85082241
v -32.27085665 10.87153163 19.02897418
v -32.26159930 11.76767014 18.85082241
v -32.53004670 10.07343885 19.02897418
v -25.14661670 22.27033824 0.72043793
v -24.78907451 22.66840413 0.72043793
v -30.66828221 12.93637622 0.57752537
v -30.32462344 13.72270435 0.57752537
v -30.26792675 14.56981935 0.72043793
v -29.87451300 15.36006816 0.72043793
v -28.44433904 18.42694227 0.87705528
v -28.93842056 17.64453612 0.87705528
v -28.03010017 19.05051321 0.87705528
v -27.48857930 19.82507538 0.87705528
v -27.05466792 20.41334976 0.87705528
v -26.46339208 21.17418498 0.87705528
v -29.77500305 16.19149782 0.87705528
v -30.14180258 15.49733244 0.87705528
v -29.32951868 16.98566861 0.87705528
v -26.01212382 21.72520310 0.87705528
v -25.37225083 22.47035168 0.87705528
v -32.54046187 8.33802801 0.72043793
v -32.51500547 8.10467899 0.68324165
v -32.32871115 9.12043350 0.72043793
v -32.08803579 9.93617456 0.72043793
v -31.83347702 10.72446303 0.72043793
v -31.55808792 11.51079051 0.72043793
v -30.97143814 12.18926795 0.57752537
v -32.77419552 9.24593182 19.02897418
v -32.98709884 8.45176103 19.02897418
v -33.07272539 8.10467899 19.02897418
v -32.76725382 8.10467899 19.19538019
v -28.05671439 21.17026430 18.23414298
v -28.50682482 20.56041900 18.23414298
v -29.06917080 19.75644324 18.23414298
v -29.49845612 19.10934038 18.23414298
v -30.00989452 18.29556096 18.23414298
v -30.41603386 17.61512253 18.23414298
v -30.87655947 16.79153815 18.23414298
v -31.25724241 16.07188117 18.23414298
v -26.97598308 22.53113985 18.23414298
v -27.44345039 21.95855081 18.23414298
v -26.31181151 23.30373973 18.23414298
v -24.93023992 24.40773696 18.45144875
v -25.82930297 23.83710891 18.23414298
v -24.78907451 24.26851168 18.60415064
v -31.66917086 15.24437480 18.23414298
v -32.02208176 14.48942255 18.23414298
v -32.38425523 13.66191618 18.23414298
v -32.70592585 12.87166607 18.23414298
v -33.01950216 12.04415970 18.23414298
v -32.77651116 11.95395663 18.45144875
v -32.52426282 11.86179519 18.65896652
v -32.80775145 11.05389744 18.65896652
v -32.80427799 10.15775828 18.85082241
v -33.05074245 9.32436893 18.85082241
v -24.78907451 22.87626155 0.79287341
v -30.95061302 13.05599287 0.72043793
v -30.60463861 13.84820268 0.72043793
v -31.25724241 12.30300032 0.72043793
v -30.53868458 14.70120065 0.87705528
v -28.68964568 18.58577617 1.04933385
v -28.27193335 19.21523008 1.04933385
v -29.58292484 17.13077687 1.04933385
v -29.18719545 17.79552735 1.04933385
v -27.72462860 19.99567524 1.04933385
v -27.28840157 20.58983259 1.04933385
v -26.69134185 21.35655079 1.04933385
v -26.23660013 21.91345058 1.04933385
v -30.40215045 15.63263573 1.04933385
v -30.03187746 16.33072309 1.04933385
v -25.59094325 22.66448215 1.04933385
v -24.90709916 22.98411094 0.87705528
v -32.83089221 8.41254247 0.87705528
v -32.61798888 9.20279194 0.87705528
v -32.59715855 8.10467899 0.72043793
v -32.90610358 8.10467899 0.87705528
v -32.37499788 10.02441598 0.87705528
v -32.11812347 10.82054777 0.87705528
v -31.83926091 11.61275823 0.87705528
v -31.53725758 12.41281200 0.87705528
v -33.26596141 8.52431515 18.85082241
v -33.36778700 8.10467899 18.85082241
v -28.25457647 21.31929323 18.00313242
v -28.70816037 20.70552595 18.00313242
v -29.27397981 19.89566851 18.00313242
v -29.70673338 19.24464367 18.00313242
v -30.22164002 18.42498127 18.00313242
v -30.63125283 17.73865987 18.00313242
v -31.09524667 16.91115350 18.00313242
v -31.47824526 16.18561484 18.00313242
v -27.16690868 22.68997505 18.00313242
v -27.63668641 22.11346403 18.00313242
v -26.01212382 24.00378808 18.00313242
v -26.49810582 23.46649691 18.00313242
v -24.78907451 24.47048612 18.49451888
v -24.78907451 24.54892322 18.45144875
v -24.78907451 24.91561323 18.23414298
v -25.11421859 24.58814047 18.23414298
v -25.29125556 24.76266101 18.00313242
v -31.89248934 15.35222549 18.00313242
v -32.24771589 14.59335126 18.00313242
v -32.61219978 13.75799961 18.00313242
v -32.93619126 12.96382882 18.00313242
v -33.25207800 12.12847978 18.00313242
v -33.54250833 11.30097210 18.00313242
v -33.30761686 11.22253500 18.23414298
v -33.06231022 11.13821622 18.45144875
v -33.32728937 10.32051416 18.45144875
v -33.07040974 10.24011672 18.65896652
v -33.31918985 9.40084439 18.65896652
v -33.53672445 8.59294664 18.65896652
v -24.78907451 23.10960926 0.87705528
v -31.22715995 13.17364722 0.87705528
v -30.87771207 13.97174001 0.87705528
v -30.80134809 14.82669897 1.04933385
v -31.14384905 14.09331635 1.04933385
v -29.43018645 17.94455629 1.23335946
v -28.92800540 18.74068808 1.23335946
v -28.50682482 19.37406398 1.23335946
v -27.95488879 20.16235311 1.23335946
v -29.82822627 17.27392282 1.23335946
v -30.28065234 16.46798737 1.23335946
v -27.51403570 20.76043244 1.23335946
v -26.91234469 21.53499462 1.23335946
v -26.45413473 22.09385410 1.23335946
v -25.80268875 22.85272963 1.23335946
v -30.65439358 15.76205734 1.23335946
v -31.05706468 14.95023761 1.23335946
v -25.32943755 23.37629385 1.23335946
v -25.12116030 23.18216339 1.04933385
v -33.11438084 8.48509660 1.04933385
v -32.89916188 9.28122839 1.04933385
v -32.65385523 10.11069641 1.04933385
v -33.20694908 8.10467899 1.04933385
v -32.39467040 10.91467151 1.04933385
v -32.11465001 11.71276495 1.04933385
v -31.80917844 12.51870170 1.04933385
v -31.49675995 13.28738090 1.04933385
v -33.65474388 8.10467899 18.65896652
v -28.44318122 21.46047950 17.76037611
v -27.82182291 22.26053327 17.76037611
v -28.89908075 20.84279023 17.76037611
v -29.46952626 20.02901081 17.76037611
v -29.90459546 19.37406398 17.76037611
v -30.42413339 18.54851861 17.76037611
v -30.83490402 17.85631552 17.76037611
v -31.30237132 17.02292617 17.76037611
v -31.68768033 16.29346553 17.76037611
v -32.10539266 15.45419320 17.76037611
v -27.34741390 22.84096368 17.76037611
v -26.67398497 23.62337112 17.76037611
v -26.18568733 24.16458428 17.76037611
v -24.78907451 25.25681295 18.00900562
v -24.78907451 25.26857890 18.00117468
v -25.46018779 24.92737919 17.76037611
v -32.46293485 14.68943600 17.76037611
v -32.82973439 13.85016367 17.76037611
v -33.15603629 13.05010989 17.76037611
v -33.47423866 12.20887657 17.76037611
v -33.76698464 11.37548722 17.76037611
v -33.81095573 10.46954375 18.00313242
v -33.57490644 10.39698962 18.23414298
v -33.57837990 9.47339851 18.45144875
v -33.79706711 8.65961779 18.45144875
v -33.76698464 8.10467899 18.57478464
v -24.78907451 23.53316806 1.04933385
v -31.40188128 14.21097200 1.23335946
v -29.66392010 18.08574256 1.43304564
v -29.15827081 18.88971832 1.43304564
v -30.06543338 17.41118710 1.43304564
v -28.73361677 19.52897720 1.43304564
v -28.17820728 20.32314800 1.43304564
v -30.52248552 16.59740768 1.43304564
v -27.73388594 20.92514932 1.43304564
v -27.12756366 21.70559317 1.43304564
v -26.66472763 22.27033824 1.43304564
v -26.00865558 23.03313315 1.43304564
v -25.53193092 23.56061935 1.43304564
v -30.89738458 15.88755567 1.43304564
v -31.30352393 15.06985296 1.43304564
v -24.82494086 24.30577055 1.43304564
v -24.78907451 23.94496091 1.23335946
v -33.35621402 8.10467899 1.14330439
v -33.38861212 8.55568973 1.23335946
v -33.17223534 9.35966549 1.23335946
v -32.92461827 10.19501584 1.23335946
v -32.66311258 11.00487392 1.23335946
v -32.38078177 11.81081068 1.23335946
v -32.07299456 12.62262911 1.23335946
v -31.75710782 13.39719258 1.23335946
v -28.62253383 21.59578279 17.50587340
v -29.08190161 20.97417153 17.50587340
v -27.99654424 22.40171954 17.50587340
v -29.65582058 20.15450913 17.50587340
v -30.09320542 19.49564163 17.50587340
v -30.61505377 18.66421327 17.50587340
v -31.02813482 17.97004789 17.50587340
v -31.49907559 17.13077687 17.50587340
v -31.88785806 16.39543325 17.50587340
v -32.30788603 15.55223893 17.50587340
v -27.51981959 22.98411094 17.50587340
v -26.84291720 23.77239875 17.50587340
v -26.34999871 24.31753390 17.50587340
v -25.62102571 25.08425340 17.50587340
v -24.78907451 25.59212968 17.76037611
v -24.95916456 25.42937249 17.76037611
v -25.11653423 25.59016868 17.50587340
v -32.66658604 14.78159875 17.50587340
v -33.03685904 13.93644344 17.50587340
v -33.36547136 13.13246768 17.50587340
v -33.68483156 12.28535138 17.50587340
v -33.97988796 11.44804135 17.50587340
v -34.25180882 10.60680803 17.50587340
v -34.03658986 10.54013688 17.76037611
v -34.29346427 9.67537295 17.76037611
v -34.06551450 9.61066280 18.00313242
v -33.82715479 9.54399165 18.23414298
v -34.04699981 8.72432860 18.23414298
v -34.19742256 8.10467899 18.23414298
v -34.02270123 8.10467899 18.37705554
v -33.93129081 8.10467899 18.45144875
v -32.01051399 13.50308098 1.43304564
v -31.65181398 14.32274468 1.43304564
v -29.88955423 18.22300684 1.64447887
v -29.38043147 19.03286558 1.64447887
v -30.29453576 17.54452940 1.64447887
v -28.95230398 19.67800613 1.64447887
v -28.39227363 20.47805991 1.64447887
v -31.13227606 16.00717101 1.64447887
v -30.75274572 16.72486700 1.64447887
v -27.94447362 21.08398322 1.64447887
v -27.33353049 21.87031135 1.64447887
v -26.86837360 22.44093679 1.64447887
v -26.20651767 23.20961729 1.64447887
v -25.72631955 23.74102548 1.64447887
v -31.54188886 15.18358663 1.64447887
v -31.89364716 14.43255506 1.64447887
v -25.01355082 24.49009344 1.64447887
v -24.78907451 24.71559979 1.64447887
v -24.78907451 24.38616604 1.45849617
v -24.78907451 24.34106581 1.43304564
v -24.78907451 24.26851168 1.39584936
v -33.49853724 8.10467899 1.23335946
v -33.62350360 8.10467899 1.32145615
v -33.65474388 8.62432187 1.43304564
v -33.43721449 9.43417996 1.43304564
v -33.18727657 10.27737428 1.43304564
v -32.92346045 11.09311469 1.43304564
v -32.63881400 11.90493442 1.43304564
v -32.32871115 12.72459812 1.43304564
v -28.79147127 21.72324210 17.24158203
v -29.25314948 21.09771017 17.24158203
v -29.83054191 20.27412578 17.24158203
v -27.68297315 23.12137522 17.24158203
v -28.16200823 22.53310084 17.24158203
v -30.27139500 19.61133499 17.24158203
v -30.79555899 18.77402365 17.24158203
v -31.21211350 18.07593759 17.24158203
v -31.68536991 17.23078359 17.24158203
v -32.07646802 16.49347898 17.24158203
v -32.49880642 15.64440168 17.24158203
v -32.85982206 14.86983951 17.24158203
v -27.00143948 23.91358502 17.24158203
v -26.50620535 24.46068116 17.24158203
v -25.77260628 25.23328364 17.24158203
v -24.78907451 25.90195611 17.50587340
v -24.78907451 26.19413100 17.24158203
v -25.26464134 25.74115992 17.24158203
v -33.23240548 14.01880253 17.24158203
v -33.56217563 13.20894379 17.24158203
v -33.88385147 12.35790551 17.24158203
v -34.18006569 11.51471250 17.24158203
v -34.45430219 10.66955719 17.24158203
v -34.50868323 9.73616112 17.50587340
v -34.73431736 8.90081078 17.50587340
v -34.51678276 8.84394394 17.76037611
v -34.28767517 8.78511677 18.00313242
v -34.26916569 8.10467899 18.16953843
v -32.25465760 13.60700969 1.64447887
v -30.10708883 18.35438814 1.86961623
v -29.59334001 19.17208955 1.86961623
v -29.16289687 19.82115339 1.86961623
v -30.97606942 16.84644334 1.86961623
v -30.51438600 17.67002773 1.86961623
v -28.59823525 20.62709015 1.86961623
v -31.35791019 16.12482667 1.86961623
v -28.14696699 21.23693544 1.86961623
v -27.53139257 22.02914655 1.86961623
v -27.06276745 22.60369398 1.86961623
v -26.39628023 23.37825485 1.86961623
v -25.91261387 23.91358502 1.86961623
v -31.77099124 15.29339701 1.86961623
v -32.12390736 14.53648377 1.86961623
v -32.48839125 13.70505542 1.86961623
v -25.19521385 24.66657758 1.86961623
v -24.78907451 24.97248203 1.80501169
v -33.78086805 8.10467899 1.43304564
v -34.05278891 8.10467899 1.64447887
v -33.91046569 8.68903203 1.64447887
v -33.69177327 9.50477310 1.64447887
v -33.43952492 10.35581073 1.64447887
v -33.17455098 11.17743477 1.64447887
v -32.88758889 11.99513748 1.64447887
v -32.57401779 12.82068286 1.64447887
v -29.41398740 21.21536452 16.96750199
v -28.31706226 22.65859917 16.96750199
v -28.94999355 21.84285745 16.96750199
v -29.99484807 20.38589716 16.96750199
v -27.83570632 23.24883454 16.96750199
v -30.43801680 19.71918568 16.96750199
v -30.96449643 18.87795236 16.96750199
v -31.38336658 18.17398332 16.96750199
v -31.86009124 17.32686833 16.96750199
v -32.25234717 16.58368073 16.96750199
v -32.67815903 15.73068276 16.96750199
v -33.04148510 14.95219860 16.96750199
v -26.65199682 24.59598444 16.96750199
v -27.14955181 24.04496633 16.96750199
v -25.40349111 25.88234618 16.96750199
v -25.91377169 25.37054792 16.96750199
v -24.78907451 26.46865956 16.96750199
v -33.41522634 14.09527734 16.96750199
v -33.74731213 13.28149792 16.96750199
v -34.07129839 12.42653765 16.96750199
v -34.36867565 11.57942265 16.96750199
v -34.64406475 10.72838502 16.96750199
v -34.90441263 9.84793315 16.96750199
v -34.71232921 9.79302796 17.24158203
v -34.93912116 8.95179464 17.24158203
v -35.14508799 8.10467899 17.24158203
v -34.92639557 8.10467899 17.50587340
v -34.69613016 8.10467899 17.76037611
v -34.45314437 8.10467899 18.00313242
v -32.81122491 12.91284561 1.86961623
v -30.31420827 18.48184746 2.10454160
v -29.79698598 19.30347215 2.10454160
v -29.36307460 19.95645668 2.10454160
v -28.79493952 20.76827642 2.10454160
v -31.18897274 16.96213800 2.10454160
v -31.57428697 16.23463705 2.10454160
v -30.72266325 17.79160537 2.10454160
v -28.34136084 21.38400339 2.10454160
v -31.98968366 15.39928801 2.10454160
v -27.72115514 22.18209617 2.10454160
v -27.24906176 22.75860459 2.10454160
v -26.57794327 23.53905104 2.10454160
v -26.09080866 24.07830320 2.10454160
v -25.36877736 24.83717874 2.10454160
v -32.34606802 14.63649049 2.10454160
v -33.03685904 13.00304737 2.10454160
v -32.71170974 13.79917916 2.10454160
v -24.78907451 25.25681295 1.99295212
v -24.78907451 25.12150966 1.90093931
v -24.78907451 25.07444844 1.86961623
v -34.31428939 8.10467899 1.86961623
v -34.15692493 8.75178119 1.86961623
v -33.93592209 9.57340524 1.86961623
v -33.68251592 10.43032520 1.86961623
v -33.41522634 11.25783287 1.86961623
v -33.12595382 12.08141726 1.86961623
v -29.09810066 21.95463143 16.68363394
v -29.56441015 21.32321522 16.68363394
v -28.46169591 22.77429253 16.68363394
v -30.14758646 20.48982587 16.68363394
v -27.28840157 24.16850626 16.68363394
v -27.97687173 23.36649150 16.68363394
v -30.59307083 19.81919240 16.68363394
v -31.12301871 18.97403710 16.68363394
v -31.54420450 18.26614738 16.68363394
v -32.02323958 17.41510909 16.68363394
v -32.41781116 16.66800082 16.68363394
v -32.84478083 15.81107955 16.68363394
v -33.21042255 15.02867341 16.68363394
v -26.04683757 25.50192922 16.68363394
v -26.78853616 24.72148277 16.68363394
v -25.53308874 26.01568848 16.68363394
v -24.78907451 26.72357820 16.68363394
v -33.58532161 14.16783147 16.68363394
v -33.91972303 13.35013006 16.68363394
v -34.24486712 12.49124780 16.68363394
v -34.54455480 11.63824983 16.68363394
v -34.82110173 10.78329021 16.68363394
v -35.08260220 9.89695601 16.68363394
v -35.31055197 9.04787937 16.68363394
v -35.13119936 9.00277849 16.96750199
v -35.35220742 8.10467899 16.96358653
v -33.35389838 12.16573603 2.10454160
v -30.92284098 17.90729873 2.35317111
v -30.51091254 18.60146411 2.35317111
v -29.99137983 19.42897048 2.35317111
v -29.55399498 20.08587699 2.35317111
v -28.98239166 20.90357840 2.35317111
v -31.39262393 17.07194839 2.35317111
v -32.19796091 15.49929343 2.35317111
v -31.77909076 16.34052675 2.35317111
v -28.52533951 21.52322866 2.35317111
v -27.90166035 22.32524343 2.35317111
v -27.42609352 22.90763482 2.35317111
v -26.75150678 23.69200066 2.35317111
v -26.26089871 24.23517480 2.35317111
v -25.53424135 24.99797232 2.35317111
v -25.03090769 25.50192922 2.35317111
v -24.86891195 25.33721104 2.10454160
v -32.55550310 14.73257653 2.35317111
v -32.92461827 13.88938222 2.35317111
v -33.25207800 13.08736745 2.35317111
v -24.78907451 25.41368715 2.10454160
v -34.56422210 8.10467899 2.10454160
v -34.39181641 8.81256936 2.10454160
v -34.16965574 9.64007638 2.10454160
v -33.91393393 10.50091833 2.10454160
v -33.64548653 11.33626867 2.10454160
v -29.23464000 22.05855884 16.38997657
v -29.70325992 21.42322194 16.38997657
v -30.28990969 20.58591060 16.38997657
v -28.59591961 22.88018353 16.38997657
v -28.10878500 23.47630188 16.38997657
v -26.91350251 24.83717874 16.38997657
v -27.41684139 24.28027764 16.38997657
v -30.73539406 19.91331615 16.38997657
v -31.26881540 19.06424016 16.38997657
v -31.69231161 18.35242715 16.38997657
v -32.17366233 17.49746818 16.38997657
v -32.56939173 16.74643662 16.38997657
v -32.99867183 15.88559467 16.38997657
v -33.36547136 15.09926654 16.38997657
v -33.74384388 14.23450261 16.38997657
v -26.16948828 25.62154457 16.38997657
v -25.65342382 26.13726482 16.38997657
v -24.78907451 26.82358623 16.56029806
v -34.07824531 13.41287922 16.38997657
v -34.40569982 12.55007628 16.38997657
v -34.70654532 11.69315502 16.38997657
v -34.98425007 10.83231308 16.38997657
v -35.24690837 9.94401854 16.38997657
v -35.47717378 9.09101991 16.38997657
v -35.53965434 8.10467899 16.68363394
v -33.57028037 12.24417314 2.35317111
v -33.86417896 11.40882280 2.35317111
v -31.11260355 18.01711041 2.61158928
v -30.69836468 18.71519648 2.61158928
v -30.17420068 19.54858582 2.61158928
v -29.73565802 20.20941433 2.61158928
v -29.15942863 21.03103902 2.61158928
v -28.70006084 21.65460996 2.61158928
v -31.58470213 17.17587709 2.61158928
v -31.97348461 16.44053347 2.61158928
v -32.39467040 15.59537947 2.61158928
v -32.75568083 14.82277829 2.61158928
v -28.07291344 22.46250771 2.61158928
v -27.59503096 23.04686010 2.61158928
v -26.91466033 23.83710891 2.61158928
v -26.42173663 24.38224405 2.61158928
v -25.69045320 25.15288554 2.61158928
v -25.18364608 25.65880083 2.61158928
v -24.78907451 25.73331594 2.35317111
v -24.78907451 25.45682639 2.13782307
v -33.12595382 13.97370100 2.61158928
v -33.45456615 13.16776425 2.61158928
v -33.77624199 12.31868826 2.61158928
v -34.80142921 8.10467899 2.35317111
v -34.61629272 8.86943620 2.35317111
v -34.39181641 9.70282555 2.35317111
v -34.13494200 10.56955047 2.35317111
v -29.36075896 22.15268388 16.09044665
v -29.83054191 21.51538469 16.09044665
v -30.41950211 20.67415267 16.09044665
v -28.71857032 22.97822796 16.09044665
v -27.53370821 24.38616604 16.09044665
v -28.22912008 23.57630730 16.09044665
v -26.28172904 25.73135495 16.09044665
v -27.02921152 24.94306713 16.09044665
v -30.86730212 19.99763623 16.09044665
v -31.40303388 19.14659794 16.09044665
v -31.82769313 18.43086425 16.09044665
v -32.31135949 17.57198200 16.09044665
v -32.70939931 16.81899074 16.09044665
v -33.13983724 15.95226582 16.09044665
v -33.50895241 15.16397670 16.09044665
v -33.88847753 14.29529078 16.09044665
v -34.22519460 13.46974541 16.09044665
v -25.76334894 26.24903619 16.09044665
v -24.85618636 26.89613774 16.38997657
v -24.96263802 27.01183371 16.09044665
v -24.78907451 26.95692852 16.38997657
v -34.55381215 12.60302048 16.09044665
v -35.13467282 10.87937560 16.09044665
v -34.85465243 11.74217854 16.09044665
v -35.39848894 9.98715842 16.09044665
v -35.62875435 9.13023781 16.09044665
v -35.85323066 8.20468571 16.09044665
v -35.70049226 8.16938914 16.38997657
v -35.70165008 8.10467899 16.41346937
v -34.34437707 10.63426062 2.61158928
v -34.07129839 11.47941593 2.61158928
v -31.29079834 18.11907813 2.88175385
v -30.87308601 18.82304717 2.88175385
v -31.76520735 17.27588382 2.88175385
v -30.34776419 19.66035850 2.88175385
v -29.90575328 20.32510899 2.88175385
v -29.32720304 21.15261536 2.88175385
v -28.86436701 21.77814730 2.88175385
v -32.15746328 16.53465852 2.88175385
v -32.58095950 15.68362024 2.88175385
v -32.94313297 14.90709707 2.88175385
v -33.31571639 14.05409910 2.88175385
v -28.23375136 22.58996703 2.88175385
v -27.75239542 23.17824140 2.88175385
v -27.06970915 23.97437319 2.88175385
v -26.57331720 24.52146932 2.88175385
v -25.83740249 25.29603019 2.88175385
v -25.32827973 25.80587007 2.88175385
v -24.78907451 26.03529841 2.61158928
v -33.64664435 13.24227937 2.88175385
v -33.96947801 12.38928139 2.88175385
v -34.26685005 11.54412609 2.88175385
v -34.83266950 8.10467899 2.38841031
v -35.02706334 8.10467899 2.61158928
v -34.82804343 8.92434204 2.61158928
v -34.60240930 9.76165272 2.61158928
v -28.82965326 23.06843102 15.78308580
v -29.47415754 22.23896235 15.78308580
v -29.94625092 21.59774378 15.78308580
v -30.53752676 20.75454947 15.78308580
v -28.33904520 23.66847135 15.78308580
v -27.64015988 24.48029108 15.78308580
v -27.13335276 25.04111156 15.78308580
v -25.86285889 26.35100521 15.78308580
v -26.38239682 25.82939938 15.78308580
v -30.98647937 20.07607203 15.78308580
v -31.52453199 19.21915207 15.78308580
v -31.95150167 18.50145739 15.78308580
v -32.43632585 17.64061414 15.78308580
v -33.26827705 16.01501498 15.78308580
v -32.83552349 16.88370090 15.78308580
v -33.63854483 15.22280518 15.78308580
v -34.35710266 13.52269091 15.78308580
v -34.01923299 14.35019728 15.78308580
v -24.78907451 26.99222378 16.34299163
v -24.78907451 27.16870531 16.09044665
v -24.78907451 27.24714242 15.96711077
v -25.05867451 27.11576112 15.78308580
v -34.68687803 12.65204400 15.78308580
v -34.99003395 11.78924106 15.78308580
v -35.27005434 10.92055449 15.78308580
v -35.53502828 10.02441598 15.78308580
v -35.76644629 9.16553438 15.78308580
v -35.99208042 8.23606029 15.78308580
v -35.99902213 8.10467899 15.83007075
v -35.87521359 8.10467899 16.09044665
v -35.85669890 8.10467899 16.12568520
v -35.71437567 8.10467899 16.38997657
v -34.54108134 10.69504945 2.88175385
v -31.45742014 18.21516287 3.15974936
v -31.03739217 18.92305389 3.15974936
v -31.93530262 17.36804657 3.15974936
v -30.50860211 19.76428721 3.15974936
v -30.06543338 20.43295968 3.15974936
v -29.48341489 21.26438804 3.15974936
v -29.01826322 21.89580426 3.15974936
v -32.75452301 15.76793902 3.15974936
v -32.32871115 16.62289929 3.15974936
v -33.11901212 14.98749517 3.15974936
v -33.49391118 14.12861422 3.15974936
v -28.38417411 22.71154337 3.15974936
v -27.90050775 23.30177873 3.15974936
v -27.21319020 24.10183251 3.15974936
v -26.71448261 24.65285063 3.15974936
v -25.97509965 25.43133348 3.15974936
v -25.46366125 25.94313435 3.15974936
v -24.78907451 26.58631392 3.15974936
v -24.78907451 26.31962933 2.88175385
v -33.82599697 13.31287250 3.15974936
v -34.15114105 12.45595254 3.15974936
v -34.72506002 10.75191563 3.15974936
v -34.44851309 11.60687525 3.15974936
v -35.23880884 8.10467899 2.88175385
v -35.02706334 8.97532590 2.88175385
v -34.80027139 9.81851956 2.88175385
v -28.43623951 23.75083044 15.46985110
v -28.92916322 23.14686812 15.46985110
v -29.57482532 22.31543846 15.46985110
v -30.04923433 21.67225890 15.46985110
v -30.64282581 20.82514260 15.46985110
v -31.09409407 20.14470417 15.46985110
v -27.73619637 24.56461117 15.46985110
v -26.47380725 25.91960244 15.46985110
v -27.22707361 25.12739263 15.46985110
v -25.14545888 27.20988616 15.46985110
v -25.95195368 26.44120827 15.46985110
v -31.63329929 19.28582322 15.46985110
v -32.06142157 18.56616754 15.46985110
v -32.54740357 17.70140231 15.46985110
v -32.94891685 16.94252808 15.46985110
v -33.38282824 16.06992017 15.46985110
v -33.75425383 15.27378839 15.46985110
v -34.13609982 14.40118048 15.46985110
v -34.47512731 13.56779113 15.46985110
v -34.80605528 12.69518323 15.46985110
v -24.78907451 27.36087739 15.78308580
v -35.11037424 11.82845831 15.46985110
v -35.39154723 10.95977239 15.46985110
v -35.65767899 10.05971255 15.46985110
v -35.89025483 9.19690896 15.46985110
v -36.11588895 8.26547388 15.46985110
v -36.02101028 8.10467899 15.78308580
v -31.61246896 18.30536462 3.44753288
v -31.19013056 19.01521664 3.44753288
v -30.65902486 19.86233294 3.44753288
v -32.09266707 17.45236665 3.44753288
v -32.48723343 16.70525707 3.44753288
v -30.21354049 20.53492740 3.44753288
v -29.62804854 21.37027774 3.44753288
v -29.16173905 22.00365365 3.44753288
v -33.28216046 15.06004930 3.44753288
v -32.91536093 15.84441513 3.44753288
v -33.65821734 14.19920605 3.44753288
v -33.99261877 13.37954365 3.44753288
v -28.52302387 22.82331735 3.44753288
v -28.03819969 23.41747470 3.44753288
v -27.34741390 24.21948947 3.44753288
v -26.84639066 24.77442697 3.44753288
v -26.10353425 25.55683441 3.44753288
v -25.58862761 26.07059367 3.44753288
v -24.79370058 26.82946920 3.44753288
v -24.78907451 26.82358623 3.43578713
v -34.31892067 12.51674071 3.44753288
v -34.61860836 11.66374274 3.44753288
v -34.89630789 10.80486048 3.44753288
v -34.98540789 9.86950342 3.15974936
v -35.40890411 8.10467899 3.12059470
v -35.43551832 8.11056131 3.15974936
v -35.21335244 9.02238777 3.15974936
v -28.52186605 23.82142358 15.14878645
v -29.01594758 23.21746126 15.14878645
v -29.66507792 22.38210961 15.14878645
v -30.13948694 21.73893005 15.14878645
v -30.73423624 20.88985275 15.14878645
v -31.18781492 20.20549364 15.14878645
v -27.30922669 25.20190775 15.14878645
v -27.81950727 24.63716269 15.14878645
v -26.55364469 25.99803954 15.14878645
v -26.03063852 26.52160376 15.14878645
v -24.78907451 27.53343694 15.46985110
v -25.22182807 27.29224525 15.14878645
v -31.72817796 19.34465040 15.14878645
v -32.15862110 18.62107273 15.14878645
v -32.64575571 17.75434781 15.14878645
v -33.04842681 16.99351259 15.14878645
v -33.48349601 16.11894369 15.14878645
v -33.85607943 15.32085091 15.14878645
v -34.23907802 14.44432102 15.14878645
v -34.57926333 13.60897068 15.14878645
v -34.91135433 12.73440178 15.14878645
v -35.21682590 11.86375618 15.14878645
v -35.49799889 10.99310927 15.14878645
v -35.76528847 10.08912614 15.14878645
v -35.99786431 9.22436221 15.14878645
v -36.22465625 8.29096613 15.14878645
v -36.24085531 8.10467899 15.21730646
v -36.15060270 8.10467899 15.46985110
v -31.75479218 18.38772371 3.74314798
v -31.33129597 19.10149772 3.74314798
v -32.23730072 17.53080375 3.74314798
v -30.79671681 19.95253470 3.74314798
v -30.35007983 20.62709015 3.74314798
v -32.63418794 16.77977219 3.74314798
v -33.06462586 15.91696925 3.74314798
v -29.76227224 21.46636248 3.74314798
v -29.29249451 22.10169807 3.74314798
v -28.65261629 22.92528376 3.74314798
v -33.43142539 15.12868144 3.74314798
v -33.81095573 14.26195651 3.74314798
v -34.47396949 12.57360689 3.74314798
v -34.14650977 13.43837082 3.74314798
v -28.16432387 23.52336310 3.74314798
v -27.47122243 24.32929985 3.74314798
v -26.96673095 24.88620095 3.74314798
v -26.22040108 25.67056678 3.74314798
v -25.70433661 26.18824802 3.74314798
v -24.90478352 26.94908455 3.74314798
v -24.78907451 27.05497295 3.74314798
v -24.78907451 26.83339119 3.44753288
v -34.77481499 11.71668693 3.74314798
v -35.05367756 10.85388334 3.74314798
v -35.15781358 9.91852628 3.44753288
v -35.38692117 9.06748865 3.44753288
v -35.43667614 8.10467899 3.15974936
v -35.61023965 8.14977987 3.44753288
v -35.61023965 8.10467899 3.43187166
v -28.59591961 23.88417274 14.82380600
v -29.09115896 23.27824943 14.82380600
v -29.74144712 22.44093679 14.82380600
v -30.21817178 21.79383524 14.82380600
v -30.81291586 20.94279826 14.82380600
v -31.26881540 20.25843784 14.82380600
v -27.37981200 25.26661791 14.82380600
v -27.89125040 24.70187545 14.82380600
v -26.62191436 26.06471069 14.82380600
v -26.09775037 26.59023590 14.82380600
v -24.78907451 27.68442817 15.14878645
v -25.28662428 27.36283839 14.82380600
v -24.78907451 27.80404352 14.84925620
v -31.81033626 19.39367391 14.82380600
v -32.24193200 18.67009625 14.82380600
v -32.73022443 17.79944934 14.82380600
v -33.13405335 17.03665182 14.82380600
v -33.57028037 16.16012324 14.82380600
v -33.94402161 15.36006816 14.82380600
v -34.32817802 14.48157858 14.82380600
v -34.66952115 13.64426725 14.82380600
v -35.00160694 12.76577637 14.82380600
v -35.30707851 11.89512946 14.82380600
v -35.59056714 11.02056056 14.82380600
v -35.85785672 10.11657873 14.82380600
v -36.09159037 9.24789282 14.82380600
v -36.31838232 8.31253575 14.82380600
v -36.34036526 8.10467899 14.90211435
v -36.26515388 8.10467899 15.14878645
v -31.88554764 18.46419983 4.04659336
v -31.45973578 19.17993352 4.04659336
v -32.76841164 16.84840433 4.04659336
v -32.36921400 17.60335658 4.04659336
v -30.92284098 20.03293280 4.04659336
v -30.47388837 20.71140893 4.04659336
v -29.88377035 21.55460324 4.04659336
v -33.56912255 15.19143060 4.04659336
v -33.20000738 15.98167941 4.04659336
v -29.41282958 22.19190113 4.04659336
v -28.76948312 23.01940881 4.04659336
v -28.28003287 23.61944914 4.04659336
v -34.28652257 13.49327601 4.04659336
v -33.94864768 14.32078369 4.04659336
v -34.61513489 12.62459010 4.04659336
v -27.58346319 24.42930788 4.04659336
v -27.07780868 24.98816736 4.04659336
v -26.32801056 25.77645518 4.04659336
v -25.80963045 26.29610002 4.04659336
v -25.00776693 27.06085593 4.04659336
v -24.78907451 27.11183913 3.82537147
v -34.91713822 11.76374815 4.04659336
v -35.19715339 10.89898422 4.04659336
v -35.31633586 9.96362716 3.74314798
v -35.46213254 10.00480670 4.04659336
v -35.54659605 9.10866819 3.74314798
v -35.77107757 8.18703743 3.74314798
v -35.62990695 8.10467899 3.46319474
v -28.65724757 23.93515594 14.49491008
v -27.95142055 24.75481965 14.49491008
v -29.15363953 23.32727164 14.49491008
v -29.80508551 22.48995900 14.49491008
v -30.28296798 21.84089646 14.49491008
v -30.88002771 20.98789848 14.49491008
v -31.33592725 20.30157838 14.49491008
v -31.87975854 19.43681445 14.49491008
v -27.43882433 25.32152310 14.49491008
v -26.67976886 26.12157688 14.49491008
v -26.15444705 26.64710209 14.49491008
v -25.34101054 27.42166556 14.49491008
v -24.78907451 27.81384848 14.82380600
v -24.78907451 27.89032459 14.59475350
v -32.31135949 18.70931350 14.49491008
v -32.80080974 17.83866659 14.49491008
v -33.20579126 17.07390938 14.49491008
v -33.64317611 16.19541980 14.49491008
v -34.01691735 15.39340504 14.49491008
v -34.40223157 14.51295316 14.49491008
v -34.74357471 13.67368083 14.49491008
v -35.07797614 12.79323027 14.49491008
v -35.38344771 11.92062236 14.49491008
v -35.66693634 11.04409248 14.49491008
v -35.93538374 10.13814900 14.49491008
v -36.16911739 9.26750209 14.49491008
v -36.39706194 8.33018404 14.49491008
v -36.36350602 8.10467899 14.82380600
v -32.00241446 18.53087097 4.35786968
v -31.57544479 19.25052665 4.35786968
v -32.48839125 17.66806804 4.35786968
v -31.03623435 20.10744661 4.35786968
v -32.88874671 16.91115350 4.35786968
v -30.58612391 20.78788504 4.35786968
v -29.99369547 21.63304035 4.35786968
v -29.52043906 22.27426022 4.35786968
v -34.07361403 14.37372789 4.35786968
v -33.69293109 15.24633579 4.35786968
v -33.32150027 16.04050659 4.35786968
v -28.87594000 23.10568728 4.35786968
v -28.38417411 23.70572761 4.35786968
v -27.68528357 24.51950833 4.35786968
v -34.41264153 13.54426052 4.35786968
v -34.74241689 12.67165262 4.35786968
v -27.17731863 25.08033141 4.35786968
v -26.42521009 25.87058023 4.35786968
v -25.90451434 26.39218345 4.35786968
v -25.09917736 27.15890296 4.35786968
v -24.78907451 27.44127288 4.35786968
v -24.78907451 27.25890838 4.04659336
v -35.04557803 11.80688869 4.35786968
v -35.32675102 10.93820278 4.35786968
v -35.69239274 9.14592510 4.04659336
v -35.82430080 9.17926067 4.35786968
v -35.59172496 10.04206426 4.35786968
v -35.91686904 8.22037300 4.04659336
v -35.78842923 8.10467899 3.74314798
v -35.80463350 8.10467899 3.77447106
v -35.94232544 8.10467899 4.04659336
v -28.70700255 23.97633418 14.16209870
v -29.20455232 23.36844988 14.16209870
v -28.00001770 24.79795888 14.16209870
v -27.48626366 25.36662593 14.16209870
v -29.85715613 22.52721786 14.16209870
v -30.33503860 21.88011631 14.16209870
v -30.93325615 21.02515604 14.16209870
v -31.39030829 20.33687495 14.16209870
v -31.93414479 19.47015002 14.16209870
v -32.36689836 18.74264907 14.16209870
v -26.72605038 26.16667971 14.16209870
v -26.19957596 26.69416592 14.16209870
v -24.80527356 27.90797353 14.49491008
v -25.38497642 27.46872678 14.16209870
v -24.78907451 27.92169787 14.49491008
v -32.85750642 17.87004117 14.16209870
v -33.26248795 17.10332297 14.16209870
v -33.70103061 16.22287240 14.16209870
v -34.07592967 15.42085763 14.16209870
v -34.46124390 14.53648377 14.16209870
v -34.80374485 13.69721144 14.16209870
v -35.13814107 12.81676088 14.16209870
v -35.44477567 11.94219198 14.16209870
v -35.72826430 11.06370240 14.16209870
v -35.99670649 10.15579728 14.16209870
v -36.23159796 9.28318938 14.16209870
v -36.45954773 8.34391033 14.16209870
v -36.51161835 8.10467899 14.16209870
v -36.44566432 8.10467899 14.49491008
v -36.42483398 8.10467899 14.57909163
v -32.10655048 18.59165914 4.67501952
v -31.67727038 19.31327581 4.67501952
v -31.13690212 20.17215677 4.67501952
v -32.99519837 16.96605869 4.67501952
v -32.59369031 17.72493422 4.67501952
v -30.68563908 20.85455619 4.67501952
v -33.43026757 16.09345209 4.67501952
v -30.09204760 21.70363348 4.67501952
v -29.61763859 22.34681435 4.67501952
v -34.18469697 14.42079041 4.67501952
v -33.80169839 15.29535800 4.67501952
v -28.96966085 23.18020239 4.67501952
v -28.47673714 23.78416471 4.67501952
v -27.77554139 24.59794544 4.67501952
v -27.26526082 25.16268790 4.67501952
v -34.85581025 12.71283217 4.67501952
v -34.52372447 13.58740106 4.67501952
v -35.16012922 11.84610724 4.67501952
v -26.51083142 25.95490031 4.67501952
v -25.98898306 26.47846453 4.67501952
v -25.18133044 27.24714242 4.67501952
v -24.78907451 27.55304687 4.57517611
v -35.44130221 10.97546034 4.67501952
v -35.94000980 9.20867492 4.67501952
v -35.70743397 10.07343885 4.67501952
v -36.04877710 8.24978659 4.35786968
v -36.16680175 8.27723918 4.67501952
v -36.05803445 8.10467899 4.30501154
v -28.74402672 24.00771007 13.82732991
v -29.24158171 23.39786477 13.82732991
v -29.89533812 22.55663276 13.82732991
v -28.03588405 24.82933477 13.82732991
v -27.52213523 25.39799921 13.82732991
v -26.76076412 26.20001398 13.82732991
v -30.37437841 21.90756761 13.82732991
v -30.97259596 21.05064765 13.82732991
v -31.43080592 20.36236655 13.82732991
v -31.97580025 19.49564163 13.82732991
v -32.40855381 18.76618098 13.82732991
v -32.90031970 17.89161209 13.82732991
v -26.23313189 26.72750019 13.82732991
v -25.41737452 27.50402465 13.82732991
v -24.78907451 28.00209597 14.18363377
v -24.84808683 27.95503475 14.16209870
v -24.87932712 27.99229100 13.82732991
v -33.30530122 17.12489389 13.82732991
v -33.74500170 16.24444202 13.82732991
v -34.11990076 15.44046625 13.82732991
v -34.50636759 14.55609370 13.82732991
v -34.84886855 13.71486038 13.82732991
v -35.18326998 12.83244751 13.82732991
v -35.49105719 11.95787862 13.82732991
v -35.77454582 11.07742805 13.82732991
v -36.04415104 10.16952358 13.82732991
v -36.27904251 9.29495469 13.82732991
v -36.50698707 8.35567629 13.82732991
v -36.56137332 8.10467899 13.82732991
v -32.68625855 17.77591743 4.99608451
v -32.19680309 18.64460334 4.99608451
v -31.76752299 19.36818231 4.99608451
v -31.22600213 20.22902425 4.99608451
v -33.52515146 16.13855232 4.99608451
v -33.08892444 17.01312121 4.99608451
v -30.77126041 20.91338336 4.99608451
v -30.17651632 21.76442165 4.99608451
v -33.89773488 15.33849854 4.99608451
v -29.70094949 22.40956351 4.99608451
v -29.05181915 23.24491255 4.99608451
v -34.28073347 14.46196996 4.99608451
v -34.62207660 13.62661831 4.99608451
v -28.55657980 23.85083586 4.99608451
v -27.85306320 24.66853857 4.99608451
v -27.34278262 25.23328364 4.99608451
v -26.58604279 26.02941543 4.99608451
v -35.25963917 11.87944282 4.99608451
v -34.95416760 12.74812873 4.99608451
v -26.06187880 26.55297965 4.99608451
v -25.25191054 27.32557952 4.99608451
v -24.78907451 27.60403007 4.67501952
v -35.80925956 10.10285243 4.99608451
v -35.54196998 11.00487392 4.99608451
v -36.04183540 9.23612751 4.99608451
v -36.08117521 8.10467899 4.35786968
v -36.20383114 8.10467899 4.67501952
v -36.31144062 8.10467899 4.99608451
v -36.26862735 8.30077045 4.99608451
v -28.76833051 24.02732000 13.49060306
v -29.26703811 23.41747470 13.49060306
v -28.06018263 24.85090308 13.49060306
v -29.92079452 22.57624008 13.49060306
v -30.40099263 21.92717753 13.49060306
v -27.54527599 25.41957013 13.49060306
v -26.78275228 26.22158490 13.49060306
v -26.25511482 26.75103210 13.49060306
v -30.99921018 21.07025757 13.49060306
v -31.45742014 20.38001418 13.49060306
v -32.00241446 19.51132827 13.49060306
v -32.43632585 18.78186762 13.49060306
v -33.33423108 17.14058053 13.49060306
v -32.92809173 17.90729873 13.49060306
v -25.43936267 27.52755396 13.49060306
v -24.78907451 28.01190093 14.13860623
v -24.78907451 28.07072811 13.82732991
v -24.90131006 28.01582292 13.49060306
v -33.77276853 16.25816897 13.49060306
v -34.14882541 15.45223221 13.49060306
v -34.53529745 14.56785835 13.49060306
v -34.87895623 13.72662634 13.49060306
v -35.21335244 12.84421347 13.49060306
v -35.52114487 11.96768358 13.49060306
v -35.80463350 11.08723171 13.49060306
v -36.07423350 10.17736755 13.49060306
v -36.30912498 9.30279866 13.49060306
v -36.53823256 8.36155862 13.49060306
v -36.58451408 8.10467899 13.59044648
v -33.16760927 17.05430076 5.32302269
v -32.76378036 17.81905796 5.32302269
v -32.27433011 18.68970487 5.32302269
v -31.84389219 19.41328254 5.32302269
v -31.30005568 20.27804647 5.32302269
v -30.84531397 20.96436787 5.32302269
v -33.97873014 15.37575610 5.32302269
v -33.60498890 16.17777087 5.32302269
v -30.24941206 21.81736585 5.32302269
v -29.77152959 22.46446870 5.32302269
v -29.12124142 23.30177873 5.32302269
v -34.36288655 14.49530423 5.32302269
v -35.03747851 12.77950332 5.32302269
v -34.70423490 13.65799420 5.32302269
v -28.62484947 23.90770204 5.32302269
v -27.92017505 24.72736575 5.32302269
v -27.40874186 25.29406920 5.32302269
v -26.64968640 26.09216459 5.32302269
v -26.12436458 26.61768980 5.32302269
v -35.34410790 11.90689541 5.32302269
v -25.31208068 27.39028968 5.32302269
v -24.78907451 27.86287069 5.31519176
v -24.78907451 27.74521634 4.99608451
v -36.12861976 9.25769778 5.32302269
v -35.89488611 10.12638370 5.32302269
v -35.62643871 11.03232652 5.32302269
v -36.40285105 8.10467899 5.32302269
v -36.35540649 8.32037972 5.32302269
v -28.77874047 24.03516397 13.24393129
v -29.27744806 23.42531607 13.24393129
v -28.06943998 24.85874705 13.24393129
v -27.55453333 25.42937249 13.24393129
v -29.93120968 22.58408405 13.24393129
v -30.41140258 21.93306051 13.24393129
v -26.79200962 26.23138726 13.24393129
v -26.26437217 26.76083446 13.24393129
v -31.00962535 21.07614055 13.24393129
v -31.46783531 20.38589716 13.24393129
v -32.01398224 19.51721124 13.24393129
v -32.44789362 18.78971159 13.24393129
v -33.34579885 17.14646351 13.24393129
v -32.93965951 17.91318171 13.24393129
v -25.44862002 27.53735892 13.24393129
v -24.78907451 28.10798436 13.53171513
v -24.78907451 28.11190635 13.49060306
v -24.78907451 28.12759429 13.27917016
v -24.90940958 28.02562788 13.24393129
v -33.78434151 16.26405194 13.24393129
v -34.16039839 15.45811519 13.24393129
v -34.54802305 14.57374133 13.24393129
v -34.89052400 13.73250801 13.24393129
v -35.22608325 12.84813546 13.24393129
v -35.53271264 11.97160557 13.24393129
v -35.81735909 11.09115370 13.24393129
v -36.08696431 10.18128889 13.24393129
v -36.32185578 9.30672064 13.24393129
v -36.55095816 8.36548060 13.24393129
v -36.59377143 8.10467899 13.49060306
v -33.23356330 17.08763633 5.65387601
v -32.82857656 17.85239354 5.65387601
v -32.33796850 18.72500144 5.65387601
v -31.90637276 19.45250109 5.65387601
v -31.36137843 20.31726502 5.65387601
v -30.90548411 21.00554742 5.65387601
v -30.30842438 21.86050639 5.65387601
v -34.43115622 14.52471912 5.65387601
v -34.04584199 15.40516969 5.65387601
v -33.67094293 16.20914545 5.65387601
v -29.83054191 22.50760794 5.65387601
v -29.17793810 23.34688157 5.65387601
v -28.68154615 23.95476587 5.65387601
v -35.10690078 12.80499492 5.65387601
v -34.77249935 13.68544679 5.65387601
v -27.97456130 24.77638796 5.65387601
v -27.46196508 25.34309402 5.65387601
v -26.70175180 26.14314780 5.65387601
v -26.17527738 26.66867301 5.65387601
v -25.36183566 27.44519487 5.65387601
v -35.41353017 11.93042733 5.65387601
v -35.69701880 11.05389744 5.65387601
v -24.78907451 27.89032459 5.40328877
v -36.19919986 9.27534606 5.65387601
v -35.96546620 10.14599232 5.65387601
v -36.42714962 8.33606701 5.65387601
v -36.45723209 8.10467899 5.56577899
v -28.78221393 24.03908335 12.99921692
v -28.78221393 24.03908335 7.00078308
v -29.27397981 23.42335768 6.66209850
v -29.93468314 22.58604504 7.00078308
v -29.93468314 22.58604504 12.99921692
v -27.55800679 25.43133348 12.99921692
v -27.55800679 25.43133348 7.00078308
v -28.06712955 24.85678606 6.66209850
v -30.40793434 21.93109952 6.66209850
v -31.01309359 21.08006123 7.00078308
v -31.01309359 21.08006123 12.99921692
v -26.78969398 26.22746527 6.66209850
v -26.26784042 26.76279545 12.99921692
v -26.26784042 26.76279545 7.00078308
v -31.46436185 20.38393617 6.66209850
v -32.01745570 19.52113323 7.00078308
v -32.01745570 19.52113323 12.99921692
v -32.44442537 18.78775060 6.66209850
v -32.94313297 17.91514270 7.00078308
v -32.94313297 17.91514270 12.99921692
v -33.34233060 17.14450251 6.66209850
v -33.78896758 16.26601294 7.00078308
v -33.78896758 16.26601294 12.99921692
v -24.91172522 28.02954987 12.99921692
v -24.91172522 28.02954987 7.00078308
v -25.44514656 27.53343694 6.66209850
v -24.78907451 28.12955528 13.24393129
v -24.78907451 28.13543826 13.03445579
v -34.15692493 15.45615420 6.66209850
v -34.55149651 14.57570232 7.00078308
v -34.55149651 14.57570232 12.99921692
v -34.88705575 13.73054832 6.66209850
v -35.22955149 12.85009645 7.00078308
v -35.22955149 12.85009645 12.99921692
v -35.52924439 11.96964458 6.66209850
v -35.82198516 11.09311469 7.00078308
v -35.82198516 11.09311469 12.99921692
v -36.08349085 10.17932789 6.66209850
v -36.32648185 9.30868164 7.00078308
v -36.32648185 9.30868164 12.99921692
v -36.54632688 8.36351961 6.66209850
v -36.60534441 8.10467899 6.76389964
v -36.60765484 8.10467899 13.16953808
v -36.60649702 8.10467899 13.24393129
v -36.60302877 8.10467899 13.31832417
v -33.28447610 17.11508892 5.98864513
v -32.87833154 17.87984613 5.98864513
v -32.38772348 18.75441503 5.98864513
v -31.95496991 19.48191468 5.98864513
v -31.40998080 20.34863960 5.98864513
v -30.95292345 21.03692200 5.98864513
v -30.35470590 21.89384326 5.98864513
v -29.87567082 22.54290581 5.98864513
v -34.82572779 13.70701641 5.98864513
v -34.48322684 14.54628874 5.98864513
v -34.09791261 15.43066129 5.98864513
v -33.72185573 16.23267606 5.98864513
v -29.22306702 23.38217683 5.98864513
v -28.72551724 23.99202213 5.98864513
v -35.16012922 12.82460354 5.98864513
v -28.01737458 24.81364682 5.98864513
v -27.50362054 25.38231127 5.98864513
v -26.74340725 26.18236504 5.98864513
v -26.21577501 26.70985386 5.98864513
v -25.40117547 27.48637572 5.98864513
v -24.82494086 27.93150283 5.65387601
v -35.46675861 11.95003465 5.98864513
v -35.75140506 11.06958408 5.98864513
v -24.78907451 27.95895673 5.64017220
v -36.25474393 9.28907236 5.98864513
v -36.01985246 10.16168026 5.98864513
v -36.47690460 8.10467899 5.65387601
v -36.53591692 8.10467899 5.98864513
v -36.48268849 8.34979331 5.98864513
v -28.77527222 24.03320298 6.66209850
v -28.75675753 24.01751503 6.32341424
v -29.25430730 23.40766974 6.32341424
v -29.92773622 22.58212306 6.66209850
v -27.55221769 25.42545050 6.66209850
v -28.04861486 24.84109811 6.32341424
v -30.38826182 21.91737257 6.32341424
v -31.00730971 21.07417956 6.66209850
v -26.77233711 26.21177994 6.32341424
v -26.26205653 26.75691508 6.66209850
v -31.44353673 20.37217021 6.32341424
v -32.01051399 19.51525025 6.66209850
v -32.42243722 18.77402365 6.32341424
v -32.91420311 17.89945606 6.32341424
v -32.93619126 17.91122071 6.66209850
v -31.98968366 19.50348429 6.32341424
v -33.32034767 17.13273786 6.32341424
v -33.78086805 16.26209095 6.66209850
v -24.90709916 28.02170590 6.66209850
v -24.78907451 28.13347727 6.95379781
v -24.78907451 28.12367231 6.66209850
v -25.42894751 27.51578800 6.32341424
v -34.13494200 15.44634923 6.32341424
v -34.54339698 14.57178034 6.66209850
v -34.86390978 13.72074336 6.32341424
v -35.19831121 12.83833049 6.32341424
v -35.22145197 12.84617446 6.66209850
v -34.52140883 14.56197537 6.32341424
v -35.50609842 11.96180061 6.32341424
v -35.79074487 11.08330972 6.32341424
v -35.81388563 11.08919270 6.66209850
v -36.05919227 10.17344557 6.32341424
v -36.31838232 9.30672064 6.66209850
v -36.52318612 8.35763728 6.32341424
v -36.60302877 8.10467899 6.66209850
v -33.75888512 16.25032499 6.32341424
v -30.98647937 21.06045261 6.32341424
v -29.90806893 22.56643511 6.32341424
v -27.53370821 25.40976517 6.32341424
v -26.24469966 26.73926614 6.32341424
v -24.89090011 28.00405696 6.32341424
v -24.86312807 27.97268108 5.98864513
v -24.78907451 27.96287611 5.65387601
v -24.78907451 27.96679810 5.66953788
v -36.29408374 9.30083767 6.32341424
v -36.56599939 8.10467899 6.22552856
v -24.78907451 28.09622101 6.36452598
v -36.57757238 8.10467899 6.32341424
v -24.78907451 28.09229903 6.32341424
v -24.78907451 28.04327682 6.01801080
v -24.78907451 28.03739384 5.98864513
f 1 2 3
f 1 3 10
f 1 10 24
f 1 24 42
f 1 42 65
f 1 65 77
f 1 77 49
f 1 49 27
f 1 27 12
f 1 12 4
f 1 4 11
f 1 11 25
f 1 25 43
f 1 43 66
f 1 66 99
f 1 99 138
f 1 138 183
f 1 183 231
f 1 231 281
f 1 281 332
f 1 332 382
f 1 382 433
f 1 433 484
f 1 484 535
f 1 535 591
f 1 591 645
f 1 645 661
f 1 661 721
f 1 721 720
f 1 720 719
f 1 719 718
f 1 718 775
f 1 775 833
f 1 833 832
f 1 832 831
f 1 831 886
f 1 886 936
f 1 936 935
f 1 935 992
f 1 992 1051
f 1 1051 1050
f 1 1050 1105
f 1 1105 1162
f 1 1162 1161
f 1 1161 1219
f 1 1219 1276
f 1 1276 1275
f 1 1275 1337
f 1 1337 1394
f 1 1394 1453
f 1 1453 1452
f 1 1452 1511
f 1 1511 1584
f 1 1584 1632
f 1 1632 1633
f 1 1633 1640
f 1 1640 1639
f 1 1639 1638
f 1 1638 1636
f 1 1636 1610
f 1 1610 1609
f 1 1609 1543
f 1 1543 1542
f 1 1542 1476
f 1 1476 1475
f 1 1475 1474
f 1 1474 1418
f 1 1418 1417
f 1 1417 1358
f 1 1358 1300
f 1 1300 1240
f 1 1240 1239
f 1 1239 1182
f 1 1182 1180
f 1 1180 1123
f 1 1123 1079
f 1 1079 1020
f 1 1020 1019
f 1 1019 1018
f 1 1018 964
f 1 964 909
f 1 909 856
f 1 856 800
f 1 800 746
f 1 746 745
f 1 745 684
f 1 684 633
f 1 633 632
f 1 632 576
f 1 576 575
f 1 575 574
f 1 574 524
f 1 524 471
f 1 471 421
f 1 421 420
f 1 420 371
f 1 371 370
f 1 370 369
f 1 369 317
f 1 317 271
f 1 271 270
f 1 270 269
f 1 269 268
f 1 268 218
f 1 218 174
f 1 174 128
f 1 128 89
f 1 89 88
f 1 88 79
f 1 79 51
f 1 51 29
f 1 29 13
f 1 13 5
f 1 5 6
f 1 6 2
f 2 6 7
f 2 7 8
f 2 8 3
f 3 8 9
f 3 9 10
f 4 12 26
f 4 26 11
f 5 13 14
f 5 14 6
f 6 14 15
f 6 15 7
f 7 16 17
f 7 17 18
f 7 18 8
f 7 15 19
f 7 19 16
f 8 20 9
f 8 18 20
f 9 20 21
f 9 21 22
f 9 22 10
f 10 22 23
f 10 23 24
f 11 26 47
f 11 47 73
f 11 73 111
f 11 111 156
f 11 156 143
f 11 143 102
f 11 102 67
f 11 67 44
f 11 44 25
f 12 27 48
f 12 48 74
f 12 74 112
f 12 112 157
f 12 157 207
f 12 207 255
f 12 255 258
f 12 258 307
f 12 307 306
f 12 306 360
f 12 360 410
f 12 410 459
f 12 459 510
f 12 510 509
f 12 509 561
f 12 561 618
f 12 618 644
f 12 644 700
f 12 700 699
f 12 699 698
f 12 698 757
f 12 757 812
f 12 812 811
f 12 811 810
f 12 810 809
f 12 809 865
f 12 865 916
f 12 916 972
f 12 972 1031
f 12 1031 1030
f 12 1030 1029
f 12 1029 1028
f 12 1028 1085
f 12 1085 1140
f 12 1140 1139
f 12 1139 1198
f 12 1198 1197
f 12 1197 1254
f 12 1254 1315
f 12 1315 1314
f 12 1314 1313
f 12 1313 1372
f 12 1372 1430
f 12 1430 1488
f 12 1488 1560
f 12 1560 1559
f 12 1559 1558
f 12 1558 1557
f 12 1557 1624
f 12 1624 1637
f 12 1637 1635
f 12 1635 1588
f 12 1588 1587
f 12 1587 1515
f 12 1515 1457
f 12 1457 1400
f 12 1400 1399
f 12 1399 1398
f 12 1398 1343
f 12 1343 1285
f 12 1285 1284
f 12 1284 1283
f 12 1283 1226
f 12 1226 1169
f 12 1169 1167
f 12 1167 1110
f 12 1110 1056
f 12 1056 997
f 12 997 996
f 12 996 940
f 12 940 887
f 12 887 834
f 12 834 777
f 12 777 776
f 12 776 723
f 12 723 722
f 12 722 662
f 12 662 613
f 12 613 555
f 12 555 554
f 12 554 501
f 12 501 450
f 12 450 400
f 12 400 352
f 12 352 299
f 12 299 297
f 12 297 249
f 12 249 198
f 12 198 150
f 12 150 108
f 12 108 72
f 12 72 47
f 12 47 26
f 13 28 14
f 13 29 28
f 14 28 19
f 14 19 15
f 16 30 17
f 16 19 30
f 17 30 31
f 17 31 32
f 17 32 33
f 17 33 20
f 17 20 18
f 19 28 34
f 19 34 35
f 19 35 30
f 20 33 21
f 21 33 36
f 21 36 37
f 21 37 38
f 21 38 23
f 21 23 22
f 23 38 39
f 23 39 40
f 23 40 24
f 24 40 41
f 24 41 42
f 25 44 45
f 25 45 46
f 25 46 43
f 27 49 48
f 28 29 50
f 28 50 34
f 29 51 50
f 30 52 31
f 30 35 53
f 30 53 54
f 30 54 52
f 31 52 32
f 32 55 56
f 32 56 36
f 32 36 33
f 32 52 55
f 34 50 57
f 34 57 58
f 34 58 53
f 34 53 35
f 36 56 37
f 37 59 60
f 37 60 61
f 37 61 38
f 37 56 59
f 38 61 39
f 39 62 41
f 39 41 40
f 39 61 62
f 41 62 63
f 41 63 42
f 42 63 64
f 42 64 65
f 43 46 66
f 44 67 68
f 44 68 69
f 44 69 45
f 45 70 46
f 45 69 70
f 46 71 66
f 46 70 71
f 47 72 73
f 48 49 75
f 48 75 76
f 48 76 74
f 49 77 78
f 49 78 75
f 50 51 79
f 50 79 57
f 52 54 80
f 52 80 55
f 53 81 82
f 53 82 54
f 53 58 83
f 53 83 81
f 54 82 80
f 55 84 85
f 55 85 56
f 55 80 86
f 55 86 84
f 56 85 87
f 56 87 59
f 57 79 88
f 57 88 89
f 57 89 90
f 57 90 83
f 57 83 58
f 59 87 91
f 59 91 60
f 60 91 92
f 60 92 61
f 61 92 93
f 61 93 62
f 62 93 94
f 62 94 63
f 63 94 64
f 64 94 95
f 64 95 96
f 64 96 97
f 64 97 65
f 65 97 98
f 65 98 77
f 66 71 99
f 67 100 101
f 67 101 68
f 67 102 100
f 68 103 69
f 68 101 103
f 69 103 104
f 69 104 70
f 70 104 105
f 70 105 106
f 70 106 107
f 70 107 71
f 71 107 99
f 72 108 109
f 72 109 73
f 73 109 110
f 73 110 111
f 74 76 114
f 74 114 112
f 75 78 113
f 75 113 76
f 76 113 115
f 76 115 114
f 77 98 116
f 77 116 78
f 78 116 117
f 78 117 113
f 80 118 119
f 80 119 86
f 80 82 118
f 81 83 120
f 81 120 82
f 82 120 121
f 82 121 118
f 83 90 122
f 83 122 123
f 83 123 120
f 84 86 119
f 84 119 124
f 84 124 125
f 84 125 126
f 84 126 85
f 85 126 87
f 87 126 91
f 89 127 90
f 89 128 127
f 90 127 122
f 91 126 129
f 91 129 130
f 91 130 131
f 91 131 92
f 92 131 132
f 92 132 93
f 93 132 133
f 93 133 94
f 94 134 95
f 94 133 134
f 95 134 96
f 96 135 136
f 96 136 137
f 96 137 98
f 96 98 97
f 96 134 135
f 98 137 117
f 98 117 116
f 99 107 139
f 99 139 138
f 100 140 101
f 100 102 141
f 100 141 140
f 101 140 142
f 101 142 103
f 102 143 144
f 102 144 141
f 103 142 145
f 103 145 105
f 103 105 104
f 105 146 147
f 105 147 106
f 105 145 146
f 106 147 107
f 107 148 149
f 107 149 139
f 107 147 148
f 108 150 151
f 108 151 152
f 108 152 109
f 109 152 153
f 109 153 110
f 110 153 154
f 110 154 111
f 111 154 155
f 111 155 156
f 112 114 158
f 112 158 157
f 113 117 115
f 114 115 159
f 114 159 158
f 115 117 160
f 115 160 161
f 115 161 159
f 117 137 136
f 117 136 160
f 118 162 119
f 118 121 163
f 118 163 164
f 118 164 162
f 119 162 124
f 120 123 165
f 120 165 166
f 120 166 163
f 120 163 121
f 122 127 167
f 122 167 168
f 122 168 169
f 122 169 123
f 123 169 165
f 124 170 171
f 124 171 125
f 124 162 170
f 125 171 172
f 125 172 173
f 125 173 129
f 125 129 126
f 127 128 174
f 127 174 167
f 129 173 175
f 129 175 130
f 130 175 176
f 130 176 177
f 130 177 178
f 130 178 131
f 131 178 132
f 132 178 179
f 132 179 180
f 132 180 134
f 132 134 133
f 134 180 181
f 134 181 135
f 135 181 136
f 136 181 182
f 136 182 161
f 136 161 160
f 138 139 149
f 138 149 183
f 140 141 184
f 140 184 185
f 140 185 186
f 140 186 142
f 141 144 187
f 141 187 184
f 142 188 145
f 142 186 188
f 143 189 190
f 143 190 144
f 143 156 189
f 144 190 191
f 144 191 187
f 145 188 192
f 145 192 193
f 145 193 146
f 146 194 195
f 146 195 147
f 146 193 194
f 147 195 148
f 148 195 196
f 148 196 149
f 149 196 197
f 149 197 183
f 150 198 151
f 151 198 199
f 151 199 200
f 151 200 201
f 151 201 153
f 151 153 152
f 153 201 202
f 153 202 203
f 153 203 154
f 154 203 155
f 155 204 205
f 155 205 206
f 155 206 156
f 155 203 204
f 156 206 189
f 157 158 207
f 158 208 207
f 158 159 208
f 159 161 209
f 159 209 210
f 159 210 208
f 161 182 211
f 161 211 209
f 162 164 212
f 162 212 170
f 163 213 164
f 163 166 214
f 163 214 213
f 164 213 215
f 164 215 212
f 165 216 214
f 165 214 166
f 165 169 217
f 165 217 216
f 167 174 218
f 167 218 168
f 168 218 219
f 168 219 220
f 168 220 217
f 168 217 169
f 170 221 171
f 170 212 221
f 171 221 222
f 171 222 223
f 171 223 172
f 172 223 224
f 172 224 225
f 172 225 175
f 172 175 173
f 175 226 176
f 175 225 226
f 176 226 227
f 176 227 177
f 177 227 228
f 177 228 178
f 178 228 179
f 179 228 229
f 179 229 230
f 179 230 181
f 179 181 180
f 181 211 182
f 181 230 211
f 183 197 232
f 183 232 231
f 184 187 185
f 185 233 234
f 185 234 186
f 185 187 235
f 185 235 236
f 185 236 233
f 186 234 192
f 186 192 188
f 187 191 235
f 189 237 191
f 189 191 190
f 189 206 237
f 191 237 238
f 191 238 239
f 191 239 235
f 192 240 241
f 192 241 193
f 192 234 242
f 192 242 240
f 193 241 194
f 194 243 195
f 194 241 244
f 194 244 243
f 195 245 246
f 195 246 196
f 195 243 245
f 196 246 197
f 197 247 248
f 197 248 232
f 197 246 247
f 198 249 199
f 199 249 250
f 199 250 251
f 199 251 200
f 200 251 252
f 200 252 201
f 201 252 202
f 202 252 253
f 202 253 203
f 203 253 204
f 204 253 205
f 205 253 254
f 205 254 237
f 205 237 206
f 207 208 255
f 208 210 256
f 208 256 257
f 208 257 258
f 208 258 255
f 209 256 210
f 209 211 259
f 209 259 260
f 209 260 256
f 211 230 229
f 211 229 259
f 212 215 261
f 212 261 262
f 212 262 221
f 213 263 215
f 213 214 263
f 214 216 264
f 214 264 265
f 214 265 263
f 215 263 261
f 216 217 264
f 217 220 266
f 217 266 267
f 217 267 264
f 218 268 219
f 219 268 269
f 219 269 270
f 219 270 271
f 219 271 272
f 219 272 220
f 220 272 273
f 220 273 266
f 221 274 222
f 221 262 275
f 221 275 274
f 222 274 223
f 223 276 277
f 223 277 224
f 223 274 276
f 224 277 278
f 224 278 226
f 224 226 225
f 226 278 279
f 226 279 227
f 227 279 280
f 227 280 229
f 227 229 228
f 229 280 259
f 231 232 281
f 232 248 281
f 233 282 242
f 233 242 234
f 233 236 282
f 235 239 283
f 235 283 236
f 236 283 284
f 236 284 285
f 236 285 282
f 237 254 238
f 238 286 283
f 238 283 239
f 238 254 287
f 238 287 286
f 240 288 244
f 240 244 241
f 240 242 289
f 240 289 288
f 242 282 289
f 243 290 245
f 243 244 290
f 244 288 291
f 244 291 290
f 245 292 246
f 245 290 292
f 246 292 293
f 246 293 247
f 247 294 295
f 247 295 248
f 247 293 294
f 248 295 296
f 248 296 281
f 249 297 250
f 250 298 300
f 250 300 251
f 250 297 299
f 250 299 298
f 251 300 301
f 251 301 302
f 251 302 252
f 252 302 303
f 252 303 253
f 253 303 287
f 253 287 254
f 256 260 304
f 256 304 257
f 257 305 306
f 257 306 307
f 257 307 258
f 257 304 305
f 259 308 309
f 259 309 260
f 259 280 308
f 260 309 304
f 261 263 310
f 261 310 262
f 262 311 275
f 262 310 311
f 263 312 310
f 263 265 313
f 263 313 312
f 264 267 314
f 264 314 315
f 264 315 265
f 265 315 313
f 266 314 267
f 266 273 316
f 266 316 314
f 271 317 318
f 271 318 273
f 271 273 272
f 273 318 319
f 273 319 320
f 273 320 316
f 274 275 321
f 274 321 276
f 275 311 322
f 275 322 321
f 276 321 323
f 276 323 277
f 277 323 324
f 277 324 325
f 277 325 326
f 277 326 278
f 278 326 327
f 278 327 328
f 278 328 279
f 279 329 330
f 279 330 280
f 279 328 329
f 280 330 331
f 280 331 308
f 281 296 332
f 282 333 289
f 282 285 333
f 283 286 334
f 283 334 284
f 284 335 336
f 284 336 285
f 284 334 337
f 284 337 335
f 285 336 333
f 286 287 334
f 287 303 338
f 287 338 339
f 287 339 334
f 288 340 291
f 288 289 340
f 289 333 341
f 289 341 342
f 289 342 340
f 290 291 343
f 290 343 344
f 290 344 292
f 291 345 343
f 291 340 346
f 291 346 345
f 292 344 293
f 293 344 347
f 293 347 348
f 293 348 294
f 294 348 295
f 295 349 350
f 295 350 296
f 295 348 349
f 296 350 332
f 298 299 351
f 298 351 353
f 298 353 300
f 299 352 351
f 300 353 301
f 301 354 355
f 301 355 302
f 301 353 354
f 302 355 338
f 302 338 303
f 304 309 356
f 304 356 357
f 304 357 358
f 304 358 305
f 305 358 359
f 305 359 306
f 306 359 360
f 308 331 356
f 308 356 309
f 310 312 361
f 310 361 362
f 310 362 311
f 311 363 322
f 311 362 363
f 312 313 361
f 313 364 361
f 313 315 364
f 314 316 365
f 314 365 366
f 314 366 367
f 314 367 315
f 315 367 364
f 316 320 368
f 316 368 365
f 317 369 318
f 318 369 319
f 319 369 370
f 319 370 371
f 319 371 372
f 319 372 320
f 320 372 368
f 321 373 374
f 321 374 323
f 321 322 373
f 322 363 375
f 322 375 373
f 323 374 324
f 324 374 376
f 324 376 377
f 324 377 325
f 325 377 378
f 325 378 326
f 326 378 327
f 327 378 379
f 327 379 329
f 327 329 328
f 329 379 380
f 329 380 381
f 329 381 330
f 330 381 331
f 331 381 356
f 332 350 382
f 333 336 341
f 334 339 383
f 334 383 337
f 335 384 385
f 335 385 336
f 335 337 386
f 335 386 384
f 336 385 341
f 337 383 386
f 338 355 339
f 339 355 383
f 340 342 387
f 340 387 346
f 341 388 387
f 341 387 342
f 341 385 389
f 341 389 388
f 343 390 391
f 343 391 344
f 343 345 392
f 343 392 390
f 344 391 393
f 344 393 347
f 345 346 392
f 346 387 394
f 346 394 392
f 347 393 348
f 348 393 395
f 348 395 396
f 348 396 349
f 349 396 350
f 350 396 397
f 350 397 382
f 351 352 398
f 351 398 399
f 351 399 401
f 351 401 353
f 352 400 398
f 353 401 402
f 353 402 354
f 354 402 403
f 354 403 355
f 355 403 404
f 355 404 383
f 356 381 405
f 356 405 406
f 356 406 357
f 357 406 358
f 358 407 408
f 358 408 360
f 358 360 359
f 358 406 409
f 358 409 407
f 360 408 410
f 361 364 411
f 361 411 362
f 362 412 413
f 362 413 363
f 362 411 412
f 363 414 375
f 363 413 414
f 364 415 411
f 364 367 416
f 364 416 415
f 365 368 417
f 365 417 418
f 365 418 419
f 365 419 366
f 366 419 416
f 366 416 367
f 368 372 417
f 371 420 372
f 372 420 421
f 372 421 422
f 372 422 417
f 373 423 374
f 373 375 414
f 373 414 423
f 374 423 424
f 374 424 425
f 374 425 376
f 376 425 377
f 377 426 427
f 377 427 428
f 377 428 378
f 377 425 426
f 378 428 429
f 378 429 379
f 379 429 430
f 379 430 380
f 380 430 431
f 380 431 405
f 380 405 381
f 382 432 433
f 382 397 432
f 383 404 386
f 384 434 385
f 384 386 434
f 385 434 389
f 386 404 435
f 386 435 434
f 387 436 394
f 387 388 437
f 387 437 436
f 388 389 437
f 389 434 438
f 389 438 437
f 390 439 440
f 390 440 391
f 390 392 441
f 390 441 439
f 391 440 393
f 392 394 441
f 393 442 443
f 393 443 395
f 393 440 442
f 394 436 444
f 394 444 445
f 394 445 441
f 395 443 396
f 396 446 447
f 396 447 397
f 396 443 446
f 397 447 432
f 398 448 449
f 398 449 399
f 398 400 448
f 399 449 401
f 400 450 448
f 401 451 402
f 401 449 451
f 402 452 453
f 402 453 454
f 402 454 403
f 402 451 452
f 403 454 455
f 403 455 404
f 404 455 435
f 405 431 406
f 406 456 457
f 406 457 409
f 406 431 456
f 407 409 458
f 407 458 459
f 407 459 410
f 407 410 408
f 409 457 458
f 411 415 460
f 411 460 461
f 411 461 462
f 411 462 412
f 412 462 413
f 413 462 463
f 413 463 414
f 414 463 464
f 414 464 465
f 414 465 423
f 415 416 460
f 416 466 460
f 416 419 467
f 416 467 466
f 417 468 418
f 417 422 469
f 417 469 470
f 417 470 468
f 418 468 467
f 418 467 419
f 421 471 422
f 422 471 469
f 423 465 472
f 423 472 424
f 424 472 473
f 424 473 425
f 425 473 426
f 426 473 474
f 426 474 427
f 427 474 475
f 427 475 476
f 427 476 477
f 427 477 478
f 427 478 428
f 428 478 429
f 429 478 430
f 430 479 480
f 430 480 431
f 430 478 481
f 430 481 479
f 431 480 482
f 431 482 456
f 432 483 433
f 432 447 483
f 433 483 484
f 434 435 485
f 434 485 486
f 434 486 438
f 435 455 485
f 436 437 444
f 437 438 487
f 437 487 488
f 437 488 444
f 438 486 487
f 439 489 440
f 439 441 490
f 439 490 489
f 440 489 491
f 440 491 492
f 440 492 442
f 441 445 490
f 442 492 443
f 443 492 493
f 443 493 494
f 443 494 446
f 444 495 445
f 444 488 496
f 444 496 495
f 445 497 490
f 445 495 497
f 446 494 447
f 447 494 498
f 447 498 499
f 447 499 483
f 448 500 449
f 448 450 501
f 448 501 500
f 449 500 502
f 449 502 503
f 449 503 451
f 451 503 504
f 451 504 452
f 452 504 505
f 452 505 453
f 453 505 506
f 453 506 455
f 453 455 454
f 455 506 485
f 456 482 457
f 457 482 507
f 457 507 458
f 458 508 509
f 458 509 510
f 458 510 459
f 458 507 508
f 460 466 511
f 460 511 512
f 460 512 513
f 460 513 461
f 461 513 462
f 462 514 463
f 462 513 514
f 463 514 515
f 463 515 516
f 463 516 464
f 464 516 465
f 465 517 518
f 465 518 472
f 465 516 517
f 466 467 511
f 467 468 519
f 467 519 520
f 467 520 511
f 468 470 521
f 468 521 519
f 469 471 522
f 469 522 523
f 469 523 470
f 470 523 521
f 471 524 522
f 472 518 473
f 473 525 526
f 473 526 474
f 473 518 525
f 474 526 527
f 474 527 475
f 475 527 476
f 476 528 529
f 476 529 530
f 476 530 531
f 476 531 477
f 476 527 528
f 477 531 478
f 478 531 481
f 479 481 531
f 479 531 532
f 479 532 533
f 479 533 482
f 479 482 480
f 482 533 534
f 482 534 507
f 483 499 484
f 484 499 535
f 485 536 537
f 485 537 486
f 485 506 538
f 485 538 536
f 486 537 487
f 487 539 488
f 487 537 539
f 488 539 496
f 489 540 541
f 489 541 491
f 489 490 540
f 490 497 542
f 490 542 543
f 490 543 540
f 491 541 492
f 492 544 545
f 492 545 493
f 492 541 544
f 493 545 494
f 494 546 547
f 494 547 498
f 494 545 546
f 495 496 548
f 495 548 549
f 495 549 497
f 496 539 548
f 497 549 542
f 498 547 499
f 499 550 551
f 499 551 535
f 499 547 550
f 500 552 553
f 500 553 502
f 500 501 554
f 500 554 555
f 500 555 552
f 502 553 503
f 503 553 556
f 503 556 557
f 503 557 504
f 504 557 505
f 505 557 558
f 505 558 559
f 505 559 538
f 505 538 506
f 507 534 560
f 507 560 508
f 508 560 509
f 509 560 561
f 511 562 563
f 511 563 512
f 511 520 562
f 512 563 513
f 513 564 565
f 513 565 514
f 513 563 564
f 514 565 515
f 515 565 566
f 515 566 516
f 516 567 568
f 516 568 517
f 516 566 567
f 517 568 518
f 518 568 569
f 518 569 525
f 519 570 520
f 519 521 570
f 520 570 571
f 520 571 562
f 521 523 572
f 521 572 573
f 521 573 570
f 522 524 574
f 522 574 575
f 522 575 576
f 522 576 577
f 522 577 523
f 523 577 578
f 523 578 572
f 525 579 580
f 525 580 526
f 525 569 579
f 526 580 527
f 527 581 582
f 527 582 528
f 527 580 581
f 528 582 529
f 529 582 583
f 529 583 584
f 529 584 585
f 529 585 530
f 530 585 586
f 530 586 532
f 530 532 531
f 532 586 587
f 532 587 588
f 532 588 533
f 533 588 589
f 533 589 534
f 534 589 590
f 534 590 560
f 535 551 591
f 536 592 537
f 536 538 559
f 536 559 592
f 537 592 593
f 537 593 539
f 539 594 548
f 539 593 595
f 539 595 594
f 540 543 596
f 540 596 597
f 540 597 541
f 541 598 599
f 541 599 544
f 541 597 598
f 542 600 596
f 542 596 543
f 542 549 601
f 542 601 600
f 544 599 545
f 545 602 603
f 545 603 546
f 545 599 602
f 546 603 547
f 547 604 605
f 547 605 550
f 547 603 604
f 548 606 601
f 548 601 549
f 548 594 607
f 548 607 606
f 550 605 608
f 550 608 609
f 550 609 551
f 551 609 591
f 552 555 610
f 552 610 553
f 553 611 612
f 553 612 556
f 553 610 611
f 555 613 610
f 556 612 614
f 556 614 557
f 557 614 615
f 557 615 558
f 558 615 559
f 559 616 617
f 559 617 592
f 559 615 616
f 560 590 561
f 561 590 618
f 562 619 563
f 562 571 620
f 562 620 619
f 563 619 621
f 563 621 622
f 563 622 564
f 564 622 565
f 565 622 623
f 565 623 624
f 565 624 566
f 566 624 567
f 567 625 626
f 567 626 568
f 567 624 625
f 568 626 627
f 568 627 569
f 569 627 628
f 569 628 579
f 570 629 620
f 570 620 571
f 570 573 630
f 570 630 629
f 572 631 573
f 572 578 631
f 573 631 630
f 576 632 578
f 576 578 577
f 578 632 633
f 578 633 634
f 578 634 631
f 579 628 580
f 580 628 635
f 580 635 636
f 580 636 581
f 581 636 582
f 582 636 637
f 582 637 638
f 582 638 583
f 583 638 639
f 583 639 584
f 584 639 640
f 584 640 641
f 584 641 585
f 585 641 587
f 585 587 586
f 587 641 642
f 587 642 589
f 587 589 588
f 589 642 590
f 590 643 644
f 590 644 618
f 590 642 643
f 591 609 645
f 592 617 593
f 593 617 595
f 594 595 607
f 595 617 646
f 595 646 607
f 596 647 648
f 596 648 597
f 596 600 649
f 596 649 647
f 597 648 650
f 597 650 598
f 598 650 651
f 598 651 599
f 599 651 602
f 600 601 652
f 600 652 649
f 601 606 652
f 602 653 603
f 602 651 653
f 603 653 654
f 603 654 655
f 603 655 604
f 604 655 605
f 605 655 656
f 605 656 657
f 605 657 608
f 606 658 652
f 606 607 659
f 606 659 658
f 607 646 659
f 608 657 660
f 608 660 661
f 608 661 645
f 608 645 609
f 610 613 662
f 610 662 663
f 610 663 664
f 610 664 611
f 611 664 612
f 612 664 665
f 612 665 614
f 614 666 667
f 614 667 615
f 614 665 666
f 615 667 616
f 616 667 668
f 616 668 617
f 617 669 646
f 617 668 669
f 619 670 671
f 619 671 621
f 619 620 670
f 620 629 672
f 620 672 670
f 621 671 622
f 622 673 623
f 622 671 673
f 623 673 674
f 623 674 624
f 624 675 676
f 624 676 625
f 624 674 675
f 625 677 626
f 625 676 677
f 626 677 678
f 626 678 627
f 627 678 679
f 627 679 628
f 628 679 635
f 629 680 672
f 629 630 681
f 629 681 680
f 630 631 681
f 631 682 681
f 631 634 683
f 631 683 682
f 633 684 685
f 633 685 634
f 634 685 686
f 634 686 683
f 635 679 687
f 635 687 688
f 635 688 636
f 636 688 689
f 636 689 637
f 637 689 638
f 638 689 690
f 638 690 691
f 638 691 639
f 639 691 692
f 639 692 693
f 639 693 640
f 640 693 694
f 640 694 695
f 640 695 641
f 641 695 696
f 641 696 642
f 642 696 643
f 643 697 698
f 643 698 699
f 643 699 700
f 643 700 644
f 643 696 697
f 646 669 701
f 646 701 702
f 646 702 659
f 647 703 704
f 647 704 648
f 647 649 705
f 647 705 703
f 648 704 706
f 648 706 650
f 649 652 705
f 650 706 651
f 651 706 707
f 651 707 653
f 652 658 708
f 652 708 709
f 652 709 705
f 653 707 710
f 653 710 654
f 654 710 711
f 654 711 712
f 654 712 655
f 655 712 656
f 656 712 713
f 656 713 714
f 656 714 657
f 657 714 660
f 658 659 715
f 658 715 708
f 659 702 716
f 659 716 715
f 660 717 718
f 660 718 719
f 660 719 720
f 660 720 721
f 660 721 661
f 660 714 717
f 662 722 663
f 663 722 723
f 663 723 724
f 663 724 725
f 663 725 664
f 664 725 726
f 664 726 665
f 665 726 666
f 666 726 727
f 666 727 667
f 667 728 729
f 667 729 668
f 667 727 728
f 668 729 669
f 669 729 701
f 670 730 671
f 670 672 730
f 671 730 731
f 671 731 732
f 671 732 673
f 672 680 733
f 672 733 734
f 672 734 730
f 673 732 735
f 673 735 674
f 674 735 675
f 675 736 737
f 675 737 676
f 675 735 736
f 676 737 677
f 677 737 738
f 677 738 739
f 677 739 678
f 678 739 679
f 679 739 740
f 679 740 741
f 679 741 687
f 680 681 733
f 681 682 742
f 681 742 733
f 682 743 742
f 682 683 744
f 682 744 743
f 683 686 744
f 684 745 686
f 684 686 685
f 686 745 746
f 686 746 747
f 686 747 744
f 687 741 688
f 688 748 689
f 688 741 748
f 689 749 750
f 689 750 690
f 689 748 749
f 690 750 691
f 691 751 752
f 691 752 692
f 691 750 751
f 692 752 753
f 692 753 694
f 692 694 693
f 694 753 754
f 694 754 755
f 694 755 756
f 694 756 695
f 695 756 696
f 696 756 697
f 697 756 757
f 697 757 698
f 701 758 716
f 701 716 702
f 701 729 758
f 703 759 760
f 703 760 704
f 703 705 759
f 704 760 761
f 704 761 706
f 705 709 762
f 705 762 763
f 705 763 759
f 706 761 707
f 707 764 710
f 707 761 764
f 708 765 709
f 708 715 765
f 709 765 762
f 710 766 711
f 710 764 766
f 711 767 712
f 711 766 767
f 712 768 769
f 712 769 713
f 712 767 768
f 713 769 770
f 713 770 714
f 714 770 717
f 715 716 771
f 715 771 765
f 716 772 771
f 716 758 773
f 716 773 772
f 717 770 774
f 717 774 775
f 717 775 718
f 723 776 724
f 724 776 777
f 724 777 778
f 724 778 779
f 724 779 725
f 725 779 780
f 725 780 726
f 726 780 781
f 726 781 727
f 727 781 728
f 728 782 729
f 728 781 782
f 729 782 783
f 729 783 758
f 730 784 731
f 730 734 785
f 730 785 786
f 730 786 784
f 731 784 732
f 732 784 787
f 732 787 735
f 733 742 788
f 733 788 785
f 733 785 734
f 735 787 789
f 735 789 736
f 736 790 737
f 736 789 790
f 737 790 791
f 737 791 792
f 737 792 738
f 738 792 739
f 739 793 794
f 739 794 740
f 739 792 793
f 740 794 795
f 740 795 741
f 741 795 748
f 742 743 796
f 742 796 797
f 742 797 788
f 743 744 796
f 744 747 798
f 744 798 799
f 744 799 796
f 746 800 747
f 747 800 798
f 748 801 802
f 748 802 749
f 748 795 801
f 749 802 803
f 749 803 750
f 750 803 751
f 751 804 752
f 751 803 804
f 752 804 805
f 752 805 806
f 752 806 807
f 752 807 753
f 753 807 754
f 754 808 809
f 754 809 810
f 754 810 811
f 754 811 755
f 754 807 808
f 755 811 812
f 755 812 756
f 756 812 757
f 758 783 813
f 758 813 773
f 759 763 814
f 759 814 760
f 760 815 761
f 760 814 815
f 761 815 816
f 761 816 817
f 761 817 764
f 762 818 763
f 762 765 819
f 762 819 818
f 763 818 820
f 763 820 814
f 764 817 821
f 764 821 766
f 765 771 822
f 765 822 819
f 766 821 767
f 767 823 768
f 767 821 823
f 768 823 824
f 768 824 825
f 768 825 769
f 769 825 826
f 769 826 770
f 770 826 827
f 770 827 774
f 771 772 828
f 771 828 822
f 772 773 828
f 773 813 829
f 773 829 830
f 773 830 828
f 774 827 831
f 774 831 832
f 774 832 833
f 774 833 775
f 777 834 835
f 777 835 778
f 778 835 779
f 779 836 837
f 779 837 780
f 779 835 836
f 780 837 781
f 781 837 838
f 781 838 782
f 782 839 813
f 782 813 783
f 782 838 839
f 784 786 840
f 784 840 841
f 784 841 787
f 785 842 840
f 785 840 786
f 785 788 842
f 787 841 843
f 787 843 789
f 788 797 844
f 788 844 845
f 788 845 842
f 789 843 846
f 789 846 847
f 789 847 790
f 790 847 791
f 791 847 848
f 791 848 849
f 791 849 792
f 792 849 850
f 792 850 793
f 793 850 794
f 794 850 851
f 794 851 852
f 794 852 795
f 795 852 801
f 796 844 797
f 796 799 853
f 796 853 854
f 796 854 844
f 798 855 853
f 798 853 799
f 798 800 855
f 800 856 855
f 801 857 858
f 801 858 802
f 801 852 857
f 802 858 803
f 803 858 859
f 803 859 860
f 803 860 804
f 804 860 805
f 805 860 861
f 805 861 806
f 806 861 862
f 806 862 863
f 806 863 864
f 806 864 808
f 806 808 807
f 808 864 809
f 809 864 865
f 813 839 866
f 813 866 829
f 814 820 867
f 814 867 868
f 814 868 869
f 814 869 815
f 815 869 816
f 816 869 870
f 816 870 871
f 816 871 817
f 817 871 821
f 818 872 820
f 818 819 872
f 819 822 873
f 819 873 874
f 819 874 872
f 820 872 867
f 821 871 875
f 821 875 823
f 822 828 873
f 823 876 877
f 823 877 824
f 823 875 876
f 824 877 825
f 825 878 879
f 825 879 826
f 825 877 878
f 826 879 827
f 827 880 881
f 827 881 882
f 827 882 831
f 827 879 880
f 828 883 873
f 828 830 884
f 828 884 883
f 829 885 884
f 829 884 830
f 829 866 885
f 831 882 886
f 834 887 835
f 835 887 888
f 835 888 889
f 835 889 836
f 836 889 837
f 837 890 891
f 837 891 838
f 837 889 890
f 838 891 839
f 839 891 866
f 840 842 892
f 840 892 841
f 841 893 894
f 841 894 843
f 841 892 893
f 842 895 892
f 842 845 896
f 842 896 895
f 843 894 846
f 844 854 897
f 844 897 898
f 844 898 896
f 844 896 845
f 846 894 899
f 846 899 900
f 846 900 847
f 847 900 848
f 848 900 901
f 848 901 902
f 848 902 849
f 849 902 850
f 850 903 904
f 850 904 851
f 850 902 903
f 851 904 852
f 852 904 905
f 852 905 906
f 852 906 857
f 853 855 907
f 853 907 854
f 854 907 897
f 855 908 907
f 855 856 909
f 855 909 908
f 857 906 858
f 858 906 910
f 858 910 911
f 858 911 859
f 859 911 860
f 860 912 861
f 860 911 912
f 861 913 914
f 861 914 862
f 861 912 913
f 862 914 915
f 862 915 863
f 863 916 865
f 863 865 864
f 863 915 916
f 866 917 885
f 866 891 918
f 866 918 917
f 867 872 919
f 867 919 920
f 867 920 868
f 868 920 869
f 869 921 922
f 869 922 870
f 869 920 921
f 870 922 871
f 871 923 924
f 871 924 875
f 871 922 923
f 872 925 919
f 872 874 926
f 872 926 925
f 873 927 874
f 873 883 928
f 873 928 927
f 874 927 926
f 875 924 929
f 875 929 876
f 876 929 877
f 877 929 930
f 877 930 878
f 878 931 879
f 878 930 931
f 879 931 932
f 879 932 933
f 879 933 880
f 880 933 881
f 881 934 935
f 881 935 936
f 881 936 882
f 881 933 934
f 882 936 886
f 883 884 928
f 884 885 937
f 884 937 928
f 885 938 937
f 885 917 939
f 885 939 938
f 887 940 941
f 887 941 888
f 888 941 889
f 889 942 943
f 889 943 890
f 889 941 942
f 890 943 891
f 891 943 918
f 892 895 944
f 892 944 893
f 893 945 894
f 893 944 945
f 894 945 946
f 894 946 899
f 895 947 944
f 895 896 947
f 896 898 948
f 896 948 949
f 896 949 947
f 897 907 950
f 897 950 951
f 897 951 948
f 897 948 898
f 899 952 953
f 899 953 900
f 899 946 952
f 900 953 901
f 901 953 954
f 901 954 955
f 901 955 902
f 902 955 956
f 902 956 903
f 903 956 904
f 904 957 958
f 904 958 905
f 904 956 957
f 905 958 906
f 906 959 960
f 906 960 910
f 906 958 959
f 907 908 950
f 908 961 950
f 908 909 962
f 908 962 963
f 908 963 961
f 909 964 962
f 910 960 911
f 911 960 965
f 911 965 912
f 912 966 913
f 912 965 967
f 912 967 966
f 913 966 914
f 914 968 915
f 914 966 968
f 915 968 969
f 915 969 970
f 915 970 971
f 915 971 916
f 916 971 972
f 917 918 939
f 918 943 973
f 918 973 974
f 918 974 939
f 919 975 976
f 919 976 920
f 919 925 977
f 919 977 975
f 920 976 978
f 920 978 921
f 921 978 922
f 922 978 979
f 922 979 980
f 922 980 923
f 923 980 924
f 924 980 981
f 924 981 929
f 925 926 982
f 925 982 977
f 926 927 982
f 927 928 983
f 927 983 982
f 928 984 983
f 928 937 985
f 928 985 984
f 929 986 930
f 929 981 986
f 930 986 987
f 930 987 988
f 930 988 931
f 931 988 932
f 932 988 989
f 932 989 933
f 933 990 991
f 933 991 934
f 933 989 990
f 934 991 992
f 934 992 935
f 937 938 985
f 938 939 993
f 938 993 985
f 939 994 993
f 939 974 995
f 939 995 994
f 940 996 941
f 941 996 997
f 941 997 998
f 941 998 942
f 942 999 973
f 942 973 943
f 942 998 999
f 944 947 1000
f 944 1000 1001
f 944 1001 945
f 945 1002 1003
f 945 1003 946
f 945 1001 1002
f 946 1003 952
f 947 949 1004
f 947 1004 1000
f 948 1005 1004
f 948 1004 949
f 948 951 1006
f 948 1006 1005
f 950 961 1007
f 950 1007 1008
f 950 1008 1006
f 950 1006 951
f 952 1009 953
f 952 1003 1009
f 953 1009 1010
f 953 1010 1011
f 953 1011 954
f 954 1011 1012
f 954 1012 955
f 955 1012 956
f 956 1013 957
f 956 1012 1014
f 956 1014 1013
f 957 1013 958
f 958 1013 1015
f 958 1015 959
f 959 1016 960
f 959 1015 1017
f 959 1017 1016
f 960 1016 965
f 961 963 1007
f 962 964 1018
f 962 1018 963
f 963 1018 1019
f 963 1019 1020
f 963 1020 1021
f 963 1021 1007
f 965 1022 1023
f 965 1023 967
f 965 1016 1022
f 966 1024 968
f 966 967 1023
f 966 1023 1024
f 968 1025 1026
f 968 1026 969
f 968 1024 1025
f 969 1026 1027
f 969 1027 970
f 970 1027 1028
f 970 1028 1029
f 970 1029 1030
f 970 1030 971
f 971 1030 1031
f 971 1031 972
f 973 1032 995
f 973 995 974
f 973 999 1032
f 975 1033 1034
f 975 1034 976
f 975 977 1035
f 975 1035 1033
f 976 1034 978
f 977 982 1035
f 978 1036 1037
f 978 1037 979
f 978 1034 1036
f 979 1037 980
f 980 1038 1039
f 980 1039 981
f 980 1037 1038
f 981 1039 986
f 982 983 1040
f 982 1040 1041
f 982 1041 1035
f 983 984 1042
f 983 1042 1040
f 984 985 1042
f 985 993 1043
f 985 1043 1042
f 986 1044 987
f 986 1039 1044
f 987 1045 988
f 987 1044 1045
f 988 1046 1047
f 988 1047 989
f 988 1045 1046
f 989 1047 1048
f 989 1048 990
f 990 1048 991
f 991 1048 1049
f 991 1049 1050
f 991 1050 1051
f 991 1051 992
f 993 1052 1043
f 993 994 1053
f 993 1053 1052
f 994 995 1053
f 995 1032 1054
f 995 1054 1055
f 995 1055 1053
f 997 1056 998
f 998 1056 1057
f 998 1057 1058
f 998 1058 999
f 999 1058 1032
f 1000 1004 1059
f 1000 1059 1060
f 1000 1060 1001
f 1001 1060 1061
f 1001 1061 1062
f 1001 1062 1002
f 1002 1062 1003
f 1003 1062 1063
f 1003 1063 1064
f 1003 1064 1009
f 1004 1005 1065
f 1004 1065 1059
f 1005 1006 1065
f 1006 1008 1066
f 1006 1066 1067
f 1006 1067 1065
f 1007 1021 1068
f 1007 1068 1069
f 1007 1069 1066
f 1007 1066 1008
f 1009 1064 1010
f 1010 1064 1070
f 1010 1070 1011
f 1011 1071 1012
f 1011 1070 1071
f 1012 1072 1073
f 1012 1073 1014
f 1012 1071 1072
f 1013 1074 1015
f 1013 1014 1073
f 1013 1073 1074
f 1015 1075 1076
f 1015 1076 1017
f 1015 1074 1075
f 1016 1077 1078
f 1016 1078 1022
f 1016 1017 1076
f 1016 1076 1077
f 1020 1079 1021
f 1021 1079 1068
f 1022 1078 1023
f 1023 1080 1081
f 1023 1081 1024
f 1023 1078 1080
f 1024 1081 1025
f 1025 1082 1083
f 1025 1083 1026
f 1025 1081 1082
f 1026 1083 1027
f 1027 1084 1085
f 1027 1085 1028
f 1027 1083 1084
f 1032 1058 1054
f 1033 1086 1034
f 1033 1035 1086
f 1034 1086 1087
f 1034 1087 1088
f 1034 1088 1036
f 1035 1089 1086
f 1035 1041 1090
f 1035 1090 1089
f 1036 1088 1091
f 1036 1091 1037
f 1037 1091 1038
f 1038 1091 1092
f 1038 1092 1093
f 1038 1093 1039
f 1039 1093 1044
f 1040 1042 1094
f 1040 1094 1095
f 1040 1095 1090
f 1040 1090 1041
f 1042 1043 1096
f 1042 1096 1094
f 1043 1052 1097
f 1043 1097 1096
f 1044 1093 1098
f 1044 1098 1099
f 1044 1099 1045
f 1045 1099 1046
f 1046 1099 1100
f 1046 1100 1101
f 1046 1101 1047
f 1047 1101 1102
f 1047 1102 1048
f 1048 1102 1049
f 1049 1102 1103
f 1049 1103 1104
f 1049 1104 1050
f 1050 1104 1105
f 1052 1053 1097
f 1053 1106 1097
f 1053 1055 1107
f 1053 1107 1106
f 1054 1108 1107
f 1054 1107 1055
f 1054 1058 1109
f 1054 1109 1165
f 1054 1165 1108
f 1056 1110 1111
f 1056 1111 1057
f 1057 1111 1112
f 1057 1112 1058
f 1058 1112 1109
f 1059 1113 1114
f 1059 1114 1060
f 1059 1065 1113
f 1060 1114 1115
f 1060 1115 1061
f 1061 1115 1116
f 1061 1116 1062
f 1062 1116 1063
f 1063 1116 1117
f 1063 1117 1064
f 1064 1118 1070
f 1064 1117 1118
f 1065 1067 1119
f 1065 1119 1120
f 1065 1120 1113
f 1066 1121 1067
f 1066 1069 1122
f 1066 1122 1121
f 1067 1121 1119
f 1068 1079 1123
f 1068 1123 1124
f 1068 1124 1122
f 1068 1122 1069
f 1070 1118 1125
f 1070 1125 1071
f 1071 1126 1127
f 1071 1127 1072
f 1071 1125 1126
f 1072 1127 1128
f 1072 1128 1073
f 1073 1128 1129
f 1073 1129 1074
f 1074 1129 1130
f 1074 1130 1075
f 1075 1130 1076
f 1076 1131 1132
f 1076 1132 1077
f 1076 1130 1131
f 1077 1132 1133
f 1077 1133 1078
f 1078 1133 1080
f 1080 1133 1134
f 1080 1134 1081
f 1081 1135 1082
f 1081 1134 1135
f 1082 1136 1083
f 1082 1135 1136
f 1083 1136 1137
f 1083 1137 1138
f 1083 1138 1084
f 1084 1138 1139
f 1084 1139 1140
f 1084 1140 1085
f 1086 1141 1142
f 1086 1142 1087
f 1086 1089 1143
f 1086 1143 1141
f 1087 1142 1088
f 1088 1144 1145
f 1088 1145 1091
f 1088 1142 1144
f 1089 1090 1146
f 1089 1146 1143
f 1090 1095 1147
f 1090 1147 1146
f 1091 1145 1148
f 1091 1148 1092
f 1092 1148 1093
f 1093 1149 1150
f 1093 1150 1098
f 1093 1148 1149
f 1094 1151 1147
f 1094 1147 1095
f 1094 1096 1152
f 1094 1152 1151
f 1096 1097 1152
f 1097 1106 1153
f 1097 1153 1154
f 1097 1154 1152
f 1098 1150 1099
f 1099 1155 1156
f 1099 1156 1100
f 1099 1150 1155
f 1100 1156 1101
f 1101 1157 1102
f 1101 1156 1157
f 1102 1158 1159
f 1102 1159 1103
f 1102 1157 1158
f 1103 1159 1104
f 1104 1160 1161
f 1104 1161 1162
f 1104 1162 1105
f 1104 1159 1160
f 1106 1107 1153
f 1107 1108 1163
f 1107 1163 1153
f 1108 1164 1163
f 1108 1165 1222
f 1108 1222 1164
f 1109 1112 1166
f 1109 1166 1165
f 1110 1167 1111
f 1111 1168 1166
f 1111 1166 1112
f 1111 1167 1169
f 1111 1169 1168
f 1113 1120 1170
f 1113 1170 1114
f 1114 1170 1171
f 1114 1171 1115
f 1115 1172 1116
f 1115 1171 1172
f 1116 1172 1173
f 1116 1173 1117
f 1117 1174 1175
f 1117 1175 1118
f 1117 1173 1174
f 1118 1175 1125
f 1119 1176 1177
f 1119 1177 1120
f 1119 1121 1176
f 1120 1177 1170
f 1121 1178 1176
f 1121 1122 1179
f 1121 1179 1178
f 1122 1124 1179
f 1123 1180 1124
f 1124 1181 1179
f 1124 1180 1182
f 1124 1182 1181
f 1125 1183 1184
f 1125 1184 1126
f 1125 1175 1183
f 1126 1184 1127
f 1127 1185 1186
f 1127 1186 1128
f 1127 1184 1185
f 1128 1186 1187
f 1128 1187 1129
f 1129 1187 1188
f 1129 1188 1130
f 1130 1188 1189
f 1130 1189 1131
f 1131 1189 1190
f 1131 1190 1132
f 1132 1190 1133
f 1133 1191 1192
f 1133 1192 1134
f 1133 1190 1191
f 1134 1192 1193
f 1134 1193 1135
f 1135 1193 1194
f 1135 1194 1136
f 1136 1194 1195
f 1136 1195 1137
f 1137 1195 1138
f 1138 1196 1197
f 1138 1197 1198
f 1138 1198 1139
f 1138 1195 1196
f 1141 1199 1142
f 1141 1143 1199
f 1142 1199 1200
f 1142 1200 1144
f 1143 1146 1201
f 1143 1201 1202
f 1143 1202 1199
f 1144 1200 1203
f 1144 1203 1204
f 1144 1204 1145
f 1145 1204 1205
f 1145 1205 1148
f 1146 1147 1201
f 1147 1151 1206
f 1147 1206 1207
f 1147 1207 1201
f 1148 1205 1208
f 1148 1208 1149
f 1149 1208 1150
f 1150 1208 1209
f 1150 1209 1210
f 1150 1210 1155
f 1151 1152 1206
f 1152 1154 1211
f 1152 1211 1212
f 1152 1212 1206
f 1153 1163 1213
f 1153 1213 1211
f 1153 1211 1154
f 1155 1210 1156
f 1156 1210 1214
f 1156 1214 1215
f 1156 1215 1157
f 1157 1215 1216
f 1157 1216 1158
f 1158 1216 1159
f 1159 1216 1217
f 1159 1217 1218
f 1159 1218 1160
f 1160 1218 1219
f 1160 1219 1161
f 1163 1220 1213
f 1163 1164 1221
f 1163 1221 1220
f 1164 1222 1223
f 1164 1223 1221
f 1165 1166 1224
f 1165 1224 1222
f 1166 1168 1225
f 1166 1225 1224
f 1168 1169 1226
f 1168 1226 1225
f 1170 1227 1171
f 1170 1177 1228
f 1170 1228 1227
f 1171 1229 1230
f 1171 1230 1172
f 1171 1227 1229
f 1172 1230 1173
f 1173 1230 1231
f 1173 1231 1232
f 1173 1232 1174
f 1174 1232 1175
f 1175 1233 1234
f 1175 1234 1183
f 1175 1232 1233
f 1176 1235 1177
f 1176 1178 1236
f 1176 1236 1235
f 1177 1235 1228
f 1178 1179 1236
f 1179 1237 1236
f 1179 1181 1237
f 1181 1238 1237
f 1181 1182 1239
f 1181 1239 1240
f 1181 1240 1238
f 1183 1234 1184
f 1184 1241 1242
f 1184 1242 1185
f 1184 1234 1241
f 1185 1242 1243
f 1185 1243 1186
f 1186 1243 1244
f 1186 1244 1187
f 1187 1244 1188
f 1188 1245 1246
f 1188 1246 1189
f 1188 1244 1245
f 1189 1246 1190
f 1190 1247 1248
f 1190 1248 1191
f 1190 1246 1247
f 1191 1248 1192
f 1192 1249 1193
f 1192 1248 1249
f 1193 1250 1251
f 1193 1251 1194
f 1193 1249 1250
f 1194 1251 1195
f 1195 1251 1252
f 1195 1252 1253
f 1195 1253 1196
f 1196 1253 1254
f 1196 1254 1197
f 1199 1255 1256
f 1199 1256 1200
f 1199 1202 1257
f 1199 1257 1255
f 1200 1256 1258
f 1200 1258 1203
f 1201 1259 1202
f 1201 1207 1259
f 1202 1259 1257
f 1203 1258 1260
f 1203 1260 1204
f 1204 1260 1205
f 1205 1260 1261
f 1205 1261 1262
f 1205 1262 1208
f 1206 1212 1263
f 1206 1263 1264
f 1206 1264 1207
f 1207 1264 1265
f 1207 1265 1259
f 1208 1262 1266
f 1208 1266 1209
f 1209 1266 1210
f 1210 1266 1267
f 1210 1267 1268
f 1210 1268 1214
f 1211 1269 1212
f 1211 1213 1269
f 1212 1269 1263
f 1213 1220 1270
f 1213 1270 1269
f 1214 1268 1215
f 1215 1271 1216
f 1215 1268 1271
f 1216 1272 1217
f 1216 1271 1272
f 1217 1272 1273
f 1217 1273 1218
f 1218 1274 1275
f 1218 1275 1276
f 1218 1276 1219
f 1218 1273 1274
f 1220 1277 1270
f 1220 1221 1277
f 1221 1223 1278
f 1221 1278 1277
f 1222 1224 1223
f 1223 1224 1279
f 1223 1279 1280
f 1223 1280 1281
f 1223 1281 1278
f 1224 1225 1279
f 1225 1282 1279
f 1225 1226 1283
f 1225 1283 1284
f 1225 1284 1285
f 1225 1285 1282
f 1227 1286 1287
f 1227 1287 1229
f 1227 1228 1288
f 1227 1288 1286
f 1228 1235 1289
f 1228 1289 1288
f 1229 1287 1230
f 1230 1290 1291
f 1230 1291 1231
f 1230 1287 1290
f 1231 1291 1232
f 1232 1292 1233
f 1232 1291 1292
f 1233 1293 1234
f 1233 1292 1293
f 1234 1294 1295
f 1234 1295 1241
f 1234 1293 1294
f 1235 1236 1289
f 1236 1296 1289
f 1236 1237 1297
f 1236 1297 1296
f 1237 1238 1297
f 1238 1240 1298
f 1238 1298 1299
f 1238 1299 1297
f 1240 1300 1298
f 1241 1295 1301
f 1241 1301 1242
f 1242 1301 1243
f 1243 1301 1302
f 1243 1302 1303
f 1243 1303 1244
f 1244 1303 1304
f 1244 1304 1245
f 1245 1304 1246
f 1246 1305 1306
f 1246 1306 1247
f 1246 1304 1305
f 1247 1306 1307
f 1247 1307 1248
f 1248 1307 1308
f 1248 1308 1249
f 1249 1308 1250
f 1250 1309 1251
f 1250 1308 1309
f 1251 1310 1311
f 1251 1311 1252
f 1251 1309 1310
f 1252 1311 1253
f 1253 1312 1313
f 1253 1313 1314
f 1253 1314 1315
f 1253 1315 1254
f 1253 1311 1312
f 1255 1257 1316
f 1255 1316 1256
f 1256 1317 1318
f 1256 1318 1258
f 1256 1316 1317
f 1257 1259 1319
f 1257 1319 1320
f 1257 1320 1316
f 1258 1318 1321
f 1258 1321 1260
f 1259 1265 1322
f 1259 1322 1319
f 1260 1321 1323
f 1260 1323 1261
f 1261 1323 1324
f 1261 1324 1262
f 1262 1324 1266
f 1263 1325 1264
f 1263 1269 1325
f 1264 1325 1326
f 1264 1326 1322
f 1264 1322 1265
f 1266 1327 1328
f 1266 1328 1267
f 1266 1324 1327
f 1267 1328 1268
f 1268 1328 1329
f 1268 1329 1330
f 1268 1330 1271
f 1269 1270 1331
f 1269 1331 1332
f 1269 1332 1325
f 1270 1277 1333
f 1270 1333 1331
f 1271 1330 1272
f 1272 1334 1335
f 1272 1335 1273
f 1272 1330 1334
f 1273 1335 1274
f 1274 1336 1337
f 1274 1337 1275
f 1274 1335 1336
f 1277 1278 1333
f 1278 1281 1338
f 1278 1338 1333
f 1279 1282 1280
f 1280 1339 1340
f 1280 1340 1281
f 1280 1282 1341
f 1280 1341 1342
f 1280 1342 1339
f 1281 1340 1338
f 1282 1285 1343
f 1282 1343 1341
f 1286 1344 1287
f 1286 1288 1344
f 1287 1345 1346
f 1287 1346 1290
f 1287 1344 1345
f 1288 1347 1344
f 1288 1289 1348
f 1288 1348 1347
f 1289 1296 1349
f 1289 1349 1348
f 1290 1346 1291
f 1291 1350 1292
f 1291 1346 1350
f 1292 1351 1352
f 1292 1352 1293
f 1292 1350 1351
f 1293 1352 1353
f 1293 1353 1294
f 1294 1353 1295
f 1295 1354 1355
f 1295 1355 1301
f 1295 1353 1354
f 1296 1297 1349
f 1297 1356 1349
f 1297 1299 1357
f 1297 1357 1356
f 1298 1300 1358
f 1298 1358 1359
f 1298 1359 1299
f 1299 1359 1360
f 1299 1360 1357
f 1301 1355 1361
f 1301 1361 1302
f 1302 1361 1362
f 1302 1362 1303
f 1303 1362 1304
f 1304 1363 1364
f 1304 1364 1305
f 1304 1362 1363
f 1305 1364 1306
f 1306 1365 1307
f 1306 1364 1365
f 1307 1366 1367
f 1307 1367 1308
f 1307 1365 1366
f 1308 1367 1309
f 1309 1368 1369
f 1309 1369 1310
f 1309 1367 1368
f 1310 1369 1311
f 1311 1370 1371
f 1311 1371 1312
f 1311 1369 1370
f 1312 1371 1313
f 1313 1371 1372
f 1316 1320 1373
f 1316 1373 1374
f 1316 1374 1375
f 1316 1375 1317
f 1317 1375 1376
f 1317 1376 1318
f 1318 1376 1321
f 1319 1322 1377
f 1319 1377 1378
f 1319 1378 1373
f 1319 1373 1320
f 1321 1379 1380
f 1321 1380 1323
f 1321 1376 1379
f 1322 1326 1381
f 1322 1381 1377
f 1323 1380 1382
f 1323 1382 1324
f 1324 1382 1383
f 1324 1383 1327
f 1325 1384 1381
f 1325 1381 1326
f 1325 1332 1385
f 1325 1385 1384
f 1327 1383 1328
f 1328 1383 1386
f 1328 1386 1387
f 1328 1387 1329
f 1329 1387 1388
f 1329 1388 1330
f 1330 1388 1389
f 1330 1389 1334
f 1331 1333 1390
f 1331 1390 1391
f 1331 1391 1385
f 1331 1385 1332
f 1333 1338 1390
f 1334 1389 1335
f 1335 1392 1393
f 1335 1393 1336
f 1335 1389 1392
f 1336 1393 1394
f 1336 1394 1337
f 1338 1340 1395
f 1338 1395 1396
f 1338 1396 1390
f 1339 1397 1395
f 1339 1395 1340
f 1339 1342 1397
f 1341 1343 1398
f 1341 1398 1342
f 1342 1398 1399
f 1342 1399 1400
f 1342 1400 1401
f 1342 1401 1397
f 1344 1402 1403
f 1344 1403 1345
f 1344 1347 1404
f 1344 1404 1402
f 1345 1403 1405
f 1345 1405 1346
f 1346 1405 1406
f 1346 1406 1350
f 1347 1348 1404
f 1348 1349 1407
f 1348 1407 1404
f 1349 1408 1407
f 1349 1356 1409
f 1349 1409 1408
f 1350 1406 1410
f 1350 1410 1351
f 1351 1410 1352
f 1352 1410 1411
f 1352 1411 1353
f 1353 1411 1412
f 1353 1412 1413
f 1353 1413 1354
f 1354 1413 1415
f 1354 1415 1355
f 1355 1414 1361
f 1355 1415 1414
f 1356 1357 1416
f 1356 1416 1409
f 1357 1360 1419
f 1357 1419 1416
f 1358 1417 1359
f 1359 1417 1360
f 1360 1417 1418
f 1360 1418 1419
f 1361 1414 1362
f 1362 1420 1421
f 1362 1421 1363
f 1362 1414 1420
f 1363 1421 1422
f 1363 1422 1364
f 1364 1422 1423
f 1364 1423 1365
f 1365 1423 1424
f 1365 1424 1366
f 1366 1424 1367
f 1367 1424 1425
f 1367 1425 1426
f 1367 1426 1368
f 1368 1426 1369
f 1369 1427 1428
f 1369 1428 1370
f 1369 1426 1427
f 1370 1428 1429
f 1370 1429 1371
f 1371 1429 1430
f 1371 1430 1372
f 1373 1378 1431
f 1373 1431 1432
f 1373 1432 1433
f 1373 1433 1374
f 1374 1433 1375
f 1375 1433 1434
f 1375 1434 1435
f 1375 1435 1376
f 1376 1435 1436
f 1376 1436 1379
f 1377 1381 1437
f 1377 1437 1438
f 1377 1438 1378
f 1378 1438 1431
f 1379 1436 1439
f 1379 1439 1380
f 1380 1439 1382
f 1381 1384 1437
f 1382 1439 1440
f 1382 1440 1441
f 1382 1441 1383
f 1383 1441 1386
f 1384 1385 1442
f 1384 1442 1437
f 1385 1391 1443
f 1385 1443 1444
f 1385 1444 1442
f 1386 1441 1445
f 1386 1445 1446
f 1386 1446 1387
f 1387 1446 1447
f 1387 1447 1388
f 1388 1447 1389
f 1389 1447 1448
f 1389 1448 1449
f 1389 1449 1392
f 1390 1450 1443
f 1390 1443 1391
f 1390 1396 1456
f 1390 1456 1450
f 1392 1449 1393
f 1393 1449 1451
f 1393 1451 1452
f 1393 1452 1453
f 1393 1453 1394
f 1395 1397 1454
f 1395 1454 1455
f 1395 1455 1456
f 1395 1456 1396
f 1397 1401 1454
f 1400 1457 1401
f 1401 1457 1458
f 1401 1458 1454
f 1402 1459 1460
f 1402 1460 1403
f 1402 1404 1459
f 1403 1460 1463
f 1403 1463 1405
f 1404 1461 1459
f 1404 1407 1462
f 1404 1462 1461
f 1405 1463 1406
f 1406 1464 1467
f 1406 1467 1410
f 1406 1463 1464
f 1407 1408 1465
f 1407 1465 1462
f 1408 1409 1466
f 1408 1466 1465
f 1409 1416 1473
f 1409 1473 1466
f 1410 1467 1468
f 1410 1468 1411
f 1411 1468 1469
f 1411 1469 1412
f 1412 1469 1470
f 1412 1470 1413
f 1413 1470 1415
f 1414 1471 1478
f 1414 1478 1420
f 1414 1415 1472
f 1414 1472 1471
f 1415 1470 1472
f 1416 1419 1473
f 1418 1474 1419
f 1419 1474 1475
f 1419 1475 1476
f 1419 1476 1477
f 1419 1477 1473
f 1420 1478 1479
f 1420 1479 1421
f 1421 1479 1480
f 1421 1480 1422
f 1422 1480 1423
f 1423 1481 1482
f 1423 1482 1424
f 1423 1480 1481
f 1424 1482 1425
f 1425 1482 1483
f 1425 1483 1484
f 1425 1484 1426
f 1426 1484 1485
f 1426 1485 1427
f 1427 1485 1486
f 1427 1486 1428
f 1428 1486 1487
f 1428 1487 1429
f 1429 1487 1488
f 1429 1488 1430
f 1431 1438 1489
f 1431 1489 1432
f 1432 1489 1490
f 1432 1490 1433
f 1433 1490 1491
f 1433 1491 1492
f 1433 1492 1434
f 1434 1492 1435
f 1435 1492 1493
f 1435 1493 1494
f 1435 1494 1436
f 1436 1494 1495
f 1436 1495 1439
f 1437 1442 1496
f 1437 1496 1497
f 1437 1497 1438
f 1438 1497 1498
f 1438 1498 1489
f 1439 1495 1499
f 1439 1499 1440
f 1440 1499 1441
f 1441 1499 1500
f 1441 1500 1501
f 1441 1501 1445
f 1442 1444 1496
f 1443 1450 1502
f 1443 1502 1444
f 1444 1502 1503
f 1444 1503 1496
f 1445 1501 1446
f 1446 1504 1447
f 1446 1501 1504
f 1447 1504 1505
f 1447 1505 1506
f 1447 1506 1448
f 1448 1506 1449
f 1449 1506 1507
f 1449 1507 1508
f 1449 1508 1451
f 1450 1509 1502
f 1450 1456 1510
f 1450 1510 1509
f 1451 1508 1511
f 1451 1511 1452
f 1454 1512 1513
f 1454 1513 1455
f 1454 1458 1514
f 1454 1514 1512
f 1455 1513 1510
f 1455 1510 1456
f 1457 1515 1514
f 1457 1514 1458
f 1459 1516 1460
f 1459 1461 1516
f 1460 1516 1517
f 1460 1517 1518
f 1460 1518 1519
f 1460 1519 1520
f 1460 1520 1463
f 1461 1462 1521
f 1461 1521 1522
f 1461 1522 1523
f 1461 1523 1517
f 1461 1517 1516
f 1462 1465 1521
f 1463 1520 1464
f 1464 1520 1519
f 1464 1519 1524
f 1464 1524 1525
f 1464 1525 1526
f 1464 1526 1467
f 1465 1527 1522
f 1465 1522 1521
f 1465 1466 1528
f 1465 1528 1529
f 1465 1529 1527
f 1466 1473 1528
f 1467 1526 1468
f 1468 1530 1531
f 1468 1531 1532
f 1468 1532 1469
f 1468 1526 1525
f 1468 1525 1530
f 1469 1532 1470
f 1470 1533 1534
f 1470 1534 1535
f 1470 1535 1472
f 1470 1532 1531
f 1470 1531 1533
f 1471 1472 1535
f 1471 1535 1534
f 1471 1534 1536
f 1471 1536 1537
f 1471 1537 1538
f 1471 1538 1478
f 1473 1477 1539
f 1473 1539 1540
f 1473 1540 1541
f 1473 1541 1529
f 1473 1529 1528
f 1476 1542 1477
f 1477 1542 1543
f 1477 1543 1539
f 1478 1538 1479
f 1479 1544 1545
f 1479 1545 1546
f 1479 1546 1480
f 1479 1538 1537
f 1479 1537 1544
f 1480 1546 1481
f 1481 1547 1548
f 1481 1548 1549
f 1481 1549 1482
f 1481 1546 1545
f 1481 1545 1547
f 1482 1549 1483
f 1483 1549 1548
f 1483 1548 1550
f 1483 1550 1551
f 1483 1551 1552
f 1483 1552 1484
f 1484 1552 1485
f 1485 1553 1554
f 1485 1554 1555
f 1485 1555 1486
f 1485 1552 1551
f 1485 1551 1553
f 1486 1555 1487
f 1487 1556 1557
f 1487 1557 1558
f 1487 1558 1559
f 1487 1559 1560
f 1487 1560 1488
f 1487 1555 1554
f 1487 1554 1556
f 1489 1561 1490
f 1489 1498 1561
f 1490 1561 1562
f 1490 1562 1563
f 1490 1563 1491
f 1491 1563 1492
f 1492 1563 1564
f 1492 1564 1565
f 1492 1565 1493
f 1493 1565 1494
f 1494 1565 1566
f 1494 1566 1567
f 1494 1567 1495
f 1495 1567 1568
f 1495 1568 1499
f 1496 1503 1569
f 1496 1569 1570
f 1496 1570 1571
f 1496 1571 1497
f 1497 1571 1498
f 1498 1571 1572
f 1498 1572 1561
f 1499 1568 1573
f 1499 1573 1500
f 1500 1573 1574
f 1500 1574 1501
f 1501 1574 1504
f 1502 1509 1582
f 1502 1582 1575
f 1502 1575 1569
f 1502 1569 1503
f 1504 1574 1576
f 1504 1576 1577
f 1504 1577 1505
f 1505 1577 1578
f 1505 1578 1506
f 1506 1578 1579
f 1506 1579 1507
f 1507 1579 1508
f 1508 1579 1580
f 1508 1580 1581
f 1508 1581 1511
f 1509 1510 1582
f 1510 1513 1586
f 1510 1586 1583
f 1510 1583 1582
f 1511 1581 1584
f 1512 1585 1513
f 1512 1514 1589
f 1512 1589 1585
f 1513 1585 1586
f 1514 1515 1587
f 1514 1587 1588
f 1514 1588 1589
f 1517 1590 1518
f 1517 1523 1590
f 1518 1590 1591
f 1518 1591 1592
f 1518 1592 1627
f 1518 1627 1593
f 1518 1593 1519
f 1519 1593 1524
f 1522 1594 1523
f 1522 1527 1594
f 1523 1594 1628
f 1523 1628 1595
f 1523 1595 1591
f 1523 1591 1590
f 1524 1593 1596
f 1524 1596 1597
f 1524 1597 1525
f 1525 1597 1530
f 1527 1598 1594
f 1527 1529 1599
f 1527 1599 1598
f 1529 1541 1599
f 1530 1600 1605
f 1530 1605 1601
f 1530 1601 1531
f 1530 1597 1600
f 1531 1601 1533
f 1533 1602 1603
f 1533 1603 1604
f 1533 1604 1534
f 1533 1601 1605
f 1533 1605 1602
f 1534 1604 1536
f 1536 1606 1625
f 1536 1625 1607
f 1536 1607 1537
f 1536 1604 1603
f 1536 1603 1606
f 1537 1607 1544
f 1539 1543 1540
f 1540 1608 1541
f 1540 1543 1609
f 1540 1609 1610
f 1540 1610 1608
f 1541 1611 1599
f 1541 1608 1630
f 1541 1630 1611
f 1544 1612 1617
f 1544 1617 1613
f 1544 1613 1545
f 1544 1607 1612
f 1545 1613 1547
f 1547 1614 1615
f 1547 1615 1616
f 1547 1616 1548
f 1547 1613 1617
f 1547 1617 1614
f 1548 1616 1550
f 1550 1616 1615
f 1550 1615 1618
f 1550 1618 1619
f 1550 1619 1620
f 1550 1620 1551
f 1551 1620 1553
f 1553 1621 1634
f 1553 1634 1622
f 1553 1622 1554
f 1553 1620 1619
f 1553 1619 1621
f 1554 1622 1556
f 1556 1623 1624
f 1556 1624 1557
f 1556 1622 1623
f 1561 1572 1625
f 1561 1625 1606
f 1561 1606 1603
f 1561 1603 1562
f 1562 1603 1563
f 1563 1603 1602
f 1563 1602 1605
f 1563 1605 1564
f 1564 1605 1600
f 1564 1600 1565
f 1565 1600 1626
f 1565 1626 1566
f 1566 1626 1596
f 1566 1596 1567
f 1567 1596 1568
f 1568 1596 1627
f 1568 1627 1592
f 1568 1592 1573
f 1569 1575 1615
f 1569 1615 1614
f 1569 1614 1617
f 1569 1617 1570
f 1570 1617 1571
f 1571 1617 1612
f 1571 1612 1625
f 1571 1625 1572
f 1573 1592 1591
f 1573 1591 1574
f 1574 1591 1595
f 1574 1595 1576
f 1575 1582 1618
f 1575 1618 1615
f 1576 1595 1577
f 1577 1595 1628
f 1577 1628 1598
f 1577 1598 1578
f 1578 1598 1629
f 1578 1629 1579
f 1579 1629 1580
f 1580 1611 1630
f 1580 1630 1631
f 1580 1631 1581
f 1580 1629 1611
f 1581 1632 1584
f 1581 1631 1633
f 1581 1633 1632
f 1582 1583 1619
f 1582 1619 1618
f 1583 1586 1619
f 1585 1634 1621
f 1585 1621 1586
f 1585 1589 1623
f 1585 1623 1634
f 1586 1621 1619
f 1588 1635 1589
f 1589 1635 1623
f 1593 1627 1596
f 1594 1598 1628
f 1596 1626 1597
f 1597 1626 1600
f 1598 1599 1629
f 1599 1611 1629
f 1607 1625 1612
f 1608 1610 1636
f 1608 1636 1630
f 1622 1634 1623
f 1623 1635 1637
f 1623 1637 1624
f 1630 1636 1638
f 1630 1638 1639
f 1630 1639 1631
f 1631 1639 1640
f 1631 1640 1633

