# https://github.com/mikedh/trimesh
v -36.25868678 -9.55753606 13.06969467
v -36.25428498 -9.55753606 13.24393129
v -36.25648588 -9.55753606 6.90485513
v -36.08715728 -10.18194668 13.24393129
v -36.24109000 -9.55753606 13.49060306
v -36.24988839 -9.55753606 6.66209850
v -36.08276069 -10.17946936 6.66209850
v -36.07396230 -10.17699204 13.49060306
v -35.82106724 -11.09378487 7.00078308
v -35.82106724 -11.09378487 12.99921692
v -35.81667066 -11.09130755 13.24393129
v -35.80567136 -11.08635161 13.49060306
v -36.23229682 -9.55753606 13.58848874
v -36.24329090 -9.55753606 6.56421281
v -36.05856642 -10.17451342 6.32341424
v -35.79028070 -11.08387429 6.32341424
v -35.81226885 -11.09130755 6.66209850
v -36.22569934 -9.55753606 6.32341424
v -36.04317576 -10.16955748 13.82732991
v -35.52858725 -11.97093278 6.66209850
v -35.53298905 -11.97093278 13.24393129
v -35.77488482 -11.07891835 13.82732991
v -35.51979408 -11.96845546 13.49060306
v -36.20810777 -9.55753606 13.82732991
v -36.01898670 -10.16212422 5.98864513
v -35.75069577 -11.07148509 5.98864513
v -35.50659910 -11.96350083 6.32341424
v -36.19491279 -9.55753606 6.08848854
v -35.99699333 -10.15469097 14.16209870
v -35.22071660 -12.84808200 6.66209850
v -35.22951499 -12.85056062 7.00078308
v -35.22951499 -12.85056062 12.99921692
v -35.22511840 -12.84808200 13.24393129
v -35.72870761 -11.06405184 14.16209870
v -35.48900753 -11.95606627 13.82732991
v -35.44502601 -11.94119975 14.16209870
v -35.21192342 -12.84312606 13.49060306
v -35.18333256 -12.83321548 13.82732991
v -36.15752876 -9.55753606 14.16209870
v -35.96400589 -10.14725771 5.65387601
v -36.18171781 -9.55753606 5.98864513
v -36.16412103 -9.55753606 5.88488624
v -35.69572017 -11.05413996 5.65387601
v -35.46701416 -11.94863431 5.98864513
v -35.19872844 -12.83817142 6.32341424
v -35.93542024 -10.13734583 14.49491008
v -36.13773629 -9.55753606 14.26781531
v -34.86446783 -13.72275390 6.32341424
v -34.88645598 -13.73018585 6.66209850
v -34.89085257 -13.73266447 13.24393129
v -35.66712931 -11.04422938 14.49491008
v -35.13715535 -12.81587034 14.16209870
v -35.07777795 -12.79356927 14.49491008
v -35.38344771 -11.92137729 14.49491008
v -34.87766281 -13.72770853 13.49060306
v -34.84907195 -13.71531934 13.82732991
v -36.12234041 -9.55753606 5.65387601
v -36.09815136 -9.55753606 5.54424426
v -36.04757234 -9.55753606 5.32302269
v -35.89363441 -10.12743525 5.32302269
v -35.62534869 -11.03184018 5.32302269
v -35.34386799 -11.90898810 5.32302269
v -35.41203856 -11.93128787 5.65387601
v -35.10636359 -12.80595846 5.65387601
v -35.15914351 -12.82330491 5.98864513
v -35.59016556 -11.02192830 14.82380600
v -35.85625038 -10.11752337 14.82380600
v -36.00798741 -9.55753606 14.82380600
v -36.09155387 -9.55753606 14.49491008
v -34.82488289 -13.70788608 5.98864513
v -34.48402479 -14.54786770 5.98864513
v -34.52140883 -14.56273422 6.32341424
v -34.54340219 -14.57264610 6.66209850
v -34.54999968 -14.57512341 7.00078308
v -34.54999968 -14.57512341 12.99921692
v -34.54779878 -14.57264610 13.24393129
v -34.80288953 -13.69797550 14.16209870
v -35.00080898 -12.76631355 14.82380600
v -35.30648395 -11.89659890 14.82380600
v -34.74351734 -13.67567442 14.49491008
v -34.66874927 -13.64594139 14.82380600
v -34.53460380 -14.56768885 13.49060306
v -34.50601816 -14.55530096 13.82732991
v -34.46203664 -14.53795582 14.16209870
v -35.95521271 -9.55753606 4.99608451
v -35.80787227 -10.10265686 4.99608451
v -35.54178223 -11.00706179 4.99608451
v -35.25810063 -11.87925376 4.99608451
v -34.95462656 -12.74896972 4.99608451
v -35.03819302 -12.77870275 5.32302269
v -34.77210298 -13.68558630 5.65387601
v -35.49780071 -10.99219397 15.14878645
v -35.76389074 -10.09026766 15.14878645
v -35.21632001 -11.86438724 15.14878645
v -35.90903029 -9.55753606 15.14878645
v -34.43125010 -14.52556662 5.65387601
v -34.09698427 -15.42997155 5.98864513
v -34.13437352 -15.44731669 6.32341424
v -34.15636167 -15.45722727 6.66209850
v -34.16075826 -15.45970589 13.24393129
v -34.91064504 -12.73410320 15.14878645
v -34.40265924 -14.51317742 14.49491008
v -34.57858533 -13.60877380 15.14878645
v -34.32789117 -14.48096577 14.82380600
v -34.23992813 -14.44379948 15.14878645
v -34.14756328 -15.45227133 13.49060306
v -34.11897764 -15.43988213 13.82732991
v -34.07499611 -15.42006098 14.16209870
v -34.01781961 -15.39280396 14.49491008
v -35.84745720 -9.55753606 4.67501952
v -35.70671424 -10.07540114 4.67501952
v -35.44062421 -10.97485013 4.67501952
v -35.15914351 -11.84704341 4.67501952
v -34.85566944 -12.71427944 4.67501952
v -34.52360973 -13.58895004 4.67501952
v -34.62037116 -13.62611763 4.99608451
v -34.70393240 -13.65833059 5.32302269
v -35.39004520 -10.95998231 15.46985110
v -35.65613523 -10.06053463 15.46985110
v -35.11076540 -11.82969827 15.46985110
v -35.86284786 -9.55753606 15.27603780
v -34.36307430 -14.49583359 5.32302269
v -33.97823468 -15.37545882 5.32302269
v -34.04420957 -15.40519316 5.65387601
v -33.67036402 -16.20800719 5.65387601
v -33.72094303 -16.23278558 5.98864513
v -33.75832707 -16.25260804 6.32341424
v -33.78032044 -16.26251861 6.66209850
v -33.78911361 -16.26499724 7.00078308
v -33.78911361 -16.26499724 12.99921692
v -33.78471702 -16.26499724 13.24393129
v -33.77372295 -16.25756398 13.49060306
v -34.80509043 -12.69445829 15.46985110
v -34.47522640 -13.56912889 15.46985110
v -33.94305155 -15.36059231 14.82380600
v -34.13656920 -14.40167595 15.46985110
v -33.85508850 -15.32094739 15.14878645
v -33.75393048 -15.27386792 15.46985110
v -33.74293640 -16.24517478 13.82732991
v -33.70115057 -16.22287370 14.16209870
v -33.64177838 -16.19561799 14.49491008
v -33.56920600 -16.16092771 14.82380600
v -35.72211012 -9.55753606 4.35786968
v -35.59236124 -10.04071087 4.35786968
v -35.32627121 -10.94015986 4.35786968
v -35.04479051 -11.80739850 4.35786968
v -34.41145763 -13.54435049 4.35786968
v -34.74131644 -12.67215721 4.35786968
v -34.18494731 -14.42149840 4.67501952
v -34.28170875 -14.46114331 4.99608451
v -35.26909471 -10.92281602 15.78308580
v -35.53518474 -10.02584435 15.78308580
v -35.79248160 -9.55753606 15.46985110
v -34.98981491 -11.78757474 15.78308580
v -34.68634084 -12.65233345 15.78308580
v -33.60439435 -16.17827415 5.32302269
v -33.89686912 -15.33829123 4.99608451
v -33.23274970 -17.08763372 5.65387601
v -33.28332871 -17.11488944 5.98864513
v -33.32071275 -17.13223457 6.32341424
v -33.34270090 -17.14462377 6.66209850
v -33.34490180 -17.14710109 13.24393129
v -33.33390772 -17.13966783 13.49060306
v -33.30531687 -17.12480001 13.82732991
v -34.35647681 -13.52204941 15.78308580
v -33.48344386 -16.11880548 15.14878645
v -33.63738179 -15.22183381 15.78308580
v -34.01781961 -14.35211916 15.78308580
v -33.38228583 -16.06924869 15.46985110
v -33.26793283 -16.01473726 15.78308580
v -33.26133534 -17.10250024 14.16209870
v -33.20415884 -17.07524452 14.49491008
v -33.13378736 -17.03807693 14.82380600
v -35.65833613 -9.55753606 4.21495646
v -35.46041667 -10.00354458 4.04659336
v -35.19652754 -10.89803763 4.04659336
v -34.91724253 -11.76527366 4.04659336
v -34.28610533 -13.49479370 4.04659336
v -34.07279521 -14.37441893 4.35786968
v -34.61376846 -12.62507774 4.04659336
v -33.69235739 -15.24661221 4.35786968
v -33.80230859 -15.29616900 4.67501952
v -35.13275355 -10.88069249 16.09044665
v -35.39884359 -9.98619944 16.09044665
v -35.66053182 -9.55753606 15.78308580
v -34.55219537 -12.60277797 16.09044665
v -34.85346854 -11.74297519 16.09044665
v -34.22453225 -13.47001530 16.09044665
v -33.52302879 -16.13862794 4.99608451
v -33.08761016 -17.01329853 4.99608451
v -33.16677481 -17.05542207 5.32302269
v -33.43066394 -16.09402709 4.67501952
v -32.76434362 -17.81858988 5.32302269
v -32.82811761 -17.85328016 5.65387601
v -32.87869662 -17.88053587 5.98864513
v -32.91387975 -17.90035833 6.32341424
v -32.93587312 -17.91274752 6.66209850
v -32.94247061 -17.91522615 7.00078308
v -32.94247061 -17.91522615 12.99921692
v -32.94026971 -17.91274752 13.24393129
v -32.92707473 -17.90779158 13.49060306
v -32.90068477 -17.89292507 13.82732991
v -33.88807595 -14.29512911 16.09044665
v -33.04802522 -16.99347608 15.14878645
v -32.94906810 -16.94144197 15.46985110
v -33.50763291 -15.16484506 16.09044665
v -32.83471510 -16.88445192 15.78308580
v -32.70936802 -16.82002861 16.09044665
v -33.14038485 -15.95279127 16.09044665
v -32.85670325 -17.87062399 14.16209870
v -32.80172765 -17.83841364 14.49491008
v -32.72916049 -17.80124605 14.82380600
v -32.64559403 -17.75416657 15.14878645
v -35.58136716 -9.55753606 4.04659336
v -35.31527713 -9.96389836 3.74314798
v -35.05358890 -10.85591409 3.74314798
v -35.50439820 -9.55753606 3.89389148
v -34.47303072 -12.57304363 3.74314798
v -34.77430388 -11.71571817 3.74314798
v -34.14536759 -13.44028227 3.74314798
v -33.80890608 -14.26291876 3.74314798
v -33.94744813 -14.32238482 4.04659336
v -33.56920600 -15.18962346 4.04659336
v -33.19976225 -15.98252561 4.04659336
v -33.32071275 -16.04199298 4.35786968
v -34.98321742 -10.83361432 16.38997657
v -34.70613331 -11.69341840 16.38997657
v -35.24710655 -9.94407590 16.38997657
v -35.35046548 -9.55753606 16.38997657
v -35.51319659 -9.55753606 16.09044665
v -35.59016556 -9.55753606 15.92991384
v -34.40486014 -12.54826523 16.38997657
v -34.07719702 -13.41302525 16.38997657
v -33.74293640 -14.23566174 16.38997657
v -32.99524531 -16.96622036 4.67501952
v -32.68517375 -17.77646765 4.99608451
v -32.88748980 -16.91170894 4.35786968
v -32.19698042 -18.64618231 4.99608451
v -32.27394938 -18.69078316 5.32302269
v -32.33772337 -18.72795075 5.65387601
v -32.38610148 -18.75520647 5.98864513
v -32.42128462 -18.77750754 6.32341424
v -32.44327798 -18.78989674 6.66209850
v -32.44767457 -18.78989674 13.24393129
v -32.43668050 -18.78494080 13.49060306
v -32.40808964 -18.76759566 13.82732991
v -32.36630902 -18.74529589 14.16209870
v -32.54663169 -17.69965515 15.46985110
v -32.43668050 -17.64018778 15.78308580
v -33.36469427 -15.09794313 16.38997657
v -32.56862506 -16.74817204 16.38997657
v -32.99744621 -15.88589065 16.38997657
v -32.31133342 -17.57328585 16.09044665
v -32.31133342 -18.71308424 14.49491008
v -32.24096194 -18.67096070 14.82380600
v -32.15739548 -18.62388253 15.14878645
v -32.06063926 -18.56689248 15.46985110
v -35.42523354 -9.55753606 3.74314798
v -35.25590494 -9.55753606 3.44753288
v -35.15694261 -9.91929881 3.44753288
v -34.61817026 -11.66368406 3.44753288
v -34.89525437 -10.80635861 3.44753288
v -34.31909278 -12.51853220 3.44753288
v -33.99142966 -13.37833628 3.44753288
v -33.65716904 -14.19849545 3.44753288
v -33.28112781 -15.06077684 3.44753288
v -33.43066394 -15.12767747 3.74314798
v -33.06341588 -15.91562368 3.74314798
v -32.63459995 -16.78038370 3.74314798
v -32.76654452 -16.84976295 4.04659336
v -34.82048631 -10.78158021 16.68363394
v -34.54340219 -11.63890567 16.68363394
v -34.24432471 -12.49127649 16.68363394
v -35.08217454 -9.89699773 16.68363394
v -35.24930745 -9.55753606 16.56029806
v -33.91886249 -13.35108057 16.68363394
v -33.20856065 -15.02856389 16.68363394
v -33.58460188 -14.16875981 16.68363394
v -32.59281412 -17.72691086 4.67501952
v -32.10681647 -18.59414820 4.67501952
v -32.36850992 -17.60302018 4.04659336
v -32.48725951 -17.66744349 4.35786968
v -31.67799532 -19.31519378 4.67501952
v -31.76595837 -19.36970651 4.99608451
v -31.84292734 -19.41678468 5.32302269
v -31.90450042 -19.45395228 5.65387601
v -31.95507944 -19.48368661 5.98864513
v -31.98806688 -19.50598639 6.32341424
v -32.01006025 -19.51837558 6.66209850
v -32.01665774 -19.52333152 7.00078308
v -32.01665774 -19.52333152 12.99921692
v -32.01445684 -19.52085290 13.24393129
v -32.00346276 -19.51341964 13.49060306
v -31.97487190 -19.49607581 13.82732991
v -31.93309128 -19.47129741 14.16209870
v -31.95068285 -18.50494649 15.78308580
v -32.41688803 -16.66888222 16.68363394
v -32.84350827 -15.81155546 16.68363394
v -32.17279136 -17.49647334 16.38997657
v -32.02325523 -17.41470620 16.68363394
v -31.82753667 -18.43308993 16.09044665
v -31.69119030 -18.35380010 16.38997657
v -31.87811568 -19.43908576 14.49491008
v -31.80993989 -19.39696223 14.82380600
v -31.72857434 -19.34740543 15.14878645
v -31.63181812 -19.28793807 15.46985110
v -35.18113166 -9.55753606 3.33007019
v -34.98541832 -9.86974202 3.15974936
v -34.44884166 -11.60669401 3.15974936
v -34.72372487 -10.75184587 3.15974936
v -34.14976418 -12.45658621 3.15974936
v -33.82649764 -13.31391297 3.15974936
v -33.49223703 -14.12911490 3.15974936
v -33.11839670 -14.98644166 3.15974936
v -32.91608065 -15.84624574 3.44753288
v -32.48725951 -16.70604981 3.44753288
v -32.23656535 -17.53116362 3.74314798
v -34.64235932 -10.72706748 16.96750199
v -34.90404755 -9.84744094 16.96750199
v -34.36747611 -11.57943830 16.96750199
v -34.07059953 -12.42685318 16.96750199
v -33.74733299 -13.28170002 16.96750199
v -35.17453939 -9.55753606 16.68363394
v -33.41527328 -14.09690455 16.96750199
v -33.04142773 -14.95175138 16.96750199
v -32.00126186 -18.53468083 4.35786968
v -31.57464162 -19.25324909 4.35786968
v -31.75496429 -18.39096770 3.74314798
v -31.88471317 -18.46530158 4.04659336
v -31.03586406 -20.11057455 4.35786968
v -31.13702208 -20.17499786 4.67501952
v -31.22498512 -20.23198791 4.99608451
v -31.29975319 -20.28154470 5.32302269
v -31.36133149 -20.32118961 5.65387601
v -31.40970960 -20.35092264 5.98864513
v -31.44269705 -20.37322372 6.32341424
v -31.46468520 -20.38809024 6.66209850
v -31.46688610 -20.38809024 13.24393129
v -31.45589203 -20.38313560 13.49060306
v -31.42950207 -20.36579046 13.82732991
v -31.38991714 -20.33853475 14.16209870
v -31.52406260 -19.22103744 15.78308580
v -31.40311211 -19.14670225 16.09044665
v -32.25195602 -16.58463515 16.96750199
v -31.86051890 -17.32798181 16.96750199
v -32.67638057 -15.72978832 16.96750199
v -31.54385507 -18.26707572 16.68363394
v -31.26896665 -19.06741243 16.38997657
v -31.33494154 -20.30384447 14.49491008
v -31.26677096 -20.25924362 14.82380600
v -31.18760109 -20.20720951 15.14878645
v -31.09304056 -20.14774214 15.46985110
v -35.06897956 -9.55753606 3.15974936
v -34.54120129 -10.69485582 2.88175385
v -34.93703499 -9.55753606 2.97376666
v -34.80069384 -9.81770791 2.88175385
v -34.26631808 -11.54474802 2.88175385
v -33.96944150 -12.38968559 2.88175385
v -33.64617497 -13.24205510 2.88175385
v -33.31631094 -14.05478101 2.88175385
v -32.94247061 -14.90715183 2.88175385
v -32.57961914 -15.68518616 2.88175385
v -32.75334954 -15.76695591 3.15974936
v -32.32892498 -16.62428007 3.15974936
v -31.93529218 -17.36762673 3.15974936
v -32.09142581 -17.45187379 3.44753288
v -34.45323825 -10.67007743 17.24158203
v -34.71273080 -9.79292952 17.24158203
v -34.77650478 -9.55753606 17.24158203
v -34.83807787 -9.55753606 17.15935789
v -34.98101652 -9.55753606 16.96750199
v -34.18055072 -11.51501499 17.24158203
v -33.88367414 -12.35995255 17.24158203
v -33.56041282 -13.20984475 17.24158203
v -33.23054880 -14.02009204 17.24158203
v -32.85890415 -14.86998424 17.24158203
v -32.49825358 -15.64554125 17.24158203
v -31.45808771 -19.18139122 4.04659336
v -30.92151105 -20.03624067 4.04659336
v -31.61202565 -18.30672063 3.44753288
v -31.18980199 -19.01785564 3.44753288
v -31.33054495 -19.10457872 3.74314798
v -30.47290266 -20.71268540 4.04659336
v -30.58505476 -20.78949790 4.35786968
v -30.68401188 -20.85887715 4.67501952
v -30.76977402 -20.91586590 4.99608451
v -30.84454730 -20.96790001 5.32302269
v -30.90391949 -21.00754622 5.65387601
v -30.95230281 -21.03975788 5.98864513
v -30.98528504 -21.06205765 6.32341424
v -31.00727841 -21.07692417 6.66209850
v -31.01387590 -21.08188011 7.00078308
v -31.01387590 -21.08188011 12.99921692
v -31.00947410 -21.07940279 13.24393129
v -30.99848002 -21.07196953 13.49060306
v -30.97209007 -21.05462439 13.82732991
v -30.93251035 -21.02736868 14.16209870
v -30.87973043 -20.99020109 14.49491008
v -30.98528504 -20.07836290 15.78308580
v -30.86653545 -19.99907307 16.09044665
v -32.07602993 -16.49295613 17.24158203
v -31.38331965 -18.17539670 16.96750199
v -31.21179014 -18.07628311 17.24158203
v -31.68459281 -17.23134685 17.24158203
v -31.12163141 -18.97821072 16.68363394
v -30.73459089 -19.91482731 16.38997657
v -30.59165224 -19.82066967 16.68363394
v -30.81376076 -20.94560023 14.82380600
v -30.73238999 -20.89108750 15.14878645
v -30.64003035 -20.82914282 15.46985110
v -30.53447574 -20.75728625 15.78308580
v -34.34328184 -10.63538846 2.61158928
v -34.07059953 -11.48032472 2.61158928
v -34.87106532 -9.55753606 2.88175385
v -34.65775520 -9.55753606 2.61158928
v -34.60057870 -9.76319518 2.61158928
v -33.77592385 -12.32030634 2.61158928
v -33.45485300 -13.16772122 2.61158928
v -33.12499419 -13.97548988 2.61158928
v -32.75554523 -14.82290477 2.61158928
v -32.39489987 -15.59350714 2.61158928
v -32.15739548 -16.53507967 2.88175385
v -31.76595837 -17.27594770 2.88175385
v -31.29096001 -18.12088527 2.88175385
v -31.45589203 -18.21751893 3.15974936
v -34.25092220 -10.60565412 17.50587340
v -34.50821385 -9.73593947 17.50587340
v -34.60717618 -9.55753606 17.44518433
v -33.97823468 -11.44811437 17.50587340
v -33.68575990 -12.28561737 17.50587340
v -33.36469427 -13.13303225 17.50587340
v -32.66758218 -14.78325985 17.50587340
v -33.03703114 -13.93584497 17.50587340
v -32.30693683 -15.55386223 17.50587340
v -30.79616398 -19.95447222 3.74314798
v -31.03586406 -18.92369799 3.15974936
v -30.50808579 -19.76615824 3.15974936
v -30.65762192 -19.86527052 3.44753288
v -30.34755558 -20.62843964 3.74314798
v -29.76039991 -21.46841995 3.74314798
v -29.88354608 -21.55514434 4.04659336
v -29.99130160 -21.63443416 4.35786968
v -30.09025872 -21.70629073 4.67501952
v -30.17602608 -21.76823672 4.99608451
v -30.24639755 -21.82027083 5.32302269
v -30.30576974 -21.86239436 5.65387601
v -30.35195217 -21.89460471 5.98864513
v -30.38713530 -21.91938311 6.32341424
v -30.40692776 -21.93424962 6.66209850
v -30.40912867 -21.93672955 13.24393129
v -30.39813459 -21.92929499 13.49060306
v -30.37394032 -21.90947123 13.82732991
v -30.33436060 -21.88221551 14.16209870
v -30.28158069 -21.84504922 14.49491008
v -30.41792184 -20.67799512 16.09044665
v -31.88690886 -16.39632117 17.50587340
v -31.49987355 -17.12975595 17.50587340
v -30.96329689 -18.88157576 16.96750199
v -30.79396829 -18.77750754 17.24158203
v -30.61364040 -18.66600476 17.50587340
v -31.02707088 -17.96973757 17.50587340
v -30.43551862 -19.72155739 16.96750199
v -30.28817818 -20.58879472 16.38997657
v -30.14743522 -20.49215846 16.68363394
v -30.21560580 -21.79797105 14.82380600
v -30.13864204 -21.74098101 15.14878645
v -30.04847810 -21.67407908 15.46985110
v -29.94511917 -21.59974519 15.78308580
v -34.13437352 -10.57096515 2.35317111
v -34.39166516 -9.70372781 2.35317111
v -33.86388689 -11.40846815 2.35317111
v -33.57140690 -12.24597245 2.35317111
v -34.43125010 -9.55753606 2.35317111
v -33.25034127 -13.08843009 2.35317111
v -32.92487383 -13.88876680 2.35317111
v -32.55543008 -14.73122574 2.35317111
v -32.19698042 -15.49935080 2.35317111
v -31.77915335 -16.34180974 2.35317111
v -31.97267622 -16.44092202 2.61158928
v -31.58343479 -17.17683543 2.61158928
v -31.11283302 -18.01929437 2.61158928
v -30.87313294 -18.82458571 2.88175385
v -34.03761208 -10.54123081 17.76037611
v -34.29270804 -9.67399348 17.76037611
v -34.36087862 -9.55753606 17.72122210
v -34.55659717 -9.55753606 17.50587340
v -33.76712546 -11.37625650 17.76037611
v -33.47464547 -12.20880486 17.76037611
v -33.15578073 -13.04878518 17.76037611
v -32.83031851 -13.84912189 17.76037611
v -32.46307045 -14.68910351 17.76037611
v -31.68679371 -16.29473157 17.76037611
v -32.10462078 -15.45474865 17.76037611
v -30.21120921 -20.53675931 3.44753288
v -30.34535468 -19.66208871 2.88175385
v -29.90333855 -20.32862287 2.88175385
v -30.06386876 -20.43516971 3.15974936
v -29.62625444 -21.37178499 3.44753288
v -29.16004926 -22.00610749 3.44753288
v -29.29199383 -22.10522108 3.74314798
v -29.41074342 -22.19442278 4.04659336
v -29.51849893 -22.27371261 4.35786968
v -29.61526036 -22.34556787 4.67501952
v -29.69882160 -22.40999117 4.99608451
v -29.76919308 -22.46450521 5.32302269
v -29.82857049 -22.50662744 5.65387601
v -29.87474769 -22.54131772 5.98864513
v -29.90773514 -22.56609611 6.32341424
v -29.92752761 -22.58096263 6.66209850
v -29.93412510 -22.58591726 7.00078308
v -29.93412510 -22.58591726 12.99921692
v -29.92972851 -22.58343995 13.24393129
v -29.91873443 -22.57600538 13.49060306
v -29.89454016 -22.55618423 13.82732991
v -29.85496044 -22.52644859 14.16209870
v -29.80438143 -22.48928361 14.49491008
v -29.74060744 -22.43972681 14.82380600
v -29.82857049 -21.51797675 16.09044665
v -29.70102251 -21.42629772 16.38997657
v -30.83354801 -17.85823610 17.76037611
v -31.30195409 -17.02321041 17.76037611
v -30.26838571 -19.61253323 17.24158203
v -30.09245962 -19.49855313 17.50587340
v -30.42232364 -18.54954734 17.76037611
v -29.99350250 -20.38809024 16.96750199
v -29.82857049 -20.27658876 17.24158203
v -29.56248045 -21.32470682 16.68363394
v -29.41294432 -21.21815998 16.96750199
v -29.66363847 -22.38273546 15.14878645
v -29.57347453 -22.31583484 15.46985110
v -29.47231650 -22.23902233 15.78308580
v -29.35796872 -22.15477787 16.09044665
v -33.91446590 -10.50158590 2.10454160
v -34.16955665 -9.63930450 2.10454160
v -33.64397407 -11.33661158 2.10454160
v -33.35369498 -12.16668133 2.10454160
v -33.03703114 -13.00170701 2.10454160
v -34.19155002 -9.55753606 2.10454160
v -32.71156371 -13.79956510 2.10454160
v -32.34432086 -14.63706940 2.10454160
v -31.98806688 -15.40023722 2.10454160
v -31.57244071 -16.23526290 2.10454160
v -31.18980199 -16.96126442 2.10454160
v -31.39211804 -17.07276590 2.35317111
v -30.51028669 -18.60406008 2.35317111
v -30.69720685 -18.71803887 2.61158928
v -30.92151105 -17.90779158 2.35317111
v -30.17382517 -19.55058724 2.61158928
v -33.54281604 -11.30192131 18.00313242
v -33.81110698 -10.46937425 18.00313242
v -34.06400204 -9.61204879 18.00313242
v -34.07939270 -9.55753606 18.00313242
v -34.32348937 -9.55753606 17.76037611
v -33.25253695 -12.12951504 18.00313242
v -32.93587312 -12.96206210 18.00313242
v -32.61260659 -13.75744157 18.00313242
v -32.24755943 -14.59246725 18.00313242
v -31.09524146 -16.91170894 18.00313242
v -31.47788018 -16.18570611 18.00313242
v -31.89130545 -15.35315905 18.00313242
v -29.48111489 -21.26771677 3.15974936
v -29.73400995 -20.21216545 2.61158928
v -29.15784836 -21.03480194 2.61158928
v -29.32498127 -21.15373667 2.88175385
v -28.38157684 -22.71228656 3.15974936
v -28.52231458 -22.82378934 3.44753288
v -29.01711062 -21.89708464 3.15974936
v -28.64986256 -22.92537764 3.74314798
v -28.76861215 -23.01953658 4.04659336
v -28.87416676 -23.10378104 4.35786968
v -28.96872729 -23.18059355 4.67501952
v -29.05009285 -23.24501686 4.99608451
v -29.11826864 -23.30200821 5.32302269
v -29.17544514 -23.34660776 5.65387601
v -29.22162235 -23.38129804 5.98864513
v -29.25240889 -23.40855375 6.32341424
v -29.27220136 -23.42342027 6.66209850
v -29.27440226 -23.42589758 13.24393129
v -29.26560387 -23.41846563 13.49060306
v -29.23921391 -23.39864187 13.82732991
v -29.20182988 -23.36643152 14.16209870
v -29.15125087 -23.32678661 14.49491008
v -29.08967778 -23.27722982 14.82380600
v -29.01490971 -23.21776114 15.14878645
v -29.23261642 -22.06061892 16.38997657
v -29.09627527 -21.95655070 16.68363394
v -30.62903628 -17.73930006 18.00313242
v -30.22000760 -18.42813399 18.00313242
v -29.65264440 -20.15765272 17.50587340
v -29.46791992 -20.03128473 17.76037611
v -29.90333855 -19.37466115 17.76037611
v -29.70541909 -19.24829315 18.00313242
v -29.25240889 -21.10170256 17.24158203
v -28.94893482 -21.84504922 16.96750199
v -28.79060552 -21.72611319 17.24158203
v -28.92694667 -23.14590588 15.46985110
v -28.82798955 -23.06661606 15.78308580
v -28.71583223 -22.97989167 16.09044665
v -28.59488696 -22.88077809 16.38997657
v -33.68135810 -10.42972934 1.86961623
v -33.41527328 -11.25732176 1.86961623
v -33.94085065 -9.55753606 1.86961623
v -33.12499419 -12.08243556 1.86961623
v -32.81052604 -12.91250531 1.86961623
v -32.48725951 -13.70540746 1.86961623
v -32.12441325 -14.53795582 1.86961623
v -31.77036017 -15.29369168 1.86961623
v -30.97649187 -16.84728563 1.86961623
v -31.35692969 -16.12376142 1.86961623
v -30.72359681 -17.79381279 2.10454160
v -30.31236723 -18.48264672 2.10454160
v -29.79558304 -19.30528320 2.10454160
v -29.98910069 -19.43165250 2.35317111
v -29.55368727 -20.08827478 2.35317111
v -33.30751777 -11.22263148 18.23414298
v -33.57360780 -10.39751768 18.23414298
v -33.82649764 -9.55753606 18.23022751
v -32.70496622 -12.87286039 18.23414298
v -33.01943958 -12.04279065 18.23414298
v -32.02105433 -14.49087765 18.23414298
v -32.38390058 -13.66080791 18.23414298
v -31.66920215 -15.24661221 18.23414298
v -30.87752953 -16.79277290 18.23414298
v -31.25797257 -16.07172601 18.23414298
v -30.41572616 -17.61540938 18.23414298
v -28.86317268 -21.78062592 2.88175385
v -28.97972658 -20.90595532 2.35317111
v -28.52451548 -21.52541000 2.35317111
v -28.69824067 -21.65673524 2.61158928
v -28.23203549 -22.59087190 2.88175385
v -27.75043964 -23.17811623 2.88175385
v -27.89777488 -23.30200821 3.15974936
v -28.03631693 -23.41598831 3.44753288
v -28.16166401 -23.52253385 3.74314798
v -28.27821791 -23.61916751 4.04659336
v -28.38157684 -23.70589189 4.35786968
v -28.47393647 -23.78270440 4.67501952
v -28.55530202 -23.84960502 4.99608451
v -28.62347260 -23.90659638 5.32302269
v -28.68064910 -23.95367324 5.65387601
v -28.72242972 -23.99084084 5.98864513
v -28.75541717 -24.01809916 6.32341424
v -28.77300873 -24.03296567 6.66209850
v -28.77960622 -24.03792031 7.00078308
v -28.77960622 -24.03792031 12.99921692
v -28.77741054 -24.03544299 13.24393129
v -28.76641124 -24.02800843 13.49060306
v -28.74222219 -24.00570996 13.82732991
v -28.70483816 -23.97597432 14.16209870
v -28.65646005 -23.93385209 14.49491008
v -28.59488696 -23.88181798 14.82380600
v -28.52011889 -23.82234931 15.14878645
v -28.43435153 -23.75049405 15.46985110
v -28.46074149 -22.77423255 16.68363394
v -30.00889316 -18.29681005 18.23414298
v -29.07868370 -20.97781189 17.50587340
v -28.89835581 -20.84648795 17.76037611
v -29.27220136 -19.89748217 18.00313242
v -28.70703906 -20.70772946 18.00313242
v -29.06768963 -19.75872368 18.23414298
v -29.49651077 -19.11201328 18.23414298
v -28.62127170 -21.59974519 17.50587340
v -28.31560194 -22.65777513 16.96750199
v -28.15946832 -22.53388315 17.24158203
v -27.99453631 -22.40255922 17.50587340
v -28.33759010 -23.66872430 15.78308580
v -28.22763890 -23.57704528 16.09044665
v -28.10668841 -23.47545438 16.38997657
v -27.97474384 -23.36643152 16.68363394
v -33.43946233 -10.35539415 1.64447887
v -33.17337230 -11.17803063 1.64447887
v -32.88748980 -11.99571118 1.64447887
v -33.69015649 -9.55753606 1.65622527
v -32.57302165 -12.82082628 1.64447887
v -32.25415692 -13.60629518 1.64447887
v -31.54165417 -15.18466622 1.64447887
v -31.89350635 -14.43141028 1.64447887
v -31.13262549 -16.00730270 1.64447887
v -30.75218245 -16.72587097 1.64447887
v -30.29257476 -17.54355282 1.64447887
v -30.51248237 -17.66992211 1.86961623
v -30.10565460 -18.35627742 1.86961623
v -29.59107131 -19.17395927 1.86961623
v -29.36236531 -19.95942816 2.10454160
v -33.06122020 -11.13838572 18.45144875
v -33.32731023 -10.32070518 18.45144875
v -32.77533770 -11.95606627 18.45144875
v -33.55381534 -9.55753606 18.45144875
v -33.57800439 -9.55753606 18.43187207
v -32.46527135 -12.77870275 18.45144875
v -31.78575084 -14.38433081 18.45144875
v -32.14420050 -13.56169432 18.45144875
v -31.43609956 -15.13263211 18.45144875
v -31.02707088 -15.95526859 18.45144875
v -30.64882874 -16.66888222 18.45144875
v -30.19141674 -17.48408414 18.45144875
v -29.78678465 -18.16300750 18.45144875
v -28.07150528 -22.46202528 2.61158928
v -28.79280120 -20.76967545 2.10454160
v -28.33979100 -21.38665281 2.10454160
v -27.71964788 -22.18451090 2.10454160
v -27.89997578 -22.32574672 2.35317111
v -27.59210512 -23.04679230 2.61158928
v -26.91258982 -23.83721583 2.61158928
v -27.06652254 -23.97349700 2.88175385
v -27.21166208 -24.09986630 3.15974936
v -27.34580755 -24.21880104 3.44753288
v -27.46895373 -24.32782650 3.74314798
v -27.58110583 -24.42941740 4.04659336
v -27.68226385 -24.51861650 4.35786968
v -27.77242780 -24.59790893 4.67501952
v -27.85159767 -24.66728687 4.99608451
v -27.91756734 -24.72675554 5.32302269
v -27.97254294 -24.77630973 5.65387601
v -28.01652446 -24.81347732 5.98864513
v -28.04731101 -24.84073564 6.32341424
v -28.06490779 -24.85560216 6.66209850
v -28.06710348 -24.86055680 13.24393129
v -28.05831030 -24.85064492 13.49060306
v -28.03412125 -24.83082376 13.82732991
v -27.99893290 -24.79861081 14.16209870
v -27.95055479 -24.75401126 14.49491008
v -27.88898170 -24.70197715 14.82380600
v -27.81861022 -24.63755384 15.14878645
v -27.73504376 -24.56321865 15.46985110
v -27.83400089 -23.24749678 16.96750199
v -28.44094902 -21.46346532 17.76037611
v -28.25402886 -21.32222950 18.00313242
v -28.05610940 -21.17108181 18.23414298
v -28.50472301 -20.56153771 18.23414298
v -28.85437429 -19.61253323 18.45144875
v -28.29580948 -20.41039132 18.45144875
v -29.27879885 -18.97077747 18.45144875
v -27.82080591 -22.26132341 17.76037611
v -27.68006817 -23.12112749 17.24158203
v -27.51953274 -22.98484631 17.50587340
v -27.63828233 -24.47897159 15.78308580
v -27.53272772 -24.38481525 16.09044665
v -27.41397813 -24.28074703 16.38997657
v -27.28643015 -24.16676693 16.68363394
v -27.14788809 -24.04535487 16.96750199
v -33.18656728 -10.27610432 1.43304564
v -32.92267814 -11.09378487 1.43304564
v -33.65716904 -9.55753606 1.63077474
v -33.39987740 -9.55753606 1.43304564
v -32.63899654 -11.90403216 1.43304564
v -32.32672408 -12.72419132 1.43304564
v -32.01006025 -13.50470558 1.43304564
v -31.30415499 -15.07068742 1.43304564
v -31.65160537 -14.32238482 1.43304564
v -30.89732200 -15.88836797 1.43304564
v -30.52128077 -16.59950297 1.43304564
v -30.06386876 -17.41222758 1.43304564
v -29.88794267 -18.22495349 1.64447887
v -29.37775597 -19.03520077 1.64447887
v -28.95113572 -19.67943385 1.64447887
v -29.16004926 -19.82314698 1.86961623
v -28.59708264 -20.62843964 1.86961623
v -32.80832514 -11.05413996 18.65896652
v -33.07001859 -10.24141535 18.65896652
v -33.32071275 -9.55753606 18.62372797
v -32.21457198 -12.67959047 18.65896652
v -32.52244264 -11.86190993 18.65896652
v -31.89790815 -13.45514879 18.65896652
v -31.53945327 -14.27282933 18.65896652
v -31.19419858 -15.01617469 18.65896652
v -30.41352525 -16.54003561 18.65896652
v -30.78737080 -15.83137922 18.65896652
v -29.55808386 -18.02424900 18.65896652
v -29.95831415 -17.35028289 18.65896652
v -27.42497221 -22.90555649 2.35317111
v -28.14627334 -21.24046106 1.86961623
v -27.53053203 -22.03088589 1.86961623
v -27.06212595 -22.60326110 1.86961623
v -27.24685043 -22.75936604 2.10454160
v -26.74985349 -23.69102538 2.35317111
v -26.41999468 -24.38233793 2.61158928
v -26.57173172 -24.52109642 2.88175385
v -26.71246946 -24.65242036 3.15974936
v -26.84441403 -24.77383241 3.44753288
v -26.96536452 -24.88533519 3.74314798
v -27.07532093 -24.98692609 4.04659336
v -27.17647895 -25.08108243 4.35786968
v -27.26444200 -25.16285218 4.67501952
v -27.34141096 -25.23223013 4.99608451
v -27.40738064 -25.29417612 5.32302269
v -27.46016055 -25.34373291 5.65387601
v -27.50194117 -25.38090050 5.98864513
v -27.53272772 -25.40815622 6.32341424
v -27.55031928 -25.42550005 6.66209850
v -27.55691677 -25.43045469 7.00078308
v -27.55691677 -25.43045469 12.99921692
v -27.55252019 -25.42797737 13.24393129
v -27.54372180 -25.42054541 13.49060306
v -27.51953274 -25.39824434 13.82732991
v -27.48434961 -25.36603138 14.16209870
v -27.43816718 -25.32143183 14.49491008
v -27.37879500 -25.26692040 14.82380600
v -27.30842352 -25.20249709 15.14878645
v -27.22485706 -25.12568459 15.46985110
v -27.13249743 -25.03896020 15.78308580
v -26.99835196 -23.91402833 17.24158203
v -27.63608664 -22.11513035 18.00313242
v -27.44256377 -21.96150795 18.23414298
v -27.24025294 -21.80044837 18.45144875
v -27.84939677 -21.01497948 18.45144875
v -28.07590187 -20.25428899 18.65896652
v -28.63007009 -19.46138553 18.65896652
v -29.05449465 -18.82458571 18.65896652
v -27.63388574 -20.85392121 18.65896652
v -27.34580755 -22.84113318 17.76037611
v -27.16547966 -22.68998548 18.00313242
v -26.84001744 -23.77279252 17.50587340
v -26.67288974 -23.62412475 17.76037611
v -27.02693760 -24.94232394 16.09044665
v -26.91258982 -24.83577840 16.38997657
v -26.78723752 -24.72179830 16.68363394
v -26.65089637 -24.59542900 16.96750199
v -32.92487383 -10.19681450 1.23335946
v -32.66318560 -11.00458317 1.23335946
v -33.11399490 -9.55753606 1.23335946
v -32.37950400 -11.80987582 1.23335946
v -32.07163334 -12.62260042 1.23335946
v -31.75716519 -13.39815874 1.23335946
v -31.40091121 -14.21088334 1.23335946
v -31.05565652 -14.95175138 1.23335946
v -30.65322533 -15.76199867 1.23335946
v -30.27937979 -16.46817774 1.23335946
v -29.82636958 -17.27347039 1.23335946
v -29.42833498 -17.94495918 1.23335946
v -29.66143757 -18.08619499 1.43304564
v -29.15565267 -18.89148764 1.43304564
v -28.17705989 -20.32614555 1.43304564
v -28.39037001 -20.47976926 1.64447887
v -28.73122811 -19.53076478 1.43304564
v -32.54223511 -10.96493825 18.85082241
v -32.80392855 -10.15716959 18.85082241
v -32.26075441 -11.76775228 18.85082241
v -32.98205033 -9.55753606 18.85082241
v -33.27232942 -9.55753606 18.65896652
v -31.64061129 -13.34860194 18.85082241
v -31.95507944 -12.57799957 18.85082241
v -31.28655821 -14.15884923 18.85082241
v -30.94130352 -14.89476264 18.85082241
v -30.53887233 -15.70500992 18.85082241
v -30.16722769 -16.40623305 18.85082241
v -29.71641839 -17.21152440 18.85082241
v -29.32057947 -17.87805855 18.85082241
v -27.33261257 -21.87230494 1.64447887
v -27.94175640 -21.08683605 1.64447887
v -26.86640739 -22.43972681 1.64447887
v -26.20448366 -23.21032919 1.64447887
v -26.39580563 -23.37634340 1.86961623
v -26.57612830 -23.53740036 2.10454160
v -26.09013066 -24.07756522 2.10454160
v -26.25945926 -24.23366755 2.35317111
v -25.68769947 -25.15294030 2.61158928
v -25.83503991 -25.29665343 2.88175385
v -25.97358197 -25.43045469 3.15974936
v -26.10112473 -25.55682398 3.44753288
v -26.21987954 -25.67080408 3.74314798
v -26.32762983 -25.77734962 4.04659336
v -26.42439127 -25.87150857 4.35786968
v -26.51015341 -25.95575303 4.67501952
v -26.58492669 -26.02761090 4.99608451
v -26.64869547 -26.09203421 5.32302269
v -26.69927448 -26.14159100 5.65387601
v -26.74106032 -26.18123591 5.98864513
v -26.76964596 -26.21096894 6.32341424
v -26.78723752 -26.22831538 6.66209850
v -26.79163933 -26.23079270 13.24393129
v -26.78064525 -26.22088082 13.49060306
v -26.75865188 -26.19857974 13.82732991
v -26.72346875 -26.16636939 14.16209870
v -26.67728633 -26.12176724 14.49491008
v -26.62010983 -26.06477849 14.82380600
v -26.55193925 -25.99787787 15.14878645
v -26.47276938 -25.91858543 15.46985110
v -26.38040975 -25.82938373 15.78308580
v -26.27925172 -25.73027276 16.09044665
v -26.50356114 -24.46162775 17.24158203
v -26.34962320 -24.31791462 17.50587340
v -26.97416291 -22.53140584 18.23414298
v -26.77624345 -22.36539163 18.45144875
v -27.02913851 -21.63195685 18.65896652
v -26.56953081 -22.19442278 18.65896652
v -27.85159767 -20.09075209 18.85082241
v -28.40136409 -19.30528320 18.85082241
v -28.81919116 -18.67343932 18.85082241
v -27.41177723 -20.68542838 18.85082241
v -26.81143180 -21.45850938 18.85082241
v -26.49696365 -23.46802242 18.00313242
v -26.18469119 -24.16428961 17.76037611
v -26.16709962 -25.62124729 16.38997657
v -26.04394823 -25.49983524 16.68363394
v -25.91200367 -25.37098862 16.96750199
v -25.77126592 -25.23223013 17.24158203
v -32.65438721 -10.11256874 1.04933385
v -32.39489987 -10.91538277 1.04933385
v -32.81712353 -9.55753606 1.04933385
v -32.11341396 -11.71323955 1.04933385
v -31.80774420 -12.51853220 1.04933385
v -31.49547175 -13.28665726 1.04933385
v -31.14361957 -14.09442592 1.04933385
v -30.80056578 -14.82786071 1.04933385
v -30.40033028 -15.63315205 1.04933385
v -30.03088653 -16.33189786 1.04933385
v -29.58007202 -17.13223457 1.04933385
v -28.92694667 -18.74281727 1.23335946
v -29.18643922 -17.79629011 1.04933385
v -28.50472301 -19.37713977 1.23335946
v -27.95275569 -20.16508728 1.23335946
v -27.51293525 -20.76224089 1.23335946
v -27.73064718 -20.92825510 1.43304564
v -32.26954758 -10.87325923 19.02897418
v -32.52904013 -10.07292252 19.02897418
v -32.68297806 -9.55753606 19.02897418
v -31.99026778 -11.66864000 19.02897418
v -31.37452126 -13.23710047 19.02897418
v -31.02486998 -14.03991319 19.02897418
v -31.68679371 -12.47145273 19.02897418
v -30.68401188 -14.77087066 19.02897418
v -29.91433263 -16.26995318 19.02897418
v -30.28378159 -15.57120737 19.02897418
v -29.07428712 -17.72938948 19.02897418
v -29.46791992 -17.06533264 19.02897418
v -28.57949108 -18.51733569 19.02897418
v -27.12589994 -21.70876935 1.43304564
v -26.66409135 -22.27123529 1.43304564
v -26.00656420 -23.03440310 1.43304564
v -25.72508350 -23.74058217 1.64447887
v -25.90980798 -23.91155101 1.86961623
v -25.19290343 -24.66728687 1.86961623
v -25.36663383 -24.83825572 2.10454160
v -25.53156585 -24.99931529 2.35317111
v -25.18190935 -25.65841489 2.61158928
v -25.32704890 -25.80460533 2.88175385
v -25.46119437 -25.94336383 3.15974936
v -25.58654144 -26.07221045 3.44753288
v -25.70309535 -26.18866786 3.74314798
v -25.80864996 -26.29521601 4.04659336
v -25.90321049 -26.39184967 4.35786968
v -25.98677695 -26.47857405 4.67501952
v -26.05934411 -26.55290924 4.99608451
v -26.12311810 -26.61733255 5.32302269
v -26.17369711 -26.66936666 5.65387601
v -26.21328205 -26.70901157 5.98864513
v -26.24186769 -26.73874460 6.32341424
v -26.25945926 -26.75608844 6.66209850
v -26.26605675 -26.76352300 7.00078308
v -26.26605675 -26.76352300 12.99921692
v -26.26166016 -26.75856836 13.24393129
v -26.25286177 -26.75113380 13.49060306
v -26.23087361 -26.72635540 13.82732991
v -26.19788617 -26.69414505 14.16209870
v -26.15170375 -26.64706558 14.49491008
v -26.09672815 -26.59007683 14.82380600
v -26.02855757 -26.52069628 15.14878645
v -25.94938770 -26.44140646 15.46985110
v -25.86142465 -26.34972744 15.78308580
v -25.76246753 -26.24813654 16.09044665
v -25.61952889 -25.08355975 17.50587340
v -25.45899346 -24.92745742 17.76037611
v -26.31003827 -23.30200821 18.23414298
v -26.11652061 -23.13103676 18.45144875
v -25.91640547 -22.95263596 18.65896652
v -26.35622069 -22.01601937 18.85082241
v -27.61849508 -19.92226057 19.02897418
v -28.16386491 -19.14422493 19.02897418
v -27.18307644 -20.51198222 19.02897418
v -26.13411218 -21.83266003 19.02897418
v -26.58712238 -21.27762865 19.02897418
v -26.01096600 -24.00323004 18.00313242
v -25.82844242 -23.83721583 18.23414298
v -25.65251634 -26.13663375 16.38997657
v -25.53156585 -26.01522170 16.68363394
v -25.40181696 -25.88141784 16.96750199
v -25.26327491 -25.74018463 17.24158203
v -32.37510741 -10.02584435 0.87705528
v -32.70496622 -9.55753606 0.98472930
v -31.83853075 -11.61412727 0.87705528
v -32.11781576 -10.82122512 0.87705528
v -31.53725758 -12.41198666 0.87705528
v -31.22718602 -13.17267716 0.87705528
v -30.87752953 -13.97301257 0.87705528
v -30.53667665 -14.70149271 0.87705528
v -30.14083773 -15.49935080 0.87705528
v -29.32717696 -16.98604282 0.87705528
v -29.77359489 -16.19314067 0.87705528
v -28.68724659 -18.58919226 1.04933385
v -28.27162042 -19.21855882 1.04933385
v -28.93574506 -17.64514372 0.87705528
v -28.44314992 -18.43061261 0.87705528
v -27.72404969 -19.99907307 1.04933385
v -27.28643015 -20.59127204 1.04933385
v -26.69048131 -21.35939579 1.04933385
v -26.91038892 -21.53532188 1.23335946
v -31.99026778 -10.77910159 19.19538019
v -32.24535853 -9.98619944 19.19538019
v -32.55323440 -9.55753606 19.09945192
v -31.71318367 -11.56704910 19.19538019
v -31.10183895 -13.12064305 19.19538019
v -31.41191050 -12.36242987 19.19538019
v -30.75438336 -13.91850114 19.19538019
v -30.41572616 -14.64202404 19.19538019
v -30.01989245 -15.43740481 19.19538019
v -29.21282917 -16.91914089 19.19538019
v -29.65484008 -16.12871736 19.19538019
v -28.82139206 -17.57328585 19.19538019
v -28.33099782 -18.35627742 19.19538019
v -26.45298213 -22.09778652 1.23335946
v -25.80205247 -22.85104506 1.23335946
v -25.32924980 -23.37634340 1.23335946
v -25.52936494 -23.56217876 1.43304564
v -24.82566059 -24.30552542 1.43304564
v -25.01478165 -24.48888347 1.64447887
v -24.70031351 -25.16532950 1.86961623
v -24.86964211 -25.33877566 2.10454160
v -25.02797663 -25.50231256 2.35317111
v -24.25389558 -26.24318190 2.35317111
v -24.40123603 -26.40423886 2.61158928
v -24.54197899 -26.55538656 2.88175385
v -24.67172265 -26.69662237 3.15974936
v -24.79487404 -26.82794631 3.44753288
v -24.90482524 -26.94936097 3.74314798
v -25.00818416 -27.06086114 4.04659336
v -25.09834290 -27.15997472 4.35786968
v -25.17971367 -27.24669911 4.67501952
v -25.25007993 -27.32351162 4.99608451
v -25.31165823 -27.39041224 5.32302269
v -25.36003634 -27.44492367 5.65387601
v -25.39962128 -27.48704590 5.98864513
v -25.42820692 -27.51678154 6.32341424
v -25.44360280 -27.53412537 6.66209850
v -25.44579849 -27.53660269 13.24393129
v -25.43700531 -27.52669081 13.49060306
v -25.41501194 -27.50439234 13.82732991
v -25.38422540 -27.46970206 14.16209870
v -25.34024388 -27.42014527 14.49491008
v -25.28526828 -27.36315653 14.82380600
v -25.21929339 -27.29129866 15.14878645
v -25.14452532 -27.20953152 15.46985110
v -25.05656227 -27.11537257 15.78308580
v -24.96420264 -27.01130435 16.09044665
v -25.11373878 -25.58903694 17.50587340
v -24.95980084 -25.43045469 17.76037611
v -24.79487404 -25.26196316 18.00313242
v -25.28966486 -24.76144321 18.00313242
v -25.63712046 -23.66129234 18.45144875
v -25.43920100 -23.47793430 18.65896652
v -25.23468927 -23.28961901 18.85082241
v -25.70749193 -22.76679799 18.85082241
v -25.49198091 -22.57600538 19.02897418
v -26.94557205 -20.33357881 19.19538019
v -27.37659410 -19.74881310 19.19538019
v -27.91756734 -18.97821072 19.19538019
v -26.35622069 -21.09179199 19.19538019
v -25.90760708 -21.64186742 19.19538019
v -25.26987240 -22.38025814 19.19538019
v -25.11373878 -24.58799705 18.23414298
v -24.93121520 -24.40711632 18.45144875
v -24.85644713 -26.89732686 16.38997657
v -24.73989323 -26.77095756 16.68363394
v -24.61454615 -26.63467638 16.96750199
v -24.48040590 -26.48848593 17.24158203
v -32.08702922 -9.93664265 0.72043793
v -32.51364946 -9.55753606 0.87705528
v -31.55705005 -11.51005905 0.72043793
v -31.25797257 -12.30296120 0.72043793
v -31.83193326 -10.72459016 0.72043793
v -30.95010191 -13.05621974 0.72043793
v -30.60264632 -13.84912189 0.72043793
v -30.26618481 -14.57016747 0.72043793
v -29.50970054 -16.04942754 0.72043793
v -29.87255201 -15.36059231 0.72043793
v -29.06768963 -16.83489643 0.72043793
v -28.68064910 -17.48904008 0.72043793
v -28.02971944 -19.05254461 0.87705528
v -27.48655051 -19.82810292 0.87705528
v -28.19025487 -18.26707572 0.72043793
v -27.78122619 -18.88405308 0.72043793
v -27.05332756 -20.41534595 0.87705528
v -26.46177530 -21.17603775 0.87705528
v -26.01096600 -21.72859181 0.87705528
v -26.23527020 -21.91442847 1.04933385
v -31.70218438 -10.68246663 19.34612369
v -31.95728034 -9.89699773 19.34612369
v -32.37290651 -9.55753606 19.19538019
v -31.42730117 -11.46298088 19.34612369
v -31.12822890 -12.25340441 19.34612369
v -30.82255393 -13.00418563 19.34612369
v -30.14303863 -14.51070011 19.34612369
v -30.47729924 -13.79213184 19.34612369
v -29.75160152 -15.29864632 19.34612369
v -28.94893482 -16.76551718 19.34612369
v -29.38875526 -15.98252561 19.34612369
v -28.56189951 -17.41718352 19.34612369
v -28.07590187 -18.19026321 19.34612369
v -27.66687319 -18.80724058 19.34612369
v -25.58874235 -22.66272977 1.04933385
v -25.12033626 -23.18307348 1.04933385
v -24.42762598 -23.91402833 1.04933385
v -24.62994203 -24.11225550 1.23335946
v -24.14394438 -24.59790893 1.23335946
v -24.33526635 -24.79365617 1.43304564
v -24.52218652 -24.98196885 1.64447887
v -23.93282995 -25.89628696 1.86961623
v -24.09556627 -26.07469037 2.10454160
v -23.73931229 -26.70901157 2.35317111
v -23.88445184 -26.87254846 2.61158928
v -24.02299389 -27.02617347 2.88175385
v -24.15054187 -27.16988660 3.15974936
v -24.26929146 -27.30368786 3.44753288
v -24.37924787 -27.42757984 3.74314798
v -24.47820500 -27.53908001 4.04659336
v -24.56836894 -27.64067091 4.35786968
v -24.64753360 -27.72987261 4.67501952
v -24.71790507 -27.80916244 4.99608451
v -24.77727726 -27.87606567 5.32302269
v -24.82566059 -27.93057710 5.65387601
v -24.86304462 -27.97269933 5.98864513
v -24.89163026 -28.00491229 6.32341424
v -24.90702614 -28.02225612 6.66209850
v -24.91362363 -28.02721336 7.00078308
v -24.91362363 -28.02721336 12.99921692
v -24.90922183 -28.02473344 13.24393129
v -24.90042865 -28.01482156 13.49060306
v -24.88063619 -27.99252309 13.82732991
v -24.84764874 -27.95535550 14.16209870
v -24.80586812 -27.90827602 14.49491008
v -24.75089252 -27.84633003 14.82380600
v -24.68711853 -27.77447477 15.14878645
v -24.61454615 -27.69270502 15.46985110
v -24.52878401 -27.59607136 15.78308580
v -24.43422347 -27.48952582 16.09044665
v -24.33086455 -27.37306580 16.38997657
v -24.33526635 -26.33238360 17.50587340
v -24.18352932 -26.16884671 17.76037611
v -24.62114364 -25.08355975 18.23414298
v -24.02299389 -25.99539794 18.00313242
v -23.85586619 -25.81203990 18.23414298
v -24.73769754 -24.21880104 18.65896652
v -25.02577573 -23.09387177 19.02897418
v -24.53977808 -24.02305380 18.85082241
v -26.70367628 -20.15269808 19.34612369
v -27.13029653 -19.57288831 19.34612369
v -26.11872151 -20.90347670 19.34612369
v -25.67450449 -21.44612018 19.34612369
v -25.04336730 -22.18203358 19.34612369
v -24.80806902 -22.89316729 19.19538019
v -24.43862006 -24.90020171 18.45144875
v -24.21651155 -27.24421918 16.68363394
v -24.09336537 -27.10546330 16.96750199
v -23.96142080 -26.95927024 17.24158203
v -23.82067785 -26.80069059 17.50587340
v -31.54165417 -10.62795520 0.57752537
v -32.19918132 -9.55753606 0.72043793
v -32.00785935 -9.55753606 0.63429898
v -31.79454923 -9.84496363 0.57752537
v -31.26896665 -11.40599083 0.57752537
v -30.96989438 -12.18898110 0.57752537
v -30.66642031 -12.93728370 0.57752537
v -30.32336131 -13.72275390 0.57752537
v -29.59986448 -15.21935649 0.57752537
v -29.98910069 -14.43636492 0.57752537
v -29.23921391 -15.90075716 0.57752537
v -28.80159959 -16.68127142 0.57752537
v -28.41675997 -17.32798181 0.57752537
v -27.93296322 -18.09858419 0.57752537
v -27.24244863 -19.65217814 0.72043793
v -26.81362748 -20.23446523 0.72043793
v -26.99395537 -19.47129741 0.57752537
v -27.52613023 -18.71060561 0.57752537
v -25.78005910 -21.53532188 0.72043793
v -26.22647181 -20.98772377 0.72043793
v -25.14452532 -22.27123529 0.72043793
v -25.37103042 -22.46945985 0.87705528
v -31.40750870 -10.58335435 19.48120598
v -31.13702208 -11.35643404 19.48120598
v -31.66040376 -9.80284009 19.48120598
v -31.73297614 -9.55753606 19.48120598
v -32.05623746 -9.55753606 19.34612369
v -30.84014550 -12.13942561 19.48120598
v -30.53667665 -12.88277097 19.48120598
v -30.19581854 -13.66328523 19.48120598
v -29.86375362 -14.37689755 19.48120598
v -29.47451741 -15.15741050 19.48120598
v -29.11606774 -15.83385654 19.48120598
v -28.68064910 -16.60941355 19.48120598
v -28.29801038 -17.25364663 19.48120598
v -27.81421363 -18.02177168 19.48120598
v -26.87960237 -19.38952897 19.48120598
v -27.40958154 -18.63131579 19.48120598
v -24.90702614 -22.98484631 0.87705528
v -24.21871245 -23.71084914 0.87705528
v -23.94602492 -24.39720444 1.04933385
v -23.39405760 -25.31399727 1.23335946
v -23.58097777 -25.51470175 1.43304564
v -23.75910476 -25.70797168 1.64447887
v -23.25551555 -26.16388947 1.64447887
v -23.42484415 -26.35468207 1.86961623
v -23.58537957 -26.53556280 2.10454160
v -22.91245654 -27.42262259 2.35317111
v -23.05099860 -27.59111673 2.61158928
v -23.18294317 -27.74721906 2.88175385
v -23.30829546 -27.89588682 3.15974936
v -23.42264324 -28.03464532 3.44753288
v -23.52820307 -28.16101462 3.74314798
v -23.62495929 -28.27499472 4.04659336
v -23.71072665 -28.37906294 4.35786968
v -23.78769040 -28.47074196 4.67501952
v -23.85586619 -28.55250910 4.99608451
v -23.91304269 -28.62188965 5.32302269
v -23.95921990 -28.67640108 5.65387601
v -23.99660394 -28.72100063 5.98864513
v -24.02299389 -28.75321358 6.32341424
v -24.03838977 -28.77055742 6.66209850
v -24.04058546 -28.77303734 13.24393129
v -24.03179228 -28.76312546 13.49060306
v -24.01199982 -28.74082439 13.82732991
v -23.98121327 -28.70365679 14.16209870
v -23.93942744 -28.65410000 14.49491008
v -23.88884842 -28.59215401 14.82380600
v -23.82727534 -28.51782143 15.14878645
v -23.75470817 -28.43109705 15.46985110
v -23.67334262 -28.33446078 15.78308580
v -23.58317867 -28.22543792 16.09044665
v -23.48202065 -28.10402326 16.38997657
v -23.37206423 -27.97269933 16.68363394
v -23.67114171 -26.63219906 17.76037611
v -23.51500809 -26.45627297 18.00313242
v -23.35007608 -26.27043761 18.23414298
v -23.17854658 -26.07716769 18.45144875
v -23.67994010 -25.62124729 18.45144875
v -24.24949899 -24.70693178 18.65896652
v -24.05598134 -24.50870723 18.85082241
v -24.33306545 -23.82234931 19.02897418
v -24.12195101 -23.61669019 19.19538019
v -26.45517781 -19.96438280 19.48120598
v -25.87682053 -20.71020678 19.48120598
v -25.43700531 -21.24789432 19.48120598
v -24.81246561 -21.97637446 19.48120598
v -24.58596051 -22.68750817 19.34612369
v -23.49741653 -25.42550005 18.65896652
v -23.25331464 -27.83146352 16.96750199
v -23.12577188 -27.67783850 17.24158203
v -22.98942551 -27.51678154 17.50587340
v -22.84648687 -27.34333277 17.76037611
v -31.49327606 -9.75328460 0.45027401
v -31.24258190 -10.52636430 0.45027401
v -30.97429097 -11.29696667 0.45027401
v -31.88031137 -9.55753606 0.57752537
v -31.55264825 -9.55753606 0.45027401
v -30.67961529 -12.07500231 0.45027401
v -30.37614122 -12.81587034 0.45027401
v -30.03748402 -13.59390598 0.45027401
v -29.32057947 -15.07564336 0.45027401
v -28.96433070 -15.75208809 0.45027401
v -29.70541909 -14.30008505 0.45027401
v -28.53111297 -16.52269047 0.45027401
v -28.14846903 -17.16444623 0.45027401
v -27.66907409 -17.92761534 0.45027401
v -27.26663768 -18.53468083 0.45027401
v -26.56732991 -20.04862987 0.57752537
v -25.98677695 -20.79693116 0.57752537
v -26.73885942 -19.28793807 0.45027401
v -26.31663576 -19.86031458 0.45027401
v -25.54476082 -21.33709602 0.57752537
v -24.91802022 -22.07053080 0.57752537
v -24.68711853 -22.78166451 0.72043793
v -31.10843644 -10.48176344 19.60062705
v -30.83794981 -11.24740988 19.60062705
v -30.54546982 -12.02296820 19.60062705
v -31.35692969 -9.71116107 19.60062705
v -31.40311211 -9.55753606 19.60062705
v -31.47348359 -9.55753606 19.57517652
v -29.90553945 -13.53443861 19.60062705
v -30.24419665 -12.75888160 19.60062705
v -29.57787633 -14.23814036 19.60062705
v -29.19303671 -15.01122005 19.60062705
v -28.40576589 -16.45083390 19.60062705
v -28.83678272 -15.68270884 19.60062705
v -28.02752376 -17.09011104 19.60062705
v -27.14788809 -18.45539100 19.60062705
v -27.54812360 -17.85080284 19.60062705
v -26.62231073 -19.20369230 19.60062705
v -26.20228276 -19.77359150 19.60062705
v -24.00320143 -23.50023277 0.72043793
v -23.53039876 -23.97349700 0.72043793
v -23.74151319 -24.18659069 0.87705528
v -23.00262049 -24.89028983 0.87705528
v -23.20053995 -25.10586083 1.04933385
v -22.89926156 -25.76248311 1.23335946
v -23.08178514 -25.96814223 1.43304564
v -22.44405568 -26.86511390 1.64447887
v -22.60678679 -27.05838382 1.86961623
v -22.76292041 -27.24421918 2.10454160
v -22.24613622 -27.67040655 2.10454160
v -22.39127576 -27.84880996 2.35317111
v -22.52761692 -28.01977880 2.61158928
v -22.65736580 -28.18083577 2.88175385
v -22.77831629 -28.32950614 3.15974936
v -22.89046839 -28.47074196 3.44753288
v -22.99382210 -28.59958857 3.74314798
v -23.08618695 -28.71604599 4.04659336
v -23.17194909 -28.82259153 4.35786968
v -23.24671715 -28.91427055 4.67501952
v -23.31269205 -28.99604030 4.99608451
v -23.36986855 -29.06541824 5.32302269
v -23.41385007 -29.12240699 5.65387601
v -23.45123410 -29.16700915 5.98864513
v -23.47542316 -29.19921950 6.32341424
v -23.49081904 -29.21904325 6.66209850
v -23.49741653 -29.22647782 7.00078308
v -23.49741653 -29.22647782 12.99921692
v -23.49301472 -29.22152057 13.24393129
v -23.48641723 -29.21161130 13.49060306
v -23.46662477 -29.18683290 13.82732991
v -23.43583822 -29.14966531 14.16209870
v -23.39625850 -29.10010852 14.49491008
v -23.34567949 -29.03568521 14.82380600
v -23.28410119 -28.96135002 15.14878645
v -23.21373492 -28.87462564 15.46985110
v -23.13456506 -28.77551466 15.78308580
v -23.04660201 -28.66401188 16.09044665
v -22.94764489 -28.54259983 16.38997657
v -22.83988938 -28.40879597 16.68363394
v -22.69474983 -27.16245204 18.00313242
v -22.53641531 -26.97165944 18.23414298
v -23.00041959 -25.87646320 18.65896652
v -22.36928761 -26.77343488 18.45144875
v -22.19775811 -26.56777576 18.65896652
v -23.85366529 -24.30304810 19.02897418
v -23.30829546 -25.21984093 18.85082241
v -23.11257690 -25.00922717 19.02897418
v -23.64695266 -24.09243174 19.19538019
v -23.90424430 -23.40359911 19.34612369
v -25.63052297 -20.51198222 19.60062705
v -24.57496643 -21.76575940 19.60062705
v -25.19290343 -21.04471251 19.60062705
v -24.35725451 -22.47689441 19.48120598
v -22.72333547 -28.26508284 16.96750199
v -22.60018930 -28.10898051 17.24158203
v -22.46604383 -27.94544362 17.50587340
v -22.32530609 -27.76951753 17.76037611
v -22.17796564 -27.58615948 18.00313242
v -31.18760109 -9.65912696 0.33868387
v -30.94130352 -10.42477340 0.33868387
v -30.67301780 -11.18794251 0.33868387
v -31.21838763 -9.55753606 0.33868387
v -30.38053781 -11.95854489 0.33868387
v -30.08146554 -12.68950105 0.33868387
v -29.41734090 -14.16132785 0.33868387
v -29.74500403 -13.46010342 0.33868387
v -29.03690308 -14.92945161 0.33868387
v -28.68285000 -15.59846308 0.33868387
v -28.25402886 -16.36410952 0.33868387
v -27.87578672 -16.99843202 0.33868387
v -27.00274855 -18.35627742 0.33868387
v -27.40078315 -17.75416657 0.33868387
v -25.74267507 -20.60118262 0.45027401
v -26.47936687 -19.10210140 0.33868387
v -26.06154501 -19.66704465 0.33868387
v -24.68271673 -21.86239436 0.45027401
v -25.30285984 -21.13639284 0.45027401
v -24.22970653 -22.36043699 0.45027401
v -24.46061343 -22.57105075 0.57752537
v -23.78329381 -23.28466177 0.57752537
v -30.53667665 -11.13838572 19.70634334
v -30.80276147 -10.37769523 19.70634334
v -31.04905903 -9.61452611 19.70634334
v -29.94732007 -12.63498962 19.70634334
v -30.24639755 -11.90403216 19.70634334
v -31.06665060 -9.55753606 19.70634334
v -29.61305946 -13.40063605 19.70634334
v -28.90715420 -14.86502830 19.70634334
v -29.28759724 -14.09938186 19.70634334
v -28.55530202 -15.52908383 19.70634334
v -28.12868178 -16.28977433 19.70634334
v -27.75263533 -16.92161951 19.70634334
v -26.88179806 -18.27451028 19.70634334
v -27.27763698 -17.67487675 19.70634334
v -25.94499111 -19.58032157 19.70634334
v -26.36061728 -19.01537832 19.70634334
v -23.31489295 -23.75297137 0.57752537
v -22.58919522 -24.44428392 0.57752537
v -22.79810876 -24.66976419 0.72043793
v -22.51662284 -25.33134371 0.87705528
v -22.71014050 -25.54939203 1.04933385
v -21.91847309 -26.23327002 1.04933385
v -22.09879577 -26.45131834 1.23335946
v -22.27472708 -26.66193210 1.43304564
v -21.76893696 -27.07572766 1.43304564
v -21.93386897 -27.28138678 1.64447887
v -22.09439918 -27.47961394 1.86961623
v -21.22796372 -28.15358005 1.86961623
v -21.37310326 -28.34932730 2.10454160
v -21.51164532 -28.53268795 2.35317111
v -21.64358988 -28.70861143 2.61158928
v -21.76893696 -28.87214832 2.88175385
v -21.88328996 -29.02577333 3.15974936
v -21.99104548 -29.16948646 3.44753288
v -22.09220350 -29.30081040 3.74314798
v -22.18236223 -29.41974774 4.04659336
v -22.26372778 -29.52877060 4.35786968
v -22.33630016 -29.62540686 4.67501952
v -22.40007415 -29.70965132 4.99608451
v -22.45284885 -29.77903187 5.32302269
v -22.49683037 -29.83849794 5.65387601
v -22.53201872 -29.88310009 5.98864513
v -22.55620778 -29.91778776 6.32341424
v -22.57159844 -29.93513420 6.66209850
v -22.57379934 -29.94008884 13.24393129
v -22.56500095 -29.93017957 13.49060306
v -22.54521370 -29.90292124 13.82732991
v -22.51662284 -29.86575365 14.16209870
v -22.47703791 -29.81371954 14.49491008
v -22.42865980 -29.74929623 14.82380600
v -22.37148330 -29.67248373 15.14878645
v -22.30551362 -29.58328202 15.46985110
v -22.22854465 -29.48169112 15.78308580
v -22.14278251 -29.36771363 16.09044665
v -22.04821676 -29.24382165 16.38997657
v -21.94486305 -29.10506316 16.68363394
v -21.83271095 -28.95887271 16.96750199
v -22.02402771 -27.39288956 18.23414298
v -22.81349942 -25.66832677 18.85082241
v -21.86129659 -27.18970776 18.45144875
v -21.69196799 -26.98157132 18.65896652
v -21.51824281 -26.76352300 18.85082241
v -22.01743022 -26.35220475 18.85082241
v -22.62437835 -25.45275576 19.02897418
v -22.91245654 -24.79117885 19.19538019
v -23.43364254 -23.87438342 19.34612369
v -22.70574391 -24.56817329 19.34612369
v -23.68213579 -23.18555079 19.48120598
v -23.21593061 -23.65385778 19.48120598
v -24.94880676 -20.83905339 19.70634334
v -25.37762791 -20.30880041 19.70634334
v -24.33306545 -21.55266572 19.70634334
v -24.12415192 -22.26132341 19.60062705
v -23.88884842 -22.04575241 19.70634334
v -23.45783159 -22.96502516 19.60062705
v -21.71396136 -28.80029306 17.24158203
v -21.58641338 -28.62932160 17.50587340
v -21.45006701 -28.45091820 17.76037611
v -21.30932927 -28.26260552 18.00313242
v -30.87973043 -9.55753606 0.24275625
v -30.63343287 -10.32070518 0.24275625
v -30.36734283 -11.07644103 0.24275625
v -30.07926464 -11.83960885 0.24275625
v -29.78238806 -12.56561168 0.24275625
v -29.45032835 -13.32630217 0.24275625
v -29.12486613 -14.02009204 0.24275625
v -28.74662399 -14.78325985 0.24275625
v -28.39696750 -15.44483807 0.24275625
v -27.59870261 -16.82994049 0.24275625
v -27.97254294 -16.20057393 0.24275625
v -27.12809563 -17.57824179 0.24275625
v -26.73226193 -18.17291938 0.24275625
v -26.21547773 -18.91130880 0.24275625
v -25.49198091 -20.40047944 0.33868387
v -25.05876318 -20.93073372 0.33868387
v -25.80205247 -19.47129741 0.24275625
v -25.23908585 -20.19729894 0.24275625
v -24.44301665 -21.64930068 0.33868387
v -23.99440825 -22.14486599 0.33868387
v -23.55898961 -23.06413613 0.45027401
v -23.09498012 -23.52996841 0.45027401
v -30.22880077 -11.02688424 19.79444068
v -30.49268991 -10.27362701 19.79444068
v -30.72579771 -9.55753606 19.79444068
v -29.64604691 -12.50614300 19.79444068
v -29.31618288 -13.26683350 19.79444068
v -29.94072258 -11.78509742 19.79444068
v -28.61467421 -14.71388191 19.79444068
v -28.99291635 -13.95814605 19.79444068
v -28.26722383 -15.37298150 19.79444068
v -27.84500018 -16.12623874 19.79444068
v -27.47335553 -16.75312798 19.79444068
v -27.00494945 -17.49647334 19.79444068
v -26.61131144 -18.08867231 19.79444068
v -26.09672815 -18.82458571 19.79444068
v -25.12253717 -20.10561861 19.79444068
v -25.68549857 -19.38209571 19.79444068
v -22.37808079 -24.21384640 0.45027401
v -22.11199075 -24.87790063 0.57752537
v -22.31650770 -25.10586083 0.72043793
v -21.53803006 -25.77734962 0.72043793
v -21.72935203 -26.00778714 0.87705528
v -21.23675689 -26.41415074 0.87705528
v -21.41928047 -26.64211094 1.04933385
v -21.59740746 -26.86263658 1.23335946
v -20.75075924 -27.52173617 1.23335946
v -20.91569126 -27.73978449 1.43304564
v -21.07402578 -27.95287818 1.64447887
v -20.70897862 -28.53764258 1.86961623
v -20.84972158 -28.73586714 2.10454160
v -20.98606274 -28.92170511 2.35317111
v -21.11580640 -29.10010852 2.61158928
v -21.23675689 -29.26612273 2.88175385
v -21.34891421 -29.42222506 3.15974936
v -21.45446882 -29.56593819 3.44753288
v -21.55122504 -29.69974205 3.74314798
v -21.63918808 -29.82115410 4.04659336
v -21.71835795 -29.93265688 4.35786968
v -21.78872943 -30.02929054 4.67501952
v -21.85030252 -30.11353761 4.99608451
v -21.90308243 -30.18539287 5.32302269
v -21.94706395 -30.24486154 5.65387601
v -21.98004618 -30.29194102 5.98864513
v -22.00424045 -30.32415137 6.32341424
v -22.01963112 -30.34397513 6.66209850
v -22.02402771 -30.35140708 7.00078308
v -22.02402771 -30.35140708 12.99921692
v -22.02183202 -30.34892976 13.24393129
v -22.01303363 -30.33654056 13.49060306
v -21.99544206 -30.31176217 13.82732991
v -21.96685120 -30.27211726 14.16209870
v -21.92727149 -30.22008315 14.49491008
v -21.88108906 -30.15565984 14.82380600
v -21.82391256 -30.07637002 15.14878645
v -21.75794289 -29.98716831 15.46985110
v -21.68316960 -29.88310009 15.78308580
v -21.60180405 -29.76911999 16.09044665
v -21.50944442 -29.64275070 16.38997657
v -21.40828639 -29.50399220 16.68363394
v -21.29833519 -29.35284451 16.96750199
v -21.15979314 -28.06437835 18.23414298
v -21.00365430 -27.85871923 18.45144875
v -21.83490664 -26.13167912 19.02897418
v -20.84092319 -27.64315084 18.65896652
v -20.67379549 -27.42014527 18.85082241
v -21.33791491 -26.54052004 19.02897418
v -22.42645890 -25.23223013 19.19538019
v -21.64358988 -25.90619624 19.19538019
v -22.22414806 -25.00426993 19.34612369
v -22.01963112 -24.77135509 19.48120598
v -22.49463469 -24.34021570 19.48120598
v -22.99382210 -23.42837751 19.60062705
v -24.69811261 -20.62843964 19.79444068
v -24.08896878 -21.33709602 19.79444068
v -23.22692469 -22.73954228 19.70634334
v -22.99382210 -22.51158208 19.79444068
v -23.64695266 -21.82522677 19.79444068
v -22.76951790 -23.19793999 19.70634334
v -21.18178129 -29.19178754 17.24158203
v -21.05863512 -29.02081870 17.50587340
v -20.92668533 -28.83993536 17.76037611
v -20.78814328 -28.64666805 18.00313242
v -20.64300895 -28.44844088 18.23414298
v -30.53447574 -9.55753606 0.16248984
v -30.32116562 -10.21663696 0.16248984
v -30.05947217 -10.96493825 0.16248984
v -29.47891399 -12.43676376 0.16248984
v -29.77139398 -11.71819679 0.16248984
v -29.14905518 -13.19249962 0.16248984
v -28.82798955 -13.87885623 0.16248984
v -28.45414400 -14.63211346 0.16248984
v -28.10888931 -15.28625712 0.16248984
v -27.68666565 -16.03455972 0.16248984
v -27.31721669 -16.65649302 0.16248984
v -26.85101151 -17.39983838 0.16248984
v -26.46177530 -17.98708271 0.16248984
v -25.54035902 -19.27307155 0.16248984
v -25.94938770 -18.71803887 0.16248984
v -24.81026471 -20.72259597 0.24275625
v -24.98399511 -19.99163982 0.16248984
v -24.19891998 -21.43373098 0.24275625
v -23.75690386 -21.92434035 0.24275625
v -23.33028361 -22.84113318 0.33868387
v -22.87067592 -23.30200821 0.33868387
v -29.91873443 -10.91290414 19.86883324
v -30.18042266 -10.16708016 19.86883324
v -30.37614122 -9.55753606 19.86883324
v -29.34257284 -12.37729639 19.86883324
v -29.01490971 -13.13055363 19.86883324
v -29.63285193 -11.66368406 19.86883324
v -28.32219943 -14.56273422 19.86883324
v -28.69384408 -13.81443292 19.86883324
v -27.55911767 -15.96022584 19.86883324
v -27.97694474 -15.21440186 19.86883324
v -27.18967393 -16.57968052 19.86883324
v -26.72566444 -17.31807124 19.86883324
v -26.33862913 -17.90283695 19.86883324
v -25.42160943 -19.18386985 19.86883324
v -25.82844242 -18.63131579 19.86883324
v -24.86744121 -19.89995949 19.86883324
v -21.69196799 -24.40215908 0.33868387
v -21.90308243 -24.64250848 0.45027401
v -22.16037408 -23.97845164 0.33868387
v -21.14000067 -25.30160807 0.45027401
v -21.34011582 -25.54195747 0.57752537
v -20.85631907 -25.94088651 0.57752537
v -21.04763582 -26.17875859 0.72043793
v -20.22298098 -26.82299167 0.72043793
v -20.40330887 -27.06086114 0.87705528
v -20.57923496 -27.29625329 1.04933385
v -20.07564574 -27.66792662 1.04933385
v -20.24277344 -27.89588682 1.23335946
v -20.40330887 -28.11888978 1.43304564
v -20.55944249 -28.33198346 1.64447887
v -19.79415983 -29.17939834 1.86961623
v -19.93050620 -29.38010022 2.10454160
v -20.06024987 -29.57337275 2.35317111
v -20.18339604 -29.75425348 2.61158928
v -20.29774904 -29.92274500 2.88175385
v -20.40550455 -30.08380197 3.15974936
v -20.50666258 -30.23247235 3.44753288
v -20.59902221 -30.36875352 3.74314798
v -20.68478957 -30.49264289 4.04659336
v -20.75955763 -30.60414568 4.35786968
v -20.82772821 -30.70325926 4.67501952
v -20.88710561 -30.78998104 4.99608451
v -20.93548372 -30.86431623 5.32302269
v -20.97726434 -30.92626221 5.65387601
v -21.01025179 -30.97333908 5.98864513
v -21.03224516 -31.00555204 6.32341424
v -21.04544014 -31.02785312 6.66209850
v -21.04763582 -31.03033043 13.24393129
v -21.04103833 -31.01794124 13.49060306
v -21.02344677 -30.99316284 13.82732991
v -20.99705681 -30.95351793 14.16209870
v -20.95967278 -30.89900650 14.49491008
v -20.91569126 -30.83210588 14.82380600
v -20.86071566 -30.75281605 15.14878645
v -20.79914257 -30.66113442 15.46985110
v -20.72657019 -30.55458888 15.78308580
v -20.64740553 -30.43813147 16.09044665
v -20.55944249 -30.30680753 16.38997657
v -20.46268106 -30.16557172 16.68363394
v -20.35932213 -30.01194671 16.96750199
v -20.24717003 -29.84840982 17.24158203
v -20.48907101 -28.23782712 18.45144875
v -20.33293739 -28.01977880 18.65896652
v -20.50006509 -27.18970776 19.02897418
v -20.16800538 -27.79429592 18.85082241
v -19.99867678 -27.56138109 19.02897418
v -20.32193810 -26.95431560 19.19538019
v -21.15099475 -26.30760521 19.19538019
v -21.45006701 -25.67328140 19.34612369
v -20.96187368 -26.07221045 19.34612369
v -21.80852190 -24.53596294 19.60062705
v -21.24995187 -25.43293461 19.48120598
v -21.04763582 -25.19010790 19.60062705
v -22.27912366 -24.10729825 19.60062705
v -22.06141174 -23.87190610 19.70634334
v -23.84267122 -21.11657038 19.86883324
v -24.44301665 -20.41782457 19.86883324
v -22.75632292 -22.27866724 19.86883324
v -23.40505168 -21.59974519 19.86883324
v -22.54081190 -22.96502516 19.79444068
v -20.12842044 -29.67248373 17.50587340
v -20.00307336 -29.48664837 17.76037611
v -19.86892790 -29.29090112 18.00313242
v -19.73038584 -29.08771932 18.23414298
v -19.58524629 -28.87214832 18.45144875
v -30.48389673 -9.55753606 0.15270118
v -30.00449657 -10.11009011 0.09788530
v -29.74500403 -10.85095815 0.09788530
v -29.46352333 -11.59678213 0.09788530
v -29.17324424 -12.30791714 0.09788530
v -28.84778202 -13.05374112 0.09788530
v -28.52891207 -13.73514179 0.09788530
v -28.15946832 -14.47848845 0.09788530
v -27.81640932 -15.12767747 0.09788530
v -27.40078315 -15.86854551 0.09788530
v -27.03353509 -16.48304425 0.09788530
v -26.57173172 -17.21895766 0.09788530
v -26.18689209 -17.80124605 0.09788530
v -25.67890108 -18.52476895 0.09788530
v -25.27427420 -19.07236837 0.09788530
v -24.72450256 -19.78350207 0.09788530
v -24.55736965 -20.51198222 0.16248984
v -23.95262241 -21.21568266 0.16248984
v -24.30227891 -20.29888853 0.09788530
v -23.51500809 -21.70133609 0.16248984
v -23.09938192 -22.61317298 0.24275625
v -22.64417082 -23.06909338 0.24275625
v -21.94046646 -23.74058217 0.24275625
v -29.32278037 -11.54227071 19.92560750
v -29.60426107 -10.79892404 19.92560750
v -29.86375362 -10.06053463 19.92560750
v -30.02648473 -9.55753606 19.92560750
v -29.03470218 -12.24844977 19.92560750
v -28.70923996 -12.99179643 19.92560750
v -28.39257091 -13.66824117 19.92560750
v -28.02532285 -14.41158652 19.92560750
v -27.26883858 -15.79421163 19.92560750
v -26.90599233 -16.40623305 19.92560750
v -27.68226385 -15.05581960 19.92560750
v -26.44638464 -17.13718921 19.92560750
v -26.06154501 -17.71700028 19.92560750
v -25.15332371 -18.98316666 19.92560750
v -25.55795580 -18.43556724 19.92560750
v -24.18792590 -20.20225357 19.92560750
v -24.60575297 -19.68934573 19.92560750
v -20.72657019 -24.80604537 0.24275625
v -20.93328282 -25.05630404 0.33868387
v -21.47426128 -24.15933236 0.24275625
v -20.45828447 -25.44532120 0.33868387
v -20.65839961 -25.69558248 0.45027401
v -19.84914064 -26.32494904 0.45027401
v -20.03825650 -26.57520771 0.57752537
v -19.54786226 -26.93944909 0.57752537
v -19.72819015 -27.18723044 0.72043793
v -19.90411624 -27.43005715 0.87705528
v -19.02668148 -28.04703452 0.87705528
v -19.18941259 -28.28986123 1.04933385
v -19.34994802 -28.52525339 1.23335946
v -19.50388074 -28.75073627 1.43304564
v -19.65122119 -28.96878459 1.64447887
v -19.13443699 -29.31567952 1.64447887
v -19.27297905 -29.52629328 1.86961623
v -19.40492362 -29.72947508 2.10454160
v -19.53027070 -29.92522232 2.35317111
v -19.65122119 -30.10610305 2.61158928
v -19.76337329 -30.27954921 2.88175385
v -19.86892790 -30.44060878 3.15974936
v -19.96568933 -30.59175648 3.44753288
v -20.05585328 -30.72803766 3.74314798
v -20.13941452 -30.85440435 4.04659336
v -20.21198690 -30.96838444 4.35786968
v -20.27795658 -31.06997535 4.67501952
v -20.33513308 -31.15669973 4.99608451
v -20.38351640 -31.23103231 5.32302269
v -20.42529702 -31.29298091 5.65387601
v -20.45608357 -31.34005778 5.98864513
v -20.47807693 -31.37474805 6.32341424
v -20.49127191 -31.39456920 6.66209850
v -20.49566850 -31.40200377 7.00078308
v -20.49566850 -31.40200377 12.99921692
v -20.49346760 -31.39952645 13.24393129
v -20.48687011 -31.38713725 13.49060306
v -20.46927854 -31.36235885 13.82732991
v -20.44288859 -31.32023662 14.16209870
v -20.40770546 -31.26820251 14.49491008
v -20.36372393 -31.19882196 14.82380600
v -20.31094402 -31.11953214 15.14878645
v -20.24937093 -31.02537319 15.46985110
v -20.18120036 -30.91882765 15.78308580
v -20.10203049 -30.79989292 16.09044665
v -20.01626834 -30.66856898 16.38997657
v -19.92390871 -30.52485585 16.68363394
v -19.82275069 -30.36875352 16.96750199
v -19.71279427 -30.20273671 17.24158203
v -19.59844127 -30.02681322 17.50587340
v -19.43350926 -28.64914536 18.65896652
v -19.27737564 -28.41870785 18.85082241
v -19.11684543 -28.18083577 19.02897418
v -19.82494637 -27.32103169 19.19538019
v -19.64682460 -27.07572766 19.34612369
v -20.13941452 -26.71148889 19.34612369
v -20.76615512 -25.82938373 19.48120598
v -19.95249435 -26.46370754 19.48120598
v -21.59520656 -24.29561354 19.70634334
v -20.84092319 -24.94480386 19.70634334
v -20.56823567 -25.58407970 19.60062705
v -21.83930844 -23.63155670 19.79444068
v -23.59197706 -20.89604344 19.92560750
v -22.30770931 -22.72715308 19.86883324
v -22.51882374 -22.04822972 19.92560750
v -23.15875411 -21.37426361 19.92560750
v -21.61499903 -23.38873260 19.86883324
v -19.47529510 -29.83849794 17.76037611
v -19.34554622 -29.64027338 18.00313242
v -19.21140596 -29.43213694 18.23414298
v -19.06846210 -29.21656594 18.45144875
v -18.92112687 -28.99108306 18.65896652
v -30.18481925 -9.55753606 0.09788530
v -29.68782753 -10.00354458 0.05090035
v -29.43053588 -10.73450074 0.05090035
v -29.15125087 -11.47289276 0.05090035
v -28.86317268 -12.17659190 0.05090035
v -28.54210705 -12.91498393 0.05090035
v -28.22763890 -13.58895004 0.05090035
v -27.86039084 -14.32734206 0.05090035
v -27.52173364 -14.96661920 0.05090035
v -27.11050406 -15.70005398 0.05090035
v -26.74765781 -16.30959809 0.05090035
v -26.29024580 -17.03559961 0.05090035
v -25.90760708 -17.61293076 0.05090035
v -25.40621877 -18.32902171 0.05090035
v -25.00818416 -18.87166388 0.05090035
v -24.46280912 -19.57536563 0.05090035
v -23.70412916 -20.99515703 0.09788530
v -24.04498726 -20.08331884 0.05090035
v -23.45343500 -20.77215277 0.05090035
v -23.26871052 -21.47585452 0.09788530
v -22.62657925 -22.15229794 0.09788530
v -22.86407843 -22.38273546 0.16248984
v -22.41326913 -22.83369862 0.16248984
v -21.71615705 -23.49775545 0.16248984
v -21.25654936 -23.91402833 0.16248984
v -29.01051313 -11.41838003 19.96671924
v -29.28759724 -10.68246663 19.96671924
v -29.54488888 -9.95398778 19.96671924
v -29.89454016 -9.55753606 19.94126871
v -28.40356499 -12.85303794 19.96671924
v -28.72463062 -12.11712584 19.96671924
v -28.09129775 -13.52204941 19.96671924
v -27.72624537 -14.25796151 19.96671924
v -27.38758817 -14.89476264 19.96671924
v -26.97855949 -15.62572010 19.96671924
v -26.16489872 -16.95383117 19.96671924
v -26.61790892 -16.23030826 19.96671924
v -25.78226000 -17.52620768 19.96671924
v -25.28526828 -18.23982000 19.96671924
v -24.34405953 -19.48120799 19.96671924
v -24.88723367 -18.77998486 19.96671924
v -23.92843336 -19.98668388 19.96671924
v -23.33908200 -20.67304049 19.96671924
v -20.51546097 -24.55330677 0.16248984
v -20.04925579 -24.93489198 0.16248984
v -20.25376752 -25.19258521 0.24275625
v -19.65561777 -26.06973313 0.33868387
v -19.17621762 -26.42653994 0.33868387
v -19.36314300 -26.68423317 0.45027401
v -18.50769639 -27.28386670 0.45027401
v -18.68362248 -27.54403725 0.57752537
v -18.85735288 -27.79925317 0.72043793
v -18.52309227 -28.38154025 0.87705528
v -18.68362248 -28.62684429 1.04933385
v -18.83976132 -28.86223644 1.23335946
v -18.98929745 -29.09267396 1.43304564
v -18.04149121 -29.68983017 1.43304564
v -18.18003327 -29.91531044 1.64447887
v -18.31197783 -30.13335876 1.86961623
v -18.43733013 -30.33901788 2.10454160
v -18.55607972 -30.53724505 2.35317111
v -18.67042750 -30.72555773 2.61158928
v -18.77818301 -30.90148382 2.88175385
v -18.87714535 -31.06502071 3.15974936
v -18.97170588 -31.21864572 3.44753288
v -19.05527234 -31.35988154 3.74314798
v -19.13443699 -31.48872815 4.04659336
v -19.20480847 -31.60270825 4.35786968
v -19.26638156 -31.70677647 4.67501952
v -19.32135716 -31.79597557 4.99608451
v -19.36753958 -31.87278807 5.32302269
v -19.40712452 -31.93473406 5.65387601
v -19.43571016 -31.98429085 5.98864513
v -19.45770353 -32.01898113 6.32341424
v -19.46869761 -32.03880489 6.66209850
v -19.47089851 -32.04375952 13.24393129
v -19.46429580 -32.03137033 13.49060306
v -19.44890514 -32.00411461 13.82732991
v -19.42251518 -31.96446970 14.16209870
v -19.38952774 -31.90747835 14.49491008
v -19.34774712 -31.84057772 14.82380600
v -19.29716811 -31.75633326 15.14878645
v -19.23999161 -31.66217431 15.46985110
v -19.17402193 -31.55315146 15.78308580
v -19.09924865 -31.43173680 16.09044665
v -19.01788309 -31.29793555 16.38997657
v -18.92992005 -31.15174249 16.68363394
v -18.83316383 -30.99316284 16.96750199
v -18.72980490 -30.82219400 17.24158203
v -18.61984849 -30.64131327 17.50587340
v -18.50329980 -30.45052066 17.76037611
v -18.76938984 -28.75816822 18.85082241
v -18.61325622 -28.51782143 19.02897418
v -18.94971251 -27.93553174 19.19538019
v -18.78038391 -27.68527307 19.34612369
v -19.46429580 -26.82546899 19.48120598
v -19.76337329 -26.21096894 19.60062705
v -20.63200966 -24.69206527 19.79444068
v -21.37749985 -24.05030951 19.79444068
v -20.36591962 -25.33134371 19.70634334
v -20.16140789 -25.07860512 19.79444068
v -19.56765473 -25.95327571 19.70634334
v -22.91245654 -21.14630342 19.96671924
v -22.07460672 -22.48928361 19.92560750
v -21.83930844 -22.24893421 19.96671924
v -22.27692276 -21.81283757 19.96671924
v -21.38849393 -23.14342596 19.92560750
v -21.15759224 -23.80252816 19.86883324
v -18.38015363 -30.24733886 18.00313242
v -18.25260565 -30.03672510 18.23414298
v -18.11846018 -29.81619686 18.45144875
v -17.97771722 -29.58575934 18.65896652
v -17.83477858 -29.34788987 18.85082241
v -29.83296707 -9.55753606 0.05090035
v -29.36896279 -9.89452042 0.01761889
v -29.11386684 -10.62052194 0.01761889
v -29.66803506 -9.55753606 0.03523849
v -28.83678272 -11.34900078 0.01761889
v -28.55310112 -12.04526797 0.01761889
v -28.23423639 -12.77622543 0.01761889
v -27.92416483 -13.44275959 0.01761889
v -27.55911767 -14.17123843 0.01761889
v -27.22485706 -14.80556093 0.01761889
v -26.81802928 -15.53156115 0.01761889
v -26.00876510 -16.85224026 0.01761889
v -26.45957440 -16.13367200 0.01761889
v -25.63052297 -17.42213946 0.01761889
v -25.13353124 -18.13079584 0.01761889
v -24.73989323 -18.66848338 0.01761889
v -23.78549471 -19.86774784 0.01761889
v -24.19891998 -19.36475057 0.01761889
v -23.20053995 -20.54914851 0.01761889
v -22.77611539 -21.01993542 0.01761889
v -23.02241296 -21.24789432 0.05090035
v -22.38687918 -21.91938311 0.05090035
v -22.18016654 -22.59830646 0.09788530
v -21.03664175 -23.66624698 0.09788530
v -21.48965195 -23.25245142 0.09788530
v -28.69604498 -11.29448935 19.99021204
v -28.97092819 -10.56848783 19.99021204
v -29.22382325 -9.84744094 19.99021204
v -29.31838378 -9.55753606 19.99021204
v -29.67243686 -9.55753606 19.96671924
v -28.09569433 -12.71427944 19.99021204
v -28.41236338 -11.98580060 19.99021204
v -27.78562278 -13.37585896 19.99021204
v -27.09071159 -14.73370306 19.99021204
v -27.42497221 -14.10185918 19.99021204
v -26.32983074 -16.05438218 19.99021204
v -26.68608472 -15.45474865 19.99021204
v -25.88121712 -16.77047312 19.99021204
v -25.50297499 -17.33789369 19.99021204
v -24.61894795 -18.57680306 19.99021204
v -25.01258075 -18.04159414 19.99021204
v -24.08017039 -19.26811561 19.99021204
v -23.66894081 -19.77111287 19.99021204
v -23.08618695 -20.44755891 19.99021204
v -20.30215085 -24.29809086 0.09788530
v -19.84034225 -24.67719875 0.09788530
v -19.26198497 -25.54691210 0.16248984
v -19.45989922 -25.80956258 0.24275625
v -18.98490086 -26.16388947 0.24275625
v -18.14705104 -26.75113380 0.24275625
v -18.32957461 -27.01873891 0.33868387
v -17.84577265 -27.34085545 0.33868387
v -18.01950306 -27.60846056 0.45027401
v -18.19103256 -27.87110843 0.57752537
v -18.36036116 -28.12880166 0.72043793
v -17.59947509 -28.96382734 0.87705528
v -17.75121212 -29.21161130 1.04933385
v -17.89855257 -29.45443541 1.23335946
v -16.40537649 -30.31176217 1.23335946
v -16.53512016 -30.55458888 1.43304564
v -16.66266814 -30.78750372 1.64447887
v -16.78141773 -31.01050928 1.86961623
v -16.89797163 -31.22360036 2.10454160
v -17.00792283 -31.42678216 2.35317111
v -17.11128175 -31.62005208 2.61158928
v -17.21023887 -31.80093281 2.88175385
v -17.30260372 -31.96942434 3.15974936
v -17.38616496 -32.12800398 3.44753288
v -17.46533483 -32.27171972 3.74314798
v -17.53790200 -32.40552098 4.04659336
v -17.60167599 -32.52445571 4.35786968
v -17.65885249 -32.62852393 4.67501952
v -17.70943150 -32.72268288 4.99608451
v -17.75121212 -32.79949278 5.32302269
v -17.78640047 -32.86391869 5.65387601
v -17.81279042 -32.91347548 5.98864513
v -17.83258289 -32.95064047 6.32341424
v -17.84357697 -32.97294155 6.66209850
v -18.91892597 -32.37826526 7.00078308
v -18.91892597 -32.37826526 12.99921692
v -17.83917516 -32.96550959 13.49060306
v -17.82378450 -32.93577395 13.82732991
v -17.80179113 -32.89365172 14.16209870
v -17.77100459 -32.83666298 14.49491008
v -17.73362055 -32.76728243 14.82380600
v -17.68743813 -32.68303797 15.14878645
v -17.63466343 -32.58392438 15.46985110
v -17.57309034 -32.47242160 15.78308580
v -17.50491977 -32.34605230 16.09044665
v -17.43014649 -32.20729381 16.38997657
v -17.34878093 -32.05862604 16.68363394
v -17.26081789 -31.89508915 16.96750199
v -17.16625735 -31.71916306 17.24158203
v -17.06509933 -31.53332770 17.50587340
v -16.95954472 -31.33758046 17.76037611
v -16.84739262 -31.12944402 18.00313242
v -18.45051989 -28.26756015 19.19538019
v -17.68524244 -29.10010852 19.02897418
v -17.53130451 -28.84736992 19.19538019
v -18.28559309 -28.01482156 19.34612369
v -18.60665873 -27.42757984 19.48120598
v -19.27957654 -26.56777576 19.60062705
v -19.09045547 -26.30760521 19.70634334
v -20.41869953 -24.43932667 19.86883324
v -19.37193617 -25.69310516 19.79444068
v -19.17182103 -25.42797737 19.86883324
v -19.95469525 -24.81843457 19.86883324
v -22.66396329 -20.91586590 19.99021204
v -22.03722268 -21.57496680 19.99021204
v -21.60180405 -22.01106213 19.99021204
v -21.15979314 -22.89564461 19.96671924
v -20.93548372 -23.55226688 19.92560750
v -20.71117952 -23.30200821 19.96671924
v -20.20538941 -24.18163344 19.92560750
v -16.72864303 -30.91139570 18.23414298
v -16.60549164 -30.68343550 18.45144875
v -16.47794366 -30.44556603 18.65896652
v -16.34599909 -30.20025939 18.85082241
v -16.20745704 -29.94752340 19.02897418
v -29.47671831 -9.55753606 0.01761889
v -29.32278037 -9.55753606 0.00978796
v -28.88296515 -10.53627618 0.00587314
v -28.60808194 -11.25979908 0.00587314
v -28.32659602 -11.95111163 0.00587314
v -28.00992697 -12.67463453 0.00587314
v -27.70205632 -13.33621275 0.00587314
v -27.34141096 -14.05973695 0.00587314
v -27.00934604 -14.68910351 0.00587314
v -26.60471395 -15.40767178 0.00587314
v -26.25066608 -16.00730270 0.00587314
v -25.80205247 -16.71843901 0.00587314
v -25.42600602 -17.28338096 0.00587314
v -24.93781269 -17.98708271 0.00587314
v -24.54417467 -18.51981431 0.00587314
v -24.00760323 -19.21112556 0.00587314
v -23.59856933 -19.71164551 0.00587314
v -23.01801637 -20.38561292 0.00587314
v -22.59579271 -20.85392121 0.00587314
v -22.14497820 -21.68151364 0.01761889
v -21.70955956 -22.12008759 0.01761889
v -21.94486305 -22.35795707 0.05090035
v -21.26314685 -23.00714739 0.05090035
v -20.08663982 -24.04039763 0.05090035
v -20.81233755 -23.41598831 0.05090035
v -28.37937593 -11.17059737 20.00000006
v -28.90275761 -9.73841678 20.00000006
v -28.95993412 -9.55753606 20.00000006
v -27.78562278 -12.57552225 20.00000006
v -27.12369904 -13.94823417 20.00000006
v -26.39360473 -15.28625712 20.00000006
v -25.59533983 -16.58463515 20.00000006
v -24.73769754 -17.84336828 20.00000006
v -23.81628126 -19.05750055 20.00000006
v -22.83329189 -20.22455465 20.00000006
v -19.62922782 -24.41454828 0.05090035
v -18.85954857 -25.01418181 0.05090035
v -19.06186461 -25.28178692 0.09788530
v -18.79137799 -25.89628696 0.16248984
v -17.96232656 -26.47857405 0.16248984
v -17.48732299 -26.79325603 0.16248984
v -17.66765088 -27.06829570 0.24275625
v -16.78581953 -27.62332708 0.24275625
v -16.95514813 -27.90084407 0.33868387
v -17.12227583 -28.17588113 0.45027401
v -17.28500694 -28.44348624 0.57752537
v -17.44334146 -28.70613411 0.72043793
v -15.98754942 -29.54115979 0.72043793
v -16.13049328 -29.80628759 0.87705528
v -16.27123103 -30.06398082 1.04933385
v -14.87041980 -31.09475374 1.23335946
v -14.98916939 -31.34253509 1.43304564
v -15.10132149 -31.58040717 1.64447887
v -15.21127790 -31.81084469 1.86961623
v -15.31683251 -32.02889301 2.10454160
v -15.41578963 -32.23702945 2.35317111
v -15.51035017 -32.43525401 2.61158928
v -15.60051411 -32.62109198 2.88175385
v -15.68187967 -32.79453814 3.15974936
v -15.75884342 -32.95559771 3.44753288
v -15.83141580 -33.10426548 3.74314798
v -15.89518979 -33.24054666 4.04659336
v -15.95456719 -33.36195871 4.35786968
v -16.00514621 -33.47098418 4.67501952
v -16.05132341 -33.56514052 4.99608451
v -16.09090835 -33.64690766 5.32302269
v -16.12169489 -33.71133357 5.65387601
v -16.14588395 -33.76336768 5.98864513
v -16.16347551 -33.80053267 6.32341424
v -17.84577265 -32.97541887 13.24393129
v -16.17447481 -33.82283375 6.66209850
v -17.29600623 -33.27275962 7.00078308
v -17.29600623 -33.27275962 12.99921692
v -16.17007300 -33.81540179 13.49060306
v -16.15687802 -33.78566876 13.82732991
v -16.13488987 -33.74106660 14.16209870
v -16.10849991 -33.68407786 14.49491008
v -16.07331678 -33.61221999 14.82380600
v -16.03153095 -33.52549560 15.14878645
v -15.98315284 -33.42390470 15.46985110
v -15.92817724 -33.30992460 15.78308580
v -15.86660415 -33.18107799 16.09044665
v -15.80062926 -33.03984217 16.38997657
v -15.72586119 -32.88373984 16.68363394
v -15.64669132 -32.71772563 16.96750199
v -15.56092918 -32.53932223 17.24158203
v -15.46856955 -32.34605230 17.50587340
v -15.37180811 -32.14535043 17.76037611
v -15.27065009 -31.93225674 18.00313242
v -16.06671929 -29.68735024 19.19538019
v -15.92377543 -29.42222506 19.34612369
v -17.37296999 -28.58967669 19.34612369
v -18.11406359 -27.75465101 19.48120598
v -17.21243978 -28.32454890 19.48120598
v -18.42853174 -27.16492936 19.60062705
v -17.94253409 -27.48952582 19.60062705
v -18.24600816 -26.89980417 19.70634334
v -18.06348458 -26.62972175 19.79444068
v -18.89693782 -26.04247741 19.79444068
v -19.74578172 -24.55826402 19.92560750
v -18.70341495 -25.77487230 19.86883324
v -18.97170588 -25.16285218 19.92560750
v -21.79532692 -21.33957334 20.00000006
v -20.93108714 -22.64786325 19.99021204
v -20.70018023 -22.40008190 20.00000006
v -19.98987839 -23.92394021 19.96671924
v -20.48687011 -23.04926962 19.99021204
v -19.77217168 -23.66624698 19.99021204
v -19.53466728 -24.29809086 19.96671924
v -15.16289458 -31.70677647 18.23414298
v -15.05074248 -31.47386163 18.45144875
v -14.93638948 -31.23103231 18.65896652
v -14.81543899 -30.98077364 18.85082241
v -14.69229281 -30.72060309 19.02897418
v -29.21942145 -9.55753606 0.00587314
v -29.13586020 -9.81770791 0.00587314
v -28.37937593 -11.17059737 -0.00000006
v -28.90275761 -9.73841678 -0.00000006
v -27.78562278 -12.57552225 -0.00000006
v -27.12369904 -13.94823417 -0.00000006
v -26.39360473 -15.28625712 -0.00000006
v -25.59533983 -16.58463515 -0.00000006
v -24.73769754 -17.84336828 -0.00000006
v -23.81628126 -19.05750055 -0.00000006
v -22.83329189 -20.22455465 -0.00000006
v -21.79532692 -21.33957334 -0.00000006
v -21.96905211 -21.51054349 0.00587314
v -20.86731315 -22.57848531 0.00587314
v -21.03444085 -22.75936604 0.01761889
v -21.53583437 -21.94416150 0.00587314
v -19.87112880 -23.78270440 0.01761889
v -20.58802813 -23.16324972 0.01761889
v -28.43655244 -9.55753606 20.00000006
v -19.41811860 -24.15190041 0.01761889
v -18.39994609 -25.35612211 0.05090035
v -18.65723774 -24.74409938 0.01761889
v -18.59565943 -25.62620454 0.09788530
v -17.77540118 -26.20353699 0.09788530
v -17.30700031 -26.51574165 0.09788530
v -16.61648571 -27.34333277 0.16248984
v -15.38500309 -28.42861712 0.24275625
v -15.54113671 -28.71356867 0.33868387
v -15.69287375 -28.99604030 0.45027401
v -15.84240988 -29.27107736 0.57752537
v -14.49217767 -30.30432761 0.72043793
v -14.62192133 -30.57441264 0.87705528
v -14.74726841 -30.83953783 1.04933385
v -13.79506558 -31.26572259 1.04933385
v -13.79506558 -31.57545254 1.23335946
v -13.79506558 -31.66465163 1.29209081
v -13.79506558 -31.87774532 1.43304564
v -13.79506558 -32.16765150 1.64447887
v -13.79506558 -32.21472837 1.68167580
v -13.79506558 -32.44516589 1.86961623
v -13.79506558 -32.71029368 2.10454160
v -13.79506558 -32.96302967 2.35317111
v -13.79506558 -32.98533075 2.37666391
v -13.86983365 -33.16869140 2.61158928
v -13.94900352 -33.35948139 2.88175385
v -14.02377158 -33.53788480 3.15974936
v -14.09414306 -33.70142169 3.44753288
v -14.15791705 -33.85504410 3.74314798
v -14.21509355 -33.99380520 4.04659336
v -14.26786825 -34.11769457 4.35786968
v -14.31405067 -34.22919735 4.67501952
v -14.35363561 -34.32583362 4.99608451
v -14.38881874 -34.40760076 5.32302269
v -14.41740438 -34.47450139 5.65387601
v -14.43939775 -34.52901281 5.98864513
v -14.45479363 -34.56618041 6.32341424
v -14.46358681 -34.58848149 6.66209850
v -15.62909976 -34.08796154 7.00078308
v -16.17667049 -33.82531106 13.24393129
v -15.62909976 -34.08796154 12.99921692
v -14.46138591 -34.58104692 13.49060306
v -14.44819093 -34.55131389 13.82732991
v -14.43059936 -34.50671434 14.16209870
v -14.40421462 -34.44724567 14.49491008
v -14.37342286 -34.37291048 14.82380600
v -14.33603883 -34.28370878 15.14878645
v -14.29425821 -34.17964056 15.46985110
v -14.24367920 -34.06318314 15.78308580
v -14.18870360 -33.93185660 16.09044665
v -14.12932619 -33.78814608 16.38997657
v -14.06335652 -33.62956382 16.68363394
v -13.99078414 -33.45859498 16.96750199
v -13.91381517 -33.27523693 17.24158203
v -13.83244962 -33.07948709 17.50587340
v -13.79506558 -32.98533075 17.62137836
v -13.79506558 -32.85896145 17.75254518
v -13.79506558 -32.59135634 18.00313242
v -13.79506558 -32.32127652 18.23414298
v -14.56254393 -30.45299798 19.19538019
v -15.77423930 -29.14718539 19.48120598
v -14.43280026 -30.18043824 19.34612369
v -14.29865479 -29.90044393 19.48120598
v -17.04750776 -28.05198915 19.60062705
v -15.62470317 -28.86967100 19.60062705
v -16.88038006 -27.77695209 19.70634334
v -17.76660800 -27.21944079 19.70634334
v -17.40595743 -26.66936666 19.86883324
v -17.87876010 -26.35468207 19.86883324
v -17.58628011 -26.94440372 19.79444068
v -18.50769639 -25.50478987 19.92560750
v -18.30978215 -25.23223013 19.96671924
v -18.76938984 -24.89276975 19.96671924
v -19.55666065 -23.40607643 20.00000006
v -19.32355806 -24.03296567 19.99021204
v -18.56487289 -24.62268732 19.99021204
v -13.79506558 -32.03880489 18.45144875
v -13.79506558 -31.74394146 18.65896652
v -13.79506558 -31.43669143 18.85082241
v -13.79506558 -31.24590144 18.96045417
v -13.79506558 -31.12200946 19.02897418
v -13.79506558 -30.94856329 19.11902925
v -28.95993412 -9.55753606 -0.00000006
v -20.70018023 -22.40008190 -0.00000006
v -20.42529702 -22.97989167 0.00587314
v -19.71279427 -23.59439172 0.00587314
v -19.26418066 -23.96110781 0.00587314
v -13.79506558 -26.62972175 -0.00000006
v -28.43874812 -9.55753606 -0.00000006
v -13.79506558 -26.62972175 20.00000006
v -18.50989729 -24.54835214 0.00587314
v -18.19982573 -25.08355975 0.01761889
v -17.39716426 -25.64602569 0.01761889
v -17.58628011 -25.92602000 0.05090035
v -18.05688709 -24.88533519 0.00587314
v -17.12227583 -26.23327002 0.05090035
v -16.26903534 -26.77095756 0.05090035
v -16.44276053 -27.05838382 0.09788530
v -15.07053494 -27.84633003 0.09788530
v -15.22886947 -28.13871354 0.16248984
v -13.79506558 -28.86967100 0.16248984
v -13.94460171 -29.16205451 0.24275625
v -14.08534467 -29.45443541 0.33868387
v -14.22388673 -29.74434160 0.45027401
v -14.36022788 -30.02681322 0.57752537
v -13.79506558 -30.47529906 0.65974886
v -13.79506558 -30.61653487 0.72043793
v -13.79506558 -30.78254908 0.79874661
v -13.79506558 -30.94608337 0.87705528
v -13.79506558 -33.18851255 2.59984288
v -13.79506558 -33.19842443 2.61158928
v -13.79506558 -33.39912891 2.85630332
v -13.79506558 -33.43877122 2.90720439
v -13.79506558 -33.62708651 3.15974936
v -13.79506558 -33.78566876 3.39859020
v -13.79506558 -33.81787911 3.44753288
v -13.79506558 -33.99628252 3.74314798
v -13.79506558 -34.15733948 4.04659336
v -13.79506558 -34.26388502 4.27368846
v -13.79506558 -34.30105522 4.35786968
v -13.79506558 -34.33822021 4.44596702
v -13.79506558 -34.43237916 4.67501952
v -13.79506558 -34.50919166 4.89428336
v -13.79506558 -34.54387933 4.99608451
v -13.79506558 -34.60830525 5.21339061
v -13.79506558 -34.63803828 5.32302269
v -13.79506558 -34.69007239 5.53641332
v -13.79506558 -34.71732810 5.65387601
v -13.79506558 -34.77927148 5.98864513
v -13.79506558 -34.82387364 6.32341424
v -13.92481446 -34.81891900 7.00078308
v -14.46578771 -34.59343612 13.24393129
v -13.79506558 -34.86847579 13.02662486
v -13.79506558 -34.80652720 13.82732991
v -13.79506558 -34.75449309 14.16209870
v -13.79506558 -34.72971730 14.28151945
v -13.79506558 -34.68511775 14.49491008
v -13.79506558 -34.65538211 14.60845730
v -13.79506558 -34.59839076 14.82380600
v -13.79506558 -34.49432254 15.14878645
v -13.79506558 -34.37538780 15.46985110
v -13.79506558 -34.23910663 15.78308580
v -13.79506558 -34.08548161 16.09044665
v -13.79506558 -34.04831663 16.15700893
v -13.79506558 -33.91699269 16.38997657
v -13.79506558 -33.88230242 16.44675018
v -13.79506558 -33.73363465 16.68363394
v -13.79506558 -33.70389901 16.72670342
v -13.79506558 -33.53540748 16.96750199
v -13.79506558 -33.32231641 17.24158203
v -13.79506558 -33.08939897 17.51174660
v -13.79506558 -30.79741560 19.19538019
v -13.79506558 -30.12592681 19.48120598
v -13.79506558 -30.46538718 19.34612369
v -13.79506558 -30.01937866 19.51840291
v -14.16231364 -29.61301766 19.60062705
v -15.47076523 -28.58719938 19.70634334
v -14.02377158 -29.32311147 19.70634334
v -16.71105146 -27.49695778 19.79444068
v -15.31463161 -28.29977050 19.79444068
v -17.22343385 -26.38937235 19.92560750
v -17.68963903 -26.07964501 19.92560750
v -16.53952196 -27.21448615 19.86883324
v -16.36579156 -26.92953721 19.92560750
v -18.11186269 -24.95967038 19.99021204
v -17.50051796 -25.79965070 19.96671924
v -18.36255684 -24.35260490 20.00000006
v -19.55666065 -23.40607643 -0.00000006
v -18.36255684 -24.35260490 -0.00000006
v -13.79506558 -27.19218507 -0.00000006
v -13.79506558 -27.19218507 20.00000006
v -16.80560678 -25.74513927 0.00587314
v -16.93755656 -25.95079839 0.01761889
v -17.25861698 -25.44284388 0.00587314
v -17.12227583 -25.23966208 -0.00000006
v -16.09310925 -26.48352869 0.01761889
v -14.90999952 -27.55146921 0.05090035
v -13.79506558 -28.18827033 0.05873129
v -13.79506558 -28.49552035 0.09788530
v -13.79506558 -29.19426486 0.23492532
v -13.79506558 -29.22895513 0.24275625
v -13.79506558 -29.52133864 0.32106493
v -13.79506558 -29.58575934 0.33868387
v -13.79506558 -29.84345518 0.42090802
v -13.79506558 -29.93513420 0.45027401
v -13.79506558 -30.27954921 0.57752537
v -13.79506558 -34.86599848 6.96358647
v -13.92481446 -34.81891900 12.99921692
v -13.79506558 -29.77903187 19.60062705
v -13.79506558 -29.42717969 19.70634334
v -13.88302863 -29.02825065 19.79444068
v -15.15849799 -28.00738961 19.86883324
v -17.04091027 -26.10690072 19.96671924
v -14.99796256 -27.71500610 19.92560750
v -14.83962804 -27.41766796 19.96671924
v -16.18986547 -26.64211094 19.96671924
v -17.31139690 -25.51965639 19.99021204
v -17.12227583 -25.23966208 20.00000006
v -16.85618579 -25.82442909 19.99021204
v -13.79506558 -27.46722475 0.00587314
v -14.63291541 -27.03856006 0.00587314
v -14.51636672 -26.82299167 -0.00000006
v -14.51636672 -26.82299167 20.00000006
v -14.67689693 -27.12032981 19.99021204
v -13.79506558 -27.57129297 19.99021204
v -15.83801329 -26.06477849 -0.00000006
v -15.96556127 -26.27291493 0.00587314
v -14.74946931 -27.25413106 0.01761889
v -13.79506558 -27.74226181 0.01761889
v -13.79506558 -28.12136970 0.05090035
v -13.79506558 -29.06789556 19.79444068
v -13.79506558 -28.70117947 19.86883324
v -16.01393938 -26.35468207 19.99021204
v -13.79506558 -28.32702883 19.92560750
v -13.79506558 -27.95040086 19.96671924
v -15.83801329 -26.06477849 20.00000006
f 1 2 5
f 1 5 13
f 1 13 24
f 1 24 39
f 1 39 47
f 1 47 69
f 1 69 68
f 1 68 95
f 1 95 121
f 1 121 153
f 1 153 185
f 1 185 231
f 1 231 230
f 1 230 229
f 1 229 275
f 1 275 323
f 1 323 371
f 1 371 370
f 1 370 369
f 1 369 428
f 1 428 486
f 1 486 485
f 1 485 553
f 1 553 552
f 1 552 617
f 1 617 689
f 1 689 688
f 1 688 761
f 1 761 840
f 1 840 839
f 1 839 917
f 1 917 1000
f 1 1000 1088
f 1 1088 1182
f 1 1182 1181
f 1 1181 1276
f 1 1276 1275
f 1 1275 1374
f 1 1374 1472
f 1 1472 1575
f 1 1575 1684
f 1 1684 1798
f 1 1798 1912
f 1 1912 1911
f 1 1911 2029
f 1 2029 2134
f 1 2134 2223
f 1 2223 2217
f 1 2217 2116
f 1 2116 2003
f 1 2003 2002
f 1 2002 1886
f 1 1886 1883
f 1 1883 1770
f 1 1770 1658
f 1 1658 1552
f 1 1552 1448
f 1 1448 1350
f 1 1350 1253
f 1 1253 1252
f 1 1252 1158
f 1 1158 1157
f 1 1157 1067
f 1 1067 980
f 1 980 900
f 1 900 821
f 1 821 745
f 1 745 744
f 1 744 673
f 1 673 602
f 1 602 538
f 1 538 473
f 1 473 415
f 1 415 414
f 1 414 355
f 1 355 353
f 1 353 307
f 1 307 259
f 1 259 258
f 1 258 217
f 1 217 214
f 1 214 174
f 1 174 143
f 1 143 110
f 1 110 85
f 1 85 59
f 1 59 58
f 1 58 57
f 1 57 42
f 1 42 41
f 1 41 28
f 1 28 18
f 1 18 14
f 1 14 6
f 1 6 3
f 1 3 4
f 1 4 2
f 2 4 5
f 3 6 7
f 3 7 4
f 4 8 5
f 4 7 9
f 4 9 10
f 4 10 11
f 4 11 12
f 4 12 8
f 5 8 13
f 6 14 7
f 7 15 16
f 7 16 17
f 7 17 9
f 7 14 18
f 7 18 15
f 8 12 22
f 8 22 19
f 8 19 13
f 9 17 20
f 9 20 21
f 9 21 10
f 10 21 11
f 11 21 12
f 12 21 23
f 12 23 22
f 13 19 24
f 15 18 25
f 15 25 26
f 15 26 16
f 16 26 27
f 16 27 20
f 16 20 17
f 18 28 25
f 19 29 24
f 19 22 34
f 19 34 29
f 20 27 30
f 20 30 31
f 20 31 21
f 21 31 32
f 21 32 33
f 21 33 23
f 22 23 35
f 22 35 36
f 22 36 34
f 23 33 37
f 23 37 38
f 23 38 35
f 24 29 39
f 25 40 26
f 25 28 41
f 25 41 42
f 25 42 40
f 26 40 43
f 26 43 63
f 26 63 44
f 26 44 27
f 27 44 65
f 27 65 45
f 27 45 30
f 29 34 46
f 29 46 47
f 29 47 39
f 30 45 48
f 30 48 49
f 30 49 31
f 31 49 50
f 31 50 32
f 32 50 33
f 33 50 55
f 33 55 37
f 34 51 46
f 34 36 54
f 34 54 51
f 35 38 36
f 36 38 52
f 36 52 53
f 36 53 54
f 37 55 38
f 38 55 56
f 38 56 77
f 38 77 52
f 40 42 57
f 40 57 58
f 40 58 59
f 40 59 60
f 40 60 43
f 43 60 61
f 43 61 62
f 43 62 63
f 44 63 64
f 44 64 65
f 45 65 70
f 45 70 48
f 46 51 66
f 46 66 67
f 46 67 68
f 46 68 69
f 46 69 47
f 48 70 71
f 48 71 72
f 48 72 73
f 48 73 49
f 49 73 74
f 49 74 50
f 50 74 75
f 50 75 76
f 50 76 82
f 50 82 55
f 51 54 66
f 52 77 80
f 52 80 53
f 53 78 79
f 53 79 54
f 53 80 81
f 53 81 78
f 54 79 66
f 55 82 83
f 55 83 56
f 56 83 84
f 56 84 77
f 59 85 60
f 60 85 86
f 60 86 87
f 60 87 61
f 61 87 62
f 62 87 88
f 62 88 89
f 62 89 90
f 62 90 64
f 62 64 63
f 64 90 117
f 64 117 91
f 64 91 70
f 64 70 65
f 66 92 93
f 66 93 67
f 66 79 94
f 66 94 92
f 67 93 95
f 67 95 68
f 70 91 96
f 70 96 71
f 71 96 97
f 71 97 98
f 71 98 72
f 72 98 99
f 72 99 73
f 73 99 74
f 74 99 100
f 74 100 75
f 75 100 76
f 76 100 82
f 77 84 80
f 78 101 94
f 78 94 79
f 78 81 101
f 80 84 102
f 80 102 81
f 81 103 101
f 81 102 104
f 81 104 105
f 81 105 103
f 82 100 106
f 82 106 107
f 82 107 83
f 83 107 84
f 84 107 108
f 84 108 109
f 84 109 102
f 85 110 86
f 86 111 87
f 86 110 111
f 87 111 112
f 87 112 113
f 87 113 88
f 88 113 89
f 89 113 114
f 89 114 115
f 89 115 116
f 89 116 117
f 89 117 90
f 91 117 96
f 92 118 119
f 92 119 93
f 92 94 120
f 92 120 118
f 93 119 95
f 94 101 120
f 95 119 121
f 96 117 122
f 96 122 123
f 96 123 124
f 96 124 97
f 97 124 125
f 97 125 126
f 97 126 127
f 97 127 98
f 98 127 128
f 98 128 99
f 99 128 129
f 99 129 100
f 100 129 130
f 100 130 131
f 100 131 132
f 100 132 106
f 101 133 120
f 101 103 134
f 101 134 133
f 102 109 135
f 102 135 104
f 103 105 134
f 104 135 105
f 105 136 134
f 105 135 137
f 105 137 138
f 105 138 136
f 106 132 107
f 107 132 139
f 107 139 140
f 107 140 108
f 108 140 109
f 109 140 141
f 109 141 142
f 109 142 135
f 110 143 144
f 110 144 111
f 111 144 145
f 111 145 112
f 112 145 113
f 113 145 146
f 113 146 114
f 114 147 115
f 114 146 148
f 114 148 147
f 115 149 150
f 115 150 116
f 115 147 149
f 116 150 117
f 117 150 122
f 118 151 152
f 118 152 119
f 118 120 151
f 119 152 153
f 119 153 121
f 120 154 151
f 120 133 155
f 120 155 154
f 122 150 123
f 123 156 125
f 123 125 124
f 123 150 157
f 123 157 156
f 125 156 158
f 125 158 159
f 125 159 126
f 126 159 127
f 127 159 160
f 127 160 161
f 127 161 128
f 128 161 129
f 129 161 162
f 129 162 130
f 130 162 131
f 131 162 163
f 131 163 132
f 132 163 164
f 132 164 139
f 133 134 155
f 134 165 155
f 134 136 165
f 135 142 166
f 135 166 137
f 136 138 167
f 136 167 168
f 136 168 165
f 137 166 138
f 138 166 169
f 138 169 170
f 138 170 167
f 139 164 140
f 140 164 171
f 140 171 172
f 140 172 141
f 141 172 173
f 141 173 142
f 142 173 166
f 143 174 144
f 144 175 176
f 144 176 145
f 144 174 175
f 145 176 177
f 145 177 146
f 146 177 148
f 147 148 178
f 147 178 179
f 147 179 149
f 148 177 180
f 148 180 178
f 149 179 181
f 149 181 182
f 149 182 150
f 150 182 157
f 151 183 184
f 151 184 152
f 151 154 183
f 152 184 185
f 152 185 153
f 154 155 186
f 154 186 187
f 154 187 183
f 155 165 188
f 155 188 186
f 156 157 189
f 156 189 190
f 156 190 191
f 156 191 158
f 157 182 192
f 157 192 189
f 158 191 193
f 158 193 194
f 158 194 195
f 158 195 159
f 159 195 160
f 160 195 196
f 160 196 197
f 160 197 161
f 161 197 198
f 161 198 162
f 162 198 199
f 162 199 200
f 162 200 163
f 163 200 201
f 163 201 202
f 163 202 164
f 164 202 210
f 164 210 171
f 165 168 203
f 165 203 188
f 166 173 204
f 166 204 205
f 166 205 169
f 167 206 203
f 167 203 168
f 167 170 206
f 169 205 170
f 170 205 207
f 170 207 208
f 170 208 209
f 170 209 206
f 171 210 172
f 172 210 211
f 172 211 173
f 173 211 212
f 173 212 213
f 173 213 204
f 174 214 175
f 175 215 216
f 175 216 176
f 175 214 217
f 175 217 215
f 176 216 177
f 177 218 180
f 177 216 219
f 177 219 218
f 178 180 218
f 178 218 220
f 178 220 221
f 178 221 222
f 178 222 179
f 179 222 223
f 179 223 181
f 181 223 224
f 181 224 225
f 181 225 192
f 181 192 182
f 183 226 184
f 183 187 227
f 183 227 226
f 184 226 228
f 184 228 229
f 184 229 230
f 184 230 231
f 184 231 185
f 186 232 227
f 186 227 187
f 186 188 232
f 188 233 232
f 188 203 234
f 188 234 233
f 189 192 190
f 190 192 235
f 190 235 236
f 190 236 193
f 190 193 191
f 192 225 237
f 192 237 235
f 193 236 238
f 193 238 239
f 193 239 240
f 193 240 194
f 194 240 195
f 195 240 241
f 195 241 242
f 195 242 196
f 196 242 243
f 196 243 197
f 197 243 198
f 198 243 244
f 198 244 199
f 199 244 200
f 200 244 245
f 200 245 201
f 201 245 202
f 202 245 246
f 202 246 247
f 202 247 210
f 203 206 234
f 204 213 205
f 205 213 248
f 205 248 249
f 205 249 207
f 206 250 234
f 206 209 252
f 206 252 250
f 207 249 208
f 208 251 252
f 208 252 209
f 208 249 253
f 208 253 251
f 210 247 254
f 210 254 211
f 211 254 212
f 212 254 255
f 212 255 256
f 212 256 213
f 213 256 257
f 213 257 248
f 215 217 258
f 215 258 259
f 215 259 260
f 215 260 216
f 216 261 219
f 216 260 262
f 216 262 261
f 218 219 263
f 218 263 220
f 219 261 263
f 220 263 264
f 220 264 265
f 220 265 221
f 221 265 266
f 221 266 267
f 221 267 223
f 221 223 222
f 223 267 224
f 224 268 269
f 224 269 270
f 224 270 237
f 224 237 225
f 224 267 268
f 226 227 271
f 226 271 228
f 227 272 271
f 227 232 273
f 227 273 272
f 228 274 275
f 228 275 229
f 228 271 274
f 232 233 276
f 232 276 273
f 233 234 276
f 234 250 277
f 234 277 278
f 234 278 276
f 235 237 279
f 235 279 236
f 236 279 280
f 236 280 238
f 237 270 281
f 237 281 282
f 237 282 279
f 238 280 283
f 238 283 284
f 238 284 285
f 238 285 239
f 239 285 240
f 240 285 286
f 240 286 287
f 240 287 241
f 241 287 242
f 242 287 288
f 242 288 289
f 242 289 243
f 243 289 290
f 243 290 244
f 244 290 291
f 244 291 292
f 244 292 245
f 245 292 293
f 245 293 294
f 245 294 246
f 246 294 247
f 247 294 295
f 247 295 303
f 247 303 254
f 248 257 249
f 249 257 296
f 249 296 253
f 250 252 277
f 251 297 298
f 251 298 252
f 251 253 299
f 251 299 300
f 251 300 297
f 252 298 277
f 253 296 301
f 253 301 302
f 253 302 299
f 254 303 304
f 254 304 255
f 255 304 305
f 255 305 256
f 256 305 257
f 257 305 306
f 257 306 296
f 259 307 260
f 260 307 308
f 260 308 262
f 261 262 309
f 261 309 263
f 262 308 310
f 262 310 309
f 263 311 312
f 263 312 264
f 263 309 311
f 264 312 265
f 265 313 314
f 265 314 266
f 265 312 313
f 266 314 315
f 266 315 267
f 267 315 268
f 268 315 269
f 269 315 316
f 269 316 317
f 269 317 281
f 269 281 270
f 271 318 319
f 271 319 274
f 271 272 320
f 271 320 318
f 272 273 321
f 272 321 320
f 273 276 322
f 273 322 321
f 274 319 323
f 274 323 275
f 276 278 324
f 276 324 322
f 277 325 278
f 277 298 325
f 278 325 324
f 279 282 326
f 279 326 280
f 280 326 327
f 280 327 283
f 281 317 328
f 281 328 329
f 281 329 326
f 281 326 282
f 283 327 330
f 283 330 331
f 283 331 332
f 283 332 284
f 284 332 285
f 285 332 333
f 285 333 334
f 285 334 286
f 286 334 287
f 287 334 335
f 287 335 336
f 287 336 288
f 288 336 337
f 288 337 289
f 289 337 290
f 290 337 338
f 290 338 291
f 291 338 292
f 292 338 339
f 292 339 293
f 293 339 340
f 293 340 294
f 294 340 341
f 294 341 295
f 295 341 303
f 296 306 342
f 296 342 343
f 296 343 301
f 297 344 298
f 297 300 345
f 297 345 344
f 298 344 346
f 298 346 325
f 299 302 300
f 300 302 347
f 300 347 345
f 301 343 348
f 301 348 302
f 302 348 347
f 303 341 349
f 303 349 304
f 304 349 350
f 304 350 351
f 304 351 305
f 305 351 352
f 305 352 306
f 306 352 342
f 307 353 308
f 308 354 310
f 308 353 355
f 308 355 356
f 308 356 354
f 309 310 354
f 309 354 357
f 309 357 358
f 309 358 311
f 311 358 312
f 312 358 359
f 312 359 360
f 312 360 313
f 313 360 314
f 314 360 361
f 314 361 362
f 314 362 363
f 314 363 315
f 315 363 364
f 315 364 316
f 316 364 365
f 316 365 366
f 316 366 317
f 317 366 328
f 318 367 319
f 318 320 367
f 319 367 368
f 319 368 369
f 319 369 370
f 319 370 371
f 319 371 323
f 320 372 367
f 320 321 372
f 321 322 373
f 321 373 372
f 322 374 373
f 322 324 375
f 322 375 374
f 324 325 376
f 324 376 375
f 325 346 377
f 325 377 376
f 326 329 327
f 327 378 379
f 327 379 330
f 327 329 378
f 328 366 380
f 328 380 381
f 328 381 382
f 328 382 329
f 329 382 378
f 330 379 383
f 330 383 384
f 330 384 385
f 330 385 331
f 331 385 332
f 332 385 386
f 332 386 387
f 332 387 333
f 333 387 334
f 334 387 388
f 334 388 389
f 334 389 335
f 335 389 390
f 335 390 336
f 336 390 391
f 336 391 337
f 337 391 392
f 337 392 338
f 338 392 393
f 338 393 394
f 338 394 339
f 339 394 395
f 339 395 396
f 339 396 340
f 340 396 397
f 340 397 341
f 341 397 398
f 341 398 349
f 342 352 399
f 342 399 343
f 343 399 400
f 343 400 348
f 344 401 377
f 344 377 346
f 344 345 401
f 345 347 402
f 345 402 403
f 345 403 404
f 345 404 401
f 347 348 405
f 347 405 402
f 348 400 406
f 348 406 407
f 348 407 405
f 349 398 408
f 349 408 350
f 350 408 351
f 351 408 409
f 351 409 410
f 351 410 352
f 352 410 411
f 352 411 399
f 354 356 412
f 354 412 413
f 354 413 357
f 355 414 356
f 356 414 415
f 356 415 416
f 356 416 412
f 357 413 417
f 357 417 358
f 358 417 418
f 358 418 359
f 359 418 360
f 360 419 420
f 360 420 361
f 360 418 419
f 361 420 362
f 362 421 422
f 362 422 364
f 362 364 363
f 362 420 421
f 364 422 423
f 364 423 365
f 365 423 424
f 365 424 425
f 365 425 380
f 365 380 366
f 367 426 427
f 367 427 368
f 367 372 426
f 368 427 428
f 368 428 369
f 372 429 426
f 372 373 430
f 372 430 429
f 373 374 431
f 373 431 430
f 374 375 431
f 375 376 432
f 375 432 433
f 375 433 431
f 376 377 432
f 377 401 434
f 377 434 432
f 378 382 379
f 379 382 435
f 379 435 383
f 380 425 381
f 381 436 437
f 381 437 438
f 381 438 382
f 381 425 436
f 382 438 435
f 383 439 440
f 383 440 441
f 383 441 384
f 383 435 439
f 384 441 442
f 384 442 443
f 384 443 385
f 385 443 444
f 385 444 386
f 386 444 387
f 387 444 445
f 387 445 446
f 387 446 388
f 388 446 389
f 389 446 447
f 389 447 448
f 389 448 390
f 390 448 391
f 391 448 449
f 391 449 392
f 392 449 450
f 392 450 393
f 393 450 394
f 394 450 451
f 394 451 395
f 395 451 452
f 395 452 396
f 396 452 453
f 396 453 397
f 397 453 454
f 397 454 398
f 398 454 408
f 399 411 455
f 399 455 400
f 400 455 406
f 401 456 434
f 401 404 457
f 401 457 456
f 402 405 458
f 402 458 403
f 403 458 459
f 403 459 460
f 403 460 461
f 403 461 457
f 403 457 404
f 405 407 462
f 405 462 458
f 406 455 463
f 406 463 464
f 406 464 407
f 407 464 462
f 408 454 465
f 408 465 466
f 408 466 409
f 409 466 410
f 410 466 467
f 410 467 468
f 410 468 411
f 411 468 455
f 412 469 413
f 412 416 470
f 412 470 469
f 413 469 471
f 413 471 472
f 413 472 417
f 415 473 470
f 415 470 416
f 417 472 418
f 418 472 474
f 418 474 475
f 418 475 419
f 419 475 420
f 420 475 476
f 420 476 477
f 420 477 421
f 421 477 478
f 421 478 479
f 421 479 422
f 422 479 423
f 423 480 481
f 423 481 424
f 423 479 480
f 424 481 482
f 424 482 425
f 425 482 436
f 426 429 483
f 426 483 427
f 427 484 485
f 427 485 486
f 427 486 428
f 427 483 484
f 429 487 483
f 429 430 487
f 430 431 488
f 430 488 487
f 431 489 488
f 431 433 490
f 431 490 489
f 432 491 490
f 432 490 433
f 432 434 491
f 434 456 492
f 434 492 493
f 434 493 491
f 435 438 494
f 435 494 439
f 436 482 437
f 437 495 496
f 437 496 497
f 437 497 438
f 437 482 495
f 438 497 494
f 439 494 440
f 440 494 498
f 440 498 499
f 440 499 500
f 440 500 441
f 441 500 501
f 441 501 502
f 441 502 442
f 442 502 443
f 443 502 503
f 443 503 444
f 444 503 504
f 444 504 505
f 444 505 445
f 445 505 506
f 445 506 446
f 446 506 507
f 446 507 447
f 447 507 448
f 448 507 508
f 448 508 509
f 448 509 449
f 449 509 510
f 449 510 450
f 450 510 511
f 450 511 512
f 450 512 513
f 450 513 451
f 451 513 514
f 451 514 452
f 452 514 453
f 453 514 515
f 453 515 516
f 453 516 454
f 454 516 517
f 454 517 465
f 455 468 518
f 455 518 519
f 455 519 463
f 456 457 492
f 457 461 520
f 457 520 521
f 457 521 492
f 458 462 459
f 459 462 522
f 459 522 523
f 459 523 460
f 460 524 520
f 460 520 461
f 460 523 524
f 462 464 525
f 462 525 526
f 462 526 522
f 463 519 464
f 464 519 527
f 464 527 528
f 464 528 525
f 465 517 529
f 465 529 466
f 466 529 530
f 466 530 467
f 467 530 531
f 467 531 468
f 468 531 532
f 468 532 518
f 469 533 471
f 469 470 533
f 470 473 534
f 470 534 533
f 471 533 535
f 471 535 472
f 472 536 537
f 472 537 474
f 472 535 536
f 473 538 534
f 474 537 475
f 475 539 540
f 475 540 476
f 475 537 539
f 476 540 477
f 477 541 478
f 477 540 541
f 478 542 543
f 478 543 544
f 478 544 480
f 478 480 479
f 478 541 542
f 480 544 481
f 481 545 546
f 481 546 482
f 481 544 547
f 481 547 545
f 482 548 495
f 482 546 548
f 483 487 549
f 483 549 550
f 483 550 551
f 483 551 484
f 484 551 552
f 484 552 553
f 484 553 485
f 487 488 554
f 487 554 549
f 488 489 554
f 489 555 554
f 489 490 556
f 489 556 555
f 490 491 557
f 490 557 556
f 491 493 557
f 492 521 558
f 492 558 559
f 492 559 493
f 493 559 560
f 493 560 557
f 494 497 561
f 494 561 498
f 495 548 496
f 496 548 562
f 496 562 563
f 496 563 564
f 496 564 561
f 496 561 497
f 498 561 499
f 499 565 566
f 499 566 500
f 499 561 567
f 499 567 565
f 500 566 568
f 500 568 569
f 500 569 501
f 501 569 570
f 501 570 502
f 502 570 571
f 502 571 503
f 503 571 504
f 504 571 572
f 504 572 505
f 505 572 573
f 505 573 506
f 506 573 574
f 506 574 575
f 506 575 507
f 507 575 508
f 508 575 576
f 508 576 577
f 508 577 509
f 509 577 510
f 510 577 578
f 510 578 511
f 511 578 512
f 512 578 579
f 512 579 513
f 513 579 514
f 514 579 580
f 514 580 581
f 514 581 515
f 515 581 516
f 516 581 582
f 516 582 583
f 516 583 517
f 517 583 584
f 517 584 529
f 518 532 585
f 518 585 519
f 519 585 586
f 519 586 527
f 520 587 558
f 520 558 521
f 520 524 588
f 520 588 587
f 522 526 523
f 523 526 589
f 523 589 590
f 523 590 591
f 523 591 524
f 524 591 592
f 524 592 588
f 525 528 593
f 525 593 526
f 526 593 589
f 527 586 528
f 528 586 594
f 528 594 595
f 528 595 593
f 529 584 530
f 530 584 596
f 530 596 597
f 530 597 531
f 531 597 598
f 531 598 532
f 532 598 599
f 532 599 585
f 533 600 601
f 533 601 535
f 533 534 602
f 533 602 600
f 534 538 602
f 535 601 536
f 536 603 604
f 536 604 537
f 536 601 603
f 537 604 605
f 537 605 539
f 539 605 606
f 539 606 540
f 540 606 541
f 541 606 607
f 541 607 542
f 542 608 543
f 542 607 609
f 542 609 608
f 543 608 610
f 543 610 544
f 544 610 547
f 545 547 610
f 545 610 611
f 545 611 612
f 545 612 613
f 545 613 548
f 545 548 546
f 548 613 614
f 548 614 562
f 549 615 616
f 549 616 550
f 549 554 615
f 550 616 617
f 550 617 551
f 551 617 552
f 554 555 618
f 554 618 619
f 554 619 615
f 555 556 618
f 556 557 620
f 556 620 621
f 556 621 618
f 557 560 622
f 557 622 620
f 558 623 624
f 558 624 559
f 558 587 625
f 558 625 623
f 559 624 622
f 559 622 560
f 561 626 567
f 561 564 626
f 562 614 563
f 563 627 628
f 563 628 629
f 563 629 626
f 563 626 564
f 563 614 627
f 565 567 630
f 565 630 631
f 565 631 632
f 565 632 566
f 566 632 633
f 566 633 634
f 566 634 568
f 567 626 630
f 568 634 569
f 569 634 635
f 569 635 570
f 570 635 636
f 570 636 571
f 571 636 637
f 571 637 638
f 571 638 572
f 572 638 639
f 572 639 573
f 573 639 640
f 573 640 574
f 574 640 575
f 575 640 641
f 575 641 642
f 575 642 576
f 576 642 577
f 577 642 643
f 577 643 644
f 577 644 578
f 578 644 645
f 578 645 646
f 578 646 579
f 579 646 647
f 579 647 648
f 579 648 580
f 580 648 649
f 580 649 581
f 581 649 650
f 581 650 582
f 582 650 583
f 583 650 651
f 583 651 652
f 583 652 584
f 584 652 653
f 584 653 596
f 585 599 654
f 585 654 586
f 586 654 594
f 587 588 625
f 588 655 625
f 588 592 655
f 589 593 656
f 589 656 657
f 589 657 590
f 590 658 592
f 590 592 591
f 590 657 659
f 590 659 658
f 592 658 660
f 592 660 661
f 592 661 655
f 593 595 662
f 593 662 656
f 594 654 663
f 594 663 595
f 595 663 664
f 595 664 665
f 595 665 662
f 596 653 666
f 596 666 597
f 597 666 598
f 598 666 667
f 598 667 599
f 599 667 668
f 599 668 669
f 599 669 654
f 600 670 601
f 600 602 670
f 601 670 671
f 601 671 672
f 601 672 603
f 602 673 670
f 603 672 604
f 604 672 674
f 604 674 675
f 604 675 605
f 605 675 606
f 606 676 607
f 606 675 677
f 606 677 676
f 607 676 678
f 607 678 609
f 608 609 678
f 608 678 679
f 608 679 680
f 608 680 681
f 608 681 610
f 610 681 682
f 610 682 611
f 611 682 612
f 612 683 684
f 612 684 613
f 612 682 683
f 613 684 614
f 614 684 627
f 615 685 686
f 615 686 616
f 615 619 687
f 615 687 685
f 616 686 688
f 616 688 689
f 616 689 617
f 618 690 619
f 618 621 690
f 619 690 687
f 620 622 691
f 620 691 621
f 621 691 692
f 621 692 690
f 622 693 691
f 622 624 694
f 622 694 693
f 623 695 694
f 623 694 624
f 623 625 696
f 623 696 695
f 625 655 697
f 625 697 696
f 626 629 698
f 626 698 630
f 627 699 700
f 627 700 628
f 627 684 699
f 628 700 701
f 628 701 702
f 628 702 698
f 628 698 629
f 630 698 703
f 630 703 631
f 631 703 704
f 631 704 705
f 631 705 632
f 632 705 706
f 632 706 633
f 633 706 707
f 633 707 634
f 634 707 708
f 634 708 635
f 635 708 709
f 635 709 636
f 636 709 710
f 636 710 637
f 637 710 711
f 637 711 638
f 638 711 712
f 638 712 639
f 639 712 713
f 639 713 640
f 640 713 714
f 640 714 715
f 640 715 641
f 641 715 642
f 642 715 716
f 642 716 717
f 642 717 643
f 643 717 644
f 644 717 718
f 644 718 645
f 645 718 646
f 646 718 719
f 646 719 647
f 647 719 720
f 647 720 648
f 648 720 721
f 648 721 649
f 649 721 650
f 650 721 722
f 650 722 723
f 650 723 651
f 651 723 724
f 651 724 652
f 652 724 725
f 652 725 653
f 653 725 666
f 654 669 726
f 654 726 663
f 655 661 697
f 656 662 657
f 657 662 727
f 657 727 728
f 657 728 659
f 658 659 660
f 659 728 729
f 659 729 730
f 659 730 660
f 660 731 661
f 660 730 732
f 660 732 731
f 661 731 733
f 661 733 697
f 662 665 734
f 662 734 727
f 663 726 735
f 663 735 664
f 664 735 736
f 664 736 665
f 665 736 734
f 666 725 737
f 666 737 738
f 666 738 667
f 667 738 739
f 667 739 668
f 668 739 740
f 668 740 669
f 669 740 741
f 669 741 726
f 670 742 743
f 670 743 671
f 670 673 744
f 670 744 745
f 670 745 742
f 671 743 672
f 672 746 747
f 672 747 674
f 672 743 746
f 674 747 748
f 674 748 675
f 675 748 677
f 676 677 749
f 676 749 678
f 677 748 750
f 677 750 749
f 678 751 752
f 678 752 679
f 678 749 751
f 679 752 680
f 680 753 754
f 680 754 682
f 680 682 681
f 680 752 753
f 682 754 683
f 683 755 756
f 683 756 757
f 683 757 684
f 683 754 755
f 684 757 758
f 684 758 699
f 685 759 686
f 685 687 759
f 686 759 760
f 686 760 761
f 686 761 688
f 687 690 762
f 687 762 763
f 687 763 759
f 690 692 764
f 690 764 762
f 691 765 764
f 691 764 692
f 691 693 766
f 691 766 765
f 693 694 766
f 694 695 767
f 694 767 768
f 694 768 766
f 695 696 767
f 696 697 769
f 696 769 770
f 696 770 767
f 697 733 769
f 698 702 771
f 698 771 703
f 699 758 700
f 700 758 772
f 700 772 701
f 701 773 774
f 701 774 775
f 701 775 771
f 701 771 702
f 701 772 773
f 703 771 776
f 703 776 704
f 704 776 777
f 704 777 778
f 704 778 705
f 705 778 779
f 705 779 706
f 706 779 780
f 706 780 707
f 707 780 781
f 707 781 708
f 708 781 709
f 709 781 782
f 709 782 783
f 709 783 710
f 710 783 784
f 710 784 711
f 711 784 712
f 712 784 785
f 712 785 786
f 712 786 713
f 713 786 714
f 714 786 787
f 714 787 715
f 715 787 788
f 715 788 789
f 715 789 716
f 716 789 790
f 716 790 717
f 717 790 791
f 717 791 718
f 718 791 792
f 718 792 793
f 718 793 794
f 718 794 719
f 719 794 720
f 720 794 795
f 720 795 796
f 720 796 721
f 721 796 797
f 721 797 722
f 722 797 723
f 723 797 798
f 723 798 799
f 723 799 724
f 724 799 725
f 725 799 800
f 725 800 801
f 725 801 737
f 726 741 802
f 726 802 735
f 727 734 728
f 728 734 803
f 728 803 804
f 728 804 729
f 729 804 805
f 729 805 806
f 729 806 732
f 729 732 730
f 731 732 807
f 731 807 808
f 731 808 809
f 731 809 733
f 732 806 810
f 732 810 807
f 733 809 769
f 734 736 811
f 734 811 812
f 734 812 803
f 735 802 736
f 736 802 813
f 736 813 814
f 736 814 811
f 737 801 738
f 738 801 815
f 738 815 816
f 738 816 739
f 739 816 817
f 739 817 740
f 740 817 741
f 741 817 818
f 741 818 802
f 742 819 743
f 742 745 819
f 743 819 820
f 743 820 746
f 745 821 819
f 746 822 823
f 746 823 747
f 746 820 822
f 747 824 748
f 747 823 824
f 748 824 825
f 748 825 750
f 749 750 825
f 749 825 826
f 749 826 827
f 749 827 751
f 751 827 752
f 752 827 828
f 752 828 829
f 752 829 753
f 753 829 830
f 753 830 831
f 753 831 754
f 754 831 832
f 754 832 755
f 755 832 756
f 756 833 834
f 756 834 758
f 756 758 757
f 756 832 835
f 756 835 833
f 758 834 772
f 759 836 837
f 759 837 760
f 759 763 838
f 759 838 836
f 760 837 839
f 760 839 840
f 760 840 761
f 762 764 841
f 762 841 842
f 762 842 838
f 762 838 763
f 764 765 843
f 764 843 841
f 765 766 843
f 766 844 843
f 766 768 845
f 766 845 844
f 767 846 845
f 767 845 768
f 767 770 847
f 767 847 846
f 769 848 847
f 769 847 770
f 769 809 848
f 771 775 776
f 772 849 773
f 772 834 850
f 772 850 849
f 773 849 774
f 774 849 851
f 774 851 852
f 774 852 853
f 774 853 775
f 775 853 854
f 775 854 776
f 776 854 855
f 776 855 856
f 776 856 777
f 777 856 857
f 777 857 858
f 777 858 778
f 778 858 859
f 778 859 779
f 779 859 860
f 779 860 780
f 780 860 861
f 780 861 781
f 781 861 862
f 781 862 782
f 782 862 783
f 783 862 863
f 783 863 864
f 783 864 784
f 784 864 865
f 784 865 785
f 785 865 866
f 785 866 786
f 786 866 787
f 787 866 867
f 787 867 868
f 787 868 788
f 788 868 869
f 788 869 789
f 789 869 870
f 789 870 790
f 790 870 791
f 791 870 871
f 791 871 792
f 792 871 793
f 793 871 794
f 794 871 872
f 794 872 873
f 794 873 795
f 795 873 874
f 795 874 796
f 796 874 875
f 796 875 797
f 797 875 798
f 798 875 876
f 798 876 799
f 799 876 877
f 799 877 878
f 799 878 800
f 800 878 801
f 801 878 879
f 801 879 880
f 801 880 815
f 802 818 881
f 802 881 882
f 802 882 813
f 803 812 804
f 804 812 883
f 804 883 884
f 804 884 805
f 805 885 810
f 805 810 806
f 805 884 886
f 805 886 885
f 807 887 888
f 807 888 808
f 807 810 887
f 808 888 809
f 809 888 889
f 809 889 848
f 810 890 887
f 810 885 891
f 810 891 890
f 811 814 892
f 811 892 812
f 812 892 883
f 813 882 814
f 814 882 893
f 814 893 892
f 815 880 816
f 816 880 894
f 816 894 817
f 817 894 895
f 817 895 896
f 817 896 818
f 818 896 897
f 818 897 881
f 819 898 899
f 819 899 820
f 819 821 898
f 820 899 822
f 821 900 898
f 822 899 901
f 822 901 823
f 823 901 902
f 823 902 824
f 824 902 903
f 824 903 904
f 824 904 825
f 825 904 826
f 826 904 905
f 826 905 827
f 827 906 907
f 827 907 828
f 827 905 906
f 828 907 829
f 829 908 830
f 829 907 908
f 830 909 832
f 830 832 831
f 830 908 910
f 830 910 909
f 832 909 835
f 833 835 911
f 833 911 912
f 833 912 913
f 833 913 914
f 833 914 850
f 833 850 834
f 835 909 911
f 836 915 916
f 836 916 837
f 836 838 915
f 837 916 917
f 837 917 839
f 838 842 918
f 838 918 915
f 841 919 842
f 841 843 920
f 841 920 919
f 842 921 918
f 842 919 921
f 843 844 922
f 843 922 920
f 844 845 922
f 845 846 923
f 845 923 924
f 845 924 922
f 846 847 923
f 847 848 925
f 847 925 926
f 847 926 923
f 848 889 927
f 848 927 925
f 849 850 928
f 849 928 929
f 849 929 851
f 850 914 928
f 851 929 852
f 852 929 930
f 852 930 931
f 852 931 853
f 853 931 932
f 853 932 855
f 853 855 854
f 855 932 933
f 855 933 934
f 855 934 935
f 855 935 856
f 856 935 857
f 857 935 936
f 857 936 937
f 857 937 858
f 858 937 938
f 858 938 859
f 859 938 939
f 859 939 860
f 860 939 940
f 860 940 861
f 861 940 862
f 862 940 941
f 862 941 942
f 862 942 863
f 863 942 943
f 863 943 864
f 864 943 944
f 864 944 865
f 865 944 945
f 865 945 866
f 866 945 946
f 866 946 867
f 867 946 868
f 868 946 947
f 868 947 948
f 868 948 869
f 869 948 949
f 869 949 870
f 870 949 950
f 870 950 871
f 871 950 951
f 871 951 952
f 871 952 953
f 871 953 872
f 872 953 873
f 873 953 954
f 873 954 955
f 873 955 874
f 874 955 875
f 875 955 956
f 875 956 957
f 875 957 876
f 876 957 877
f 877 957 958
f 877 958 959
f 877 959 878
f 878 959 960
f 878 960 879
f 879 960 880
f 880 960 961
f 880 961 894
f 881 897 882
f 882 897 962
f 882 962 963
f 882 963 893
f 883 892 964
f 883 964 965
f 883 965 884
f 884 965 966
f 884 966 886
f 885 886 967
f 885 967 891
f 886 966 967
f 887 968 969
f 887 969 888
f 887 890 970
f 887 970 968
f 888 969 927
f 888 927 889
f 890 891 970
f 891 967 971
f 891 971 972
f 891 972 970
f 892 893 973
f 892 973 974
f 892 974 964
f 893 963 973
f 894 961 975
f 894 975 976
f 894 976 895
f 895 976 896
f 896 976 977
f 896 977 897
f 897 977 978
f 897 978 962
f 898 979 899
f 898 900 980
f 898 980 979
f 899 981 901
f 899 979 982
f 899 982 981
f 901 981 983
f 901 983 902
f 902 983 903
f 903 983 984
f 903 984 904
f 904 985 905
f 904 984 985
f 905 985 986
f 905 986 987
f 905 987 906
f 906 987 907
f 907 988 908
f 907 987 989
f 907 989 988
f 908 988 910
f 909 910 990
f 909 990 991
f 909 991 911
f 910 988 992
f 910 992 993
f 910 993 990
f 911 991 912
f 912 991 994
f 912 994 913
f 913 995 996
f 913 996 997
f 913 997 928
f 913 928 914
f 913 994 995
f 915 918 998
f 915 998 916
f 916 998 999
f 916 999 1000
f 916 1000 917
f 918 1001 998
f 918 921 1001
f 919 1002 1003
f 919 1003 921
f 919 920 1004
f 919 1004 1002
f 920 922 1004
f 921 1003 1001
f 922 1005 1004
f 922 924 1006
f 922 1006 1005
f 923 926 1007
f 923 1007 1008
f 923 1008 924
f 924 1008 1006
f 925 1009 1007
f 925 1007 926
f 925 927 1010
f 925 1010 1009
f 927 969 1010
f 928 997 1011
f 928 1011 929
f 929 1011 930
f 930 1012 1013
f 930 1013 1014
f 930 1014 931
f 930 1011 1012
f 931 1014 1015
f 931 1015 1016
f 931 1016 933
f 931 933 932
f 933 1016 1017
f 933 1017 934
f 934 1017 1018
f 934 1018 935
f 935 1018 1019
f 935 1019 936
f 936 1019 1020
f 936 1020 1021
f 936 1021 1022
f 936 1022 937
f 937 1022 938
f 938 1022 1023
f 938 1023 1024
f 938 1024 939
f 939 1024 940
f 940 1024 1025
f 940 1025 1026
f 940 1026 941
f 941 1026 942
f 942 1026 1027
f 942 1027 943
f 943 1027 1028
f 943 1028 1029
f 943 1029 944
f 944 1029 1030
f 944 1030 945
f 945 1030 1031
f 945 1031 946
f 946 1031 1032
f 946 1032 947
f 947 1032 1033
f 947 1033 948
f 948 1033 949
f 949 1033 1034
f 949 1034 950
f 950 1034 1035
f 950 1035 951
f 951 1035 952
f 952 1035 953
f 953 1035 1036
f 953 1036 1037
f 953 1037 954
f 954 1037 955
f 955 1037 1038
f 955 1038 956
f 956 1038 1039
f 956 1039 1040
f 956 1040 957
f 957 1040 958
f 958 1040 1041
f 958 1041 1042
f 958 1042 959
f 959 1042 960
f 960 1042 1043
f 960 1043 1044
f 960 1044 961
f 961 1044 975
f 962 978 1045
f 962 1045 1046
f 962 1046 963
f 963 1046 1047
f 963 1047 1048
f 963 1048 973
f 964 974 965
f 965 974 1049
f 965 1049 966
f 966 1049 1050
f 966 1050 1051
f 966 1051 1052
f 966 1052 967
f 967 1052 1053
f 967 1053 971
f 968 970 1054
f 968 1054 1055
f 968 1055 1056
f 968 1056 969
f 969 1056 1010
f 970 972 1057
f 970 1057 1054
f 971 1058 972
f 971 1053 1059
f 971 1059 1058
f 972 1058 1057
f 973 1048 974
f 974 1048 1060
f 974 1060 1061
f 974 1061 1049
f 975 1044 1062
f 975 1062 976
f 976 1062 1063
f 976 1063 1064
f 976 1064 977
f 977 1064 978
f 978 1064 1065
f 978 1065 1045
f 979 1066 982
f 979 980 1067
f 979 1067 1157
f 979 1157 1066
f 981 982 1068
f 981 1068 1069
f 981 1069 983
f 982 1066 1070
f 982 1070 1068
f 983 1069 984
f 984 1069 1071
f 984 1071 985
f 985 1072 1073
f 985 1073 986
f 985 1071 1072
f 986 1073 987
f 987 1074 989
f 987 1073 1075
f 987 1075 1074
f 988 989 1076
f 988 1076 1077
f 988 1077 992
f 989 1074 1076
f 990 993 991
f 991 1078 1079
f 991 1079 994
f 991 993 1078
f 992 1077 993
f 993 1077 1080
f 993 1080 1081
f 993 1081 1078
f 994 1079 1082
f 994 1082 995
f 995 1082 996
f 996 1083 1084
f 996 1084 1085
f 996 1085 1011
f 996 1011 997
f 996 1082 1083
f 998 1086 1087
f 998 1087 999
f 998 1001 1086
f 999 1087 1088
f 999 1088 1000
f 1001 1089 1086
f 1001 1003 1090
f 1001 1090 1089
f 1002 1091 1003
f 1002 1004 1091
f 1003 1091 1090
f 1004 1005 1092
f 1004 1092 1093
f 1004 1093 1091
f 1005 1006 1094
f 1005 1094 1092
f 1006 1008 1094
f 1007 1095 1096
f 1007 1096 1008
f 1007 1009 1097
f 1007 1097 1095
f 1008 1096 1094
f 1009 1010 1097
f 1010 1098 1097
f 1010 1056 1099
f 1010 1099 1098
f 1011 1100 1012
f 1011 1085 1100
f 1012 1100 1013
f 1013 1100 1101
f 1013 1101 1102
f 1013 1102 1103
f 1013 1103 1015
f 1013 1015 1014
f 1015 1104 1105
f 1015 1105 1106
f 1015 1106 1016
f 1015 1103 1104
f 1016 1106 1017
f 1017 1106 1107
f 1017 1107 1018
f 1018 1107 1108
f 1018 1108 1020
f 1018 1020 1019
f 1020 1109 1110
f 1020 1110 1021
f 1020 1108 1109
f 1021 1110 1111
f 1021 1111 1022
f 1022 1111 1112
f 1022 1112 1023
f 1023 1112 1024
f 1024 1112 1113
f 1024 1113 1114
f 1024 1114 1025
f 1025 1114 1026
f 1026 1114 1115
f 1026 1115 1116
f 1026 1116 1027
f 1027 1116 1117
f 1027 1117 1028
f 1028 1117 1118
f 1028 1118 1029
f 1029 1118 1030
f 1030 1118 1119
f 1030 1119 1120
f 1030 1120 1031
f 1031 1120 1032
f 1032 1120 1121
f 1032 1121 1122
f 1032 1122 1033
f 1033 1122 1123
f 1033 1123 1034
f 1034 1123 1124
f 1034 1124 1035
f 1035 1124 1125
f 1035 1125 1126
f 1035 1126 1127
f 1035 1127 1036
f 1036 1127 1128
f 1036 1128 1037
f 1037 1128 1038
f 1038 1128 1129
f 1038 1129 1130
f 1038 1130 1039
f 1039 1130 1040
f 1040 1130 1131
f 1040 1131 1132
f 1040 1132 1041
f 1041 1132 1133
f 1041 1133 1042
f 1042 1133 1043
f 1043 1133 1134
f 1043 1134 1044
f 1044 1134 1135
f 1044 1135 1136
f 1044 1136 1062
f 1045 1065 1137
f 1045 1137 1046
f 1046 1137 1138
f 1046 1138 1047
f 1047 1139 1060
f 1047 1060 1048
f 1047 1138 1140
f 1047 1140 1141
f 1047 1141 1139
f 1049 1061 1050
f 1050 1061 1142
f 1050 1142 1051
f 1051 1143 1052
f 1051 1142 1144
f 1051 1144 1143
f 1052 1143 1053
f 1053 1143 1059
f 1054 1145 1055
f 1054 1057 1145
f 1055 1145 1146
f 1055 1146 1056
f 1056 1146 1099
f 1057 1147 1145
f 1057 1058 1147
f 1058 1148 1147
f 1058 1059 1149
f 1058 1149 1148
f 1059 1143 1150
f 1059 1150 1149
f 1060 1139 1061
f 1061 1139 1151
f 1061 1151 1142
f 1062 1136 1063
f 1063 1136 1152
f 1063 1152 1064
f 1064 1152 1153
f 1064 1153 1154
f 1064 1154 1065
f 1065 1154 1155
f 1065 1155 1137
f 1066 1156 1070
f 1066 1157 1158
f 1066 1158 1159
f 1066 1159 1156
f 1068 1070 1156
f 1068 1156 1160
f 1068 1160 1069
f 1069 1161 1162
f 1069 1162 1071
f 1069 1160 1161
f 1071 1162 1163
f 1071 1163 1072
f 1072 1163 1073
f 1073 1164 1075
f 1073 1163 1165
f 1073 1165 1164
f 1074 1075 1164
f 1074 1164 1166
f 1074 1166 1167
f 1074 1167 1076
f 1076 1167 1077
f 1077 1168 1169
f 1077 1169 1080
f 1077 1167 1168
f 1078 1081 1079
f 1079 1170 1171
f 1079 1171 1082
f 1079 1081 1170
f 1080 1169 1081
f 1081 1172 1170
f 1081 1169 1173
f 1081 1173 1172
f 1082 1171 1083
f 1083 1174 1084
f 1083 1171 1175
f 1083 1175 1174
f 1084 1174 1176
f 1084 1176 1177
f 1084 1177 1085
f 1085 1177 1100
f 1086 1178 1087
f 1086 1089 1179
f 1086 1179 1178
f 1087 1178 1180
f 1087 1180 1181
f 1087 1181 1182
f 1087 1182 1088
f 1089 1090 1179
f 1090 1091 1183
f 1090 1183 1179
f 1091 1184 1183
f 1091 1093 1185
f 1091 1185 1184
f 1092 1094 1186
f 1092 1186 1185
f 1092 1185 1093
f 1094 1187 1186
f 1094 1096 1188
f 1094 1188 1187
f 1095 1189 1096
f 1095 1097 1189
f 1096 1189 1188
f 1097 1098 1190
f 1097 1190 1189
f 1098 1191 1190
f 1098 1099 1191
f 1099 1146 1192
f 1099 1192 1193
f 1099 1193 1191
f 1100 1177 1101
f 1101 1177 1194
f 1101 1194 1102
f 1102 1195 1196
f 1102 1196 1103
f 1102 1194 1195
f 1103 1196 1104
f 1104 1196 1197
f 1104 1197 1198
f 1104 1198 1105
f 1105 1198 1106
f 1106 1198 1199
f 1106 1199 1107
f 1107 1199 1200
f 1107 1200 1201
f 1107 1201 1202
f 1107 1202 1108
f 1108 1202 1109
f 1109 1202 1203
f 1109 1203 1110
f 1110 1203 1204
f 1110 1204 1111
f 1111 1204 1205
f 1111 1205 1206
f 1111 1206 1112
f 1112 1206 1207
f 1112 1207 1113
f 1113 1207 1114
f 1114 1207 1208
f 1114 1208 1209
f 1114 1209 1115
f 1115 1209 1116
f 1116 1209 1210
f 1116 1210 1211
f 1116 1211 1117
f 1117 1211 1212
f 1117 1212 1118
f 1118 1212 1213
f 1118 1213 1119
f 1119 1213 1120
f 1120 1213 1214
f 1120 1214 1215
f 1120 1215 1121
f 1121 1215 1122
f 1122 1215 1216
f 1122 1216 1217
f 1122 1217 1123
f 1123 1217 1124
f 1124 1217 1218
f 1124 1218 1125
f 1125 1218 1126
f 1126 1218 1219
f 1126 1219 1127
f 1127 1219 1220
f 1127 1220 1128
f 1128 1220 1221
f 1128 1221 1129
f 1129 1221 1130
f 1130 1221 1222
f 1130 1222 1223
f 1130 1223 1131
f 1131 1223 1132
f 1132 1223 1224
f 1132 1224 1133
f 1133 1224 1225
f 1133 1225 1226
f 1133 1226 1134
f 1134 1226 1227
f 1134 1227 1135
f 1135 1227 1136
f 1136 1227 1228
f 1136 1228 1229
f 1136 1229 1152
f 1137 1155 1138
f 1138 1155 1230
f 1138 1230 1231
f 1138 1231 1140
f 1139 1141 1151
f 1140 1231 1141
f 1141 1231 1232
f 1141 1232 1233
f 1141 1233 1234
f 1141 1234 1151
f 1142 1151 1235
f 1142 1235 1236
f 1142 1236 1144
f 1143 1144 1237
f 1143 1237 1238
f 1143 1238 1150
f 1144 1236 1237
f 1145 1239 1192
f 1145 1192 1146
f 1145 1147 1240
f 1145 1240 1239
f 1147 1148 1241
f 1147 1241 1240
f 1148 1149 1242
f 1148 1242 1241
f 1149 1150 1243
f 1149 1243 1242
f 1150 1238 1243
f 1151 1234 1244
f 1151 1244 1235
f 1152 1229 1245
f 1152 1245 1153
f 1153 1245 1154
f 1154 1245 1246
f 1154 1246 1247
f 1154 1247 1155
f 1155 1247 1248
f 1155 1248 1230
f 1156 1159 1249
f 1156 1249 1250
f 1156 1250 1251
f 1156 1251 1160
f 1158 1252 1159
f 1159 1252 1253
f 1159 1253 1249
f 1160 1251 1254
f 1160 1254 1161
f 1161 1254 1162
f 1162 1254 1255
f 1162 1255 1256
f 1162 1256 1163
f 1163 1256 1165
f 1164 1165 1257
f 1164 1257 1258
f 1164 1258 1166
f 1165 1256 1259
f 1165 1259 1257
f 1166 1258 1167
f 1167 1258 1260
f 1167 1260 1168
f 1168 1261 1169
f 1168 1260 1261
f 1169 1262 1263
f 1169 1263 1173
f 1169 1261 1262
f 1170 1172 1171
f 1171 1172 1264
f 1171 1264 1265
f 1171 1265 1175
f 1172 1173 1263
f 1172 1263 1266
f 1172 1266 1267
f 1172 1267 1264
f 1174 1175 1265
f 1174 1265 1268
f 1174 1268 1269
f 1174 1269 1176
f 1176 1269 1270
f 1176 1270 1177
f 1177 1270 1194
f 1178 1271 1180
f 1178 1179 1271
f 1179 1272 1271
f 1179 1183 1273
f 1179 1273 1272
f 1180 1274 1275
f 1180 1275 1276
f 1180 1276 1181
f 1180 1271 1274
f 1183 1184 1273
f 1184 1185 1277
f 1184 1277 1278
f 1184 1278 1273
f 1185 1186 1277
f 1186 1279 1277
f 1186 1187 1280
f 1186 1280 1279
f 1187 1188 1280
f 1188 1189 1281
f 1188 1281 1282
f 1188 1282 1280
f 1189 1190 1283
f 1189 1283 1281
f 1190 1191 1283
f 1191 1193 1284
f 1191 1284 1285
f 1191 1285 1283
f 1192 1286 1284
f 1192 1284 1193
f 1192 1239 1287
f 1192 1287 1286
f 1194 1270 1195
f 1195 1288 1289
f 1195 1289 1290
f 1195 1290 1196
f 1195 1270 1288
f 1196 1290 1291
f 1196 1291 1292
f 1196 1292 1197
f 1197 1292 1293
f 1197 1293 1294
f 1197 1294 1198
f 1198 1294 1199
f 1199 1294 1200
f 1200 1294 1295
f 1200 1295 1201
f 1201 1295 1296
f 1201 1296 1297
f 1201 1297 1202
f 1202 1297 1203
f 1203 1297 1298
f 1203 1298 1299
f 1203 1299 1300
f 1203 1300 1204
f 1204 1300 1301
f 1204 1301 1205
f 1205 1301 1206
f 1206 1301 1302
f 1206 1302 1303
f 1206 1303 1207
f 1207 1303 1304
f 1207 1304 1208
f 1208 1304 1209
f 1209 1304 1305
f 1209 1305 1306
f 1209 1306 1210
f 1210 1306 1211
f 1211 1306 1307
f 1211 1307 1212
f 1212 1307 1308
f 1212 1308 1309
f 1212 1309 1213
f 1213 1309 1310
f 1213 1310 1214
f 1214 1310 1311
f 1214 1311 1215
f 1215 1311 1216
f 1216 1311 1312
f 1216 1312 1313
f 1216 1313 1217
f 1217 1313 1314
f 1217 1314 1218
f 1218 1314 1315
f 1218 1315 1316
f 1218 1316 1317
f 1218 1317 1219
f 1219 1317 1220
f 1220 1317 1318
f 1220 1318 1319
f 1220 1319 1221
f 1221 1319 1320
f 1221 1320 1222
f 1222 1320 1223
f 1223 1320 1321
f 1223 1321 1322
f 1223 1322 1224
f 1224 1322 1323
f 1224 1323 1225
f 1225 1323 1226
f 1226 1323 1324
f 1226 1324 1227
f 1227 1324 1325
f 1227 1325 1326
f 1227 1326 1228
f 1228 1326 1229
f 1229 1326 1327
f 1229 1327 1245
f 1230 1248 1231
f 1231 1248 1328
f 1231 1328 1329
f 1231 1329 1232
f 1232 1329 1233
f 1233 1330 1244
f 1233 1244 1234
f 1233 1329 1331
f 1233 1331 1332
f 1233 1332 1330
f 1235 1244 1236
f 1236 1333 1237
f 1236 1244 1334
f 1236 1334 1335
f 1236 1335 1333
f 1237 1333 1238
f 1238 1333 1336
f 1238 1336 1337
f 1238 1337 1243
f 1239 1240 1338
f 1239 1338 1287
f 1240 1241 1338
f 1241 1242 1339
f 1241 1339 1340
f 1241 1340 1338
f 1242 1243 1341
f 1242 1341 1339
f 1243 1337 1341
f 1244 1330 1334
f 1245 1327 1342
f 1245 1342 1343
f 1245 1343 1246
f 1246 1343 1247
f 1247 1343 1344
f 1247 1344 1248
f 1248 1344 1345
f 1248 1345 1346
f 1248 1346 1328
f 1249 1253 1347
f 1249 1347 1348
f 1249 1348 1250
f 1250 1348 1251
f 1251 1348 1349
f 1251 1349 1254
f 1253 1350 1347
f 1254 1351 1352
f 1254 1352 1255
f 1254 1349 1351
f 1255 1352 1256
f 1256 1353 1259
f 1256 1352 1354
f 1256 1354 1353
f 1257 1259 1355
f 1257 1355 1258
f 1258 1356 1357
f 1258 1357 1260
f 1258 1355 1356
f 1259 1353 1355
f 1260 1357 1261
f 1261 1357 1358
f 1261 1358 1262
f 1262 1359 1263
f 1262 1358 1360
f 1262 1360 1359
f 1263 1359 1266
f 1264 1267 1361
f 1264 1361 1265
f 1265 1361 1268
f 1266 1362 1267
f 1266 1359 1362
f 1267 1362 1363
f 1267 1363 1361
f 1268 1364 1269
f 1268 1361 1365
f 1268 1365 1364
f 1269 1366 1367
f 1269 1367 1270
f 1269 1364 1366
f 1270 1368 1288
f 1270 1367 1368
f 1271 1272 1369
f 1271 1369 1370
f 1271 1370 1371
f 1271 1371 1274
f 1272 1273 1369
f 1273 1278 1372
f 1273 1372 1373
f 1273 1373 1369
f 1274 1371 1374
f 1274 1374 1275
f 1277 1375 1278
f 1277 1279 1375
f 1278 1375 1372
f 1279 1280 1376
f 1279 1376 1377
f 1279 1377 1375
f 1280 1282 1378
f 1280 1378 1376
f 1281 1283 1379
f 1281 1379 1282
f 1282 1379 1378
f 1283 1380 1379
f 1283 1285 1380
f 1284 1381 1285
f 1284 1286 1381
f 1285 1381 1382
f 1285 1382 1380
f 1286 1287 1383
f 1286 1383 1384
f 1286 1384 1381
f 1287 1338 1383
f 1288 1368 1289
f 1289 1368 1385
f 1289 1385 1386
f 1289 1386 1387
f 1289 1387 1291
f 1289 1291 1290
f 1291 1388 1292
f 1291 1387 1388
f 1292 1388 1389
f 1292 1389 1293
f 1293 1389 1390
f 1293 1390 1391
f 1293 1391 1294
f 1294 1391 1392
f 1294 1392 1295
f 1295 1393 1394
f 1295 1394 1395
f 1295 1395 1296
f 1295 1392 1393
f 1296 1395 1298
f 1296 1298 1297
f 1298 1395 1396
f 1298 1396 1397
f 1298 1397 1299
f 1299 1397 1398
f 1299 1398 1399
f 1299 1399 1300
f 1300 1399 1301
f 1301 1399 1400
f 1301 1400 1302
f 1302 1400 1401
f 1302 1401 1303
f 1303 1401 1402
f 1303 1402 1403
f 1303 1403 1304
f 1304 1403 1404
f 1304 1404 1305
f 1305 1404 1306
f 1306 1404 1405
f 1306 1405 1406
f 1306 1406 1307
f 1307 1406 1407
f 1307 1407 1308
f 1308 1407 1309
f 1309 1407 1408
f 1309 1408 1409
f 1309 1409 1310
f 1310 1409 1311
f 1311 1409 1410
f 1311 1410 1411
f 1311 1411 1312
f 1312 1411 1313
f 1313 1411 1412
f 1313 1412 1314
f 1314 1412 1413
f 1314 1413 1315
f 1315 1413 1316
f 1316 1413 1317
f 1317 1413 1414
f 1317 1414 1318
f 1318 1414 1415
f 1318 1415 1416
f 1318 1416 1319
f 1319 1416 1320
f 1320 1416 1417
f 1320 1417 1418
f 1320 1418 1321
f 1321 1418 1419
f 1321 1419 1322
f 1322 1419 1420
f 1322 1420 1323
f 1323 1420 1324
f 1324 1420 1421
f 1324 1421 1325
f 1325 1421 1422
f 1325 1422 1423
f 1325 1423 1326
f 1326 1423 1327
f 1327 1423 1424
f 1327 1424 1425
f 1327 1425 1342
f 1328 1346 1426
f 1328 1426 1329
f 1329 1426 1331
f 1330 1427 1334
f 1330 1332 1427
f 1331 1426 1428
f 1331 1428 1332
f 1332 1428 1429
f 1332 1429 1430
f 1332 1430 1431
f 1332 1431 1427
f 1333 1335 1336
f 1334 1427 1432
f 1334 1432 1335
f 1335 1432 1433
f 1335 1433 1336
f 1336 1434 1337
f 1336 1433 1435
f 1336 1435 1434
f 1337 1436 1341
f 1337 1434 1437
f 1337 1437 1436
f 1338 1340 1438
f 1338 1438 1439
f 1338 1439 1383
f 1339 1440 1438
f 1339 1438 1340
f 1339 1341 1441
f 1339 1441 1442
f 1339 1442 1440
f 1341 1436 1443
f 1341 1443 1441
f 1342 1425 1444
f 1342 1444 1343
f 1343 1444 1344
f 1344 1444 1445
f 1344 1445 1446
f 1344 1446 1345
f 1345 1446 1447
f 1345 1447 1346
f 1346 1447 1426
f 1347 1350 1448
f 1347 1448 1348
f 1348 1449 1349
f 1348 1448 1449
f 1349 1449 1450
f 1349 1450 1451
f 1349 1451 1351
f 1351 1451 1452
f 1351 1452 1352
f 1352 1453 1354
f 1352 1452 1453
f 1353 1354 1453
f 1353 1453 1454
f 1353 1454 1355
f 1355 1454 1455
f 1355 1455 1456
f 1355 1456 1356
f 1356 1456 1357
f 1357 1457 1358
f 1357 1456 1458
f 1357 1458 1457
f 1358 1457 1360
f 1359 1360 1459
f 1359 1459 1460
f 1359 1460 1461
f 1359 1461 1362
f 1360 1457 1459
f 1361 1462 1463
f 1361 1463 1365
f 1361 1363 1462
f 1362 1461 1464
f 1362 1464 1363
f 1363 1465 1462
f 1363 1464 1465
f 1364 1365 1463
f 1364 1463 1466
f 1364 1466 1467
f 1364 1467 1366
f 1366 1467 1468
f 1366 1468 1368
f 1366 1368 1367
f 1368 1468 1469
f 1368 1469 1385
f 1369 1470 1471
f 1369 1471 1370
f 1369 1373 1470
f 1370 1471 1472
f 1370 1472 1371
f 1371 1472 1374
f 1372 1473 1373
f 1372 1375 1474
f 1372 1474 1473
f 1373 1473 1475
f 1373 1475 1470
f 1375 1377 1474
f 1376 1476 1477
f 1376 1477 1377
f 1376 1378 1478
f 1376 1478 1476
f 1377 1477 1474
f 1378 1379 1479
f 1378 1479 1478
f 1379 1380 1480
f 1379 1480 1479
f 1380 1382 1481
f 1380 1481 1480
f 1381 1482 1481
f 1381 1481 1382
f 1381 1384 1483
f 1381 1483 1482
f 1383 1439 1484
f 1383 1484 1485
f 1383 1485 1483
f 1383 1483 1384
f 1385 1469 1486
f 1385 1486 1386
f 1386 1486 1487
f 1386 1487 1387
f 1387 1487 1488
f 1387 1488 1388
f 1388 1488 1489
f 1388 1489 1490
f 1388 1490 1390
f 1388 1390 1389
f 1390 1491 1492
f 1390 1492 1493
f 1390 1493 1391
f 1390 1490 1491
f 1391 1493 1392
f 1392 1493 1393
f 1393 1493 1494
f 1393 1494 1495
f 1393 1495 1496
f 1393 1496 1394
f 1394 1496 1395
f 1395 1496 1396
f 1396 1497 1397
f 1396 1496 1497
f 1397 1497 1498
f 1397 1498 1499
f 1397 1499 1398
f 1398 1499 1500
f 1398 1500 1399
f 1399 1500 1400
f 1400 1500 1501
f 1400 1501 1502
f 1400 1502 1401
f 1401 1502 1402
f 1402 1502 1503
f 1402 1503 1403
f 1403 1503 1504
f 1403 1504 1505
f 1403 1505 1404
f 1404 1505 1506
f 1404 1506 1405
f 1405 1506 1406
f 1406 1506 1507
f 1406 1507 1407
f 1407 1507 1508
f 1407 1508 1509
f 1407 1509 1408
f 1408 1509 1510
f 1408 1510 1409
f 1409 1510 1511
f 1409 1511 1410
f 1410 1511 1411
f 1411 1511 1512
f 1411 1512 1513
f 1411 1513 1412
f 1412 1513 1514
f 1412 1514 1413
f 1413 1514 1515
f 1413 1515 1516
f 1413 1516 1414
f 1414 1516 1517
f 1414 1517 1518
f 1414 1518 1415
f 1415 1518 1416
f 1416 1518 1519
f 1416 1519 1520
f 1416 1520 1417
f 1417 1520 1521
f 1417 1521 1418
f 1418 1521 1419
f 1419 1521 1522
f 1419 1522 1523
f 1419 1523 1420
f 1420 1523 1421
f 1421 1523 1524
f 1421 1524 1525
f 1421 1525 1422
f 1422 1525 1423
f 1423 1525 1526
f 1423 1526 1527
f 1423 1527 1424
f 1424 1527 1425
f 1425 1527 1528
f 1425 1528 1444
f 1426 1447 1529
f 1426 1529 1530
f 1426 1530 1428
f 1427 1431 1531
f 1427 1531 1432
f 1428 1530 1429
f 1429 1530 1532
f 1429 1532 1533
f 1429 1533 1430
f 1430 1534 1531
f 1430 1531 1431
f 1430 1533 1534
f 1432 1535 1433
f 1432 1531 1536
f 1432 1536 1535
f 1433 1535 1435
f 1434 1435 1437
f 1435 1535 1537
f 1435 1537 1538
f 1435 1538 1539
f 1435 1539 1437
f 1436 1437 1443
f 1437 1539 1540
f 1437 1540 1443
f 1438 1541 1484
f 1438 1484 1439
f 1438 1440 1542
f 1438 1542 1541
f 1440 1442 1542
f 1441 1443 1442
f 1442 1443 1543
f 1442 1543 1544
f 1442 1544 1545
f 1442 1545 1542
f 1443 1540 1546
f 1443 1546 1543
f 1444 1528 1547
f 1444 1547 1548
f 1444 1548 1445
f 1445 1548 1549
f 1445 1549 1446
f 1446 1549 1447
f 1447 1549 1550
f 1447 1550 1551
f 1447 1551 1529
f 1448 1552 1449
f 1449 1553 1554
f 1449 1554 1450
f 1449 1552 1553
f 1450 1554 1451
f 1451 1555 1452
f 1451 1554 1556
f 1451 1556 1555
f 1452 1555 1557
f 1452 1557 1453
f 1453 1557 1558
f 1453 1558 1454
f 1454 1558 1455
f 1455 1559 1560
f 1455 1560 1456
f 1455 1558 1559
f 1456 1560 1458
f 1457 1458 1561
f 1457 1561 1562
f 1457 1562 1563
f 1457 1563 1459
f 1458 1560 1561
f 1459 1563 1564
f 1459 1564 1460
f 1460 1564 1461
f 1461 1565 1464
f 1461 1564 1566
f 1461 1566 1565
f 1462 1567 1463
f 1462 1465 1567
f 1463 1567 1466
f 1464 1565 1568
f 1464 1568 1465
f 1465 1568 1567
f 1466 1569 1570
f 1466 1570 1467
f 1466 1567 1569
f 1467 1571 1468
f 1467 1570 1571
f 1468 1571 1469
f 1469 1571 1572
f 1469 1572 1486
f 1470 1573 1574
f 1470 1574 1471
f 1470 1475 1573
f 1471 1574 1472
f 1472 1574 1575
f 1473 1576 1475
f 1473 1474 1576
f 1474 1577 1576
f 1474 1477 1577
f 1475 1576 1578
f 1475 1578 1573
f 1476 1579 1477
f 1476 1478 1579
f 1477 1579 1580
f 1477 1580 1577
f 1478 1479 1581
f 1478 1581 1582
f 1478 1582 1579
f 1479 1480 1581
f 1480 1583 1581
f 1480 1481 1584
f 1480 1584 1583
f 1481 1482 1585
f 1481 1585 1584
f 1482 1483 1585
f 1483 1485 1586
f 1483 1586 1587
f 1483 1587 1585
f 1484 1588 1485
f 1484 1541 1588
f 1485 1588 1586
f 1486 1589 1590
f 1486 1590 1487
f 1486 1572 1591
f 1486 1591 1589
f 1487 1592 1593
f 1487 1593 1489
f 1487 1489 1488
f 1487 1590 1592
f 1489 1593 1594
f 1489 1594 1595
f 1489 1595 1491
f 1489 1491 1490
f 1491 1596 1597
f 1491 1597 1598
f 1491 1598 1492
f 1491 1595 1596
f 1492 1598 1493
f 1493 1598 1494
f 1494 1599 1600
f 1494 1600 1601
f 1494 1601 1495
f 1494 1598 1599
f 1495 1601 1496
f 1496 1601 1602
f 1496 1602 1497
f 1497 1602 1603
f 1497 1603 1498
f 1498 1603 1604
f 1498 1604 1605
f 1498 1605 1499
f 1499 1605 1500
f 1500 1605 1606
f 1500 1606 1501
f 1501 1606 1607
f 1501 1607 1608
f 1501 1608 1502
f 1502 1608 1609
f 1502 1609 1503
f 1503 1609 1504
f 1504 1609 1610
f 1504 1610 1611
f 1504 1611 1505
f 1505 1611 1506
f 1506 1611 1612
f 1506 1612 1613
f 1506 1613 1507
f 1507 1613 1614
f 1507 1614 1508
f 1508 1614 1509
f 1509 1614 1615
f 1509 1615 1616
f 1509 1616 1510
f 1510 1616 1617
f 1510 1617 1511
f 1511 1617 1512
f 1512 1617 1618
f 1512 1618 1619
f 1512 1619 1513
f 1513 1619 1514
f 1514 1619 1620
f 1514 1620 1515
f 1515 1620 1516
f 1516 1620 1621
f 1516 1621 1517
f 1517 1621 1622
f 1517 1622 1518
f 1518 1622 1623
f 1518 1623 1519
f 1519 1623 1520
f 1520 1623 1624
f 1520 1624 1521
f 1521 1624 1625
f 1521 1625 1626
f 1521 1626 1522
f 1522 1626 1627
f 1522 1627 1523
f 1523 1627 1524
f 1524 1627 1628
f 1524 1628 1525
f 1525 1628 1629
f 1525 1629 1526
f 1526 1629 1630
f 1526 1630 1631
f 1526 1631 1527
f 1527 1631 1632
f 1527 1632 1528
f 1528 1632 1633
f 1528 1633 1547
f 1529 1551 1530
f 1530 1551 1634
f 1530 1634 1635
f 1530 1635 1532
f 1531 1534 1536
f 1532 1635 1533
f 1533 1636 1534
f 1533 1635 1637
f 1533 1637 1638
f 1533 1638 1636
f 1534 1636 1639
f 1534 1639 1640
f 1534 1640 1536
f 1535 1536 1641
f 1535 1641 1537
f 1536 1640 1642
f 1536 1642 1641
f 1537 1641 1538
f 1538 1643 1539
f 1538 1641 1644
f 1538 1644 1645
f 1538 1645 1643
f 1539 1643 1646
f 1539 1646 1540
f 1540 1646 1647
f 1540 1647 1546
f 1541 1542 1648
f 1541 1648 1649
f 1541 1649 1588
f 1542 1545 1648
f 1543 1546 1544
f 1544 1650 1651
f 1544 1651 1545
f 1544 1546 1652
f 1544 1652 1650
f 1545 1651 1648
f 1546 1647 1652
f 1547 1633 1548
f 1548 1633 1653
f 1548 1653 1549
f 1549 1653 1654
f 1549 1654 1655
f 1549 1655 1550
f 1550 1655 1551
f 1551 1655 1656
f 1551 1656 1657
f 1551 1657 1634
f 1552 1658 1553
f 1553 1659 1554
f 1553 1658 1659
f 1554 1660 1661
f 1554 1661 1556
f 1554 1659 1660
f 1555 1556 1661
f 1555 1661 1662
f 1555 1662 1663
f 1555 1663 1557
f 1557 1663 1558
f 1558 1664 1559
f 1558 1663 1664
f 1559 1664 1665
f 1559 1665 1560
f 1560 1665 1666
f 1560 1666 1667
f 1560 1667 1561
f 1561 1667 1562
f 1562 1667 1668
f 1562 1668 1563
f 1563 1669 1670
f 1563 1670 1564
f 1563 1668 1669
f 1564 1670 1566
f 1565 1566 1671
f 1565 1671 1672
f 1565 1672 1673
f 1565 1673 1568
f 1566 1670 1671
f 1567 1568 1674
f 1567 1674 1675
f 1567 1675 1569
f 1568 1673 1676
f 1568 1676 1674
f 1569 1675 1570
f 1570 1675 1677
f 1570 1677 1678
f 1570 1678 1571
f 1571 1678 1572
f 1572 1678 1679
f 1572 1679 1680
f 1572 1680 1591
f 1573 1578 1681
f 1573 1681 1682
f 1573 1682 1683
f 1573 1683 1574
f 1574 1683 1684
f 1574 1684 1575
f 1576 1685 1681
f 1576 1681 1578
f 1576 1577 1685
f 1577 1686 1685
f 1577 1580 1687
f 1577 1687 1686
f 1579 1582 1688
f 1579 1688 1580
f 1580 1688 1687
f 1581 1689 1582
f 1581 1583 1690
f 1581 1690 1689
f 1582 1691 1688
f 1582 1689 1691
f 1583 1584 1690
f 1584 1585 1692
f 1584 1692 1690
f 1585 1693 1692
f 1585 1587 1693
f 1586 1694 1695
f 1586 1695 1587
f 1586 1588 1694
f 1587 1695 1693
f 1588 1649 1696
f 1588 1696 1697
f 1588 1697 1694
f 1589 1698 1699
f 1589 1699 1592
f 1589 1592 1590
f 1589 1591 1680
f 1589 1680 1700
f 1589 1700 1698
f 1592 1699 1701
f 1592 1701 1702
f 1592 1702 1594
f 1592 1594 1593
f 1594 1702 1703
f 1594 1703 1704
f 1594 1704 1596
f 1594 1596 1595
f 1596 1705 1706
f 1596 1706 1707
f 1596 1707 1597
f 1596 1704 1705
f 1597 1707 1598
f 1598 1707 1599
f 1599 1708 1709
f 1599 1709 1710
f 1599 1710 1600
f 1599 1707 1708
f 1600 1710 1601
f 1601 1710 1711
f 1601 1711 1602
f 1602 1711 1712
f 1602 1712 1603
f 1603 1712 1713
f 1603 1713 1714
f 1603 1714 1604
f 1604 1714 1715
f 1604 1715 1605
f 1605 1715 1716
f 1605 1716 1606
f 1606 1716 1717
f 1606 1717 1718
f 1606 1718 1607
f 1607 1718 1608
f 1608 1718 1719
f 1608 1719 1609
f 1609 1719 1720
f 1609 1720 1610
f 1610 1720 1721
f 1610 1721 1722
f 1610 1722 1611
f 1611 1722 1723
f 1611 1723 1612
f 1612 1723 1724
f 1612 1724 1613
f 1613 1724 1614
f 1614 1724 1725
f 1614 1725 1726
f 1614 1726 1615
f 1615 1726 1727
f 1615 1727 1616
f 1616 1727 1617
f 1617 1727 1728
f 1617 1728 1729
f 1617 1729 1618
f 1618 1729 1619
f 1619 1729 1730
f 1619 1730 1731
f 1619 1731 1620
f 1620 1731 1732
f 1620 1732 1733
f 1620 1733 1734
f 1620 1734 1621
f 1621 1734 1735
f 1621 1735 1622
f 1622 1735 1623
f 1623 1735 1736
f 1623 1736 1737
f 1623 1737 1624
f 1624 1737 1625
f 1625 1737 1738
f 1625 1738 1739
f 1625 1739 1626
f 1626 1739 1627
f 1627 1739 1740
f 1627 1740 1741
f 1627 1741 1628
f 1628 1741 1629
f 1629 1741 1742
f 1629 1742 1743
f 1629 1743 1630
f 1630 1743 1744
f 1630 1744 1631
f 1631 1744 1632
f 1632 1744 1745
f 1632 1745 1633
f 1633 1745 1746
f 1633 1746 1747
f 1633 1747 1653
f 1634 1657 1635
f 1635 1657 1748
f 1635 1748 1749
f 1635 1749 1637
f 1636 1638 1639
f 1637 1749 1750
f 1637 1750 1638
f 1638 1750 1751
f 1638 1751 1639
f 1639 1751 1752
f 1639 1752 1753
f 1639 1753 1642
f 1639 1642 1640
f 1641 1642 1754
f 1641 1754 1644
f 1642 1753 1755
f 1642 1755 1754
f 1643 1756 1647
f 1643 1647 1646
f 1643 1645 1757
f 1643 1757 1756
f 1644 1754 1758
f 1644 1758 1645
f 1645 1758 1757
f 1647 1759 1652
f 1647 1756 1759
f 1648 1760 1649
f 1648 1651 1760
f 1649 1760 1696
f 1650 1652 1761
f 1650 1761 1762
f 1650 1762 1651
f 1651 1763 1760
f 1651 1762 1763
f 1652 1759 1764
f 1652 1764 1761
f 1653 1747 1654
f 1654 1747 1765
f 1654 1765 1766
f 1654 1766 1655
f 1655 1766 1656
f 1656 1766 1767
f 1656 1767 1768
f 1656 1768 1657
f 1657 1768 1769
f 1657 1769 1748
f 1658 1770 1659
f 1659 1771 1660
f 1659 1770 1771
f 1660 1771 1772
f 1660 1772 1661
f 1661 1772 1773
f 1661 1773 1662
f 1662 1774 1775
f 1662 1775 1663
f 1662 1773 1774
f 1663 1775 1776
f 1663 1776 1664
f 1664 1776 1665
f 1665 1776 1777
f 1665 1777 1666
f 1666 1777 1778
f 1666 1778 1779
f 1666 1779 1667
f 1667 1779 1780
f 1667 1780 1668
f 1668 1780 1669
f 1669 1780 1781
f 1669 1781 1670
f 1670 1781 1782
f 1670 1782 1783
f 1670 1783 1671
f 1671 1783 1784
f 1671 1784 1672
f 1672 1784 1673
f 1673 1785 1676
f 1673 1784 1785
f 1674 1786 1675
f 1674 1676 1786
f 1675 1786 1677
f 1676 1785 1787
f 1676 1787 1788
f 1676 1788 1786
f 1677 1786 1789
f 1677 1789 1790
f 1677 1790 1791
f 1677 1791 1678
f 1678 1791 1679
f 1679 1791 1792
f 1679 1792 1680
f 1680 1793 1794
f 1680 1794 1700
f 1680 1792 1793
f 1681 1795 1682
f 1681 1685 1795
f 1682 1796 1797
f 1682 1797 1683
f 1682 1795 1796
f 1683 1797 1798
f 1683 1798 1684
f 1685 1686 1799
f 1685 1799 1800
f 1685 1800 1795
f 1686 1687 1801
f 1686 1801 1799
f 1687 1688 1801
f 1688 1802 1801
f 1688 1691 1803
f 1688 1803 1802
f 1689 1690 1804
f 1689 1804 1691
f 1690 1692 1805
f 1690 1805 1806
f 1690 1806 1804
f 1691 1804 1803
f 1692 1693 1805
f 1693 1807 1805
f 1693 1695 1808
f 1693 1808 1807
f 1694 1697 1809
f 1694 1809 1810
f 1694 1810 1695
f 1695 1810 1808
f 1696 1811 1809
f 1696 1809 1697
f 1696 1760 1812
f 1696 1812 1811
f 1698 1700 1794
f 1698 1794 1813
f 1698 1813 1814
f 1698 1814 1815
f 1698 1815 1701
f 1698 1701 1699
f 1701 1815 1816
f 1701 1816 1702
f 1702 1816 1703
f 1703 1817 1818
f 1703 1818 1705
f 1703 1705 1704
f 1703 1816 1817
f 1705 1819 1820
f 1705 1820 1821
f 1705 1821 1706
f 1705 1818 1819
f 1706 1821 1708
f 1706 1708 1707
f 1708 1821 1822
f 1708 1822 1823
f 1708 1823 1709
f 1709 1823 1710
f 1710 1823 1824
f 1710 1824 1825
f 1710 1825 1711
f 1711 1825 1713
f 1711 1713 1712
f 1713 1825 1826
f 1713 1826 1827
f 1713 1827 1828
f 1713 1828 1714
f 1714 1828 1715
f 1715 1828 1829
f 1715 1829 1716
f 1716 1829 1830
f 1716 1830 1831
f 1716 1831 1717
f 1717 1831 1718
f 1718 1831 1832
f 1718 1832 1719
f 1719 1832 1833
f 1719 1833 1834
f 1719 1834 1720
f 1720 1834 1835
f 1720 1835 1721
f 1721 1835 1722
f 1722 1835 1836
f 1722 1836 1723
f 1723 1836 1837
f 1723 1837 1724
f 1724 1837 1838
f 1724 1838 1839
f 1724 1839 1725
f 1725 1839 1840
f 1725 1840 1726
f 1726 1840 1727
f 1727 1840 1841
f 1727 1841 1842
f 1727 1842 1728
f 1728 1842 1843
f 1728 1843 1729
f 1729 1843 1730
f 1730 1843 1844
f 1730 1844 1731
f 1731 1844 1845
f 1731 1845 1732
f 1732 1845 1733
f 1733 1845 1846
f 1733 1846 1734
f 1734 1846 1735
f 1735 1846 1847
f 1735 1847 1848
f 1735 1848 1736
f 1736 1848 1737
f 1737 1848 1849
f 1737 1849 1850
f 1737 1850 1738
f 1738 1850 1739
f 1739 1850 1851
f 1739 1851 1852
f 1739 1852 1740
f 1740 1852 1741
f 1741 1852 1853
f 1741 1853 1854
f 1741 1854 1742
f 1742 1854 1855
f 1742 1855 1743
f 1743 1855 1856
f 1743 1856 1744
f 1744 1856 1857
f 1744 1857 1745
f 1745 1857 1746
f 1746 1857 1858
f 1746 1858 1747
f 1747 1858 1859
f 1747 1859 1860
f 1747 1860 1765
f 1748 1861 1749
f 1748 1769 1861
f 1749 1861 1862
f 1749 1862 1750
f 1750 1862 1863
f 1750 1863 1751
f 1751 1863 1864
f 1751 1864 1752
f 1752 1865 1753
f 1752 1864 1865
f 1753 1865 1755
f 1754 1755 1758
f 1755 1865 1866
f 1755 1866 1758
f 1756 1757 1867
f 1756 1867 1868
f 1756 1868 1759
f 1757 1758 1869
f 1757 1869 1870
f 1757 1870 1867
f 1758 1866 1871
f 1758 1871 1869
f 1759 1868 1764
f 1760 1763 1872
f 1760 1872 1812
f 1761 1764 1873
f 1761 1873 1762
f 1762 1873 1874
f 1762 1874 1875
f 1762 1875 1872
f 1762 1872 1763
f 1764 1876 1873
f 1764 1868 1877
f 1764 1877 1876
f 1765 1860 1766
f 1766 1860 1878
f 1766 1878 1879
f 1766 1879 1767
f 1767 1879 1880
f 1767 1880 1768
f 1768 1880 1769
f 1769 1880 1881
f 1769 1881 1882
f 1769 1882 1861
f 1770 1883 1771
f 1771 1884 1885
f 1771 1885 1772
f 1771 1883 1886
f 1771 1886 1884
f 1772 1885 1773
f 1773 1885 1887
f 1773 1887 1888
f 1773 1888 1774
f 1774 1888 1775
f 1775 1889 1890
f 1775 1890 1776
f 1775 1888 1889
f 1776 1890 1777
f 1777 1891 1892
f 1777 1892 1778
f 1777 1890 1891
f 1778 1892 1893
f 1778 1893 1779
f 1779 1893 1780
f 1780 1894 1781
f 1780 1893 1895
f 1780 1895 1894
f 1781 1894 1782
f 1782 1896 1783
f 1782 1894 1896
f 1783 1897 1898
f 1783 1898 1784
f 1783 1896 1897
f 1784 1898 1785
f 1785 1899 1787
f 1785 1898 1900
f 1785 1900 1899
f 1786 1788 1789
f 1787 1899 1901
f 1787 1901 1788
f 1788 1901 1902
f 1788 1902 1903
f 1788 1903 1789
f 1789 1903 1904
f 1789 1904 1790
f 1790 1905 1792
f 1790 1792 1791
f 1790 1904 1905
f 1792 1905 1793
f 1793 1906 1794
f 1793 1905 1907
f 1793 1907 1906
f 1794 1906 1813
f 1795 1908 1909
f 1795 1909 1796
f 1795 1800 1908
f 1796 1909 1797
f 1797 1909 1910
f 1797 1910 1911
f 1797 1911 1912
f 1797 1912 1798
f 1799 1801 1913
f 1799 1913 1800
f 1800 1913 1914
f 1800 1914 1908
f 1801 1915 1913
f 1801 1802 1915
f 1802 1803 1916
f 1802 1916 1917
f 1802 1917 1915
f 1803 1804 1916
f 1804 1806 1918
f 1804 1918 1919
f 1804 1919 1916
f 1805 1920 1918
f 1805 1918 1806
f 1805 1807 1921
f 1805 1921 1920
f 1807 1808 1921
f 1808 1810 1922
f 1808 1922 1923
f 1808 1923 1921
f 1809 1924 1922
f 1809 1922 1810
f 1809 1811 1925
f 1809 1925 1924
f 1811 1812 1925
f 1812 1872 1926
f 1812 1926 1925
f 1813 1927 1928
f 1813 1928 1814
f 1813 1906 1927
f 1814 1929 1815
f 1814 1928 1929
f 1815 1929 1930
f 1815 1930 1816
f 1816 1930 1931
f 1816 1931 1817
f 1817 1932 1933
f 1817 1933 1819
f 1817 1819 1818
f 1817 1931 1932
f 1819 1933 1934
f 1819 1934 1935
f 1819 1935 1820
f 1820 1935 1936
f 1820 1936 1821
f 1821 1936 1937
f 1821 1937 1822
f 1822 1937 1938
f 1822 1938 1823
f 1823 1938 1939
f 1823 1939 1940
f 1823 1940 1824
f 1824 1940 1826
f 1824 1826 1825
f 1826 1940 1941
f 1826 1941 1942
f 1826 1942 1943
f 1826 1943 1827
f 1827 1943 1828
f 1828 1943 1944
f 1828 1944 1945
f 1828 1945 1829
f 1829 1945 1830
f 1830 1945 1946
f 1830 1946 1831
f 1831 1946 1947
f 1831 1947 1832
f 1832 1947 1948
f 1832 1948 1949
f 1832 1949 1833
f 1833 1949 1834
f 1834 1949 1950
f 1834 1950 1835
f 1835 1950 1951
f 1835 1951 1952
f 1835 1952 1836
f 1836 1952 1953
f 1836 1953 1837
f 1837 1953 1838
f 1838 1953 1954
f 1838 1954 1955
f 1838 1955 1839
f 1839 1955 1840
f 1840 1955 1956
f 1840 1956 1841
f 1841 1956 1957
f 1841 1957 1842
f 1842 1957 1958
f 1842 1958 1959
f 1842 1959 1843
f 1843 1959 1960
f 1843 1960 1844
f 1844 1960 1961
f 1844 1961 1845
f 1845 1961 1962
f 1845 1962 1846
f 1846 1962 1963
f 1846 1963 1847
f 1847 1963 1964
f 1847 1964 1965
f 1847 1965 1848
f 1848 1965 1966
f 1848 1966 1849
f 1849 1966 1967
f 1849 1967 1850
f 1850 1967 1968
f 1850 1968 1851
f 1851 1968 1852
f 1852 1968 1969
f 1852 1969 1970
f 1852 1970 1853
f 1853 1970 1854
f 1854 1970 1971
f 1854 1971 1855
f 1855 1971 1972
f 1855 1972 1973
f 1855 1973 1856
f 1856 1973 1974
f 1856 1974 1857
f 1857 1974 1975
f 1857 1975 1858
f 1858 1975 1976
f 1858 1976 1859
f 1859 1976 1977
f 1859 1977 1860
f 1860 1977 1978
f 1860 1978 1878
f 1861 1882 1862
f 1862 1979 1863
f 1862 1882 1980
f 1862 1980 1981
f 1862 1981 1979
f 1863 1979 1982
f 1863 1982 1864
f 1864 1982 1983
f 1864 1983 1865
f 1865 1983 1984
f 1865 1984 1866
f 1866 1984 1985
f 1866 1985 1871
f 1867 1986 1868
f 1867 1870 1986
f 1868 1986 1877
f 1869 1871 1870
f 1870 1871 1987
f 1870 1987 1988
f 1870 1988 1989
f 1870 1989 1986
f 1871 1985 1987
f 1872 1990 1926
f 1872 1875 1991
f 1872 1991 1990
f 1873 1876 1874
f 1874 1992 1875
f 1874 1876 1993
f 1874 1993 1992
f 1875 1992 1991
f 1876 1877 1994
f 1876 1994 1995
f 1876 1995 1993
f 1877 1986 1996
f 1877 1996 1994
f 1878 1978 1879
f 1879 1978 1997
f 1879 1997 1880
f 1880 1997 1998
f 1880 1998 1999
f 1880 1999 1881
f 1881 1999 1882
f 1882 1999 2000
f 1882 2000 2001
f 1882 2001 1980
f 1884 1886 2002
f 1884 2002 2003
f 1884 2003 1885
f 1885 2003 2004
f 1885 2004 2005
f 1885 2005 1887
f 1887 2005 2006
f 1887 2006 1888
f 1888 2006 1889
f 1889 2007 1890
f 1889 2006 2007
f 1890 2008 2009
f 1890 2009 1891
f 1890 2007 2008
f 1891 2009 1892
f 1892 2009 2010
f 1892 2010 1893
f 1893 2011 2012
f 1893 2012 1895
f 1893 2010 2011
f 1894 2013 1896
f 1894 1895 2012
f 1894 2012 2013
f 1896 2014 2015
f 1896 2015 1897
f 1896 2013 2014
f 1897 2015 1898
f 1898 2015 2016
f 1898 2016 2017
f 1898 2017 1900
f 1899 1900 2018
f 1899 2018 1901
f 1900 2017 2018
f 1901 2018 2019
f 1901 2019 1902
f 1902 2019 2020
f 1902 2020 2021
f 1902 2021 1904
f 1902 1904 1903
f 1904 2021 2022
f 1904 2022 2023
f 1904 2023 1905
f 1905 2023 2024
f 1905 2024 1907
f 1906 2025 1927
f 1906 1907 2024
f 1906 2024 2026
f 1906 2026 2025
f 1908 1914 2027
f 1908 2027 1909
f 1909 2027 2028
f 1909 2028 1910
f 1910 2028 1911
f 1911 2028 2029
f 1913 1915 2030
f 1913 2030 1914
f 1914 2030 2027
f 1915 1917 2031
f 1915 2031 2030
f 1916 1919 2032
f 1916 2032 2031
f 1916 2031 1917
f 1918 1920 2033
f 1918 2033 2032
f 1918 2032 1919
f 1920 1921 2033
f 1921 1923 2034
f 1921 2034 2033
f 1922 2034 1923
f 1922 1924 2035
f 1922 2035 2034
f 1924 1925 2035
f 1925 1926 2036
f 1925 2036 2035
f 1926 1990 2036
f 1927 2025 1928
f 1928 2025 2037
f 1928 2037 2038
f 1928 2038 2039
f 1928 2039 1929
f 1929 2040 1931
f 1929 1931 1930
f 1929 2039 2040
f 1931 2040 2041
f 1931 2041 1932
f 1932 2041 2042
f 1932 2042 2043
f 1932 2043 1934
f 1932 1934 1933
f 1934 2043 2044
f 1934 2044 2045
f 1934 2045 2046
f 1934 2046 1935
f 1935 2046 1936
f 1936 2046 2047
f 1936 2047 1937
f 1937 2047 2048
f 1937 2048 1938
f 1938 2049 2050
f 1938 2050 2051
f 1938 2051 1939
f 1938 2048 2049
f 1939 2051 1940
f 1940 2051 1941
f 1941 2052 1942
f 1941 2051 2052
f 1942 2052 2053
f 1942 2053 1943
f 1943 2053 2054
f 1943 2054 2055
f 1943 2055 1944
f 1944 2055 1945
f 1945 2055 2056
f 1945 2056 1946
f 1946 2056 2057
f 1946 2057 2058
f 1946 2058 1947
f 1947 2058 2059
f 1947 2059 1948
f 1948 2059 1949
f 1949 2059 2060
f 1949 2060 1950
f 1950 2060 2061
f 1950 2061 2062
f 1950 2062 1951
f 1951 2062 1952
f 1952 2062 2063
f 1952 2063 2064
f 1952 2064 1953
f 1953 2064 2065
f 1953 2065 1954
f 1954 2065 1955
f 1955 2065 2066
f 1955 2066 2067
f 1955 2067 1956
f 1956 2067 1957
f 1957 2067 2068
f 1957 2068 2069
f 1957 2069 1958
f 1958 2069 1959
f 1959 2069 2070
f 1959 2070 2072
f 1959 2072 1960
f 1960 2071 1961
f 1960 2072 2073
f 1960 2073 2071
f 1961 2071 1962
f 1962 2071 1963
f 1963 2071 2074
f 1963 2074 2075
f 1963 2075 2076
f 1963 2076 1964
f 1964 2076 1965
f 1965 2076 2077
f 1965 2077 2078
f 1965 2078 1966
f 1966 2078 1967
f 1967 2078 2079
f 1967 2079 1968
f 1968 2079 2080
f 1968 2080 1969
f 1969 2080 2081
f 1969 2081 2082
f 1969 2082 1970
f 1970 2082 2083
f 1970 2083 1971
f 1971 2083 2084
f 1971 2084 1972
f 1972 2084 1973
f 1973 2084 2085
f 1973 2085 2086
f 1973 2086 1974
f 1974 2086 2087
f 1974 2087 1975
f 1975 2087 1976
f 1976 2087 2088
f 1976 2088 1977
f 1977 2088 2089
f 1977 2089 2090
f 1977 2090 1978
f 1978 2090 1997
f 1979 1981 1982
f 1980 2001 2091
f 1980 2091 1981
f 1981 2091 2092
f 1981 2092 2093
f 1981 2093 1982
f 1982 2094 1983
f 1982 2093 2095
f 1982 2095 2094
f 1983 2096 1984
f 1983 2094 2097
f 1983 2097 2096
f 1984 2096 1985
f 1985 2096 2098
f 1985 2098 2099
f 1985 2099 2100
f 1985 2100 1987
f 1986 1989 2101
f 1986 2101 1996
f 1987 2100 2102
f 1987 2102 1988
f 1988 2103 1989
f 1988 2102 2103
f 1989 2103 2101
f 1990 1991 2104
f 1990 2104 2036
f 1991 1992 2104
f 1992 1993 2105
f 1992 2105 2106
f 1992 2106 2104
f 1993 1995 2105
f 1994 1996 2107
f 1994 2107 1995
f 1995 2108 2105
f 1995 2107 2109
f 1995 2109 2108
f 1996 2101 2110
f 1996 2110 2107
f 1997 2090 2111
f 1997 2111 2112
f 1997 2112 1998
f 1998 2112 2113
f 1998 2113 1999
f 1999 2113 2114
f 1999 2114 2000
f 2000 2114 2115
f 2000 2115 2001
f 2001 2115 2091
f 2003 2116 2117
f 2003 2117 2004
f 2004 2118 2005
f 2004 2117 2119
f 2004 2119 2118
f 2005 2118 2006
f 2006 2120 2007
f 2006 2118 2120
f 2007 2120 2008
f 2008 2120 2121
f 2008 2121 2009
f 2009 2121 2010
f 2010 2122 2011
f 2010 2121 2122
f 2011 2122 2012
f 2012 2122 2123
f 2012 2123 2013
f 2013 2123 2014
f 2014 2124 2015
f 2014 2123 2124
f 2015 2124 2016
f 2016 2124 2125
f 2016 2125 2017
f 2017 2125 2018
f 2018 2126 2019
f 2018 2125 2126
f 2019 2126 2020
f 2020 2127 2128
f 2020 2128 2021
f 2020 2126 2127
f 2021 2128 2022
f 2022 2129 2130
f 2022 2130 2024
f 2022 2024 2023
f 2022 2128 2131
f 2022 2131 2129
f 2024 2130 2026
f 2025 2026 2132
f 2025 2132 2037
f 2026 2130 2133
f 2026 2133 2132
f 2027 2030 2031
f 2027 2031 2032
f 2027 2032 2033
f 2027 2033 2034
f 2027 2034 2035
f 2027 2035 2036
f 2027 2036 2104
f 2027 2104 2106
f 2027 2106 2208
f 2027 2208 2301
f 2027 2301 2332
f 2027 2332 2350
f 2027 2350 2337
f 2027 2337 2305
f 2027 2305 2224
f 2027 2224 2134
f 2027 2134 2029
f 2027 2029 2028
f 2037 2132 2135
f 2037 2135 2038
f 2038 2136 2039
f 2038 2135 2137
f 2038 2137 2136
f 2039 2136 2138
f 2039 2138 2040
f 2040 2138 2139
f 2040 2139 2041
f 2041 2139 2140
f 2041 2140 2042
f 2042 2141 2043
f 2042 2140 2141
f 2043 2141 2044
f 2044 2142 2045
f 2044 2141 2142
f 2045 2142 2143
f 2045 2143 2046
f 2046 2143 2144
f 2046 2144 2047
f 2047 2144 2145
f 2047 2145 2048
f 2048 2145 2049
f 2049 2145 2146
f 2049 2146 2050
f 2050 2146 2147
f 2050 2147 2051
f 2051 2147 2148
f 2051 2148 2052
f 2052 2148 2149
f 2052 2149 2150
f 2052 2150 2151
f 2052 2151 2152
f 2052 2152 2053
f 2053 2152 2153
f 2053 2153 2054
f 2054 2153 2154
f 2054 2154 2055
f 2055 2154 2155
f 2055 2155 2056
f 2056 2155 2156
f 2056 2156 2157
f 2056 2157 2057
f 2057 2157 2158
f 2057 2158 2058
f 2058 2158 2159
f 2058 2159 2160
f 2058 2160 2059
f 2059 2160 2161
f 2059 2161 2060
f 2060 2161 2061
f 2061 2161 2162
f 2061 2162 2163
f 2061 2163 2062
f 2062 2163 2063
f 2063 2163 2164
f 2063 2164 2064
f 2064 2164 2165
f 2064 2165 2166
f 2064 2166 2065
f 2065 2166 2066
f 2066 2166 2167
f 2066 2167 2067
f 2067 2167 2168
f 2067 2168 2169
f 2067 2169 2068
f 2068 2169 2170
f 2068 2170 2069
f 2069 2170 2070
f 2070 2170 2171
f 2070 2171 2072
f 2071 2073 2074
f 2072 2171 2172
f 2072 2172 2173
f 2072 2173 2174
f 2072 2174 2073
f 2073 2174 2074
f 2074 2174 2075
f 2075 2174 2175
f 2075 2175 2176
f 2075 2176 2177
f 2075 2177 2076
f 2076 2177 2178
f 2076 2178 2077
f 2077 2178 2078
f 2078 2178 2179
f 2078 2179 2079
f 2079 2179 2180
f 2079 2180 2080
f 2080 2180 2181
f 2080 2181 2182
f 2080 2182 2081
f 2081 2182 2082
f 2082 2182 2183
f 2082 2183 2184
f 2082 2184 2083
f 2083 2184 2185
f 2083 2185 2084
f 2084 2185 2186
f 2084 2186 2085
f 2085 2186 2086
f 2086 2186 2187
f 2086 2187 2087
f 2087 2187 2188
f 2087 2188 2189
f 2087 2189 2088
f 2088 2189 2089
f 2089 2189 2190
f 2089 2190 2191
f 2089 2191 2090
f 2090 2191 2192
f 2090 2192 2193
f 2090 2193 2111
f 2091 2115 2194
f 2091 2194 2092
f 2092 2195 2095
f 2092 2095 2093
f 2092 2194 2196
f 2092 2196 2197
f 2092 2197 2195
f 2094 2095 2097
f 2095 2198 2097
f 2095 2195 2199
f 2095 2199 2198
f 2096 2097 2098
f 2097 2198 2200
f 2097 2200 2201
f 2097 2201 2098
f 2098 2201 2099
f 2099 2202 2203
f 2099 2203 2102
f 2099 2102 2100
f 2099 2201 2204
f 2099 2204 2202
f 2101 2103 2110
f 2102 2205 2103
f 2102 2203 2205
f 2103 2205 2206
f 2103 2206 2207
f 2103 2207 2110
f 2105 2108 2106
f 2106 2108 2208
f 2107 2110 2109
f 2108 2109 2208
f 2109 2110 2209
f 2109 2209 2208
f 2110 2207 2210
f 2110 2210 2209
f 2111 2193 2211
f 2111 2211 2112
f 2112 2211 2113
f 2113 2211 2212
f 2113 2212 2114
f 2114 2212 2213
f 2114 2213 2214
f 2114 2214 2115
f 2115 2214 2215
f 2115 2215 2216
f 2115 2216 2194
f 2116 2217 2119
f 2116 2119 2117
f 2118 2119 2217
f 2118 2217 2223
f 2118 2223 2222
f 2118 2222 2304
f 2118 2304 2336
f 2118 2336 2340
f 2118 2340 2309
f 2118 2309 2303
f 2118 2303 2302
f 2118 2302 2218
f 2118 2218 2127
f 2118 2127 2126
f 2118 2126 2125
f 2118 2125 2124
f 2118 2124 2123
f 2118 2123 2122
f 2118 2122 2121
f 2118 2121 2120
f 2127 2131 2128
f 2127 2218 2131
f 2129 2131 2218
f 2129 2218 2219
f 2129 2219 2130
f 2130 2219 2133
f 2132 2220 2221
f 2132 2221 2135
f 2132 2133 2219
f 2132 2219 2220
f 2134 2222 2223
f 2134 2224 2222
f 2135 2221 2225
f 2135 2225 2137
f 2136 2137 2226
f 2136 2226 2227
f 2136 2227 2228
f 2136 2228 2139
f 2136 2139 2138
f 2137 2225 2229
f 2137 2229 2226
f 2139 2228 2140
f 2140 2228 2230
f 2140 2230 2231
f 2140 2231 2232
f 2140 2232 2141
f 2141 2232 2233
f 2141 2233 2234
f 2141 2234 2142
f 2142 2234 2235
f 2142 2235 2236
f 2142 2236 2143
f 2143 2236 2237
f 2143 2237 2238
f 2143 2238 2144
f 2144 2238 2239
f 2144 2239 2145
f 2145 2239 2146
f 2146 2240 2241
f 2146 2241 2242
f 2146 2242 2147
f 2146 2239 2240
f 2147 2242 2243
f 2147 2243 2148
f 2148 2243 2149
f 2149 2243 2242
f 2149 2242 2241
f 2149 2241 2240
f 2149 2240 2320
f 2149 2320 2319
f 2149 2319 2318
f 2149 2318 2317
f 2149 2317 2316
f 2149 2316 2315
f 2149 2315 2314
f 2149 2314 2235
f 2149 2235 2313
f 2149 2313 2312
f 2149 2312 2344
f 2149 2344 2343
f 2149 2343 2334
f 2149 2334 2304
f 2149 2304 2222
f 2149 2222 2224
f 2149 2224 2305
f 2149 2305 2339
f 2149 2339 2349
f 2149 2349 2348
f 2149 2348 2346
f 2149 2346 2345
f 2149 2345 2324
f 2149 2324 2323
f 2149 2323 2289
f 2149 2289 2287
f 2149 2287 2288
f 2149 2288 2286
f 2149 2286 2216
f 2149 2216 2215
f 2149 2215 2214
f 2149 2214 2213
f 2149 2213 2212
f 2149 2212 2211
f 2149 2211 2193
f 2149 2193 2192
f 2149 2192 2191
f 2149 2191 2190
f 2149 2190 2285
f 2149 2285 2284
f 2149 2284 2283
f 2149 2283 2282
f 2149 2282 2281
f 2149 2281 2280
f 2149 2280 2279
f 2149 2279 2278
f 2149 2278 2277
f 2149 2277 2276
f 2149 2276 2275
f 2149 2275 2274
f 2149 2274 2273
f 2149 2273 2272
f 2149 2272 2271
f 2149 2271 2270
f 2149 2270 2269
f 2149 2269 2268
f 2149 2268 2267
f 2149 2267 2321
f 2149 2321 2264
f 2149 2264 2263
f 2149 2263 2262
f 2149 2262 2261
f 2149 2261 2260
f 2149 2260 2259
f 2149 2259 2258
f 2149 2258 2257
f 2149 2257 2256
f 2149 2256 2255
f 2149 2255 2254
f 2149 2254 2253
f 2149 2253 2252
f 2149 2252 2251
f 2149 2251 2250
f 2149 2250 2249
f 2149 2249 2248
f 2149 2248 2247
f 2149 2247 2246
f 2149 2246 2245
f 2149 2245 2244
f 2149 2244 2158
f 2149 2158 2157
f 2149 2157 2156
f 2149 2156 2155
f 2149 2155 2154
f 2149 2154 2153
f 2149 2153 2152
f 2149 2152 2151
f 2149 2151 2150
f 2158 2244 2159
f 2159 2244 2245
f 2159 2245 2160
f 2160 2245 2246
f 2160 2246 2247
f 2160 2247 2161
f 2161 2247 2248
f 2161 2248 2249
f 2161 2249 2162
f 2162 2249 2250
f 2162 2250 2163
f 2163 2250 2251
f 2163 2251 2252
f 2163 2252 2164
f 2164 2252 2253
f 2164 2253 2165
f 2165 2253 2254
f 2165 2254 2255
f 2165 2255 2256
f 2165 2256 2166
f 2166 2256 2257
f 2166 2257 2167
f 2167 2257 2258
f 2167 2258 2259
f 2167 2259 2168
f 2168 2259 2260
f 2168 2260 2261
f 2168 2261 2169
f 2169 2261 2262
f 2169 2262 2170
f 2170 2262 2263
f 2170 2263 2264
f 2170 2264 2171
f 2171 2264 2172
f 2172 2264 2265
f 2172 2265 2266
f 2172 2266 2173
f 2173 2175 2174
f 2173 2266 2175
f 2175 2266 2176
f 2176 2266 2267
f 2176 2267 2268
f 2176 2268 2177
f 2177 2268 2178
f 2178 2268 2269
f 2178 2269 2270
f 2178 2270 2271
f 2178 2271 2179
f 2179 2271 2272
f 2179 2272 2180
f 2180 2272 2273
f 2180 2273 2181
f 2181 2273 2274
f 2181 2274 2275
f 2181 2275 2182
f 2182 2275 2276
f 2182 2276 2183
f 2183 2276 2184
f 2184 2276 2277
f 2184 2277 2185
f 2185 2277 2278
f 2185 2278 2279
f 2185 2279 2280
f 2185 2280 2186
f 2186 2281 2282
f 2186 2282 2283
f 2186 2283 2187
f 2186 2280 2281
f 2187 2283 2284
f 2187 2284 2188
f 2188 2284 2285
f 2188 2285 2189
f 2189 2285 2190
f 2194 2216 2286
f 2194 2286 2196
f 2195 2197 2199
f 2196 2287 2197
f 2196 2286 2288
f 2196 2288 2287
f 2197 2287 2289
f 2197 2289 2290
f 2197 2290 2199
f 2198 2199 2291
f 2198 2291 2200
f 2199 2290 2292
f 2199 2292 2291
f 2200 2293 2201
f 2200 2291 2294
f 2200 2294 2293
f 2201 2293 2204
f 2202 2295 2296
f 2202 2296 2203
f 2202 2204 2293
f 2202 2293 2297
f 2202 2297 2298
f 2202 2298 2295
f 2203 2296 2205
f 2205 2296 2206
f 2206 2299 2207
f 2206 2296 2300
f 2206 2300 2299
f 2207 2299 2210
f 2208 2209 2301
f 2209 2210 2301
f 2210 2299 2301
f 2218 2302 2219
f 2219 2302 2220
f 2220 2302 2221
f 2221 2302 2303
f 2221 2303 2225
f 2225 2303 2229
f 2226 2229 2227
f 2227 2306 2307
f 2227 2307 2228
f 2227 2229 2308
f 2227 2308 2306
f 2228 2307 2230
f 2229 2309 2308
f 2229 2303 2309
f 2230 2310 2231
f 2230 2307 2310
f 2231 2310 2311
f 2231 2311 2232
f 2232 2311 2233
f 2233 2311 2312
f 2233 2312 2313
f 2233 2313 2235
f 2233 2235 2234
f 2235 2314 2236
f 2236 2314 2315
f 2236 2315 2316
f 2236 2316 2237
f 2237 2316 2317
f 2237 2317 2238
f 2238 2317 2318
f 2238 2318 2319
f 2238 2319 2320
f 2238 2320 2239
f 2239 2320 2240
f 2264 2321 2265
f 2265 2321 2267
f 2265 2267 2322
f 2265 2322 2266
f 2266 2322 2267
f 2289 2323 2290
f 2290 2323 2324
f 2290 2324 2292
f 2291 2292 2325
f 2291 2325 2294
f 2292 2324 2325
f 2293 2294 2297
f 2294 2326 2297
f 2294 2325 2346
f 2294 2346 2326
f 2295 2298 2327
f 2295 2327 2296
f 2296 2327 2300
f 2297 2326 2328
f 2297 2328 2298
f 2298 2328 2329
f 2298 2329 2330
f 2298 2330 2327
f 2299 2300 2331
f 2299 2331 2332
f 2299 2332 2301
f 2300 2327 2333
f 2300 2333 2331
f 2304 2334 2335
f 2304 2335 2336
f 2305 2337 2338
f 2305 2338 2339
f 2306 2340 2341
f 2306 2341 2310
f 2306 2310 2307
f 2306 2308 2309
f 2306 2309 2340
f 2310 2341 2335
f 2310 2335 2342
f 2310 2342 2311
f 2311 2343 2344
f 2311 2344 2312
f 2311 2342 2343
f 2324 2345 2325
f 2325 2345 2346
f 2326 2346 2328
f 2327 2330 2347
f 2327 2347 2333
f 2328 2346 2348
f 2328 2348 2349
f 2328 2349 2329
f 2329 2338 2347
f 2329 2347 2330
f 2329 2349 2339
f 2329 2339 2338
f 2331 2333 2332
f 2332 2333 2350
f 2333 2347 2350
f 2334 2343 2342
f 2334 2342 2335
f 2335 2341 2340
f 2335 2340 2336
f 2337 2347 2338
f 2337 2350 2347

