mtllib material.mtl
usemtl object_material
v 34.36931610 15.00000000 0.00000000
v 38.68139267 15.00000000 7.00000000
v 130.00000000 15.00000000 0.00000000
v 38.68139267 15.00000000 13.00000000
v 130.00000000 15.00000000 20.00000000
v 34.36931610 15.00000000 20.00000000
v -21.47600555 -20.94710541 20.00000000
v -22.83219910 -20.22228241 20.00000000
v -21.79318810 -21.33792305 20.00000000
v -20.40518188 -21.99155617 20.00000000
v -20.69972610 -22.40025330 20.00000000
v -22.49343681 -19.85057449 20.00000000
v -23.81416512 -19.05611610 20.00000000
v -19.28362846 -22.98133278 20.00000000
v -19.55454826 -23.40661621 20.00000000
v -23.45494461 -18.70469475 20.00000000
v -24.73663139 -17.84233856 20.00000000
v -18.11413193 -23.91397476 20.00000000
v -18.36051369 -24.35449791 20.00000000
v -24.35814095 -17.51231003 20.00000000
v -25.59729385 -16.58398247 20.00000000
v -16.89960098 -24.78716278 20.00000000
v -17.12060547 -25.24153137 20.00000000
v -25.20077705 -16.27638817 20.00000000
v -26.39400291 -15.28419304 20.00000000
v -15.64305592 -25.59872627 20.00000000
v -15.83792210 -26.06549835 20.00000000
v -25.98076248 -15.00000000 20.00000000
v -27.12476921 -13.94621563 20.00000000
v -14.34761906 -26.34664726 20.00000000
v -14.51566792 -26.82434273 20.00000000
v -26.69615364 -13.68631935 20.00000000
v -27.78776169 -12.57339478 20.00000000
v -13.01651192 -27.02906609 20.00000000
v -13.15714741 -27.51616669 20.00000000
v -27.34517479 -12.33861351 20.00000000
v -28.38133049 -11.16915894 20.00000000
v -11.65304375 -27.64428711 20.00000000
v -11.76575375 -28.13924408 20.00000000
v -27.92621231 -10.96023083 20.00000000
v -28.90398788 -9.73701763 20.00000000
v -10.26060390 -28.19077873 20.00000000
v -10.34496403 -28.69201469 20.00000000
v -28.43782043 -9.55459976 20.00000000
v -29.35442924 -8.28054810 20.00000000
v -8.84265518 -28.66718483 20.00000000
v -8.89832687 -29.17309952 20.00000000
v -28.87872696 -8.12521362 20.00000000
v -29.73152924 -6.80339050 20.00000000
v -7.40272188 -29.07231903 20.00000000
v -7.42945862 -29.58129692 20.00000000
v -29.24783707 -6.67562819 20.00000000
v -5.94438410 -29.40517426 20.00000000
v -5.94202757 -29.91558647 20.00000000
v -30.03434753 -5.30923462 20.00000000
v -29.54423332 -5.20944548 20.00000000
v -4.47126818 -29.66492462 20.00000000
v -4.43975067 -30.17513275 20.00000000
v -30.26212502 -3.80181408 20.00000000
v -29.76717567 -3.73031116 20.00000000
v -2.98703551 -29.85092354 20.00000000
v -2.92638135 -30.35928726 20.00000000
v -30.41429329 -2.28489447 20.00000000
v -29.91611481 -2.24190283 20.00000000
v -1.49537659 -29.96270752 20.00000000
v -1.40570045 -30.46759033 20.00000000
v -30.49047279 -0.76226634 20.00000000
v -29.99067497 -0.74792075 20.00000000
v -0.00000000 -30.00000000 20.00000000
v 0.11849264 -30.49976921 20.00000000
v -30.49047279 0.76226634 20.00000000
v -29.99067497 0.74792075 20.00000000
v 1.49537659 -29.96270752 20.00000000
v 1.64238966 -30.45574760 20.00000000
v -29.91611481 2.24190283 20.00000000
v -30.41429329 2.28489447 20.00000000
v 2.98703551 -29.85092354 20.00000000
v 3.16218305 -30.33563232 20.00000000
v -29.76717567 3.73031116 20.00000000
v -30.26212502 3.80181408 20.00000000
v 4.47126818 -29.66492462 20.00000000
v 4.67407608 -30.13972473 20.00000000
v -29.54423332 5.20944548 20.00000000
v -30.03434753 5.30923462 20.00000000
v 5.94438410 -29.40517426 20.00000000
v 6.17429113 -29.86851311 20.00000000
v -29.24783707 6.67562819 20.00000000
v -29.73152924 6.80339050 20.00000000
v 7.40272188 -29.07231903 20.00000000
v 7.65907955 -29.52267838 20.00000000
v -28.87872696 8.12521362 20.00000000
v -29.35442924 8.28054810 20.00000000
v 8.84265518 -28.66718483 20.00000000
v 9.12473202 -29.10308075 20.00000000
v -28.43782043 9.55459976 20.00000000
v -28.90398788 9.73701763 20.00000000
v 10.26060390 -28.19077873 20.00000000
v 10.56758690 -28.61076927 20.00000000
v -27.92621231 10.96023083 20.00000000
v -28.38133049 11.16915894 20.00000000
v 11.65304375 -27.64428711 20.00000000
v 11.98403931 -28.04697418 20.00000000
v -27.34517479 12.33861351 20.00000000
v -27.78776169 12.57339478 20.00000000
v 13.01651192 -27.02906609 20.00000000
v 13.37054920 -27.41310692 20.00000000
v -26.69615364 13.68631935 20.00000000
v -27.12476921 13.94621563 20.00000000
v 14.34761906 -26.34664726 20.00000000
v 14.72365379 -26.71074677 20.00000000
v -25.98076248 15.00000000 20.00000000
v -26.39400291 15.28419304 20.00000000
v 15.64305592 -25.59872627 20.00000000
v 16.03997231 -25.94165230 20.00000000
v -25.20077705 16.27638817 20.00000000
v -25.59729385 16.58398247 20.00000000
v 16.89960098 -24.78716278 20.00000000
v 17.31621361 -25.10774231 20.00000000
v -24.35814095 17.51231003 20.00000000
v -24.73663139 17.84233856 20.00000000
v 18.11413193 -23.91397476 20.00000000
v 18.54919243 -24.21110153 20.00000000
v -23.45494461 18.70469475 20.00000000
v -23.81416512 19.05611610 20.00000000
v 19.28362846 -22.98133278 20.00000000
v 19.73582649 -23.25397110 20.00000000
v -22.49343681 19.85057449 20.00000000
v -22.83219910 20.22228241 20.00000000
v 20.40518188 -21.99155617 20.00000000
v 20.87314987 -22.23874092 20.00000000
v -21.47600555 20.94710541 20.00000000
v -21.79318810 21.33792305 20.00000000
v 21.47600555 -20.94710541 20.00000000
v 21.95832443 -21.16794777 20.00000000
v -20.40518188 21.99155617 20.00000000
v -20.69972610 22.40025330 20.00000000
v 22.49343681 -19.85057449 20.00000000
v 22.98863602 -20.04426575 20.00000000
v -19.28362846 22.98133278 20.00000000
v -19.55454826 23.40661621 20.00000000
v 23.45494461 -18.70469475 20.00000000
v 23.96151161 -18.87050629 20.00000000
v -18.11413193 23.91397476 20.00000000
v -18.36051369 24.35449791 20.00000000
v 24.35814095 -17.51231003 20.00000000
v 24.87451935 -17.64959717 20.00000000
v -16.89960098 24.78716278 20.00000000
v -17.12060547 25.24153137 20.00000000
v 25.20077705 -16.27638817 20.00000000
v 25.72537804 -16.38459396 20.00000000
v -15.64305592 25.59872627 20.00000000
v -15.83792210 26.06549835 20.00000000
v 25.98076248 -15.00000000 20.00000000
v 26.51196480 -15.07865143 20.00000000
v 26.57128334 -14.97958565 20.00000000
v 26.63534927 -14.88305092 20.00000000
v 26.69704628 -14.79885101 20.00000000
v -14.34761906 26.34664726 20.00000000
v 26.75582886 -14.72557735 20.00000000
v -14.51566792 26.82434273 20.00000000
v 26.66506386 -13.74679565 20.00000000
v 26.81766701 -14.65493298 20.00000000
v 26.88251686 -14.58712769 20.00000000
v 26.95030594 -14.52233982 20.00000000
v 27.02094078 -14.46072006 20.00000000
v 27.09430122 -14.40238953 20.00000000
v 27.17023277 -14.34744358 20.00000000
v 27.24856186 -14.29594994 20.00000000
v 27.32909584 -14.24794579 20.00000000
v 27.41162491 -14.20343971 20.00000000
v 27.49593353 -14.16241074 20.00000000
v 27.58181190 -14.12479877 20.00000000
v 27.66906166 -14.09050751 20.00000000
v -13.01651192 27.02906609 20.00000000
v -13.15714741 27.51616669 20.00000000
v 27.28895950 -12.46245003 20.00000000
v 27.75750351 -14.05941200 20.00000000
v 27.84695053 -14.03139687 20.00000000
v 27.93727112 -14.00631523 20.00000000
v 28.02834702 -13.98401546 20.00000000
v 28.12006187 -13.96435261 20.00000000
v 28.24315453 -13.94198513 20.00000000
v 28.38246536 -13.92169571 20.00000000
v 28.52237320 -13.90612221 20.00000000
v 28.66263771 -13.89482498 20.00000000
v 28.84991074 -13.88570595 20.00000000
v -11.65304375 27.64428711 20.00000000
v -11.76575375 28.13924408 20.00000000
v 27.85103798 -11.14987373 20.00000000
v 29.06070328 -13.88255978 20.00000000
v 29.27168083 -13.88590813 20.00000000
v 29.55308723 -13.89892769 20.00000000
v 29.86849403 -13.92310047 20.00000000
v 30.28784752 -13.96758652 20.00000000
v -10.26060390 28.19077873 20.00000000
v -10.34496403 28.69201469 20.00000000
v 28.35002518 -9.81203938 20.00000000
v 30.91514397 -14.05301762 20.00000000
v -8.84265518 28.66718483 20.00000000
v -8.89832687 29.17309952 20.00000000
v 28.78479004 -8.45197678 20.00000000
v 34.83830261 -14.70141125 20.00000000
v -7.40272188 29.07231903 20.00000000
v 29.15434647 -7.07276821 20.00000000
v -7.42945862 29.58129692 20.00000000
v -5.94438410 29.40517426 20.00000000
v 29.45786095 -5.67753744 20.00000000
v 36.42944336 -14.89087582 20.00000000
v 37.55406952 -14.97160625 20.00000000
v -5.94202757 29.91558647 20.00000000
v -4.47126818 29.66492462 20.00000000
v 29.69464302 -4.26944494 20.00000000
v 38.68139267 -15.00000000 20.00000000
v -4.43975067 30.17513275 20.00000000
v -2.98703551 29.85092354 20.00000000
v 29.86415863 -2.85168123 20.00000000
v -2.92638135 30.35928726 20.00000000
v -1.49537659 29.96270752 20.00000000
v 29.96602058 -1.42745745 20.00000000
v -1.40570045 30.46759033 20.00000000
v -0.00000000 30.00000000 20.00000000
v 30.00000000 0.00000000 20.00000000
v 0.11849264 30.49976921 20.00000000
v 29.96602058 1.42745745 20.00000000
v 1.49537659 29.96270752 20.00000000
v 1.64238966 30.45574760 20.00000000
v 2.98703551 29.85092354 20.00000000
v 3.16218305 30.33563232 20.00000000
v 4.47126818 29.66492462 20.00000000
v 4.67407608 30.13972473 20.00000000
v 5.94438410 29.40517426 20.00000000
v 6.17429113 29.86851311 20.00000000
v 7.40272188 29.07231903 20.00000000
v 7.65907955 29.52267838 20.00000000
v 8.84265518 28.66718483 20.00000000
v 9.12473202 29.10308075 20.00000000
v 10.26060390 28.19077873 20.00000000
v 10.56758690 28.61076927 20.00000000
v 11.65304375 27.64428711 20.00000000
v 11.98403931 28.04697418 20.00000000
v 13.01651192 27.02906609 20.00000000
v 13.37054920 27.41310692 20.00000000
v 14.34761906 26.34664726 20.00000000
v 14.72365379 26.71074677 20.00000000
v 15.64305592 25.59872627 20.00000000
v 26.83513069 14.63724422 20.00000000
v 26.66506386 13.74679565 20.00000000
v 26.91131020 14.55838966 20.00000000
v 26.99092293 14.48299789 20.00000000
v 26.76256943 14.71944046 20.00000000
v 25.98076248 15.00000000 20.00000000
v 27.07377243 14.41117668 20.00000000
v 26.69380951 14.80483913 20.00000000
v 27.15966034 14.34301567 20.00000000
v 26.62901878 14.89328766 20.00000000
v 27.24838638 14.27859116 20.00000000
v 26.56835556 14.98461914 20.00000000
v 27.33975029 14.21796227 20.00000000
v 26.51196480 15.07865143 20.00000000
v 27.43354797 14.16117477 20.00000000
v 27.52958107 14.10825920 20.00000000
v 27.62765694 14.05922985 20.00000000
v 27.72757912 14.01408958 20.00000000
v 27.28895950 12.46245003 20.00000000
v 27.82916451 13.97282791 20.00000000
v 27.93223000 13.93542194 20.00000000
v 28.03660202 13.90183735 20.00000000
v 16.03997231 25.94165230 20.00000000
v 16.89960098 24.78716278 20.00000000
v 28.14211464 13.87202740 20.00000000
v 28.24860764 13.84593868 20.00000000
v 25.72537804 16.38459396 20.00000000
v 25.20077705 16.27638817 20.00000000
v 28.35593033 13.82350445 20.00000000
v 28.46394157 13.80465221 20.00000000
v 28.57250404 13.78929996 20.00000000
v 17.31621361 25.10774231 20.00000000
v 18.11413193 23.91397476 20.00000000
v 28.68149757 13.77735996 20.00000000
v 24.87451935 17.64959717 20.00000000
v 24.35814095 17.51231003 20.00000000
v 28.79080391 13.76873684 20.00000000
v 27.85103798 11.14987373 20.00000000
v 28.90032005 13.76333237 20.00000000
v 18.54919243 24.21110153 20.00000000
v 19.28362846 22.98133278 20.00000000
v 29.00994492 13.76103878 20.00000000
v 23.96151161 18.87050629 20.00000000
v 23.45494461 18.70469475 20.00000000
v 29.15613556 13.76263332 20.00000000
v 19.73582649 23.25397110 20.00000000
v 20.40518188 21.99155617 20.00000000
v 22.98863602 20.04426575 20.00000000
v 22.49343681 19.85057449 20.00000000
v 29.32042313 13.77047253 20.00000000
v 20.87314987 22.23874092 20.00000000
v 21.47600555 20.94710541 20.00000000
v 21.95832443 21.16794777 20.00000000
v 29.48431587 13.78433132 20.00000000
v 29.64764023 13.80380249 20.00000000
v 29.81025887 13.82847500 20.00000000
v 29.97208023 13.85792923 20.00000000
v 28.35002518 9.81203938 20.00000000
v 30.18650436 13.90392113 20.00000000
v 30.42585754 13.96370983 20.00000000
v 30.74204826 14.05436516 20.00000000
v 31.09434509 14.16760159 20.00000000
v 28.78479004 8.45197678 20.00000000
v 32.25859833 14.57534599 20.00000000
v 32.65469360 14.70358944 20.00000000
v 33.04893494 14.81505108 20.00000000
v 29.15434647 7.07276821 20.00000000
v 33.38148880 14.89224815 20.00000000
v 33.66145706 14.94284439 20.00000000
v 33.89653015 14.97380829 20.00000000
v 34.10916519 14.99187469 20.00000000
v 34.23918915 14.99793625 20.00000000
v 29.86415863 2.85168123 20.00000000
v 29.69464302 4.26944494 20.00000000
v 29.45786095 5.67753744 20.00000000
v 130.00000000 -15.00000000 20.00000000
v 32.75634003 15.37963772 18.20293808
v 32.63483810 15.66578484 17.86964798
v 32.59714127 15.39485741 18.24694824
v 32.29303741 16.27569580 17.48610306
v 32.87012100 16.17300797 17.07073021
v 32.76981735 16.51962471 16.76322937
v 32.86708832 15.88958073 17.42599297
v 32.81369019 15.90802860 17.44529343
v 32.75168610 15.92827129 17.46982574
v 32.67977142 15.95028496 17.50077248
v 33.00795746 15.83641911 17.38413239
v 32.88274002 16.16649628 17.06652641
v 32.98137665 15.84692955 17.39097786
v 32.91292191 15.87298584 17.41088867
v 32.95510101 15.85710716 17.39823532
v 26.72543144 15.20006084 19.99569130
v 26.93863678 15.32132149 19.98276901
v 32.71020889 15.65025043 17.84272385
v 32.52704620 14.83196831 19.36543465
v 32.39631653 14.92535782 19.08630562
v 32.34257507 14.79361629 19.38146210
v 32.74795914 15.64260197 17.82933426
v 27.23184013 15.48808002 19.95083809
v 32.48489380 14.93767166 19.07403183
v 32.89400101 15.36476517 18.16977692
v 32.81304932 15.62815094 17.80839920
v 32.84564972 15.62103271 17.79799652
v 32.71356201 14.86797714 19.35322762
v 32.57464218 14.94910240 19.06384659
v 32.45770645 15.07144737 18.80005646
v 32.48893738 14.72953606 19.67878723
v 32.87371826 15.61436939 17.78993607
v 32.89779282 15.60824490 17.78373337
v 33.01293945 15.35063648 18.14530754
v 32.91993332 15.60227871 17.77863121
v 32.83639526 14.89121437 19.34285355
v 32.69338608 14.96466160 19.04870605
v 32.68587112 15.08509350 18.75893021
v 32.97628403 15.58936119 17.76276398
v 32.99010468 15.58555794 17.75993347
v 33.00408554 15.58159256 17.75731087
v 32.75267029 14.97228336 19.04103851
v 33.11534500 15.33759117 18.12760353
v 33.05255890 15.56995487 17.74528503
v 32.80828857 14.97878742 19.03532791
v 32.89989471 15.09525871 18.72624588
v 32.95137024 14.91122818 19.33578110
v 33.33684921 16.12685013 16.64921188
v 33.36246109 16.56756020 15.90983582
v 33.42860413 16.51198387 15.90311718
v 33.49573517 16.45788574 15.89512444
v 33.29745865 16.62448311 15.91526222
v 33.56369400 16.40538979 15.88587379
v 33.93665314 15.79553604 16.57334709
v 33.09721375 15.55871296 17.73550987
v 33.12504959 15.55146122 17.73007011
v 33.11054230 14.93669605 19.32766342
v 32.91935349 14.99146652 19.02370262
v 33.20988464 15.32491779 18.11414337
v 33.15322495 15.54394150 17.72508049
v 33.32877350 15.30824757 18.10128021
v 33.26892471 15.31673050 18.10718727
v 32.99646759 14.99956512 19.01676559
v 33.08458710 15.10147381 18.70368767
v 33.13982010 15.01329327 19.00547600
v 33.20889664 14.95107079 19.32337761
v 33.18094635 15.01670933 19.00337982
v 33.29346085 14.96223640 19.32187653
v 33.50321960 14.98673058 19.31632042
v 33.42883301 14.97891617 19.31653404
v 33.56103134 14.99219513 19.31722260
v 33.49450684 15.10607815 18.67456818
v 33.24357986 15.10478687 18.68887711
v 33.38470840 15.10608482 18.67955017
v 33.63896942 15.56362438 17.34459686
v 34.03856277 16.41277122 14.98615551
v 34.13967514 16.02939606 15.78227425
v 34.17589951 16.31033897 14.97374916
v 34.45709229 16.11884117 14.94361019
v 34.74493027 15.70830250 15.71275234
v 34.31553268 16.21231651 14.95957470
v 34.56763458 15.52268982 16.53377914
v 34.30416870 15.35494423 17.34486389
v 34.10955429 15.55487919 16.94646645
v 35.22476196 15.29887009 16.52464676
v 34.82091904 15.67133427 15.71083450
v 35.85041428 15.32451439 15.39176464
v 36.10259628 15.37935352 14.50360107
v 35.35929871 15.63262653 14.83658028
v 36.06445694 15.25557518 15.38910961
v 36.87345505 15.17776012 14.20270824
v 37.27309799 15.04485130 14.75754261
v 35.46632767 15.75448608 13.65618229
v 36.67676926 15.29317570 13.00000000
v 36.15082932 15.43037510 13.90725040
v 36.03786087 15.51835346 13.00000000
v 36.35458755 15.39803123 13.00000000
v 30.43731689 14.78595543 19.40208244
v 30.73115730 14.86227226 19.29282761
v 30.75148392 15.13247967 19.13340187
v 30.71955109 14.60842419 19.46240997
v 31.03196335 14.92145348 19.18624306
v 31.02623558 14.69372749 19.36538887
v 30.87197304 14.54085541 19.50573349
v 31.03296471 14.48935986 19.55903625
v 30.71492577 14.38276100 19.64283752
v 30.63818550 14.18742085 19.81980133
v 30.79921722 14.30988598 19.72036171
v 30.72195625 14.20769405 19.81481934
v 30.89036942 14.24987698 19.80587387
v 30.88027191 14.33943272 19.70121002
v 31.05500793 14.31371307 19.77051353
v 31.41600609 15.08314419 18.96873283
v 31.24257469 15.07337189 19.02257919
v 31.38621140 14.95485115 19.08715057
v 31.10839081 15.20962238 18.96901131
v 31.44746399 15.21456051 18.85225105
v 31.27957726 14.72391605 19.32072639
v 31.15132332 14.81434536 19.24830818
v 31.58992004 15.09382153 18.91544724
v 31.78817177 15.22256184 18.73739243
v 31.74253082 14.99212837 18.99046707
v 31.51409721 14.86372757 19.15913963
v 31.65123940 14.78996849 19.24190712
v 31.41762352 14.65184879 19.40454483
v 31.56603050 14.59921265 19.50042534
v 31.47278023 14.42980671 19.74748039
v 31.93899536 15.11751652 18.81033134
v 32.11516190 15.22479916 18.63850784
v 32.11394119 15.13012886 18.75824738
v 32.10018921 15.03192329 18.89534569
v 31.87874985 14.91663837 19.07216072
v 32.02413940 14.85834312 19.16452789
v 31.79818344 14.73458576 19.33608246
v 31.95508003 14.69786930 19.44184685
v 31.72494698 14.56628513 19.60854340
v 31.89403725 14.55243397 19.72850227
v 32.16371155 15.63269329 18.17791367
v 32.45532990 15.95459843 17.66785431
v 31.76740646 15.94014931 18.15209770
v 32.24394989 14.97056866 18.98581505
v 32.17883682 14.81750393 19.26773262
v 32.21623611 14.70287895 19.55359650
v 33.31868744 15.69106674 17.35880661
v 33.47877884 15.82811546 16.98627663
v 34.02337265 15.38825512 17.47491646
v 33.44594955 15.19163418 18.37744522
v 34.42804337 15.25088787 17.62882614
v 30.87485313 14.77079201 19.32463455
v 31.24544334 14.44564915 19.64460754
v 31.44056892 14.53213787 19.57061768
v 31.85760307 14.48684216 19.86389351
v 32.58955002 18.53527260 13.33871555
v 32.75020599 18.28233528 13.00000000
v 32.59667587 18.53932571 13.00000000
v 32.91457748 18.03214455 13.00000000
v 27.81250381 15.81833267 19.83823586
v 27.78920746 15.11506081 19.90649223
v 28.09860420 15.98105145 19.75782776
v 27.52335739 15.65388012 19.90262222
v 27.83413124 15.08281612 19.90289879
v 28.08047295 15.12717819 19.86150742
v 28.38098717 16.14165688 19.66158867
v 28.12705040 15.09865093 19.85660553
v 28.17415428 15.07164192 19.85144997
v 28.22170639 15.04614735 19.84604836
v 28.26962662 15.02215767 19.84040833
v 28.42181396 15.12559700 19.79940224
v 28.65899277 16.29977226 19.54974365
v 28.46952057 15.10213470 19.79293823
v 28.51744843 15.08011627 19.78623581
v 28.56553078 15.05951500 19.77930069
v 28.71559143 15.16231251 19.73115349
v 28.93196678 16.45502472 19.42255211
v 28.76324844 15.14213085 19.72339058
v 28.81093407 15.12329197 19.71540260
v 29.05292702 15.19012928 19.64295769
v 29.19927216 16.60705566 19.28031540
v 28.90616798 15.08950233 19.69877625
v 28.85858917 15.10576248 19.70719528
v 29.09986877 15.17413712 19.63373756
v 29.16219330 15.15464592 19.62113380
v 29.37518311 15.23358250 19.54327774
v 29.23184586 15.13509846 19.60655594
v 29.44352150 15.21502304 19.52744484
v 29.51120949 15.19867516 19.51124954
v 29.96493530 15.83966541 19.16011429
v 29.46028137 16.75550270 19.12336540
v 29.71438217 16.90002441 18.95206833
v 29.71768570 15.28016186 19.42383003
v 29.57820320 15.18437099 19.49471855
v 29.78327370 15.26644516 19.40618706
v 29.86963081 15.25079823 19.38223648
v 30.30355072 15.91398716 18.97910309
v 29.96098137 17.04027748 18.76682854
v 29.76807022 14.74148846 19.57577896
v 29.96538544 15.23634148 19.35475922
v 30.10039902 15.32858562 19.27597237
v 30.47006226 16.02223778 18.85431099
v 30.19950104 17.17593384 18.56807709
v 29.87486458 14.73222065 19.55444908
v 30.22480774 15.31123447 19.23711967
v 30.00307274 14.72490311 19.52807999
v 30.36268234 15.29614449 19.19261742
v 30.49291420 15.38459206 19.10606766
v 30.25121307 14.78649044 19.44455719
v 30.62060928 15.47382450 19.01493073
v 30.91218567 16.06179810 18.59582710
v 30.42938042 17.30667877 18.35628128
v 31.06190872 17.66642761 17.64773369
v 31.71238327 16.98049736 17.45043755
v 31.25206757 17.77458000 17.38900757
v 31.80920792 17.02417374 17.32207298
v 31.43112183 17.87641716 17.12000084
v 31.06696510 15.42106819 18.85536957
v 31.90274811 17.06841278 17.19019127
v 31.18748474 15.50278854 18.75488281
v 31.99272346 17.11293030 17.05488968
v 31.59864998 17.97169876 16.84134102
v 32.07883072 17.15744019 16.91641235
v 32.16083908 17.20178795 16.77505302
v 32.23860168 17.24595451 16.63117599
v 31.75426292 18.06020355 16.55368233
v 32.31203461 17.29002762 16.48522568
v 32.38107300 17.33411026 16.33769798
v 31.89759445 18.14172363 16.25769615
v 32.44553375 17.37804794 16.18892479
v 32.02830887 18.21606636 15.95407963
v 32.50521088 17.42163658 16.03918839
v 32.14609909 18.28305817 15.64354229
v 32.53263092 18.50289917 14.01297569
v 32.90594101 17.98760223 13.67562485
v 32.56818390 18.52312088 13.67663765
v 32.92341232 17.98792076 13.50002193
v 33.11333084 17.75774956 13.00000000
v 32.48297119 18.47465515 14.34694099
v 32.98685074 17.84356689 13.84175873
v 33.00948334 17.84441376 13.66555500
v 33.32512665 17.49329185 13.00000000
v 33.09462738 17.70267677 13.82963848
v 33.54946899 17.23939133 13.00000000
v 33.06686020 17.70123863 14.00591087
v 33.07124329 17.30902290 15.09196568
v 32.25068665 18.34254456 15.32681084
v 33.17865372 17.56297684 13.99178600
v 33.78583527 16.99664497 13.00000000
v 33.14578629 17.56088448 14.16765785
v 33.51848984 16.86158943 15.01754951
v 33.80164337 16.80390930 14.37435532
v 33.64352417 16.74406815 15.01249886
v 34.03367233 16.76562119 13.00000000
v 33.77207565 16.62990189 15.00556278
v 33.97221375 16.65229416 14.36812878
v 34.29239655 16.54685974 13.00000000
v 33.90385437 16.51937866 14.99677086
v 34.14791489 16.50652695 14.36014175
v 34.32835007 16.36697960 14.35043430
v 34.56140518 16.34087372 13.00000000
v 34.51313019 16.23402405 14.33906174
v 34.84006500 16.14814568 13.00000000
v 34.70182800 16.10798645 14.32605839
v 34.89392090 15.98900890 14.31136036
v 35.12772369 15.96912575 13.00000000
v 35.55338287 15.20349121 16.53533173
v 35.63785934 15.40034103 15.39223957
v 35.38884735 15.24943447 16.53130722
v 35.71788025 15.16096878 16.53660011
v 35.88194275 15.12184143 16.53503990
v 28.73878670 14.43813324 19.84860992
v 28.78930473 14.42460728 19.84391975
v 28.96197701 14.46584606 19.80925751
v 29.01226997 14.45325851 19.80411720
v 29.06251717 14.44200325 19.79880524
v 29.34768677 14.27718544 19.80327415
v 29.39915848 14.26969051 19.79932976
v 29.46759987 14.26167297 19.79384804
v 29.54422379 14.25519657 19.78738403
v 29.62034035 14.25122356 19.78060722
v 29.69585609 14.24955273 19.77352524
v 29.75285530 14.25167370 19.76705360
v 30.86108971 17.55221176 17.89557076
v 31.33459282 16.56298447 18.04910660
v 30.65008354 17.43220139 18.13193703
v 30.81539345 15.17721272 19.08790588
v 31.79009438 16.48551178 17.73916626
v 32.41932297 18.43845558 14.67774963
v 32.73948288 17.96953201 14.58117008
v 32.34183502 18.39438438 15.00462914
v 31.81008911 15.44842243 18.52058601
v 32.08871841 15.64585304 18.20600128
v 33.01363373 17.14495277 15.53044128
v 33.17145538 16.74180603 15.92217350
v 32.44366455 15.22987080 18.54138374
v 32.55309677 15.22797298 18.51540565
v 32.44020462 15.40814114 18.29503250
v 33.23374176 16.68261337 15.91938019
v 32.63479996 15.22739697 18.49513054
v 32.71756363 15.22572613 18.47681236
v 32.82045364 15.22307777 18.45567131
v 32.89201736 15.22076988 18.44227409
v 32.98094559 15.21746254 18.42701149
v 33.04276276 15.21480370 18.41751289
v 33.09591675 15.21194077 18.41093254
v 33.17266083 15.20843124 18.40032005
v 33.22171402 15.20543957 18.39566612
v 33.25230789 15.20336819 18.39344215
v 33.32058334 15.19971848 18.38611221
v 33.35159683 15.19752121 18.38442802
v 33.40480804 15.19434929 18.37996864
v 33.57931137 15.10536671 18.67244911
v 33.67581940 15.00236893 19.31393433
v 33.72010040 15.00553131 19.31505966
v 33.82502747 15.01234245 19.31369591
v 33.89019775 15.01565456 19.31387711
v 33.95597458 15.01828671 19.31487083
v 34.51332092 15.23224068 17.63592339
v 34.59836578 15.21447849 17.64117050
v 35.02888107 15.72472191 15.14627934
v 34.94195557 15.06537342 18.24508667
v 35.02909470 15.05328083 18.25141144
v 35.11531448 15.04157925 18.25551224
v 35.72732162 15.65386105 13.00000000
v 35.42370605 15.80423546 13.00000000
v 37.00364685 15.20403290 13.00000000
v 37.03281403 15.14073658 14.19241905
v 37.19079971 15.10801125 14.17972851
v 37.34717941 15.07950592 14.16457748
v 38.34267426 15.00819969 13.00000000
v 38.00475311 15.03277969 13.00000000
v 37.66841888 15.07368183 13.00000000
v 37.33445358 15.13081074 13.00000000
v 29.66789055 14.01885414 19.88187790
v 29.82788086 14.25243568 19.75987434
v 30.03118515 14.48656750 19.62553215
v 30.06929016 14.26696873 19.73461914
v 29.97097778 14.26019764 19.74465370
v 29.89643288 14.25711632 19.75186539
v 29.81449318 14.03149033 19.87434959
v 29.85009384 14.03631687 19.87188911
v 30.09509659 14.50548172 19.60683632
v 30.20052910 14.31120491 19.70120239
v 29.96645546 14.04946041 19.86635971
v 30.22243690 14.54240513 19.56888008
v 30.01758385 14.05654335 19.86363792
v 30.27055740 14.54526234 19.56011772
v 30.30068398 14.32425690 19.68823433
v 30.12025261 14.07148170 19.85867310
v 30.18788338 14.09737301 19.84430695
v 30.41969109 14.55315399 19.53469467
v 30.41037750 14.33594418 19.67698669
v 30.24003410 14.10778904 19.84023857
v 30.55464554 14.35583305 19.66125488
v 30.48878860 14.55740547 19.52329445
v 30.35433960 14.12812233 19.83436012
v 30.56535149 14.56416321 19.50992203
v 30.41175461 14.13878059 19.83172417
v 30.48695946 14.15448380 19.82743263
v 31.48009872 15.34818172 18.73713875
v 32.11874771 15.32390499 18.52152252
v 32.37532425 15.50420284 18.20648766
v 130.00000000 -15.00000000 0.00000000
v 38.34267426 15.00819969 7.00000000
v 38.00475311 15.03277969 7.00000000
v 37.66841888 15.07368183 7.00000000
v 37.33445358 15.13081074 7.00000000
v 37.00364685 15.20403290 7.00000000
v 36.67676926 15.29317570 7.00000000
v 36.35458755 15.39803123 7.00000000
v 36.03786087 15.51835346 7.00000000
v 35.72732162 15.65386105 7.00000000
v 35.42370605 15.80423546 7.00000000
v 35.12772369 15.96912575 7.00000000
v 34.84006500 16.14814568 7.00000000
v 34.56140518 16.34087372 7.00000000
v 34.29239655 16.54685974 7.00000000
v 34.03367233 16.76562119 7.00000000
v 33.78583527 16.99664497 7.00000000
v 33.54946899 17.23939133 7.00000000
v 33.32512665 17.49329185 7.00000000
v 33.11333084 17.75774956 7.00000000
v 32.91457748 18.03214455 7.00000000
v 32.75020599 18.28233528 7.00000000
v 32.59667587 18.53932571 7.00000000
v 34.36931610 -15.00000000 0.00000000
v 34.10916519 -14.99187469 0.00000000
v 34.23918915 -14.99793625 0.00000000
v 33.89653015 -14.97380829 0.00000000
v 33.66145706 -14.94284439 0.00000000
v 33.38148880 -14.89224815 0.00000000
v 33.04893494 -14.81505108 0.00000000
v 21.47600555 -20.94710541 0.00000000
v 21.95832443 -21.16794777 0.00000000
v 20.87314987 -22.23874092 0.00000000
v 20.40518188 -21.99155617 0.00000000
v 19.73582649 -23.25397110 0.00000000
v 22.49343681 -19.85057449 0.00000000
v 22.98863602 -20.04426575 0.00000000
v 19.28362846 -22.98133278 0.00000000
v 18.54919243 -24.21110153 0.00000000
v 23.45494461 -18.70469475 0.00000000
v 23.96151161 -18.87050629 0.00000000
v 18.11413193 -23.91397476 0.00000000
v 17.31621361 -25.10774231 0.00000000
v 24.35814095 -17.51231003 0.00000000
v 24.87451935 -17.64959717 0.00000000
v 16.89960098 -24.78716278 0.00000000
v 16.03997231 -25.94165230 0.00000000
v 25.20077705 -16.27638817 0.00000000
v 25.72537804 -16.38459396 0.00000000
v 15.64305592 -25.59872627 0.00000000
v 14.72365379 -26.71074677 0.00000000
v 25.98076248 -15.00000000 0.00000000
v 26.56835556 -14.98461914 0.00000000
v 26.51196480 -15.07865143 0.00000000
v 26.62901878 -14.89328766 0.00000000
v 26.69380951 -14.80483913 0.00000000
v 26.76256943 -14.71944046 0.00000000
v 14.34761906 -26.34664726 0.00000000
v 13.37054920 -27.41310692 0.00000000
v 26.66506386 -13.74679565 0.00000000
v 26.83513069 -14.63724422 0.00000000
v 26.91131020 -14.55838966 0.00000000
v 26.99092293 -14.48299789 0.00000000
v 27.07377243 -14.41117668 0.00000000
v 27.15966034 -14.34301567 0.00000000
v 27.24838638 -14.27859116 0.00000000
v 27.33975029 -14.21796227 0.00000000
v 27.43354797 -14.16117477 0.00000000
v 27.52958107 -14.10825920 0.00000000
v 27.62765694 -14.05922985 0.00000000
v 27.72757912 -14.01408958 0.00000000
v 13.01651192 -27.02906609 0.00000000
v 11.98403931 -28.04697418 0.00000000
v 27.28895950 -12.46245003 0.00000000
v 27.82916451 -13.97282791 0.00000000
v 27.93223000 -13.93542194 0.00000000
v 28.03660202 -13.90183735 0.00000000
v 28.14211464 -13.87202740 0.00000000
v 28.24860764 -13.84593868 0.00000000
v 28.35593033 -13.82350445 0.00000000
v 28.46394157 -13.80465221 0.00000000
v 28.57250404 -13.78929996 0.00000000
v 28.68149757 -13.77735996 0.00000000
v 28.79080391 -13.76873684 0.00000000
v 11.65304375 -27.64428711 0.00000000
v 10.56758690 -28.61076927 0.00000000
v 27.85103798 -11.14987373 0.00000000
v 28.90032005 -13.76333237 0.00000000
v 29.00994492 -13.76103878 0.00000000
v 29.15613556 -13.76263332 0.00000000
v 29.32042313 -13.77047253 0.00000000
v 29.48431587 -13.78433132 0.00000000
v 29.64764023 -13.80380249 0.00000000
v 29.81025887 -13.82847500 0.00000000
v 29.97208023 -13.85792923 0.00000000
v 10.26060390 -28.19077873 0.00000000
v 9.12473202 -29.10308075 0.00000000
v 28.35002518 -9.81203938 0.00000000
v 30.18650436 -13.90392113 0.00000000
v 30.42585754 -13.96370983 0.00000000
v 30.74204826 -14.05436516 0.00000000
v 31.09434509 -14.16760159 0.00000000
v 8.84265518 -28.66718483 0.00000000
v 28.78479004 -8.45197678 0.00000000
v 32.25859833 -14.57534599 0.00000000
v 32.65469360 -14.70358944 0.00000000
v 7.65907955 -29.52267838 0.00000000
v 7.40272188 -29.07231903 0.00000000
v 29.15434647 -7.07276821 0.00000000
v 6.17429113 -29.86851311 0.00000000
v 5.94438410 -29.40517426 0.00000000
v 29.45786095 -5.67753744 0.00000000
v 4.67407608 -30.13972473 0.00000000
v 4.47126818 -29.66492462 0.00000000
v 29.69464302 -4.26944494 0.00000000
v 3.16218305 -30.33563232 0.00000000
v 2.98703551 -29.85092354 0.00000000
v 29.86415863 -2.85168123 0.00000000
v 1.64238966 -30.45574760 0.00000000
v 1.49537659 -29.96270752 0.00000000
v 29.96602058 -1.42745745 0.00000000
v 0.11849264 -30.49976921 0.00000000
v 30.00000000 0.00000000 0.00000000
v -0.00000000 -30.00000000 0.00000000
v -1.40570045 -30.46759033 0.00000000
v -1.49537659 -29.96270752 0.00000000
v -2.92638135 -30.35928726 0.00000000
v -2.98703551 -29.85092354 0.00000000
v -4.43975067 -30.17513275 0.00000000
v -4.47126818 -29.66492462 0.00000000
v -5.94202757 -29.91558647 0.00000000
v -5.94438410 -29.40517426 0.00000000
v -7.42945862 -29.58129692 0.00000000
v -7.40272188 -29.07231903 0.00000000
v -8.89832687 -29.17309952 0.00000000
v -8.84265518 -28.66718483 0.00000000
v 29.45786095 5.67753744 0.00000000
v 29.15434647 7.07276821 0.00000000
v 29.69464302 4.26944494 0.00000000
v 29.86415863 2.85168123 0.00000000
v 29.96602058 1.42745745 0.00000000
v 34.10916519 14.99187469 0.00000000
v 34.23918915 14.99793625 0.00000000
v 33.89653015 14.97380829 0.00000000
v 33.66145706 14.94284439 0.00000000
v 33.38148880 14.89224815 0.00000000
v -10.34496403 -28.69201469 0.00000000
v 33.04893494 14.81505108 0.00000000
v 28.78479004 8.45197678 0.00000000
v 32.65469360 14.70358944 0.00000000
v -10.26060390 -28.19077873 0.00000000
v 32.25859833 14.57534599 0.00000000
v 31.09434509 14.16760159 0.00000000
v 28.35002518 9.81203938 0.00000000
v 30.74204826 14.05436516 0.00000000
v 30.42585754 13.96370983 0.00000000
v -11.76575375 -28.13924408 0.00000000
v 30.18650436 13.90392113 0.00000000
v 29.97208023 13.85792923 0.00000000
v 27.85103798 11.14987373 0.00000000
v -11.65304375 -27.64428711 0.00000000
v 29.81025887 13.82847500 0.00000000
v 29.64764023 13.80380249 0.00000000
v 29.48431587 13.78433132 0.00000000
v 29.32042313 13.77047253 0.00000000
v 29.15613556 13.76263332 0.00000000
v 29.00994492 13.76103878 0.00000000
v 28.90032005 13.76333237 0.00000000
v 28.79080391 13.76873684 0.00000000
v 27.28895950 12.46245003 0.00000000
v 28.68149757 13.77735996 0.00000000
v 28.57250404 13.78929996 0.00000000
v 28.46394157 13.80465221 0.00000000
v 28.35593033 13.82350445 0.00000000
v 28.24860764 13.84593868 0.00000000
v -13.15714741 -27.51616669 0.00000000
v 28.14211464 13.87202740 0.00000000
v 28.03660202 13.90183735 0.00000000
v -13.01651192 -27.02906609 0.00000000
v 27.93223000 13.93542194 0.00000000
v 27.82916451 13.97282791 0.00000000
v 27.72757912 14.01408958 0.00000000
v 26.66506386 13.74679565 0.00000000
v 27.24838638 14.27859116 0.00000000
v 27.33975029 14.21796227 0.00000000
v 27.43354797 14.16117477 0.00000000
v 27.52958107 14.10825920 0.00000000
v 27.62765694 14.05922985 0.00000000
v 27.15966034 14.34301567 0.00000000
v 27.07377243 14.41117668 0.00000000
v 26.99092293 14.48299789 0.00000000
v 26.91131020 14.55838966 0.00000000
v -14.51566792 -26.82434273 0.00000000
v 26.83513069 14.63724422 0.00000000
v 26.76256943 14.71944046 0.00000000
v -14.34761906 -26.34664726 0.00000000
v 25.98076248 15.00000000 0.00000000
v 26.51196480 15.07865143 0.00000000
v 26.56835556 14.98461914 0.00000000
v 26.62901878 14.89328766 0.00000000
v 26.69380951 14.80483913 0.00000000
v -15.83792210 -26.06549835 0.00000000
v -15.64305592 -25.59872627 0.00000000
v 25.72537804 16.38459396 0.00000000
v 25.20077705 16.27638817 0.00000000
v -17.12060547 -25.24153137 0.00000000
v -16.89960098 -24.78716278 0.00000000
v 24.87451935 17.64959717 0.00000000
v 24.35814095 17.51231003 0.00000000
v -18.36051369 -24.35449791 0.00000000
v -18.11413193 -23.91397476 0.00000000
v 23.96151161 18.87050629 0.00000000
v 23.45494461 18.70469475 0.00000000
v -19.55454826 -23.40661621 0.00000000
v -19.28362846 -22.98133278 0.00000000
v 22.98863602 20.04426575 0.00000000
v 22.49343681 19.85057449 0.00000000
v -20.69972610 -22.40025330 0.00000000
v -20.40518188 -21.99155617 0.00000000
v 21.95832443 21.16794777 0.00000000
v 21.47600555 20.94710541 0.00000000
v -21.79318810 -21.33792305 0.00000000
v -21.47600555 -20.94710541 0.00000000
v 20.87314987 22.23874092 0.00000000
v 20.40518188 21.99155617 0.00000000
v -22.83219910 -20.22228241 0.00000000
v -22.49343681 -19.85057449 0.00000000
v 19.73582649 23.25397110 0.00000000
v 19.28362846 22.98133278 0.00000000
v -23.81416512 -19.05611610 0.00000000
v -23.45494461 -18.70469475 0.00000000
v 18.54919243 24.21110153 0.00000000
v 18.11413193 23.91397476 0.00000000
v -24.73663139 -17.84233856 0.00000000
v -24.35814095 -17.51231003 0.00000000
v 17.31621361 25.10774231 0.00000000
v 16.89960098 24.78716278 0.00000000
v -25.59729385 -16.58398247 0.00000000
v -25.20077705 -16.27638817 0.00000000
v 16.03997231 25.94165230 0.00000000
v 15.64305592 25.59872627 0.00000000
v -26.39400291 -15.28419304 0.00000000
v -25.98076248 -15.00000000 0.00000000
v 14.72365379 26.71074677 0.00000000
v 14.34761906 26.34664726 0.00000000
v -27.12476921 -13.94621563 0.00000000
v -26.69615364 -13.68631935 0.00000000
v 13.37054920 27.41310692 0.00000000
v 13.01651192 27.02906609 0.00000000
v -27.78776169 -12.57339478 0.00000000
v -27.34517479 -12.33861351 0.00000000
v 11.98403931 28.04697418 0.00000000
v 11.65304375 27.64428711 0.00000000
v -28.38133049 -11.16915894 0.00000000
v -27.92621231 -10.96023083 0.00000000
v 10.56758690 28.61076927 0.00000000
v 10.26060390 28.19077873 0.00000000
v -28.90398788 -9.73701763 0.00000000
v -28.43782043 -9.55459976 0.00000000
v 9.12473202 29.10308075 0.00000000
v 8.84265518 28.66718483 0.00000000
v -29.35442924 -8.28054810 0.00000000
v -28.87872696 -8.12521362 0.00000000
v 7.65907955 29.52267838 0.00000000
v 7.40272188 29.07231903 0.00000000
v -29.73152924 -6.80339050 0.00000000
v -29.24783707 -6.67562819 0.00000000
v 6.17429113 29.86851311 0.00000000
v 5.94438410 29.40517426 0.00000000
v -30.03434753 -5.30923462 0.00000000
v -29.54423332 -5.20944548 0.00000000
v 4.67407608 30.13972473 0.00000000
v 4.47126818 29.66492462 0.00000000
v -30.26212502 -3.80181408 0.00000000
v -29.76717567 -3.73031116 0.00000000
v 3.16218305 30.33563232 0.00000000
v 2.98703551 29.85092354 0.00000000
v -30.41429329 -2.28489447 0.00000000
v -29.91611481 -2.24190283 0.00000000
v 1.64238966 30.45574760 0.00000000
v 1.49537659 29.96270752 0.00000000
v -30.49047279 -0.76226634 0.00000000
v -29.99067497 -0.74792075 0.00000000
v 0.11849264 30.49976921 0.00000000
v -0.00000000 30.00000000 0.00000000
v -29.99067497 0.74792075 0.00000000
v -30.49047279 0.76226634 0.00000000
v -1.40570045 30.46759033 0.00000000
v -1.49537659 29.96270752 0.00000000
v -29.91611481 2.24190283 0.00000000
v -30.41429329 2.28489447 0.00000000
v -2.92638135 30.35928726 0.00000000
v -2.98703551 29.85092354 0.00000000
v -29.76717567 3.73031116 0.00000000
v -30.26212502 3.80181408 0.00000000
v -4.43975067 30.17513275 0.00000000
v -4.47126818 29.66492462 0.00000000
v -29.54423332 5.20944548 0.00000000
v -30.03434753 5.30923462 0.00000000
v -5.94202757 29.91558647 0.00000000
v -5.94438410 29.40517426 0.00000000
v -29.24783707 6.67562819 0.00000000
v -29.73152924 6.80339050 0.00000000
v -28.87872696 8.12521362 0.00000000
v -7.42945862 29.58129692 0.00000000
v -7.40272188 29.07231903 0.00000000
v -29.35442924 8.28054810 0.00000000
v -28.43782043 9.55459976 0.00000000
v -8.89832687 29.17309952 0.00000000
v -8.84265518 28.66718483 0.00000000
v -28.90398788 9.73701763 0.00000000
v -27.92621231 10.96023083 0.00000000
v -10.34496403 28.69201469 0.00000000
v -10.26060390 28.19077873 0.00000000
v -28.38133049 11.16915894 0.00000000
v -27.34517479 12.33861351 0.00000000
v -11.76575375 28.13924408 0.00000000
v -11.65304375 27.64428711 0.00000000
v -27.78776169 12.57339478 0.00000000
v -26.69615364 13.68631935 0.00000000
v -13.15714741 27.51616669 0.00000000
v -13.01651192 27.02906609 0.00000000
v -27.12476921 13.94621563 0.00000000
v -25.98076248 15.00000000 0.00000000
v -14.51566792 26.82434273 0.00000000
v -14.34761906 26.34664726 0.00000000
v -26.39400291 15.28419304 0.00000000
v -25.20077705 16.27638817 0.00000000
v -15.83792210 26.06549835 0.00000000
v -15.64305592 25.59872627 0.00000000
v -25.59729385 16.58398247 0.00000000
v -24.35814095 17.51231003 0.00000000
v -17.12060547 25.24153137 0.00000000
v -16.89960098 24.78716278 0.00000000
v -24.73663139 17.84233856 0.00000000
v -23.45494461 18.70469475 0.00000000
v -18.36051369 24.35449791 0.00000000
v -18.11413193 23.91397476 0.00000000
v -23.81416512 19.05611610 0.00000000
v -22.49343681 19.85057449 0.00000000
v -19.55454826 23.40661621 0.00000000
v -19.28362846 22.98133278 0.00000000
v -22.83219910 20.22228241 0.00000000
v -21.47600555 20.94710541 0.00000000
v -20.69972610 22.40025330 0.00000000
v -20.40518188 21.99155617 0.00000000
v -21.79318810 21.33792305 0.00000000
v 35.22476196 15.29887009 3.47535396
v 34.82091904 15.67133427 4.28916550
v 35.63785934 15.40034103 4.60775995
v 34.03856277 16.41277122 5.01384497
v 33.56369400 16.40538979 4.11412621
v 33.90385437 16.51937866 5.00322914
v 33.77207565 16.62990189 4.99443722
v 33.49573517 16.45788574 4.10487604
v 33.64352417 16.74406815 4.98750114
v 33.42860413 16.51198387 4.09688282
v 33.36246109 16.56756020 4.09016466
v 33.29745865 16.62448311 4.08473825
v 33.51848984 16.86158943 4.98245049
v 33.23374176 16.68261337 4.08061981
v 32.76981735 16.51962471 3.23677039
v 32.44553375 17.37804794 3.81107521
v 33.17145538 16.74180603 4.07782602
v 32.38107300 17.33411026 3.66230273
v 32.50521088 17.42163658 3.96081161
v 35.02888107 15.72472191 4.85372114
v 34.74493027 15.70830250 4.28724766
v 34.45709229 16.11884117 5.05638981
v 34.89392090 15.98900890 5.68863964
v 33.07124329 17.30902290 4.90803432
v 33.01363373 17.14495277 4.46955824
v 35.35929871 15.63262653 5.16342020
v 35.85041428 15.32451439 4.60823536
v 35.11531448 15.04157925 1.74448729
v 37.27309799 15.04485130 5.24245691
v 35.88194275 15.12184143 3.46495962
v 36.06445694 15.25557518 4.61089039
v 36.87345505 15.17776012 5.79729223
v 37.03281403 15.14073658 5.80758047
v 37.19079971 15.10801125 5.82027197
v 37.34717941 15.07950592 5.83542252
v 32.98685074 17.84356689 6.15824175
v 32.73948288 17.96953201 5.41882992
v 32.48297119 18.47465515 5.65305948
v 32.41932297 18.43845558 5.32224989
v 32.34183502 18.39438438 4.99537134
v 32.25068665 18.34254456 4.67318916
v 33.06686020 17.70123863 5.99408960
v 33.14578629 17.56088448 5.83234167
v 35.46632767 15.75448608 6.34381723
v 29.46759987 14.26167297 0.20615166
v 29.66789055 14.01885414 0.11812285
v 29.62034035 14.25122356 0.21939193
v 29.54422379 14.25519657 0.21261550
v 29.69585609 14.24955273 0.22647570
v 29.75285530 14.25167370 0.23294687
v 29.82788086 14.25243568 0.24012631
v 29.81449318 14.03149033 0.12565051
v 29.89643288 14.25711632 0.24813372
v 29.85009384 14.03631687 0.12811086
v 29.97097778 14.26019764 0.25534719
v 29.96645546 14.04946041 0.13364120
v 30.06929016 14.26696873 0.26538119
v 30.01758385 14.05654335 0.13636294
v 30.12025261 14.07148170 0.14132661
v 30.18788338 14.09737301 0.15569223
v 30.20052910 14.31120491 0.29879770
v 30.30068398 14.32425690 0.31176588
v 30.24003410 14.10778904 0.15976167
v 30.35433960 14.12812233 0.16564080
v 30.41037750 14.33594418 0.32301325
v 30.41175461 14.13878059 0.16827539
v 30.48695946 14.15448380 0.17256671
v 30.55464554 14.35583305 0.33874598
v 30.63818550 14.18742085 0.18019873
v 30.71492577 14.38276100 0.35716277
v 30.72195625 14.20769405 0.18518023
v 30.89036942 14.24987698 0.19412677
v 31.05500793 14.31371307 0.22948639
v 29.87486458 14.73222065 0.44555032
v 30.03118515 14.48656750 0.37446716
v 30.00307274 14.72490311 0.47192022
v 30.09509659 14.50548172 0.39316422
v 30.25121307 14.78649044 0.55544287
v 30.22243690 14.54240513 0.43111974
v 30.27055740 14.54526234 0.43988168
v 30.43731689 14.78595543 0.59791774
v 30.41969109 14.55315399 0.46530539
v 30.48878860 14.55740547 0.47670567
v 30.56535149 14.56416321 0.49007756
v 30.71955109 14.60842419 0.53758979
v 32.48893738 14.72953606 0.32121307
v 32.52704620 14.83196831 0.63456506
v 32.34257507 14.79361629 0.61853844
v 32.71356201 14.86797714 0.64677250
v 31.02623558 14.69372749 0.63461089
v 31.27957726 14.72391605 0.67927355
v 31.03296471 14.48935986 0.44096380
v 32.39631653 14.92535782 0.91369432
v 32.48489380 14.93767166 0.92596775
v 32.57464218 14.94910240 0.93615276
v 32.45770645 15.07144737 1.19994295
v 32.69338608 14.96466160 0.95129311
v 32.68587112 15.08509350 1.24107039
v 32.83639526 14.89121437 0.65714616
v 32.75267029 14.97228336 0.95896077
v 32.80828857 14.97878742 0.96467179
v 32.95137024 14.91122818 0.66421837
v 32.89989471 15.09525871 1.27375364
v 32.91935349 14.99146652 0.97629756
v 33.11054230 14.93669605 0.67233652
v 32.99646759 14.99956512 0.98323435
v 33.08458710 15.10147381 1.29631281
v 33.13982010 15.01329327 0.99452460
v 33.20889664 14.95107079 0.67662144
v 31.18748474 15.50278854 1.24511802
v 31.44746399 15.21456051 1.14774895
v 31.10839081 15.20962238 1.03098822
v 33.18094635 15.01670933 0.99662077
v 33.29346085 14.96223640 0.67812347
v 33.42883301 14.97891617 0.68346524
v 33.50321960 14.98673058 0.68368000
v 33.56103134 14.99219513 0.68277657
v 33.49450684 15.10607815 1.32543147
v 33.38470840 15.10608482 1.32044947
v 33.24357986 15.10478687 1.31112385
v 32.11394119 15.13012886 1.24175203
v 32.44366455 15.22987080 1.45861566
v 32.10018921 15.03192329 1.10465336
v 31.81008911 15.44842243 1.47941494
v 31.48009872 15.34818172 1.26286089
v 31.78817177 15.22256184 1.26260746
v 32.11516190 15.22479916 1.36149132
v 32.16371155 15.63269329 1.82208705
v 32.11874771 15.32390499 1.47847784
v 32.08871841 15.64585304 1.79399931
v 32.44020462 15.40814114 1.70496786
v 32.37532425 15.50420284 1.79351139
v 32.59714127 15.39485741 1.75305104
v 32.63483810 15.66578484 2.13035131
v 32.75634003 15.37963772 1.79706192
v 32.67977142 15.95028496 2.49922681
v 32.71020889 15.65025043 2.15727711
v 26.72543144 15.20006084 0.00430910
v 32.75168610 15.92827129 2.53017449
v 32.74795914 15.64260197 2.17066574
v 32.81369019 15.90802860 2.55470586
v 32.81304932 15.62815094 2.19160128
v 26.93863678 15.32132149 0.01723111
v 32.89400101 15.36476517 1.83022368
v 32.86708832 15.88958073 2.57400727
v 32.84564972 15.62103271 2.20200300
v 32.91292191 15.87298584 2.58911204
v 32.87371826 15.61436939 2.21006370
v 27.23184013 15.48808002 0.04916215
v 32.89779282 15.60824490 2.21626735
v 32.95510101 15.85710716 2.60176563
v 32.91993332 15.60227871 2.22136927
v 33.01293945 15.35063648 1.85469234
v 32.98137665 15.84692955 2.60902166
v 32.97628403 15.58936119 2.23723674
v 33.00795746 15.83641911 2.61586666
v 32.99010468 15.58555794 2.24006677
v 33.00408554 15.58159256 2.24268889
v 33.05255890 15.56995487 2.25471568
v 33.11534500 15.33759117 1.87239575
v 33.09721375 15.55871296 2.26449108
v 33.12504959 15.55146122 2.26993060
v 33.15322495 15.54394150 2.27491927
v 33.20988464 15.32491779 1.88585603
v 33.26892471 15.31673050 1.89281368
v 33.32877350 15.30824757 1.89872026
v 33.63896942 15.56362438 2.65540218
v 32.87012100 16.17300797 2.92927027
v 32.29303741 16.27569580 2.51389718
v 32.88274002 16.16649628 2.93347263
v 33.93665314 15.79553604 3.42665243
v 34.56763458 15.52268982 3.46622133
v 34.10955429 15.55487919 3.05353427
v 34.30416870 15.35494423 2.65513563
v 33.33684921 16.12685013 3.35078835
v 34.13967514 16.02939606 4.21772623
v 34.31553268 16.21231651 5.04042530
v 34.17589951 16.31033897 5.02625132
v 36.10259628 15.37935352 5.49639845
v 36.15082932 15.43037510 6.09274912
v 30.79921722 14.30988598 0.27963880
v 30.88027191 14.33943272 0.29879043
v 31.47278023 14.42980671 0.25251991
v 30.87197304 14.54085541 0.49426612
v 31.89403725 14.55243397 0.27149770
v 31.72494698 14.56628513 0.39145708
v 31.95508003 14.69786930 0.55815291
v 32.21623611 14.70287895 0.44640258
v 31.41762352 14.65184879 0.59545541
v 31.56603050 14.59921265 0.49957412
v 31.65123940 14.78996849 0.75809371
v 30.75148392 15.13247967 0.86659801
v 30.73115730 14.86227226 0.70717204
v 31.03196335 14.92145348 0.81375641
v 31.79818344 14.73458576 0.66391712
v 32.02413940 14.85834312 0.83547169
v 31.15132332 14.81434536 0.75169230
v 31.38621140 14.95485115 0.91284871
v 32.17883682 14.81750393 0.73226702
v 31.51409721 14.86372757 0.84086090
v 31.74253082 14.99212837 1.00953233
v 31.87874985 14.91663837 0.92783976
v 31.24257469 15.07337189 0.97742170
v 31.41600609 15.08314419 1.03126800
v 32.24394989 14.97056866 1.01418507
v 31.58992004 15.09382153 1.08455288
v 31.93899536 15.11751652 1.18966889
v 31.76740646 15.94014931 1.84790254
v 32.45532990 15.95459843 2.33214498
v 34.42804337 15.25088787 2.37117434
v 34.02337265 15.38825512 2.52508426
v 33.44594955 15.19163418 1.62255502
v 33.31868744 15.69106674 2.64119411
v 33.47877884 15.82811546 3.01372409
v 31.85760307 14.48684216 0.13610612
v 31.24544334 14.44564915 0.35539240
v 31.44056892 14.53213787 0.42938292
v 30.87485313 14.77079201 0.67536604
v 32.58955002 18.53527260 6.66128445
v 27.83413124 15.08281612 0.09710174
v 27.78920746 15.11506081 0.09350726
v 28.09860420 15.98105145 0.24217141
v 27.81250381 15.81833267 0.16176420
v 27.52335739 15.65388012 0.09737750
v 28.26962662 15.02215767 0.15959190
v 28.22170639 15.04614735 0.15395227
v 28.17415428 15.07164192 0.14855072
v 28.12705040 15.09865093 0.14339472
v 28.38098717 16.14165688 0.33841074
v 28.08047295 15.12717819 0.13849291
v 28.42181396 15.12559700 0.20059718
v 28.65899277 16.29977226 0.45025668
v 28.46952057 15.10213470 0.20706208
v 28.51744843 15.08011627 0.21376508
v 28.56553078 15.05951500 0.22069970
v 28.93196678 16.45502472 0.57744724
v 28.71559143 15.16231251 0.26884663
v 28.76324844 15.14213085 0.27660874
v 28.81093407 15.12329197 0.28459707
v 29.05292702 15.19012928 0.35704154
v 28.85858917 15.10576248 0.29280454
v 29.19927216 16.60705566 0.71968442
v 28.90616798 15.08950233 0.30122414
v 29.09986877 15.17413712 0.36626273
v 29.16219330 15.15464592 0.37886608
v 29.37518311 15.23358250 0.45672309
v 29.23184586 15.13509846 0.39344445
v 29.44352150 15.21502304 0.47255445
v 29.51120949 15.19867516 0.48874986
v 29.57820320 15.18437099 0.50528240
v 29.76807022 14.74148846 0.42422059
v 29.71768570 15.28016186 0.57617080
v 29.78327370 15.26644516 0.59381264
v 29.86963081 15.25079823 0.61776376
v 29.96538544 15.23634148 0.64524102
v 30.10039902 15.32858562 0.72402775
v 30.22480774 15.31123447 0.76287955
v 30.36268234 15.29614449 0.80738193
v 30.49291420 15.38459206 0.89393288
v 29.96493530 15.83966541 0.83988476
v 29.71438217 16.90002441 1.04793119
v 29.46028137 16.75550270 0.87663496
v 30.30355072 15.91398716 1.02089679
v 30.62060928 15.47382450 0.98506939
v 29.96098137 17.04027748 1.23317170
v 30.47006226 16.02223778 1.14568901
v 30.19950104 17.17593384 1.43192267
v 30.42938042 17.30667877 1.64371848
v 30.91218567 16.06179810 1.40417230
v 31.06696510 15.42106819 1.14462960
v 31.25206757 17.77458000 2.61099172
v 31.71238327 16.98049736 2.54956317
v 31.06190872 17.66642761 2.35226655
v 31.80920792 17.02417374 2.67792797
v 31.43112183 17.87641716 2.87999940
v 31.90274811 17.06841278 2.80980945
v 31.59864998 17.97169876 3.15865922
v 31.99272346 17.11293030 2.94511056
v 32.07883072 17.15744019 3.08358836
v 32.16083908 17.20178795 3.22494650
v 32.23860168 17.24595451 3.36882353
v 31.75426292 18.06020355 3.44631863
v 32.31203461 17.29002762 3.51477337
v 31.89759445 18.14172363 3.74230337
v 32.14609909 18.28305817 4.35645819
v 32.02830887 18.21606636 4.04592037
v 35.71788025 15.16096878 3.46339893
v 35.38884735 15.24943447 3.46869326
v 35.55338287 15.20349121 3.46466756
v 34.70182800 16.10798645 5.67394114
v 34.51313019 16.23402405 5.66093826
v 34.32835007 16.36697960 5.64956522
v 34.14791489 16.50652695 5.63985825
v 33.97221375 16.65229416 5.63187170
v 33.80164337 16.80390930 5.62564468
v 33.17865372 17.56297684 6.00821400
v 33.09462738 17.70267677 6.17036104
v 32.53263092 18.50289917 5.98702431
v 33.00948334 17.84441376 6.33444548
v 32.90594101 17.98760223 6.32437468
v 32.56818390 18.52312088 6.32336187
v 32.92341232 17.98792076 6.49997807
v 28.73878670 14.43813324 0.15139067
v 28.78930473 14.42460728 0.15608092
v 29.34768677 14.27718544 0.19672526
v 29.39915848 14.26969051 0.20067112
v 28.96197701 14.46584606 0.19074334
v 29.01226997 14.45325851 0.19588254
v 29.06251717 14.44200325 0.20119548
v 30.81539345 15.17721272 0.91209388
v 33.57931137 15.10536671 1.32755053
v 33.67581940 15.00236893 0.68606526
v 33.72010040 15.00553131 0.68494028
v 33.82502747 15.01234245 0.68630415
v 33.89019775 15.01565456 0.68612313
v 33.95597458 15.01828671 0.68512917
v 32.55309677 15.22797298 1.48459351
v 32.63479996 15.22739697 1.50486910
v 32.71756363 15.22572613 1.52318823
v 32.82045364 15.22307777 1.54432905
v 32.89201736 15.22076988 1.55772662
v 32.98094559 15.21746254 1.57298839
v 33.04276276 15.21480370 1.58248734
v 33.09591675 15.21194077 1.58906722
v 33.17266083 15.20843124 1.59967995
v 33.22171402 15.20543957 1.60433328
v 33.25230789 15.20336819 1.60655701
v 33.32058334 15.19971848 1.61388862
v 33.35159683 15.19752121 1.61557281
v 33.40480804 15.19434929 1.62003064
v 34.94195557 15.06537342 1.75491416
v 35.02909470 15.05328083 1.74858797
v 31.33459282 16.56298447 1.95089364
v 30.86108971 17.55221176 2.10442996
v 30.65008354 17.43220139 1.86806273
v 34.59836578 15.21447849 2.35882902
v 34.51332092 15.23224068 2.36407590
v 31.79009438 16.48551178 2.26083398
v 38.68139267 -15.00000000 7.00000000
v 26.80639076 -15.24610615 19.99180031
v 27.10012627 -15.41316795 19.96722031
v 32.81423187 -18.18208885 13.39702129
v 32.58169556 -18.53080559 13.49091053
v 32.59292984 -18.53719521 13.24560642
v 32.59667587 -18.53932571 13.00000000
v 27.90010071 -15.43868828 19.86325645
v 27.39248466 -15.57944679 19.92631912
v 27.68278122 -15.74455261 19.86919022
v 27.97033310 -15.90809727 19.79596710
v 28.46994972 -15.77490044 19.69721794
v 28.25446892 -16.06970024 19.70682526
v 28.53452301 -16.22897911 19.60196877
v 28.70658684 -15.50402546 19.69256401
v 28.14944458 -15.16343403 19.85889053
v 29.02230835 -16.10107422 19.46983528
v 28.80983925 -16.38556480 19.48164749
v 29.07977104 -16.53908920 19.34613991
v 28.97871017 -15.27771091 19.69096565
v 28.43880272 -14.93725681 19.85641098
v 29.24543762 -15.83398819 19.46869659
v 29.55150986 -16.41395569 19.18379021
v 29.34368706 -16.68918991 19.19576645
v 29.60096931 -16.83551979 19.03087616
v 29.27709770 -15.09916306 19.69162369
v 28.75760841 -14.76359177 19.85531425
v 29.09413338 -14.63806820 19.85513687
v 29.50010300 -15.60736561 19.47134972
v 29.76012421 -16.14987755 19.19054222
v 30.05248070 -16.71065521 18.84190750
v 29.85101509 -16.97773361 18.85185814
v 30.09323692 -17.11549759 18.65913010
v 29.59152985 -14.96459484 19.69379997
v 29.77821350 -15.42416191 19.47682953
v 29.99710464 -15.92271709 19.20125771
v 30.24579239 -16.44892502 18.86086082
v 30.52066231 -16.98860359 18.44728661
v 30.32707024 -17.24848938 18.45314407
v 30.55196571 -17.37639809 18.23438263
v 29.91462135 -14.86623859 19.69736862
v 29.44001198 -14.55200768 19.85580063
v 30.07085991 -15.28108311 19.48423958
v 30.25522614 -15.73515224 19.21496391
v 30.46507072 -16.22109604 18.88338661
v 30.69838333 -16.72887421 18.48225403
v 30.95196724 -17.24551010 18.00336266
v 30.76739502 -17.49892426 18.00335884
v 30.97285652 -17.61577988 17.76061249
v 30.37156868 -15.17118740 19.49342918
v 30.52662659 -15.58426476 19.23076248
v 30.70370865 -16.02954674 18.90866852
v 30.90029716 -16.50044441 18.51995659
v 31.11447144 -16.98786354 18.05740547
v 31.34275436 -17.47934532 17.51393700
v 31.16786575 -17.72669029 17.50671387
v 31.35196877 -17.83139801 17.24225616
v 30.56985474 -14.74831867 19.70835114
v 30.14059830 -14.46499729 19.85945702
v 30.80563736 -15.46383286 19.24849319
v 30.95463181 -15.87162685 18.93594551
v 31.12021828 -16.30538750 18.55984497
v 31.29980469 -16.75917053 18.11305046
v 31.49117279 -17.22434998 17.58919334
v 31.68980789 -17.68831635 16.98318291
v 31.52473259 -17.92965889 16.96786118
v 31.68575287 -18.02123833 16.68416977
v 30.98240852 -15.02424622 19.51671028
v 31.21286392 -15.74173260 18.96506691
v 31.35166550 -16.14123535 18.60140991
v 31.50208664 -16.56119347 18.17008781
v 31.66120148 -16.99603081 17.66481209
v 31.82604027 -17.43704224 17.08078575
v 31.99031067 -17.87085342 16.41565323
v 31.83465195 -18.10592461 16.39184761
v 31.97108078 -18.18351746 16.09157944
v 31.37366104 -15.29038143 19.28927231
v 31.59025192 -16.00291824 18.64453125
v 31.71529961 -16.39160728 18.22832489
v 31.84724998 -16.79585075 17.74094391
v 31.98254967 -17.21004295 17.17761230
v 32.11696625 -17.62482643 16.53573036
v 32.24178314 -18.02557373 15.81630135
v 32.09471893 -18.25383759 15.78406811
v 32.20528030 -18.31671906 15.47003365
v 32.30250168 -18.37201500 15.15021324
v 31.74011803 -15.54441833 19.02840042
v 31.93558311 -16.24581528 18.28768349
v 32.04372787 -16.62161064 17.81772041
v 32.15411377 -17.00850296 17.27412224
v 32.26222610 -17.40037918 16.65418434
v 32.36203003 -17.78666306 15.95808983
v 32.07918167 -15.78423119 18.73506546
v 32.24725342 -16.46918106 17.89511490
v 32.33560562 -16.83038330 17.37073326
v 32.42137909 -17.19845390 16.77168083
v 32.49871445 -17.56623459 16.09785271
v 32.58892441 -18.24656296 14.54435062
v 32.38616180 -18.41959381 14.82535553
v 32.45605469 -18.45934677 14.49622154
v 32.51202393 -18.49118042 14.16358185
v 32.55393982 -18.51501846 13.82821655
v 32.38898468 -16.00792122 18.40949821
v 32.52412796 -16.67203903 17.46746063
v 32.58990479 -17.01723480 16.88883591
v 32.64784241 -17.36501694 16.23632431
v 32.66825104 -16.21385193 18.05159760
v 32.76539230 -16.85361290 17.00569534
v 32.80566788 -17.18150902 16.37418365
v 32.91617584 -16.40064812 17.66123962
v 32.97030258 -17.01321602 16.51150131
v 33.21609879 -14.74281025 19.79099274
v 32.94993210 -14.60094070 19.89748955
v 32.24674606 -14.53340816 19.88529587
v 32.55082321 -14.70930958 19.76589203
v 33.13227463 -16.56719971 17.23860931
v 33.11619949 -17.43876076 15.26216698
v 32.97201920 -17.62398911 15.08383560
v 33.47081757 -14.88411140 19.65921783
v 32.84194946 -14.88333321 19.61792564
v 33.31617355 -16.71264458 16.78463745
v 33.26662827 -17.26337242 15.44006443
v 33.88516235 -14.78500557 19.81791496
v 33.71170044 -15.02499199 19.50600052
v 33.11724854 -15.05508137 19.44567108
v 34.10518646 -14.89585495 19.70283127
v 33.93681717 -15.16390991 19.33297348
v 33.37447357 -15.22278500 19.25095177
v 33.58464813 -16.93793297 15.79465961
v 34.31340408 -15.00770569 19.56885529
v 34.14468002 -15.29838371 19.14043427
v 33.61192703 -15.38393784 19.03413391
v 33.82843018 -15.53573132 18.79474640
v 34.74544144 -14.91417789 19.74789810
v 34.55868149 -14.83090115 19.84597778
v 34.50817108 -15.11926174 19.41740799
v 34.33421707 -15.42550564 18.92792892
v 34.92244339 -14.99944401 19.63328552
v 34.68814468 -15.22815132 19.24877167
v 34.50475693 -15.54229259 18.69462776
v 34.02325058 -15.67535400 18.53190804
v 35.39142227 -14.93564320 19.79354668
v 35.23677826 -14.87656498 19.87449455
v 35.08826828 -15.08565140 19.50334740
v 34.85234070 -15.33149052 19.06258011
v 34.65597916 -15.64596653 18.43960381
v 34.19605637 -15.80022049 18.24464035
v 35.53832245 -14.99727535 19.69834518
v 35.24171448 -15.17062092 19.35837746
v 35.00008392 -15.42626858 18.85815048
v 34.78784180 -15.73420429 18.16213417
v 34.34681702 -15.90817738 17.93218613
v 34.47567749 -15.99776363 17.59446716
v 36.04282379 -14.95741653 19.83890343
v 35.91946793 -14.91876602 19.90278435
v 35.67626953 -15.06065655 19.58989143
v 35.38183594 -15.25161171 19.19814682
v 35.13101578 -15.50964737 18.63471985
v 34.90050888 -15.80545902 17.86210251
v 34.66819382 -16.12187386 16.85078430
v 34.57045364 -16.33429718 15.82998466
v 34.81782532 -16.16280365 16.11567688
v 35.07234192 -16.00210381 16.40136909
v 36.60610962 -14.95465660 19.93016243
v 36.16037369 -14.99878502 19.76309013
v 35.80418015 -15.12386608 19.46849442
v 35.50793457 -15.32571793 19.02217674
v 35.24504089 -15.57925224 18.39170074
v 36.69869614 -14.97697639 19.88309860
v 36.27110291 -15.04229355 19.67613411
v 35.92112732 -15.18441868 19.33408165
v 35.61957932 -15.39018345 18.82993126
v 35.34225464 -15.63352680 18.12903023
v 35.06909943 -15.89768982 17.20098114
v 35.33353043 -15.85249329 16.68706131
v 36.78728104 -15.00180912 19.82657433
v 36.37404633 -15.08633804 19.57835579
v 36.02639008 -15.23964500 19.18640518
v 35.71656799 -15.44269466 18.62102699
v 37.35797501 -14.99203014 19.92526054
v 37.29597473 -14.98169518 19.95594597
v 36.87105560 -15.02877331 19.76116943
v 36.46831894 -15.12878513 19.46983337
v 36.11944962 -15.28699398 19.02518272
v 35.79890442 -15.48175621 18.39551353
v 35.48720932 -15.69725513 17.55060959
v 35.60091019 -15.71425056 16.97275543
v 35.87398529 -15.58763027 17.25844765
v 37.98867798 -14.99786472 19.97869110
v 37.95643234 -14.99551678 19.99007988
v 37.41758728 -15.00433254 19.88785172
v 36.94918442 -15.05662823 19.68719864
v 36.55318451 -15.16731739 19.35053253
v 36.19999313 -15.32432365 18.85025787
v 38.02001572 -15.00077820 19.96360397
v 37.47422409 -15.01838779 19.84409523
v 37.02087021 -15.08367729 19.60485077
v 36.62805557 -15.19970798 19.22041321
v 36.26790237 -15.35026646 18.66181755
v 35.92043304 -15.52106857 17.89988518
v 36.15225220 -15.47286701 17.54413986
v 38.05018997 -15.00473213 19.94506645
v 37.52723694 -15.03334904 19.79426384
v 37.08540726 -15.10805893 19.51425743
v 36.69251251 -15.22408581 19.07953644
v 38.07888412 -15.00964928 19.92325401
v 37.57598877 -15.04802704 19.73858452
v 37.14218521 -15.12797451 19.41556740
v 36.74633026 -15.23926830 18.92821312
v 36.36632156 -15.36973190 18.24901581
v 36.43519592 -15.37017250 17.82983208
v 36.72229385 -15.27973747 18.11552429
v 38.10575485 -15.01511669 19.89830208
v 37.61986923 -15.06110573 19.67727852
v 37.19073486 -15.14191055 19.30900764
v 38.13046265 -15.02054119 19.87033653
v 37.65834427 -15.07130909 19.61058807
v 37.23074341 -15.14892101 19.19496155
v 36.82217026 -15.24381351 18.59822083
v 37.01301193 -15.20172787 18.40121841
v 38.15267563 -15.02525902 19.83949089
v 37.69097137 -15.07756042 19.53881073
v 38.17209244 -15.02862263 19.80591393
v 37.71741867 -15.07919121 19.46233177
v 37.28492737 -15.14376545 18.94770622
v 37.30681610 -15.13628769 18.68691063
v 37.60316086 -15.08353996 18.97260284
v 38.18845749 -15.03008652 19.76978683
v 38.20156479 -15.02931881 19.73134041
v 37.75135422 -15.06983757 19.29769135
v 37.90150070 -15.04358101 19.25829506
v 38.21760559 -15.02178097 19.64880943
v 38.20128250 -15.01648426 19.54398727
v 38.44119263 -15.00412178 19.77199364
v 27.51929665 -14.87390041 19.96374512
v 27.55228996 -14.84278297 19.96355057
v 27.58592987 -14.81241512 19.96336746
v 27.62020111 -14.78281116 19.96319389
v 27.65508842 -14.75398254 19.96302986
v 27.80868912 -14.64105797 19.96244431
v 27.84647179 -14.61641312 19.96232796
v 27.88473892 -14.59258461 19.96221733
v 27.92346764 -14.56957054 19.96211243
v 27.96263313 -14.54737091 19.96201515
v 28.13220787 -14.46251392 19.96165466
v 28.17326736 -14.44445610 19.96158028
v 28.21462059 -14.42715359 19.96151161
v 28.25624847 -14.41059208 19.96144676
v 28.29812241 -14.39476109 19.96138573
v 28.47724342 -14.33561134 19.96117401
v 28.52016640 -14.32332134 19.96113396
v 28.56324768 -14.31165504 19.96109772
v 28.60647392 -14.30059719 19.96106720
v 28.66431427 -14.28676987 19.96103096
v 28.84865189 -14.24948025 19.96096230
v 28.91450691 -14.23843956 19.96095467
v 28.98048973 -14.22847366 19.96095467
v 29.04657364 -14.21953201 19.96096230
v 29.13480377 -14.20911789 19.96098709
v 29.50791550 -14.18181610 19.96124649
v 29.60748482 -14.17847919 19.96135521
v 29.70715523 -14.17657757 19.96148109
v 29.84016991 -14.17610645 19.96167564
v 29.98967743 -14.17812347 19.96192741
v 30.39500427 -14.31769657 19.91939163
v 30.18860054 -14.18451691 19.96231842
v 31.60134888 -14.31143475 19.96664810
v 31.30460930 -14.27639580 19.96553421
v 31.47931290 -14.38214970 19.92660522
v 31.90791893 -14.91673660 19.56225395
v 31.73533630 -14.80459213 19.65159225
v 32.07581711 -15.02744675 19.46560860
v 32.62325287 -17.81208038 15.43300438
v 32.83489227 -17.82013512 14.90502357
v 32.70654297 -18.02780151 14.72533703
v 32.23866272 -15.13647842 19.36197281
v 32.39611816 -15.24355316 19.25154305
v 32.78926468 -18.12257576 14.06523609
v 32.69379425 -15.45064640 19.01063347
v 32.85210419 -18.02165604 14.16465855
v 33.05273438 -17.83848381 13.79404163
v 32.97094727 -17.84330750 14.34482098
v 32.96707916 -15.64628601 18.74295616
v 33.03884125 -17.74771881 14.44399071
v 33.13184357 -17.62319374 14.57614708
v 33.24080276 -17.59545708 14.08570862
v 33.20338058 -17.53194046 14.67521381
v 33.27640915 -17.44246292 14.77423859
v 33.44361496 -17.35610962 14.38347435
v 33.37816238 -17.32343674 14.90896797
v 33.53244781 -17.15414047 15.10679436
v 33.65695190 -17.12608910 14.68124008
v 33.64066696 -17.04257584 15.24135303
v 33.87570190 -16.91026878 14.97290611
v 33.77975082 -16.76218414 16.00010490
v 33.89251709 -16.66740417 16.11531448
v 34.09895706 -16.70837593 15.25859928
v 34.33068085 -16.51626587 15.54429150
v 34.43962860 -16.26572609 16.64303017
v 28.89826012 -14.05179787 19.98978996
v 28.98925591 -14.04477310 19.98979187
v 29.18143654 -14.03494358 19.98980904
v 29.28392410 -14.03221798 19.98982620
v 29.33518410 -14.03145599 19.98983574
v 29.43776131 -14.03106213 19.98986053
v 29.48909378 -14.03140450 19.98987389
v 29.55756950 -14.03239155 19.98989296
v 29.69446945 -14.03606701 19.98993874
v 29.77138519 -14.03905773 19.98996925
v 29.87381172 -14.04399967 19.99001122
v 30.02720833 -14.05329514 19.99008560
v 30.23143959 -14.06883240 19.99019623
v 30.33165550 -14.13324356 19.97854614
v 30.99354172 -14.51369286 19.83490372
v 31.55850601 -14.69121933 19.73315048
v 31.11055565 -14.16640377 19.99085236
v 30.80536079 -14.12793064 19.99059486
v 30.89773369 -14.18572998 19.97944069
v 31.26300812 -14.18699169 19.99099350
v 31.45355606 -14.21378326 19.99117661
v 31.64399719 -14.24155235 19.99137306
v 31.97225761 -14.35890007 19.96816635
v 31.92942810 -14.42674446 19.93045998
v 32.03061295 -14.55641174 19.85260582
v 32.10990524 -14.44639111 19.93212318
v 32.34312820 -14.40916920 19.96981049
v 32.65166092 -14.50941181 19.93746567
v 32.93304062 -16.00771523 18.25638390
v 33.62053299 -15.75001717 18.48441696
v 33.55600357 -16.64958763 16.67909431
v 34.46912766 -14.73098850 19.95784187
v 34.28694153 -14.70966530 19.95570946
v 34.36373520 -14.74870491 19.92477036
v 34.83370590 -14.77221775 19.96212006
v 34.58315659 -14.71838951 19.98136902
v 35.01630783 -14.79203701 19.96425819
v 35.07563019 -14.81893921 19.93902969
v 35.19923019 -14.81126690 19.96639252
v 34.11515045 -16.26896095 17.11460495
v 33.90080643 -16.79544258 15.55238533
v 34.17285538 -16.31126213 16.90957642
v 36.48913193 -14.92493439 19.98084068
v 36.30489731 -14.91136265 19.97887039
v 36.51022339 -14.93377304 19.96672249
v 36.67351913 -14.93751812 19.98277283
v 37.30589676 -14.97257042 19.98902512
v 37.04269409 -14.95955753 19.98649788
v 37.23205185 -14.97247696 19.97933006
v 37.67605591 -14.98687458 19.99232292
v 37.86135864 -14.99225426 19.99374390
v 30.30715370 -14.04828167 19.99444962
v 30.59612274 -14.07926941 19.99456024
v 30.66623878 -14.32602978 19.92088890
v 30.93742752 -14.34025478 19.92259979
v 31.01296425 -14.11018944 19.99764061
v 31.09020996 -14.12121487 19.99765968
v 31.18677902 -14.13528442 19.99768066
v 31.19221115 -14.28672218 19.95629692
v 31.28330994 -14.14964294 19.99770546
v 31.99724388 -14.32818222 19.98181534
v 32.25160217 -14.30463409 19.99797440
v 33.46134567 -14.67809582 19.88389015
v 33.01329803 -14.55357647 19.94127655
v 33.65528870 -14.67457104 19.91078568
v 33.29043198 -16.35868263 17.53186035
v 34.18868256 -14.62049294 19.99863815
v 33.55600739 -14.54105949 19.99375343
v 33.59272766 -16.19016266 17.69487572
v 34.54903412 -14.70099926 19.98926163
v 34.36016846 -14.67551327 19.98867035
v 34.51492310 -14.68292236 19.99510765
v 34.67424774 -14.69169712 19.99881554
v 34.70610428 -14.70919895 19.99538040
v 34.64349365 -14.71348667 19.98955917
v 34.77103424 -14.70526695 19.99885178
v 34.89753342 -14.73469162 19.99565315
v 34.86789703 -14.71862125 19.99888611
v 34.83256149 -14.73792553 19.99015045
v 34.96482849 -14.73175240 19.99892235
v 35.08924103 -14.75934696 19.99592400
v 34.92720413 -14.74986744 19.99044609
v 34.95689774 -14.76436234 19.98340034
v 33.90535355 -16.03669930 17.85766220
v 35.02192307 -14.76161480 19.99074173
v 35.16116333 -14.75760746 19.99899292
v 34.86358261 -14.81095695 19.91832352
v 35.07912064 -14.78874111 19.97540283
v 35.21152878 -14.78448963 19.99132919
v 35.40351486 -14.80673313 19.99191856
v 35.33169174 -14.80744457 19.98542023
v 35.44972992 -14.82844448 19.97844696
v 35.56565094 -14.84769726 19.97062111
v 35.52149200 -14.82796860 19.98643112
v 35.94739914 -14.85017395 19.99926758
v 35.47759247 -14.80637741 19.99646568
v 35.56947708 -14.87124443 19.93577766
v 35.79125977 -14.88167572 19.95315170
v 36.34156418 -14.88927078 19.99939919
v 36.43902588 -14.89812183 19.99943161
v 36.19935989 -14.89831924 19.98440933
v 36.09187698 -14.88382912 19.98939514
v 35.93699646 -14.88143539 19.97482491
v 36.53651428 -14.90664101 19.99946213
v 36.45861435 -14.91026592 19.99502182
v 36.36330032 -14.90232754 19.99475479
v 36.46863174 -14.91549015 19.99126816
v 36.38561630 -14.91325760 19.98583031
v 36.47880554 -14.92033958 19.98653030
v 36.81435013 -14.92904186 19.99954796
v 36.28098297 -14.92315578 19.95281029
v 36.57202911 -14.92715740 19.98722267
v 36.75857925 -14.93997478 19.98858452
v 37.37066650 -14.96515846 19.99970818
v 36.95563889 -14.95710182 19.98052406
v 37.50991058 -14.97229576 19.99974442
v 37.60770035 -14.97684002 19.99976921
v 36.99380875 -14.96360397 19.96883011
v 37.34447098 -14.97271633 19.99261475
v 37.38415527 -14.97283077 19.99542999
v 37.24948883 -14.96625233 19.99485970
v 37.53158188 -14.98064709 19.99380493
v 37.71881866 -14.98731995 19.99490547
v 37.81248474 -14.99018097 19.99540138
v 37.76270294 -14.98771000 19.99688530
v 37.83677292 -14.99339390 19.98556709
v 30.62597084 -14.19749260 19.96765327
v 30.76603317 -14.20951653 19.96800423
v 32.12195587 -14.31442356 19.99190140
v 32.29640198 -14.35677052 19.98778725
v 32.45320892 -14.40974331 19.97706985
v 32.63995361 -14.43685532 19.97775650
v 32.77135849 -14.43008423 19.98870087
v 33.41326523 -14.53952408 19.98575211
v 33.27524948 -14.54078770 19.97437286
v 33.60258102 -14.60651588 19.96320915
v 33.36769485 -14.60883522 19.93611908
v 33.46783447 -14.60992432 19.94628525
v 33.57846451 -14.57375050 19.98143959
v 33.74375534 -14.58825302 19.98675728
v 33.88614655 -14.60888767 19.98719597
v 33.92815018 -14.63193321 19.97781754
v 34.03503799 -14.61377430 19.99442482
v 33.98885727 -14.68266392 19.94433403
v 34.19842911 -14.64552116 19.99171638
v 34.20986176 -14.66990948 19.97933769
v 34.27498245 -14.64888096 19.99476624
v 34.14942169 -14.69330597 19.95410538
v 34.41467667 -14.70370865 19.97543335
v 34.73942947 -14.74388313 19.97764587
v 34.83230209 -14.75501728 19.97827911
v 35.05051422 -14.77542305 19.98390770
v 35.18631363 -14.77147961 19.99605942
v 35.14419556 -14.78629684 19.98441315
v 35.28340912 -14.78336811 19.99619675
v 35.49950790 -14.81749058 19.99221230
v 35.59551620 -14.82799911 19.99250412
v 35.78771210 -14.84826088 19.99308205
v 35.71137619 -14.84756470 19.98743248
v 35.54354095 -14.83798695 19.97920990
v 35.86638641 -14.84919834 19.99699783
v 35.82519913 -14.86530781 19.98147392
v 35.86306763 -14.86569691 19.98516846
v 36.10247040 -14.86965561 19.99847984
v 36.29849625 -14.88837528 19.99862480
v 36.25601196 -14.88744640 19.99751091
v 36.18600464 -14.89214802 19.98987007
v 36.39540482 -14.89715099 19.99869537
v 36.28017426 -14.90020275 19.99034119
v 36.17278290 -14.88557434 19.99421310
v 36.40573120 -14.90342808 19.99642563
v 36.30990219 -14.89511681 19.99623680
v 36.49234009 -14.90560436 19.99876404
v 36.44874573 -14.90452766 19.99775696
v 36.37438583 -14.90798473 19.99080658
v 36.50159454 -14.91143417 19.99661255
v 36.55395889 -14.91790390 19.99528694
v 36.58930206 -14.91373158 19.99883270
v 36.59748840 -14.91912937 19.99679756
v 36.72744751 -14.92473221 19.99892807
v 36.64160156 -14.92034340 19.99799728
v 36.56291199 -14.92271328 19.99172401
v 36.69341278 -14.92650795 19.99698067
v 36.65722656 -14.92964745 19.99217415
v 37.00389099 -14.94464779 19.99911308
v 36.98040009 -14.95113850 19.99367142
v 36.84594345 -14.94263077 19.99305725
v 36.94525528 -14.95167065 19.98991203
v 36.85804367 -14.94907284 19.98465919
v 37.06600952 -14.95492840 19.99543953
v 37.11491013 -14.95901680 19.99427223
v 37.28055573 -14.96169281 19.99929047
v 37.19151688 -14.95808411 19.99864197
v 37.22070312 -14.96245384 19.99702835
v 37.28876495 -14.96609211 19.99719429
v 37.24037552 -14.96226025 19.99796677
v 37.07825851 -14.95929241 19.99083328
v 37.41900635 -14.96910381 19.99937439
v 37.26898956 -14.96618938 19.99612236
v 37.39801025 -14.96931362 19.99886513
v 37.46687317 -14.97268867 19.99893761
v 37.48825073 -14.97252560 19.99941444
v 37.21131897 -14.96631145 19.99173546
v 37.33669281 -14.96960735 19.99634361
v 37.44577408 -14.97279263 19.99830818
v 37.27788162 -14.96959114 19.99217796
v 37.40441513 -14.97285557 19.99656105
v 37.58550644 -14.97700787 19.99946785
v 37.54196167 -14.97716331 19.99846077
v 37.63414001 -14.97910595 19.99949455
v 37.66033554 -14.98116589 19.99912834
v 37.47875214 -14.97705269 19.99581909
v 37.63817215 -14.98117161 19.99860573
v 37.61629486 -14.98113155 19.99794769
v 37.71199417 -14.98474312 19.99814606
v 37.68628311 -14.98303890 19.99867439
v 37.57337570 -14.98094082 19.99619484
v 37.68986893 -14.98463440 19.99741936
v 37.66802979 -14.98449421 19.99655151
v 37.73746872 -14.98629475 19.99754715
v 32.35273743 -14.35802269 19.99014664
v 32.44759750 -14.37282562 19.99029160
v 32.82855225 -14.49701500 19.96118164
v 32.89294815 -14.49284172 19.96901703
v 33.78626251 -14.63063717 19.96469688
v 33.86739731 -14.63678169 19.96862030
v 34.12301636 -14.64261627 19.98793030
v 34.19334412 -14.63313675 19.99588776
v 34.28036499 -14.76098824 19.89869118
v 35.90660095 -14.84969425 19.99833298
v 35.82556915 -14.85722446 19.98945045
v 35.98404694 -14.85951805 19.99781609
v 36.02033997 -14.86818504 19.99565125
v 36.06111145 -14.86892128 19.99725723
v 36.00451279 -14.85982704 19.99840546
v 36.05628204 -14.87626266 19.99282837
v 36.11720276 -14.87749290 19.99584961
v 36.13779831 -14.87791443 19.99666405
v 36.35236359 -14.89614201 19.99763489
v 36.29479599 -14.89772320 19.99363136
v 36.54515839 -14.91259575 19.99787712
v 36.71029663 -14.92566109 19.99808121
v 36.77900314 -14.93081093 19.99816322
v 36.62751007 -14.92459965 19.99471283
v 36.79653931 -14.92997360 19.99897575
v 36.67507172 -14.92813969 19.99486542
v 36.79557800 -14.93762398 19.99448967
v 36.74473572 -14.93225861 19.99580383
v 36.76173401 -14.93156719 19.99710846
v 36.86564636 -14.93504238 19.99902153
v 36.91645432 -14.94059944 19.99832726
v 36.85542297 -14.93913555 19.99671555
v 36.77683258 -14.93882942 19.99181366
v 36.88065720 -14.94171333 19.99616432
v 36.94863892 -14.94619656 19.99634171
v 37.01663208 -14.95051289 19.99651527
v 36.96678543 -14.94574642 19.99748421
v 37.05395889 -14.94969463 19.99848557
v 37.10354614 -14.95435047 19.99772835
v 37.08464050 -14.95466328 19.99668884
v 37.15266037 -14.95864391 19.99685860
v 37.17194748 -14.95839310 19.99784851
v 37.20615768 -14.96034813 19.99790764
v 37.13364792 -14.95884800 19.99567032
v 37.26032639 -14.96200943 19.99871826
v 37.32915878 -14.96575356 19.99879265
v 37.34977341 -14.96549225 19.99933243
v 37.20130539 -14.96260262 19.99589729
v 37.38438797 -14.96732140 19.99935341
v 37.30882263 -14.96595001 19.99808311
v 37.23514557 -14.96441650 19.99600983
v 37.37729263 -14.96946144 19.99819565
v 37.41152954 -14.97114944 19.99825287
v 37.42495346 -14.97284508 19.99751854
v 37.51523209 -14.97494698 19.99898720
v 37.56359482 -14.97711372 19.99903488
v 37.45197296 -14.97503281 19.99671173
v 37.61196136 -14.97918606 19.99908257
v 37.51004028 -14.97714996 19.99731827
v 37.55774689 -14.97916698 19.99744415
v 37.59469604 -14.98105240 19.99714661
v 37.64228058 -14.98288727 19.99728584
v 35.84558105 -14.85328960 19.99379730
v 35.96189499 -14.86325550 19.99508095
v 36.27545929 -14.89274025 19.99578094
v 36.77870941 -14.93468285 19.99589539
v 36.89842224 -14.94118786 19.99736023
v 36.93260193 -14.94348812 19.99742317
v 36.98520279 -14.94523430 19.99840736
v 36.93076706 -14.94659710 19.99497032
v 37.03516006 -14.95013428 19.99760818
v 36.96457291 -14.94874096 19.99508858
v 37.06935120 -14.95226383 19.99766731
v 37.32280731 -14.96784592 19.99727631
v 37.35685349 -14.96955681 19.99735832
v 37.39089966 -14.97122288 19.99743843
v 35.93434906 -14.85665798 19.99690628
v 35.85424042 -14.85962772 19.98991966
v 35.96940613 -14.86917877 19.99166107
v 36.02727509 -14.87390995 19.99245262
v 36.88208771 -14.93821621 19.99828720
v 31.64040947 -20.12795067 13.00000000
v 31.63677406 20.12563896 13.24560642
v 31.64040947 20.12795067 13.00000000
v 31.62586784 20.11870003 13.49091053
v 31.59892464 20.10156059 13.82821655
v 31.55824089 20.07567978 14.16358185
v 31.50391388 20.04112053 14.49622154
v 31.43606949 19.99796104 14.82535553
v 30.60326576 21.66487503 13.24560642
v 30.60678482 21.66736603 13.00000000
v 31.35486603 19.94630432 15.15021324
v 30.59271812 21.65740776 13.49091053
v 31.26049614 19.88627052 15.47003365
v 30.56665421 21.63895607 13.82821655
v 31.15317917 19.81800079 15.78406811
v 30.52729988 21.61109734 14.16358185
v 31.03316498 19.74165535 16.09157944
v 30.47474670 21.57389259 14.49622154
v 30.90073967 19.65741158 16.39184761
v 30.40911865 21.52743340 14.82535553
v 29.49493599 23.15114403 13.24560642
v 29.49832726 23.15380478 13.00000000
v 30.75620842 19.56546974 16.68416977
v 30.33056831 21.47182465 15.15021324
v 29.48476982 23.14316368 13.49091053
v 30.59991264 19.46604156 16.96786118
v 30.23928070 21.40719986 15.47003365
v 29.45965004 23.12344742 13.82821655
v 30.43221664 19.35936356 17.24225616
v 30.13546944 21.33370972 15.78406811
v 29.42172050 23.09367561 14.16358185
v 30.25351524 19.24568176 17.50671387
v 30.01937675 21.25152397 16.09157944
v 29.37107086 23.05391884 14.49622154
v 30.06422615 19.12526703 17.76061249
v 29.89127731 21.16083908 16.39184761
v 29.30781937 23.00427246 14.82535553
v 28.31449318 24.58080864 13.24560642
v 28.31774902 24.58363533 13.00000000
v 29.86479187 18.99839783 18.00335884
v 29.75146675 21.06186295 16.68416977
v 29.23211479 22.94484901 15.15021324
v 28.30473328 24.57233620 13.49091053
v 29.65568161 18.86537361 18.23438263
v 29.60027695 20.95483208 16.96786118
v 29.14413261 22.87579155 15.47003365
v 28.28061867 24.55140114 13.82821655
v 29.43738556 18.72650337 18.45314407
v 29.43806076 20.83999443 17.24225616
v 29.04408073 22.79725838 15.78406811
v 28.24420929 24.51979256 14.16358185
v 29.21041107 18.58211517 18.65913010
v 29.26519585 20.71761894 17.50671387
v 28.93219376 22.70943642 16.09157944
v 28.19558525 24.47758102 14.49622154
v 28.97529411 18.43254662 18.85185814
v 29.08209038 20.58799362 17.76061249
v 28.80873108 22.61252785 16.39184761
v 28.13486671 24.42486763 14.82535553
v 27.06482506 25.95037651 13.24560642
v 27.06793594 25.95335960 13.00000000
v 28.73258400 18.27814674 19.03087616
v 28.88917160 20.45142174 18.00335884
v 28.67398643 22.50676346 16.68416977
v 28.06219101 24.36177635 15.15021324
v 27.05549431 25.94143105 13.49091053
v 28.48285103 18.11927986 19.19576645
v 28.68689346 20.30822372 18.23438263
v 28.52827072 22.39238930 16.96786118
v 27.97772980 24.28845215 15.47003365
v 27.03244400 25.91933060 13.82821655
v 28.22667694 17.95631409 19.34613991
v 28.47572708 20.15873337 18.45314407
v 28.37192917 22.26967430 17.24225616
v 27.88168335 24.20507050 15.78406811
v 26.99764061 25.88595963 14.16358185
v 27.96466255 17.78963661 19.48164749
v 28.25616837 20.00330162 18.65913010
v 28.20532608 22.13890266 17.50671387
v 27.77427292 24.11182404 16.09157944
v 26.95116425 25.84139633 14.49622154
v 27.69742393 17.61963272 19.60196877
v 28.02873230 19.84229279 18.85185814
v 28.02885246 22.00038528 17.76061249
v 27.65575218 24.00893211 16.39184761
v 26.89312363 25.78574562 14.82535553
v 25.74898338 27.25649643 13.24560642
v 25.75194359 27.25963020 13.00000000
v 27.42558670 17.44670486 19.70682526
v 27.79395103 19.67608643 19.03087616
v 27.84292030 21.85444450 18.00335884
v 27.52639961 23.89663696 16.68416977
v 26.82365608 25.71913910 15.15021324
v 25.74010658 27.24710083 13.49091053
v 27.14978600 17.27125359 19.79596710
v 27.55237579 19.50506783 19.19576645
v 27.64796638 21.70142174 18.23438263
v 27.38651657 23.77519989 16.96786118
v 26.74292374 25.64173126 15.47003365
v 25.71817780 27.22388840 13.82821655
v 26.87066841 17.09369469 19.86919022
v 27.30456924 19.32963943 19.34613991
v 27.44444847 21.54167557 18.45314407
v 27.23643112 23.64490509 17.24225616
v 26.65111542 25.55370331 15.78406811
v 25.68506622 27.18883705 14.16358185
v 26.58889008 16.91444206 19.92631912
v 27.05111694 19.15021324 19.48164749
v 27.23284149 21.37558174 18.65913010
v 27.07649612 23.50605965 17.50671387
v 26.54844666 25.45526123 16.09157944
v 25.64084816 27.14203262 14.49622154
v 26.30510902 16.73391533 19.96722031
v 26.79260826 18.96720695 19.60196877
v 27.01364136 21.20352745 18.85185814
v 26.90708542 23.35898781 17.76061249
v 26.43515587 25.34663582 16.39184761
v 25.58563042 27.08358002 14.82535553
v 24.37018776 28.49597740 13.24560642
v 24.37298965 28.49925232 13.00000000
v 26.01998901 16.55253792 19.99180031
v 26.52964973 18.78105354 19.70682526
v 26.78736305 21.02591705 19.03087616
v 26.72859383 23.20403481 18.00335884
v 26.31151199 25.22808456 16.68416977
v 25.51954079 27.01362038 15.15021324
v 24.36178780 28.48615456 13.49091053
v 26.26285934 18.59218407 19.79596710
v 26.55453682 20.84316635 19.19576645
v 26.54144287 23.04156113 18.23438263
v 26.17780304 25.09988022 16.96786118
v 25.44273186 26.93231583 15.47003365
v 24.34103203 28.46188545 13.82821655
v 25.99286079 18.40104485 19.86919022
v 26.31570625 20.65570450 19.34613991
v 26.34606934 22.87195206 18.45314407
v 26.03434181 24.96232605 17.24225616
v 25.35538673 26.83985710 15.78406811
v 24.30969238 28.42524147 14.16358185
v 25.72028732 18.20808220 19.92631912
v 26.07143211 20.46396828 19.48164749
v 26.14293289 22.69560051 18.65913010
v 25.88146591 24.81574440 17.50671387
v 25.25770950 26.73646164 16.09157944
v 24.26784325 28.37630653 14.49622154
v 25.44577599 18.01374817 19.96722031
v 25.82228470 20.26840782 19.60196877
v 25.93250465 22.51292229 18.85185814
v 25.71953201 24.66047859 17.76061249
v 25.14992905 26.62236977 16.39184761
v 24.21558189 28.31519699 14.82535553
v 22.93180847 29.66578674 13.24560642
v 22.93444443 29.66919708 13.00000000
v 21.43982697 30.76660156 13.00000000
v 25.16997147 17.81849861 19.99180031
v 25.56885147 20.06948280 19.70682526
v 25.71528244 22.32434273 19.03087616
v 25.54891968 24.49689102 18.00335884
v 25.03229523 26.49785042 16.68416977
v 24.15303040 28.24205589 15.15021324
v 22.92390442 29.65556145 13.49091053
v 25.31172180 19.86765862 19.79596710
v 25.49177361 22.13030624 19.19576645
v 25.37002754 24.32536697 18.23438263
v 24.90508652 26.36319351 16.96786118
v 24.08033562 28.15705490 15.47003365
v 22.90437317 29.63029671 13.82821655
v 25.05150223 19.66340637 19.86919022
v 25.26250267 21.93126678 19.34613991
v 25.18327713 24.14630699 18.45314407
v 24.76860046 26.21871758 17.24225616
v 23.99766731 28.06039238 15.78406811
v 22.87488365 29.59214783 14.16358185
v 24.78879929 19.45720482 19.92631912
v 25.02800369 21.72769165 19.48164749
v 24.98910522 23.96012878 18.65913010
v 24.62315750 26.06475830 17.50671387
v 23.90522003 27.95229340 16.09157944
v 22.83550453 29.54120445 14.49622154
v 24.52422905 19.24954033 19.96722031
v 24.78882790 21.52005577 19.60196877
v 24.78796577 23.76727295 18.85185814
v 24.46909523 25.90167618 17.76061249
v 23.80321121 27.83301353 16.39184761
v 22.78632736 29.47758675 14.82535553
v 21.43736267 30.76306534 13.24560642
v 24.25841331 19.04089546 19.99180031
v 24.54553795 21.30884552 19.70682526
v 24.58032990 23.56818771 19.03087616
v 24.30677795 25.72985649 18.00335884
v 23.69187737 27.70283127 16.68416977
v 22.72746849 29.40144157 15.15021324
v 21.42997360 30.75246239 13.49091053
v 24.29869843 21.09455681 19.79596710
v 24.36668587 23.36334038 19.19576645
v 24.13658524 25.54969788 18.23438263
v 23.57147980 27.56205177 16.96786118
v 22.65906525 29.31295204 15.47003365
v 21.41171646 30.72626305 13.82821655
v 24.04889297 20.87769127 19.86919022
v 24.14753342 23.15320969 19.34613991
v 23.95891380 25.36162567 18.45314407
v 23.44230270 27.41100502 17.24225616
v 22.58127594 29.21232033 15.78406811
v 21.38414955 30.68670273 14.16358185
v 23.79670525 20.65875816 19.92631912
v 23.92338371 22.93829155 19.48164749
v 23.77418137 25.16607666 18.65913010
v 23.30464745 27.25004387 17.50671387
v 22.49428558 29.09978485 16.09157944
v 21.34733582 30.63387489 14.49622154
v 23.54272461 20.43826866 19.96722031
v 23.69476509 22.71908569 19.60196877
v 23.58282089 24.96351433 18.85185814
v 23.15883446 27.07954788 17.76061249
v 22.39829636 28.97560692 16.39184761
v 21.30136299 30.56790352 14.82535553
v 19.89050484 31.78513145 13.24560642
v 19.89279175 31.78878593 13.00000000
v 23.28754616 20.21673965 19.99180031
v 23.46221161 22.49610901 19.70682526
v 23.38528061 24.75440788 19.03087616
v 23.00520897 26.89991188 18.00335884
v 22.29353333 28.84008026 16.68416977
v 21.24633980 30.48894310 15.15021324
v 19.88364792 31.77417564 13.49091053
v 23.22626877 22.26988029 19.79596710
v 23.18202400 24.53925133 19.19576645
v 22.84412956 26.71156120 18.23438263
v 22.18024254 28.69352150 16.96786118
v 21.18239403 30.39717865 15.47003365
v 19.86670876 31.74710464 13.82821655
v 22.98748779 22.04093170 19.86919022
v 22.97352409 24.31854630 19.34613991
v 22.67597198 26.51493645 18.45314407
v 22.05868912 28.53627396 17.24225616
v 21.10967445 30.29282570 15.78406811
v 19.84112930 31.70623016 14.16358185
v 22.74642944 21.80979919 19.92631912
v 22.76027298 24.09280968 19.48164749
v 22.50113106 26.31049728 18.65913010
v 21.92915726 28.36870575 17.50671387
v 21.02835274 30.17612839 16.09157944
v 19.80697441 31.65164757 14.49622154
v 22.50365829 21.57702446 19.96722031
v 22.54277039 23.86257172 19.60196877
v 22.32001877 26.09872055 18.85185814
v 21.79195213 28.19120979 17.76061249
v 20.93861961 30.04735756 16.39184761
v 19.76431847 31.58348465 14.82535553
v 18.29501534 32.72948456 13.24560642
v 18.29711914 32.73324585 13.00000000
v 16.65671158 33.59767914 13.00000000
v 22.25974274 21.34315300 19.99180031
v 22.32152176 23.62837029 19.70682526
v 22.13305664 25.88010597 19.03087616
v 21.64739418 28.00420189 18.00335884
v 20.84068298 29.90681839 16.68416977
v 19.71326447 31.50190163 15.15021324
v 18.28870964 32.71820450 13.49091053
v 22.09704971 23.39075661 19.79596710
v 21.94068146 25.65516472 19.19576645
v 21.49582100 27.80811882 18.23438263
v 20.73477554 29.75483894 16.96786118
v 19.65393257 31.40708923 15.47003365
v 18.27312851 32.69032669 13.82821655
v 21.86987877 23.15028381 19.86919022
v 21.74334908 25.42442322 19.34613991
v 21.33758926 27.60342026 18.45314407
v 20.62114334 29.59177589 17.24225616
v 19.58646011 31.29926872 15.78406811
v 18.24960136 32.64823914 14.16358185
v 21.64054108 22.90751839 19.92631912
v 21.54151726 25.18842125 19.48164749
v 21.17306900 27.39058876 18.65913010
v 20.50005531 29.41800880 17.50671387
v 19.51100731 31.17869377 16.09157944
v 18.21818542 32.59203720 14.49622154
v 21.40957260 22.66302872 19.96722031
v 21.33565903 24.94771385 19.60196877
v 21.00264359 27.17012024 18.85185814
v 20.37178993 29.23394775 17.76061249
v 19.42774773 31.04564476 16.39184761
v 18.17895126 32.52184677 14.82535553
v 16.65479660 33.59381485 13.24560642
v 21.17751503 22.41738510 19.99180031
v 21.12625885 24.70286369 19.70682526
v 20.82671738 26.94252968 19.03087616
v 20.23665237 29.04002190 18.00335884
v 19.33687973 30.90043640 16.68416977
v 18.13199234 32.43783951 15.15021324
v 16.64905548 33.58223724 13.49091053
v 20.91380692 24.45444298 19.79596710
v 20.64569855 26.70835495 19.19576645
v 20.09495735 28.83668518 18.23438263
v 19.23861504 30.74340820 16.96786118
v 18.07741928 32.34020996 15.47003365
v 16.63487053 33.55362701 13.82821655
v 20.69879913 24.20303535 19.86919022
v 20.46001053 26.46813965 19.34613991
v 19.94703674 28.62441635 18.45314407
v 19.13318253 30.57492638 17.24225616
v 18.01535988 32.22918701 15.78406811
v 16.61345291 33.51042557 14.16358185
v 20.48174095 23.94923019 19.92631912
v 20.27009201 26.22245026 19.48164749
v 19.79323769 28.40371323 18.65913010
v 19.02083015 30.39538574 17.50671387
v 17.94595909 32.10503006 16.09157944
v 16.58485413 33.45273972 14.49622154
v 20.26314163 23.69362259 19.96722031
v 20.07638359 25.97186089 19.60196877
v 19.63392067 28.17508888 18.85185814
v 18.90182114 30.20520973 17.76061249
v 17.86937904 31.96802711 16.39184761
v 16.54913712 33.38069534 14.82535553
v 14.97385693 34.37601471 13.24560642
v 14.97557831 34.37996674 13.00000000
v 20.04351044 23.43680954 19.99180031
v 19.87934303 25.71695900 19.70682526
v 19.46945763 27.93908119 19.03087616
v 18.77643394 30.00484085 18.00335884
v 17.78579903 31.81850433 16.68416977
v 16.50638962 33.29447174 15.15021324
v 14.96869564 34.36416626 13.49091053
v 19.67943001 25.45834160 19.79596710
v 19.30023575 27.69624329 19.19576645
v 18.64496231 29.79475021 18.23438263
v 17.69541550 31.65681076 16.96786118
v 16.45670891 33.19426346 15.47003365
v 14.95594311 34.33488846 13.82821655
v 19.47711372 25.19661331 19.86919022
v 19.12664986 27.44714546 19.34613991
v 18.50771713 29.57542801 18.45314407
v 17.59844017 31.48332405 17.24225616
v 16.40021324 33.08030701 15.78406811
v 14.93668747 34.29068375 14.16358185
v 19.27286720 24.93238831 19.92631912
v 18.94910812 27.19236755 19.48164749
v 18.36501503 29.34739113 18.65913010
v 17.49510002 31.29844856 17.50671387
v 16.33703423 32.95286942 16.09157944
v 14.91097355 34.23165131 14.49622154
v 19.06716919 24.66628647 19.96722031
v 18.76802444 26.93250847 19.60196877
v 18.21719360 29.11117172 18.85185814
v 17.38563728 31.10262299 17.76061249
v 16.26731873 32.81225204 16.39184761
v 14.87886238 34.15793228 14.82535553
v 13.25630856 35.07416534 13.24560642
v 13.25783253 35.07819748 13.00000000
v 11.50767136 35.69066238 13.00000000
v 18.86050034 24.39893150 19.99180031
v 18.58382416 26.66817856 19.70682526
v 18.06459808 28.86732292 19.03087616
v 17.27030754 30.89630127 18.00335884
v 16.19123268 32.65877914 16.68416977
v 14.84042931 34.06969833 15.15021324
v 13.25173855 35.06207657 13.49091053
v 18.39694023 26.39999390 19.79596710
v 17.90758705 28.61641884 19.19576645
v 17.14938354 30.67996788 18.23438263
v 16.10895348 32.49281311 16.96786118
v 14.79576302 33.96715546 15.47003365
v 13.24044895 35.03220367 13.82821655
v 18.20780754 26.12858582 19.86919022
v 17.74652672 28.35904312 19.34613991
v 17.02314568 30.45413017 18.45314407
v 16.02067184 32.31474686 17.24225616
v 14.74496937 33.85054779 15.78406811
v 13.22340202 34.98709869 14.16358185
v 18.01687050 25.85458946 19.92631912
v 17.58179474 28.09580040 19.48164749
v 16.89189148 30.21931839 18.65913010
v 15.92659664 32.12498856 17.50671387
v 14.68816662 33.72014236 16.09157944
v 13.20063782 34.92686844 14.49622154
v 17.82457924 25.57864380 19.96722031
v 17.41377831 27.82730865 19.60196877
v 16.75592613 29.97607994 18.85185814
v 15.82694721 31.92399216 17.76061249
v 14.62548828 33.57625198 16.39184761
v 13.17220974 34.85165405 14.82535553
v 11.50634861 35.68656158 13.24560642
v 17.63137817 25.30139923 19.99180031
v 17.24286842 27.55419540 19.70682526
v 16.61557198 29.72498703 19.03087616
v 15.72195816 31.71222115 18.00335884
v 14.55708122 33.41920471 16.68416977
v 13.13818455 34.76162720 15.15021324
v 11.50238228 35.67425919 13.49091053
v 17.06946945 27.27710342 19.79596710
v 16.47115517 29.46662712 19.19576645
v 15.61187458 31.49017525 18.23438263
v 14.48310471 33.24937820 16.96786118
v 13.09864235 34.65700531 15.47003365
v 11.49258327 35.64386749 13.82821655
v 16.89398384 26.99667740 19.86919022
v 16.32301331 29.20160484 19.34613991
v 15.49695492 31.25837326 18.45314407
v 14.40373421 33.06716156 17.24225616
v 13.05367470 34.53802490 15.78406811
v 11.47778606 35.59797668 14.16358185
v 16.71682549 26.71357536 19.92631912
v 16.17149544 28.93054199 19.48164749
v 15.37746716 31.01736069 18.65913010
v 14.31915379 32.87298584 17.50671387
v 13.00338745 34.40497208 16.09157944
v 11.45802689 35.53669357 14.49622154
v 16.53840828 26.42846298 19.96722031
v 16.01695633 28.65407372 19.60196877
v 15.25369263 30.76770020 18.85185814
v 14.22956181 32.66730881 17.76061249
v 12.94789791 34.25815964 16.39184761
v 11.43335247 35.46016693 14.82535553
v 9.72825718 36.21170807 13.24560642
v 9.72937489 36.21586990 13.00000000
v 7.92729139 36.65253067 13.00000000
v 16.35914993 26.14200783 19.99180031
v 15.85975647 28.37284660 19.70682526
v 15.12592125 30.50997543 19.03087616
v 14.13516903 32.45060730 18.00335884
v 12.88733768 34.09792328 16.68416977
v 11.40381813 35.36856842 15.15021324
v 9.72490311 36.19922638 13.49091053
v 15.70026588 28.08752060 19.79596710
v 14.99445152 30.24479294 19.19576645
v 14.03619576 32.22339249 18.23438263
v 12.82184696 33.92464447 16.96786118
v 11.36949539 35.26211548 15.47003365
v 9.71661854 36.16838455 13.82821655
v 15.53885746 27.79876328 19.86919022
v 14.85959148 29.97277069 19.34613991
v 13.93287468 31.98619270 18.45314407
v 12.75158024 33.73873138 17.24225616
v 11.33046436 35.14106369 15.78406811
v 9.70410824 36.12181854 14.16358185
v 15.37590885 27.50724983 19.92631912
v 14.72165775 29.69454956 19.48164749
v 13.82544708 31.73956871 18.65913010
v 12.67670155 33.54061127 17.50671387
v 11.28681564 35.00568771 16.09157944
v 9.68740273 36.05963516 14.49622154
v 15.21180248 27.21366692 19.96722031
v 14.58097363 29.41077995 19.60196877
v 13.71416473 31.48409271 18.85185814
v 12.59738636 33.33075714 17.76061249
v 11.23865128 34.85630798 16.39184761
v 9.66654015 35.98197937 14.82535553
v 7.92638016 36.64831924 13.24560642
v 15.04692268 26.91870117 19.99180031
v 14.43786812 29.12212563 19.70682526
v 13.59928894 31.22036934 19.03087616
v 12.51382065 33.10965347 18.00335884
v 11.18608570 34.69327545 16.68416977
v 9.64157104 35.88903427 15.15021324
v 7.92364788 36.63568497 13.49091053
v 14.29267597 28.82926559 19.79596710
v 13.48108768 30.94901085 19.19576645
v 12.42619991 32.87782288 18.23438263
v 11.12924004 34.51697159 16.96786118
v 9.61255169 35.78101730 15.47003365
v 7.91689730 36.60447311 13.82821655
v 14.14573860 28.53288269 19.86919022
v 13.35983944 30.67065620 19.34613991
v 12.33472919 32.63580704 18.45314407
v 11.06824970 34.32781219 17.24225616
v 9.57955170 35.65818024 15.78406811
v 7.90670443 36.55734634 14.16358185
v 13.99739933 28.23367119 19.92631912
v 13.23582745 30.38595772 19.48164749
v 12.23962402 32.38417435 18.65913010
v 11.00325489 34.12623215 17.50671387
v 9.54264832 35.52081299 16.09157944
v 7.89309311 36.49441147 14.49622154
v 13.84800529 27.93233490 19.96722031
v 13.10934162 30.09557915 19.60196877
v 12.14110661 32.12351227 18.85185814
v 10.93441010 33.91271210 17.76061249
v 9.50192738 35.36923599 16.39184761
v 7.87609482 36.41582108 14.82535553
v 6.10512400 36.99532700 13.24560642
v 6.10582590 36.99958038 13.00000000
v 13.69790840 27.62957954 19.99180031
v 12.98067951 29.80020523 19.70682526
v 12.03940773 31.85443115 19.03087616
v 10.86187649 33.68775177 18.00335884
v 9.45748425 35.20380402 16.68416977
v 7.85575008 36.32175446 15.15021324
v 6.10301971 36.98257446 13.49091053
v 12.85014153 29.50052452 19.79596710
v 11.93476486 31.57756233 19.19576645
v 10.78582191 33.45187378 18.23438263
v 9.40942383 35.02490616 16.96786118
v 7.83210611 36.21243286 15.47003365
v 6.09782028 36.95106888 13.82821655
v 12.71803379 29.19724083 19.86919022
v 11.82742405 31.29355431 19.34613991
v 10.70642757 33.20563126 18.45314407
v 9.35785770 34.83296204 17.24225616
v 7.80521870 36.08811569 15.78406811
v 6.08996916 36.90349197 14.16358185
v 12.58466625 28.89106369 19.92631912
v 11.71763611 31.00307274 19.48164749
v 10.62387657 32.94960403 18.65913010
v 9.30290699 34.62841797 17.50671387
v 7.77515030 35.94909286 16.09157944
v 6.07948542 36.83996201 14.49622154
v 12.45035076 28.58271217 19.96722031
v 11.60565853 30.70679855 19.60196877
v 10.53836441 32.68439102 18.85185814
v 9.24470139 34.41175842 17.76061249
v 7.74197149 35.79568863 16.39184761
v 6.06639290 36.76062775 14.82535553
v 4.26894140 37.25188446 13.24560642
v 4.26943207 37.25616837 13.00000000
v 12.31540298 28.27290535 19.99180031
v 11.49175453 30.40542412 19.70682526
v 10.45009041 32.41061020 19.03087616
v 9.18337536 34.18348312 18.00335884
v 7.70576048 35.62826538 16.68416977
v 6.05072308 36.66567230 15.15021324
v 4.26746988 37.23904419 13.49091053
v 11.37618923 30.09965897 19.79596710
v 10.35926151 32.12890625 19.19576645
v 9.11907482 33.94413376 18.23438263
v 7.66660166 35.44720840 16.96786118
v 6.03251171 36.55531693 15.47003365
v 4.26383400 37.20731735 13.82821655
v 11.25923538 29.79021454 19.86919022
v 10.26609039 31.83994102 19.34613991
v 9.05194855 33.69427109 18.45314407
v 7.62458658 35.25294876 17.24225616
v 6.01180220 36.42982101 15.78406811
v 4.25834465 37.15941238 14.16358185
v 11.14116478 29.47781944 19.92631912
v 10.17079544 31.54438782 19.48164749
v 8.98215485 33.43447495 18.65913010
v 7.57981396 35.04594040 17.50671387
v 5.98864269 36.28948212 16.09157944
v 4.25101376 37.09544373 14.49622154
v 11.02225590 29.16320419 19.96722031
v 10.07360077 31.24294090 19.60196877
v 8.90985680 33.16535568 18.85185814
v 7.53238916 34.82666397 17.76061249
v 5.96308756 36.13462448 16.39184761
v 4.24185896 37.01555634 14.82535553
v 2.42232156 37.41736221 13.24560642
v 2.42259979 37.42166519 13.00000000
v 10.90278721 28.84710693 19.99180031
v 9.97473240 30.93630600 19.70682526
v 8.83522320 32.88755035 19.03087616
v 7.48242235 34.59563828 18.00335884
v 5.93519640 35.96561432 16.68416977
v 4.23090172 36.91994095 15.15021324
v 2.42148638 37.40446472 13.49091053
v 9.87442398 30.62520027 19.79596710
v 8.75843048 32.60169983 19.19576645
v 7.43003130 34.35340500 18.23438263
v 5.90503502 35.78284454 16.96786118
v 4.21816778 36.80882263 15.47003365
v 2.41942358 37.37260056 13.82821655
v 9.77290821 30.31035423 19.86919022
v 8.67965698 32.30848312 19.34613991
v 7.37533808 34.10052872 18.45314407
v 5.87267399 35.58674622 17.24225616
v 4.20368671 36.68245697 15.78406811
v 2.41630840 37.32448196 14.16358185
v 9.67042446 29.99250412 19.92631912
v 8.59908867 32.00857925 19.48164749
v 7.31847143 33.83760071 18.65913010
v 5.83818913 35.37777710 17.50671387
v 4.18749285 36.54114532 16.09157944
v 2.41214871 37.26022720 14.49622154
v 9.56721306 29.67239571 19.96722031
v 8.51691341 31.70269585 19.60196877
v 7.25956440 33.56523895 18.85185814
v 5.80166101 35.15642548 17.76061249
v 4.16962385 36.38521194 16.39184761
v 2.40695405 37.17998505 14.82535553
v 0.56977910 37.49135971 13.24560642
v 0.56984460 37.49567032 13.00000000
v 9.46351433 29.35077858 19.99180031
v 8.43332386 31.39154816 19.70682526
v 7.19875526 33.28408051 19.03087616
v 5.76317501 34.92321396 18.00335884
v 4.15012121 36.21503067 16.68416977
v 2.40073681 37.08394623 15.15021324
v 0.56958270 37.47843552 13.49091053
v 8.34851551 31.07586479 19.79596710
v 7.13618612 32.99478531 19.19576645
v 5.72282171 34.67868423 18.23438263
v 4.12903118 36.03099442 16.96786118
v 2.39351106 36.97233200 15.47003365
v 0.56909740 37.44650650 13.82821655
v 8.26268768 30.75638580 19.86919022
v 7.07200336 32.69803238 19.34613991
v 5.68069601 34.42341232 18.45314407
v 4.10640335 35.83353424 17.24225616
v 2.38529420 36.84540558 15.78406811
v 0.56836474 37.39829636 14.16358185
v 8.17604065 30.43385887 19.92631912
v 7.00635767 32.39451218 19.48164749
v 5.63689566 34.15799332 18.65913010
v 4.08229017 35.62311554 17.50671387
v 2.37610531 36.70346451 16.09157944
v 0.56738627 37.33391190 14.49622154
v 8.08877850 30.10903931 19.96722031
v 6.93940306 32.08494186 19.60196877
v 5.59152365 33.88305283 18.85185814
v 4.05674791 35.40023041 17.76061249
v 2.36596560 36.54684067 16.39184761
v 0.56616437 37.25351334 14.82535553
v -1.28415632 37.47369385 13.24560642
v -1.28430390 37.47800064 13.00000000
v 8.00110435 29.78269005 19.99180031
v 6.87129545 31.77004242 19.70682526
v 5.54468679 33.59923553 19.03087616
v 4.02983713 35.16540146 18.00335884
v 2.35489941 36.37590408 16.68416977
v 0.56470191 37.15728378 15.15021324
v -1.28371370 37.46077728 13.49091053
v 6.80219555 31.45055199 19.79596710
v 5.49649382 33.30720139 19.19576645
v 4.00162077 34.91917419 18.23438263
v 2.34293246 36.19104767 16.96786118
v 0.56300229 37.04544830 15.47003365
v -1.28262007 37.42885971 13.82821655
v 6.73226500 31.12722015 19.86919022
v 5.44705868 33.00763702 19.34613991
v 3.97216463 34.66213226 18.45314407
v 2.33009267 35.99271393 17.24225616
v 0.56106955 36.91827393 15.78406811
v -1.28096867 37.38067245 14.16358185
v 6.66166687 30.80080605 19.92631912
v 5.39649630 32.70124435 19.48164749
v 3.94153762 34.39487457 18.65913010
v 2.31641006 35.78136063 17.50671387
v 0.55890810 36.77605057 16.09157944
v -1.27876341 37.31632233 14.49622154
v 6.59056759 30.47207069 19.96722031
v 5.34492588 32.38874054 19.60196877
v 3.90981197 34.11802673 18.85185814
v 2.30191684 35.55748367 17.76061249
v 0.55652308 36.61911774 16.39184761
v -1.27600956 37.23595810 14.82535553
v -3.13495207 37.36440659 13.24560642
v -3.13531256 37.36870193 13.00000000
v 6.51913261 30.14178467 19.99180031
v 5.29246807 32.07086182 19.70682526
v 3.87706161 33.83224106 19.03087616
v 2.28664684 35.32160950 18.00335884
v 0.55392009 36.44784164 16.68416977
v -1.27271354 37.13977432 15.15021324
v -3.13387156 37.35152817 13.49091053
v 5.23924494 31.74834442 19.79596710
v 3.84336352 33.53818130 19.19576645
v 2.27063584 35.07429123 18.23438263
v 0.55110520 36.26261902 16.96786118
v -1.26888299 37.02799225 15.47003365
v -3.13120151 37.31970596 13.82821655
v 5.18538237 31.42195129 19.86919022
v 3.80879641 33.23653793 19.34613991
v 2.25392151 34.81610870 18.45314407
v 0.54808497 36.06389236 17.24225616
v -1.26452684 36.90087509 15.78406811
v -3.12717009 37.27165604 14.16358185
v 5.13100576 31.09244537 19.92631912
v 3.77344131 32.92802429 19.48164749
v 2.23654318 34.54766464 18.65913010
v 0.54486656 35.85211945 17.50671387
v -1.25965548 36.75872040 16.09157944
v -3.12178683 37.20749283 14.49622154
v 5.07624292 30.76059723 19.96722031
v 3.73738122 32.61335373 19.60196877
v 2.21854091 34.26958466 18.85185814
v 0.54145747 35.62780380 17.76061249
v -1.25428021 36.60186005 16.39184761
v -3.11506391 37.12736511 14.82535553
v -4.97808313 37.16376495 13.24560642
v -4.97865534 37.16803741 13.00000000
v 5.02122211 30.42718697 19.99180031
v 3.70070052 32.29326630 19.70682526
v 2.19995737 33.98252869 19.03087616
v 0.53786564 35.39146423 18.00335884
v -1.24841368 36.43066406 16.68416977
v -3.10701728 37.03145981 15.15021324
v -4.97636700 37.15095520 13.49091053
v 3.66348505 31.96851540 19.79596710
v 2.18083620 33.68716431 19.19576645
v 0.53409958 35.14365387 18.23438263
v -1.24206948 36.24553299 16.96786118
v -3.09766603 36.92000580 15.47003365
v -4.97212744 37.11930466 13.82821655
v 3.62582207 31.63985825 19.86919022
v 2.16122174 33.38418198 19.34613991
v 0.53016806 34.88496017 18.45314407
v -1.23526263 36.04689789 17.24225616
v -3.08703160 36.79325867 15.78406811
v -4.96572590 37.07151413 14.16358185
v 3.58779979 31.30806732 19.92631912
v 2.14116025 33.07429504 19.48164749
v 0.52608025 34.61598587 18.65913010
v -1.22800899 35.83522797 17.50671387
v -3.07513928 36.65151978 16.09157944
v -4.95717764 37.00769424 14.49622154
v 3.54950762 30.97391891 19.96722031
v 2.12069869 32.75822830 19.60196877
v 0.52184576 34.33735657 18.85185814
v -1.22032559 35.61101532 17.76061249
v -3.06201696 36.49511719 16.39184761
v -4.94650221 36.92799759 14.82535553
v -6.80904293 36.87226105 13.24560642
v -6.80982590 36.87649918 13.00000000
v 3.51103473 30.63819504 19.99180031
v 2.09988499 32.43671799 19.70682526
v 0.51747459 34.04973221 19.03087616
v -1.21223056 35.37478638 18.00335884
v -3.04769516 36.32442093 16.68416977
v -4.93372488 36.83260727 15.15021324
v -6.80669594 36.85955048 13.49091053
v 2.07876778 32.11052704 19.79596710
v 0.51297683 33.75378418 19.19576645
v -1.20374262 35.12709427 18.23438263
v -3.03220725 36.13982773 16.96786118
v -4.91887522 36.72175217 15.47003365
v -6.80089712 36.82814789 13.82821655
v 2.05739689 31.78040886 19.86919022
v 0.50836313 33.45020294 19.34613991
v -1.19488180 34.86852264 18.45314407
v -3.01559019 35.94177246 17.24225616
v -4.90198898 36.59568405 15.78406811
v -6.79214096 36.78073502 14.16358185
v 2.03582191 31.44714355 19.92631912
v 0.50364429 33.13970184 19.48164749
v -1.18566883 34.59967422 18.65913010
v -2.99788213 35.73071671 17.50671387
v -4.88310480 36.45470428 16.09157944
v -6.78044844 36.71741486 14.49622154
v 2.01409364 31.11150932 19.96722031
v 0.49883130 32.82300949 19.60196877
v -1.17612529 34.32117844 18.85185814
v -2.97912526 35.50716019 17.76061249
v -4.86226702 36.29914474 16.39184761
v -6.76584625 36.63834381 14.82535553
v -8.62335587 36.49060822 13.24560642
v -8.62434673 36.49480438 13.00000000
v 1.99226308 30.77429390 19.99180031
v 0.49393550 32.50086594 19.70682526
v -1.16627347 34.03368759 19.03087616
v -2.95936298 35.27161789 18.00335884
v -4.83952522 36.12936401 16.68416977
v -6.74836922 36.54370117 15.15021324
v -8.62038326 36.47803116 13.49091053
v 0.48896831 32.17402649 19.79596710
v -1.15613663 33.73787689 19.19576645
v -2.93864179 35.02465057 18.23438263
v -4.81493187 35.94576263 16.96786118
v -6.72805834 36.43371582 15.47003365
v -8.61303902 36.44695282 13.82821655
v 0.48394144 31.84325790 19.86919022
v -1.14573836 33.43444061 19.34613991
v -2.91701007 34.76683044 18.45314407
v -4.78854465 35.74877167 17.24225616
v -6.70496082 36.30863571 15.78406811
v -8.60194969 36.40002823 14.16358185
v 0.47886658 31.50933266 19.92631912
v -1.13510311 33.12408447 19.48164749
v -2.89451885 34.49876785 18.65913010
v -4.76042557 35.53884888 17.50671387
v -6.67913103 36.16876602 16.09157944
v -8.58714104 36.33736420 14.49622154
v 0.47375566 31.17303658 19.96722031
v -1.12425566 32.80754089 19.60196877
v -2.87122083 34.22108459 18.85185814
v -4.73064089 35.31649017 17.76061249
v -6.65062952 36.01442337 16.39184761
v -8.56864834 36.25910950 14.82535553
v -10.41658401 36.01973724 13.24560642
v -10.41778183 36.02388000 13.00000000
v 0.46862066 30.83515358 19.99180031
v -1.11322165 32.48554993 19.70682526
v -2.84717011 33.93443298 19.03087616
v -4.69925976 35.08221817 18.00335884
v -6.61952305 35.84597397 16.68416977
v -8.54651451 36.16545105 15.15021324
v -10.41299343 36.00732040 13.49091053
v -1.10202670 32.15886688 19.79596710
v -2.82242346 33.63948441 19.19576645
v -4.66635609 34.83657455 18.23438263
v -6.58588409 35.66381073 16.96786118
v -8.52079201 36.05659866 15.47003365
v -10.40412235 35.97664642 13.82821655
v -1.09069717 31.82825279 19.86919022
v -2.79703856 33.33693314 19.34613991
v -4.63200665 34.58013916 18.45314407
v -6.54979181 35.46836472 17.24225616
v -8.49153996 35.93281937 15.78406811
v -10.39072704 35.93032455 14.16358185
v -1.07925963 31.49448586 19.92631912
v -2.77107525 33.02748489 19.48164749
v -4.59629202 34.31351471 18.65913010
v -6.51133060 35.26008987 17.50671387
v -8.45882797 35.79439163 16.09157944
v -10.37283897 35.86847305 14.49622154
v -1.06774068 31.15834618 19.96722031
v -2.74459410 32.71186447 19.60196877
v -4.55929613 34.03732300 18.85185814
v -6.47059059 35.03947830 17.76061249
v -8.42273140 35.64164734 16.39184761
v -10.35050106 35.79122925 14.82535553
v -12.18434525 35.46080399 13.24560642
v -12.18574619 35.46487808 13.00000000
v -1.05616760 30.82062340 19.99180031
v -2.71765709 32.39081192 19.70682526
v -4.52110577 33.75220871 19.03087616
v -6.42766762 34.80704117 18.00335884
v -8.38333607 35.47494125 16.68416977
v -10.32376480 35.69877625 15.15021324
v -12.18014526 35.44857788 13.49091053
v -2.69032741 32.06507874 19.79596710
v -4.48180962 33.45884705 19.19576645
v -6.38266134 34.56332397 18.23438263
v -8.34073448 35.29466629 16.96786118
v -10.29269314 35.59133148 15.47003365
v -12.16976833 35.41837692 13.82821655
v -2.66266918 31.73542976 19.86919022
v -4.44150019 33.15791702 19.34613991
v -6.33567810 34.30890274 18.45314407
v -8.29502487 35.10124207 17.24225616
v -10.25735760 35.46914673 15.78406811
v -12.15410042 35.37277603 14.16358185
v -2.63474703 31.40263557 19.92631912
v -4.40027237 32.85013199 19.48164749
v -6.28682804 34.04436874 18.65913010
v -8.24631500 34.89512634 17.50671387
v -10.21784306 35.33250427 16.09157944
v -12.13317680 35.31188202 14.49622154
v -2.60662651 31.06747627 19.96722031
v -4.35822201 32.53620529 19.60196877
v -6.23622465 33.77033997 18.85185814
v -8.19472027 34.67679596 17.76061249
v -10.17424107 35.18173218 16.39184761
v -12.10704708 35.23583603 14.82535553
v -13.92231655 34.81516647 13.24560642
v -13.92391682 34.81916809 13.00000000
v -15.62804508 34.08832932 13.00000000
v -2.57837343 30.73073959 19.99180031
v -4.31544781 32.21687698 19.70682526
v -6.18398714 33.48746490 19.03087616
v -8.14035988 34.44676208 18.00335884
v -10.12665272 35.01717758 16.68416977
v -12.07577419 35.14482117 15.15021324
v -13.91751766 34.80316544 13.49091053
v -4.27205038 31.89289474 19.79596710
v -6.13023806 33.19640350 19.19576645
v -8.08336163 34.20557022 18.23438263
v -10.07519150 34.83922958 16.96786118
v -12.03942871 35.03904343 15.47003365
v -13.90566063 34.77351379 13.82821655
v -4.22813082 31.56501579 19.86919022
v -6.07510281 32.89783478 19.34613991
v -8.02385998 33.95378113 18.45314407
v -10.01997757 34.64830017 17.24225616
v -11.99809742 34.91875458 15.78406811
v -13.88775730 34.72874451 14.16358185
v -4.18379259 31.23400879 19.92631912
v -6.01871109 32.59246445 19.48164749
v -7.96199274 33.69198608 18.65913010
v -9.96113873 34.44484329 17.50671387
v -11.95187664 34.78423309 16.09157944
v -13.86384964 34.66896057 14.49622154
v -4.13913918 30.90065002 19.96722031
v -5.96119452 32.28099823 19.60196877
v -7.89790583 33.42079544 18.85185814
v -9.89881420 34.22932816 17.76061249
v -11.90087414 34.63579941 16.39184761
v -13.83399296 34.59429932 14.82535553
v -15.62624931 34.08441162 13.24560642
v -4.09427547 30.56571960 19.99180031
v -5.90268803 31.96417618 19.70682526
v -7.83174944 33.14084625 19.03087616
v -9.83314991 34.00226593 18.00335884
v -11.84521103 34.47380066 16.68416977
v -13.79825878 34.50493622 15.15021324
v -15.62086201 34.07266235 13.49091053
v -5.84332848 31.64273453 19.79596710
v -7.76367855 32.85279846 19.19576645
v -9.76429844 33.76418686 18.23438263
v -11.78501606 34.29861069 16.96786118
v -13.75672913 34.40108490 15.47003365
v -15.60755444 34.04363251 13.82821655
v -5.78325558 31.31742668 19.86919022
v -7.69385242 32.55731964 19.34613991
v -9.69242287 33.51564407 18.45314407
v -11.72043133 34.11064529 17.24225616
v -13.70950222 34.28298569 15.78406811
v -15.58745956 33.99980164 14.16358185
v -5.72260952 30.98901749 19.92631912
v -7.62243414 32.25510788 19.48164749
v -9.61769104 33.25722885 18.65913010
v -11.65160751 33.91034317 17.50671387
v -13.65668869 34.15091705 16.09157944
v -15.56062603 33.94127274 14.49622154
v -5.66153240 30.65827179 19.96722031
v -7.54959202 31.94686890 19.60196877
v -9.54027748 32.98953629 18.85185814
v -11.57870674 33.69817734 17.76061249
v -13.59841156 34.00518799 16.39184761
v -15.52711582 33.86817932 14.82535553
v -17.29197693 33.27032089 13.24560642
v -17.29396439 33.27414703 13.00000000
v -5.60016727 30.32596970 19.99180031
v -7.47549629 31.63332558 19.70682526
v -9.46036434 32.71320343 19.03087616
v -11.50189781 33.47463608 18.00335884
v -13.53480816 33.84613419 16.68416977
v -15.48700714 33.78069305 15.15021324
v -17.28601456 33.25885391 13.49091053
v -7.40032005 31.31521034 19.79596710
v -9.37813759 32.42887115 19.19576645
v -11.42136288 33.24024963 18.23438263
v -13.46602726 33.67413712 16.96786118
v -15.44039536 33.67902374 15.47003365
v -17.27128792 33.23051834 13.82821655
v -7.32424021 30.99326897 19.86919022
v -9.29379082 32.13720322 19.34613991
v -11.33728981 32.99556732 18.45314407
v -13.39223003 33.48959351 17.24225616
v -15.38738823 33.56340027 15.78406811
v -17.24905205 33.18773270 14.16358185
v -7.24743462 30.66825867 19.92631912
v -9.20752144 31.83889198 19.48164749
v -11.24987507 32.74115753 18.65913010
v -13.31358910 33.29293823 17.50671387
v -15.32811069 33.43410492 16.09157944
v -17.21935844 33.13059998 14.49622154
v -7.17008305 30.34093857 19.96722031
v -9.11953163 31.53462982 19.60196877
v -11.15932369 32.47762299 18.85185814
v -13.23028946 33.08463287 17.76061249
v -15.26270199 33.29143143 16.39184761
v -17.18227577 33.05925369 14.82535553
v -18.91542625 32.37488937 13.24560642
v -18.91760063 32.37860870 13.00000000
v -7.09236717 30.01207542 19.99180031
v -9.03002739 31.22513199 19.70682526
v -11.06584835 32.20557404 19.03087616
v -13.14252567 32.86516190 18.00335884
v -15.19131374 33.13571930 16.68416977
v -17.13789177 32.97385788 15.15021324
v -18.90890503 32.36372757 13.49091053
v -8.93921852 30.91112137 19.79596710
v -10.96966743 31.92565536 19.19576645
v -13.05050278 32.63504410 18.23438263
v -15.11411476 32.96733093 16.96786118
v -17.08631134 32.87461472 15.47003365
v -18.89279556 32.33615494 13.82821655
v -8.84731770 30.59333611 19.86919022
v -10.87100697 31.63851547 19.34613991
v -12.95443726 32.39481735 18.45314407
v -15.03128624 32.78666306 17.24225616
v -17.02765274 32.76175690 15.78406811
v -18.86847115 32.29452515 14.16358185
v -8.75454044 30.27252007 19.92631912
v -10.77009678 31.34483337 19.48164749
v -12.85455322 32.14503860 18.65913010
v -14.94302082 32.59413528 17.50671387
v -16.96205711 32.63554764 16.09157944
v -18.83598900 32.23892975 14.49622154
v -8.66110325 29.94942284 19.96722031
v -10.66717434 31.04529190 19.60196877
v -12.75108624 31.88630295 18.85185814
v -14.84952545 32.39020157 17.76061249
v -16.88967514 32.49628067 16.39184761
v -18.79542542 32.16950226 14.82535553
v -20.49262810 31.40030098 13.24560642
v -20.49498367 31.40391159 13.00000000
v -8.56722641 29.62480354 19.99180031
v -10.56248093 30.74059677 19.70682526
v -12.64427757 31.61920738 19.03087616
v -14.75102043 32.17533875 18.00335884
v -16.81067848 32.34428787 16.68416977
v -18.74687576 32.08640289 15.15021324
v -20.48556519 31.38947868 13.49091053
v -10.45626163 30.43145943 19.79596710
v -12.53437710 31.34438324 19.19576645
v -14.64773464 31.95004845 18.23438263
v -16.72525024 32.17992401 16.96786118
v -18.69045067 31.98983192 15.47003365
v -20.46811104 31.36273575 13.82821655
v -21.04750443 31.03110123 13.24560642
v -22.02225876 30.35243225 13.00000000
v -21.04025078 31.02040482 13.49091053
v -10.34876442 30.11860466 19.86919022
v -12.42164326 31.06247330 19.34613991
v -14.53991222 31.71486282 18.45314407
v -16.63359070 32.00356674 17.24225616
v -18.62628746 31.88001060 15.78406811
v -20.44175911 31.32235718 14.16358185
v -21.02232552 30.99397659 13.82821655
v -10.24024200 29.80276680 19.92631912
v -12.30634022 30.77413750 19.48164749
v -14.42780399 31.47032928 18.65913010
v -16.53591728 31.81563950 17.50671387
v -18.55453300 31.75719833 16.09157944
v -20.40656853 31.26843452 14.49622154
v -20.99525833 30.95407295 14.16358185
v -10.13094807 29.48468208 19.96722031
v -12.18873692 30.48005104 19.60196877
v -14.31167316 31.21702194 18.85185814
v -16.43245506 31.61657715 17.76061249
v -18.47535515 31.62168121 16.39184761
v -20.36262321 31.20109749 14.82535553
v -22.01972771 30.34894371 13.24560642
v -20.95911598 30.90078545 14.49622154
v -10.02114010 29.16510010 19.99180031
v -12.06910992 30.18090248 19.70682526
v -14.19179249 30.95553398 19.03087616
v -16.32345009 31.40684509 18.00335884
v -18.38894081 31.47377968 16.68416977
v -20.31002426 31.12050056 15.15021324
v -22.01213837 30.33848190 13.49091053
v -20.91397858 30.83423996 14.82535553
v -11.94773865 29.87739372 19.79596710
v -14.06844139 30.68647957 19.19576645
v -16.20915413 31.18693733 18.23438263
v -18.29549217 31.31383705 16.96786118
v -20.24889565 31.02683640 15.47003365
v -21.99338531 30.31263542 13.82821655
v -22.57180786 29.94061279 13.24560642
v -23.49569130 29.22674179 13.00000000
v -20.85995674 30.75459099 15.15021324
v -22.56402588 29.93029213 13.49091053
v -11.82490921 29.57023430 19.86919022
v -13.94191074 30.41048622 19.34613991
v -16.08983803 30.95736885 18.45314407
v -18.19522858 31.14222908 17.24225616
v -20.17938042 30.92032051 15.78406811
v -21.96506882 30.27360725 14.16358185
v -20.79717255 30.66202736 15.47003365
v -22.54480362 29.90479279 13.82821655
v -11.70090675 29.26014709 19.92631912
v -13.81249523 30.12820053 19.48164749
v -15.96577930 30.71867561 18.65913010
v -18.08838463 30.95935822 17.50671387
v -20.10164261 30.80120468 16.09157944
v -21.92725563 30.22149086 14.49622154
v -20.72577667 30.55676460 15.78406811
v -22.51577759 29.86629105 14.16358185
v -11.57602406 28.94785500 19.96722031
v -13.68049908 29.84028625 19.60196877
v -15.83726883 30.47141838 18.85185814
v -17.97521019 30.76565170 17.76061249
v -20.01586342 30.66976738 16.39184761
v -21.88003349 30.15640831 14.82535553
v -23.49299049 29.22338295 13.24560642
v -20.64593315 30.43904877 16.09157944
v -22.47701645 29.81487656 14.49622154
v -11.45055199 28.63409042 19.99180031
v -13.54623127 29.54741859 19.70682526
v -15.70460892 30.21617699 19.03087616
v -17.85596848 30.56156540 18.00335884
v -19.92224503 30.52631760 16.68416977
v -21.82351494 30.07851028 15.15021324
v -23.48489380 29.21331024 13.49091053
v -20.55783081 30.30915833 16.39184761
v -22.42860985 29.75066757 14.82535553
v -13.41000557 29.25028038 19.79596710
v -15.56810951 29.95354652 19.19576645
v -17.73094368 30.34757614 18.23438263
v -19.82100487 30.37118912 16.96786118
v -21.75783157 29.98798180 15.47003365
v -23.46488571 29.18842125 13.82821655
v -24.03971481 28.77531815 13.24560642
v -24.91167831 28.02959633 13.00000000
v -20.46167755 30.16739464 16.68416977
v -22.37067604 29.67381859 15.15021324
v -13.27214241 28.94956779 19.86919022
v -24.03142738 28.76539803 13.49091053
v -15.42809010 29.68414497 19.34613991
v -17.60042572 30.12418556 18.45314407
v -19.71237946 30.20474815 17.24225616
v -21.68313789 29.88503265 15.78406811
v -23.43467331 29.15084076 14.16358185
v -20.35769463 30.01408958 16.96786118
v -22.30334473 29.58450890 15.47003365
v -13.13296413 28.64598846 19.92631912
v -24.01095390 28.74089241 13.82821655
v -15.28487968 29.40860367 19.48164749
v -17.46471977 29.89191818 18.65913010
v -19.59662628 30.02738190 17.50671387
v -21.59960747 29.76990509 16.09157944
v -23.39433098 29.10065842 14.49622154
v -20.24612999 29.84960556 17.24225616
v -22.22677803 29.48294449 15.78406811
v -12.99279690 28.34025192 19.96722031
v -23.98003960 28.70388794 14.16358185
v -15.13881302 29.12756729 19.60196877
v -17.32414436 29.65131569 18.85185814
v -19.47401428 29.83950806 17.76061249
v -21.50743484 29.64286995 16.39184761
v -23.34395027 29.03798866 14.82535553
v -24.90881538 28.02637482 13.24560642
v -20.12724304 29.67432594 17.50671387
v -22.14115143 29.36936569 16.09157944
v -12.85196877 28.03307343 19.99180031
v -23.93875885 28.65447426 14.49622154
v -14.99023247 28.84169197 19.70682526
v -17.17902946 29.40294266 19.03087616
v -19.34483337 29.64156532 18.00335884
v -21.40683937 29.50422287 16.68416977
v -23.28365135 28.96298027 15.15021324
v -24.90022850 28.01671410 13.49091053
v -20.00131035 29.48866081 17.76061249
v -22.04667091 29.24403954 16.39184761
v -23.88720512 28.59276581 14.82535553
v -14.83948612 28.55165100 19.79596710
v -17.02971458 29.14738083 19.19576645
v -19.20938110 29.43401718 18.23438263
v -21.29805565 29.35428810 16.96786118
v -23.21357346 28.87580872 15.47003365
v -24.87901497 27.99284554 13.82821655
v -25.44755936 27.53812790 13.24560642
v -26.26675797 26.76391983 13.00000000
v -19.86863136 29.29304504 18.00335884
v -21.94355202 29.10725784 16.68416977
v -23.82550240 28.51890755 15.15021324
v -14.68692684 28.25812149 19.86919022
v -16.87655067 28.88523102 19.34613991
v -19.06797981 29.21735191 18.45314407
v -21.18133545 29.19342041 17.24225616
v -25.43878746 27.52863693 13.49091053
v -23.13388062 28.77667809 15.78406811
v -24.84698486 27.95680428 14.16358185
v -19.72951317 29.08793831 18.23438263
v -21.83204079 28.95934105 16.96786118
v -23.75379372 28.43307304 15.47003365
v -14.53291225 27.96179390 19.92631912
v -16.71989441 28.61710548 19.48164749
v -18.92095947 28.99207497 18.65913010
v -21.05695724 29.02199173 17.50671387
v -25.41711426 27.50518227 13.82821655
v -23.04476166 28.66582108 16.09157944
v -24.80421066 27.90867615 14.49622154
v -19.58428192 28.87381935 18.45314407
v -21.71239471 28.80063629 17.24225616
v -23.67224693 28.33546257 15.78406811
v -14.37780285 27.66335869 19.96722031
v -16.56011391 28.34363174 19.60196877
v -18.76866341 28.75871658 18.85185814
v -20.92520905 28.84040833 17.76061249
v -25.38438988 27.46977043 14.16358185
v -22.94642258 28.54349709 16.39184761
v -24.75079346 27.84857368 14.82535553
v -26.26374054 26.76084328 13.24560642
v -19.43328094 28.65119171 18.65913010
v -21.58489609 28.63151550 17.50671387
v -23.58105278 28.22630501 16.09157944
v -14.22196293 27.36351776 19.99180031
v -16.39758301 28.06545067 19.70682526
v -18.61144829 28.51782036 19.03087616
v -20.78639984 28.64909363 18.00335884
v -25.34069061 27.42248154 14.49622154
v -22.83909607 28.40999031 16.68416977
v -24.68685913 27.77663803 15.15021324
v -26.25468636 26.75161934 13.49091053
v -19.27685928 28.42057610 18.85185814
v -21.44984627 28.45237541 17.76061249
v -23.48042679 28.10585594 16.39184761
v -16.23268509 27.78321648 19.79596710
v -18.44968414 28.26995277 19.19576645
v -20.64085579 28.44849586 18.23438263
v -25.28611755 27.36342621 14.82535553
v -22.72303391 28.26561737 16.96786118
v -24.61255836 27.69303703 15.47003365
v -26.23231888 26.72882843 13.82821655
v -26.79182243 26.23213577 13.24560642
v -27.55761909 25.43280792 13.00000000
v -19.11538887 28.18251228 19.03087616
v -21.30755615 28.26363373 18.00335884
v -23.37060165 27.97439766 16.68416977
v -16.06580162 27.49758720 19.86919022
v -18.28374672 28.01569366 19.34613991
v -20.48891640 28.23908424 18.45314407
v -25.22080231 27.29274368 15.15021324
v -22.59850502 28.11071587 17.24225616
v -24.52806282 27.59796715 15.78406811
v -26.19854546 26.69441414 14.16358185
v -26.78258705 26.22309494 13.49091053
v -18.94924355 27.93755913 19.19576645
v -21.15836334 28.06573486 18.23438263
v -23.25183868 27.83223724 16.96786118
v -15.89732838 27.20923233 19.92631912
v -18.11402893 27.75563812 19.48164749
v -20.33093834 28.02135086 18.65913010
v -25.14489365 27.21059799 15.47003365
v -22.46580315 27.94564629 17.50671387
v -24.43357277 27.49164963 16.09157944
v -26.15344429 26.64846039 14.49622154
v -26.75976944 26.20075226 13.82821655
v -18.77881432 27.68628883 19.34613991
v -21.00261497 27.85914040 18.45314407
v -23.12441254 27.67971039 17.24225616
v -15.72765636 26.91883087 19.96722031
v -17.94092560 27.49039650 19.60196877
v -20.16729355 27.79580498 18.85185814
v -25.05857086 27.11718369 15.78406811
v -22.32524109 27.77079582 17.76061249
v -24.32930756 27.37433624 16.39184761
v -26.09712219 26.59107208 14.82535553
v -26.72531700 26.16702080 14.16358185
v -27.55445099 25.42988396 13.24560642
v -18.60450172 27.42929268 19.48164749
v -20.84067726 27.64433670 18.65913010
v -22.98862267 27.51717186 17.50671387
v -15.55718613 26.62705994 19.99180031
v -17.76484489 27.22059059 19.70682526
v -19.99836349 27.56297493 19.03087616
v -24.96203613 27.01272011 16.09157944
v -22.17714500 27.58657646 18.00335884
v -24.21551323 27.24629974 16.68416977
v -26.02971077 26.52238464 15.15021324
v -27.54495239 25.42111778 13.49091053
v -26.67930984 26.12197304 14.49622154
v -18.42671013 27.16716957 19.60196877
v -20.67292786 27.42182541 18.85185814
v -22.84478760 27.34500313 17.76061249
v -17.58619499 26.94685173 19.79596710
v -19.82454491 27.32340622 19.19576645
v -24.85551643 26.89744949 16.39184761
v -22.02186203 27.39341736 18.23438263
v -24.09245491 27.10783958 16.96786118
v -25.95136642 26.44255829 15.47003365
v -27.52148628 25.39945984 13.82821655
v -26.62185478 26.06571960 14.82535553
v -28.06914902 24.86060333 13.24560642
v -28.78110123 24.03951263 13.00000000
v -18.24586105 26.90053558 19.70682526
v -20.49976349 27.19212723 19.03087616
v -22.69324493 27.16360664 18.00335884
v -17.40539742 26.66982269 19.86919022
v -19.64624214 27.07765961 19.34613991
v -24.73926163 26.77164268 16.68416977
v -21.85975838 27.19177246 18.45314407
v -23.96042252 26.95928192 17.24225616
v -25.86227608 26.35177994 15.78406811
v -27.48605156 25.36675835 14.16358185
v -26.55308723 25.99838829 15.15021324
v -28.05947304 24.85203362 13.49091053
v -18.06237411 26.63001633 19.79596710
v -20.32158470 26.95578194 19.19576645
v -22.53434944 26.97340965 18.23438263
v -17.22287560 26.39014816 19.92631912
v -19.46387672 26.82631111 19.48164749
v -24.61354256 26.63559532 16.96786118
v -21.69121170 26.98211479 18.65913010
v -23.81972504 26.80097389 17.50671387
v -25.76264572 26.25026512 16.09157944
v -27.43873405 25.32308960 14.49622154
v -26.47316933 25.92013931 15.47003365
v -28.03556824 24.83086205 13.82821655
v -17.87668228 26.35624313 19.86919022
v -20.13881302 26.71334267 19.34613991
v -22.36847305 26.77485657 18.45314407
v -17.03905678 26.10848808 19.96722031
v -19.27787399 26.56995201 19.60196877
v -24.47865295 26.48962593 17.24225616
v -21.51661682 26.76493263 18.85185814
v -23.67069054 26.63328552 17.76061249
v -25.65270996 26.13824844 16.39184761
v -27.37964439 25.26855659 14.82535553
v -26.38228607 25.83115578 15.78406811
v -27.99947357 24.79889107 14.16358185
v -28.77779388 24.03675079 13.24560642
v -17.68921852 26.07985687 19.92631912
v -19.95187569 26.46537781 19.48164749
v -22.19600296 26.56841278 18.65913010
v -16.85437202 25.82550049 19.99180031
v -19.08867073 26.30917931 19.70682526
v -24.33491135 26.33407593 17.50671387
v -21.33638382 26.54073906 19.03087616
v -23.51366806 26.45661163 18.00335884
v -25.53272438 26.01599312 16.68416977
v -27.30891991 25.20328522 15.15021324
v -26.28065300 25.73164558 16.09157944
v -28.76787376 24.02846527 13.49091053
v -27.95127106 24.75620079 14.49622154
v -17.50042152 25.80150795 19.96722031
v -19.76120949 26.21246529 19.60196877
v -22.01734543 26.35456276 18.85185814
v -18.89670944 26.04460526 19.79596710
v -24.18265343 26.16930962 17.76061249
v -21.15093422 26.31005478 19.19576645
v -23.34902763 26.27136612 18.23438263
v -25.40297318 25.88378525 16.96786118
v -27.22672653 25.12742805 15.47003365
v -26.16850662 25.62184143 16.39184761
v -28.74336433 24.00799370 13.82821655
v -27.89107704 24.70288658 14.82535553
v -29.27634621 23.42695808 13.24560642
v -29.93421745 22.58744431 13.00000000
v -17.31073570 25.52184868 19.99180031
v -19.56726265 25.95520210 19.70682526
v -21.83291817 26.13380432 19.03087616
v -18.70243835 25.77685165 19.86919022
v -24.02223587 25.99571419 18.00335884
v -20.96070480 26.07342339 19.34613991
v -23.17715454 26.07798004 18.45314407
v -25.26375961 25.74193573 17.24225616
v -27.13325691 25.04116631 15.78406811
v -26.04611015 25.50200081 16.68416977
v -28.70635796 23.97708321 14.16358185
v -27.81903267 24.63907623 15.15021324
v -29.26625443 23.41888237 13.49091053
v -19.37048721 25.69418907 19.79596710
v -21.64315414 25.90665817 19.19576645
v -18.50631523 25.50654221 19.92631912
v -23.85403442 25.81369400 18.23438263
v -20.76613617 25.83139801 19.48164749
v -22.99844933 25.87690926 18.65913010
v -25.11540604 25.59077644 17.50671387
v -27.02873039 24.94469833 16.09157944
v -25.91374969 25.37240601 16.96786118
v -28.65694046 23.93580627 14.49622154
v -27.73530388 24.56491852 15.47003365
v -29.24131966 23.39893150 13.82821655
v -19.17134666 25.43003654 19.86919022
v -21.44849586 25.67365456 19.34613991
v -18.30879974 25.23431206 19.96722031
v -23.67844391 25.62367821 18.45314407
v -20.56768990 25.58454514 19.60196877
v -22.81333351 25.66862488 18.85185814
v -24.95826530 25.43066025 17.76061249
v -26.91339111 24.83825302 16.39184761
v -25.77173615 25.23335838 17.24225616
v -28.59522629 23.88426018 14.82535553
v -27.64008713 24.48058891 15.78406811
v -29.20367241 23.36880493 14.16358185
v -29.93077660 22.58484840 13.24560642
v -18.97030640 25.16336441 19.92631912
v -21.24940109 25.43533897 19.48164749
v -18.11035156 24.96080017 19.99180031
v -23.49587440 25.42610931 18.65913010
v -20.36582756 25.33344460 19.70682526
v -22.62223816 25.45361328 19.03087616
v -24.79270363 25.26196480 18.00335884
v -26.78751183 24.72207832 16.68416977
v -25.62040138 25.08518600 17.50671387
v -28.52136230 23.82256508 15.15021324
v -29.92045975 22.57706261 13.49091053
v -27.53360939 24.38628006 16.09157944
v -29.15339851 23.32857513 14.49622154
v -18.76783752 24.89479637 19.96722031
v -21.04633522 25.19227219 19.60196877
v -23.30675507 25.22145271 18.85185814
v -20.16102219 25.07868195 19.79596710
v -22.42561340 25.23237801 19.19576645
v -24.61910629 25.08508301 18.23438263
v -26.65138245 24.59644699 16.96786118
v -25.46010017 24.92823410 17.76061249
v -28.43552017 23.75086403 15.47003365
v -29.89496803 22.55782890 13.82821655
v -27.41611481 24.28221703 16.39184761
v -29.09061432 23.27833748 14.82535553
v -30.41039467 21.93478012 13.24560642
v -31.01414490 21.08015060 13.00000000
v -18.56441498 24.62496376 19.99180031
v -20.83977509 24.94502068 19.70682526
v -23.11152649 25.01018715 19.03087616
v -19.95375443 24.82085800 19.86919022
v -22.22391891 25.00543785 19.34613991
v -24.43788338 24.90042877 18.45314407
v -26.50532722 24.46165085 17.24225616
v -25.29120827 24.76286888 18.00335884
v -28.33790016 23.66932678 15.78406811
v -29.85647964 22.52878571 14.16358185
v -27.28788376 24.16864395 16.68416977
v -29.01547050 23.21820641 15.15021324
v -30.39991379 21.92721939 13.49091053
v -20.63020325 24.69416618 19.79596710
v -22.91064835 24.79280663 19.19576645
v -19.74450874 24.56057358 19.92631912
v -22.01762581 24.77332687 19.48164749
v -24.24945831 24.70843697 18.65913010
v -26.34968376 24.31801033 17.50671387
v -25.11412239 24.58948326 18.23438263
v -28.22873306 23.57814598 16.09157944
v -29.80508041 22.49000168 14.49622154
v -27.14921188 24.04582405 16.96786118
v -28.92814064 23.14832497 15.47003365
v -30.37401390 21.90853882 13.82821655
v -20.41811180 24.44029427 19.86919022
v -22.70458984 24.56982040 19.34613991
v -19.53377724 24.29844093 19.96722031
v -21.80721855 24.53658485 19.60196877
v -24.05427361 24.50955772 18.85185814
v -26.18482018 24.16585732 17.76061249
v -24.92925453 24.40847778 18.45314407
v -28.10827255 23.47753143 16.39184761
v -29.74089432 22.44156837 14.82535553
v -27.00042725 23.91404724 17.24225616
v -28.82883072 23.06885719 15.78406811
v -30.33490753 21.88033104 14.16358185
v -31.01058006 21.07772827 13.24560642
v -20.20399857 24.18400002 19.92631912
v -22.49383545 24.34175110 19.48164749
v -19.32205200 24.03507042 19.99180031
v -21.59319115 24.29576874 19.70682526
v -23.85278320 24.30425453 19.03087616
v -26.01112175 24.00555229 18.00335884
v -24.73704147 24.22027969 18.65913010
v -27.97680283 23.36771965 16.68416977
v -29.66407013 22.38360023 15.15021324
v -30.99989128 21.07046318 13.49091053
v -26.84187889 23.77362061 17.50671387
v -28.71777344 22.97998810 16.09157944
v -30.28268623 21.84266472 14.49622154
v -19.98836136 23.92588615 19.96722031
v -22.27887726 24.10913467 19.60196877
v -21.37604141 24.05144310 19.79596710
v -23.64546394 24.09300995 19.19576645
v -25.82899475 23.83746719 18.23438263
v -24.53793144 24.02532768 18.85185814
v -27.83463097 23.24897194 16.96786118
v -29.57478905 22.31623077 15.47003365
v -30.97348022 21.05251122 13.82821655
v -26.67393494 23.62487411 17.76061249
v -28.59522629 22.88192558 16.39184761
v -30.21747017 21.79562569 14.82535553
v -31.46846581 20.38780022 13.24560642
v -32.01824570 19.52131844 13.00000000
v -19.77170944 23.66655540 19.99180031
v -22.06022072 23.87251472 19.70682526
v -21.15628242 23.80418015 19.86919022
v -23.43279648 23.87631798 19.34613991
v -25.63886452 23.66199875 18.45314407
v -24.33238983 23.82408142 19.03087616
v -27.68209076 23.12156105 17.24225616
v -29.47325897 22.23962021 15.78406811
v -30.93360329 21.02540588 14.16358185
v -26.49699211 23.46815681 18.00335884
v -28.46147919 22.77490044 16.68416977
v -30.13941574 21.73932457 15.15021324
v -31.45761871 20.38077164 13.49091053
v -21.83837700 23.63244438 19.79596710
v -20.93442726 23.55455780 19.92631912
v -23.21528244 23.65468597 19.48164749
v -25.44117928 23.47955513 18.65913010
v -24.12090111 23.61701012 19.19576645
v -27.51953888 22.98578835 17.50671387
v -29.35971832 22.15394402 16.09157944
v -30.88035011 20.98921204 14.49622154
v -26.31146240 23.30383492 18.23438263
v -28.31684494 22.65916443 16.96786118
v -30.04870415 21.67389488 15.47003365
v -31.43081856 20.36340904 13.82821655
v -21.61386490 23.38948822 19.86919022
v -20.71099663 23.30315971 19.96722031
v -22.99342918 23.42863464 19.60196877
v -25.23640251 23.29056740 18.85185814
v -23.90395737 23.40460014 19.34613991
v -27.34735489 22.84197235 17.76061249
v -29.23443222 22.05940819 16.39184761
v -30.81384850 20.94400978 14.82535553
v -26.11778069 23.13229370 18.45314407
v -28.16166115 22.53498650 17.24225616
v -29.94554710 21.59948921 15.78406811
v -31.39035225 20.33719063 14.16358185
v -32.01456833 19.51907539 13.24560642
v -21.38721085 23.14421463 19.92631912
v -20.48651123 23.05057907 19.99180031
v -22.76775932 23.19869423 19.70682526
v -25.02501106 23.09547424 19.03087616
v -23.68206978 23.18734741 19.48164749
v -27.16594505 22.69044685 18.00335884
v -29.09769440 21.95623016 16.68416977
v -30.73425293 20.88990974 15.15021324
v -32.00353241 19.51234627 13.49091053
v -25.91640472 22.95393562 18.65913010
v -27.99629211 22.40265846 17.50671387
v -29.83018684 21.51627922 16.09157944
v -31.33631325 20.30218124 14.49622154
v -21.15894508 22.89719772 19.96722031
v -22.53879929 22.96540070 19.79596710
v -24.80750084 22.89473534 19.19576645
v -23.45575714 22.96576118 19.60196877
v -26.97573090 22.53157043 18.23438263
v -28.94982719 21.84465408 16.96786118
v -30.64175034 20.82703590 15.47003365
v -31.97626495 19.49572182 13.82821655
v -25.70779991 22.76917839 18.85185814
v -27.82112503 22.26248932 17.76061249
v -29.70289230 21.42446327 16.39184761
v -31.26882935 20.25845909 14.82535553
v -32.44791412 18.78988075 13.24560642
v -32.94406509 17.91475677 13.00000000
v -20.92960548 22.64901543 19.99180031
v -22.30708694 22.72930145 19.86919022
v -24.58438301 22.68882179 19.34613991
v -23.22554970 22.74036407 19.70682526
v -26.77716064 22.36571503 18.45314407
v -28.79117393 21.72493935 17.24225616
v -30.53655815 20.75553703 15.78406811
v -31.93509674 19.47062302 14.16358185
v -25.49246025 22.57845306 19.03087616
v -27.63657188 22.11481094 18.00335884
v -29.56396484 21.32425690 16.68416977
v -31.18805885 20.20612907 15.15021324
v -32.43672943 18.78340340 13.49091053
v -22.07316399 22.49095154 19.92631912
v -24.35618019 22.47821236 19.48164749
v -22.99198532 22.51167870 19.79596710
v -26.57069969 22.19326782 18.65913010
v -28.62211037 21.59736824 17.50671387
v -30.41892052 20.67557907 16.09157944
v -31.88011932 19.43710327 14.49622154
v -25.27088737 22.38220787 19.19576645
v -27.44306374 21.95996475 18.23438263
v -29.41372681 21.21589088 16.96786118
v -31.09419060 20.14531326 15.47003365
v -32.40909576 18.76740074 13.82821655
v -21.83757782 22.25090599 19.96722031
v -24.12342453 22.26340485 19.60196877
v -22.75561333 22.28024483 19.86919022
v -26.35682869 22.01463127 18.85185814
v -28.44302750 21.46223831 17.76061249
v -30.28911400 20.58735085 16.39184761
v -31.81146622 19.39524460 14.82535553
v -25.04360199 22.18090248 19.34613991
v -27.24105263 21.79831505 18.45314407
v -29.25253296 21.09962273 17.24225616
v -30.98744392 20.07615471 15.78406811
v -32.94028091 17.91269875 13.24560642
v -32.36736679 18.74323845 14.16358185
v -21.60088158 22.00972939 19.99180031
v -23.88666344 22.04489899 19.70682526
v -22.51698685 22.04660225 19.92631912
v -26.13605309 21.83022690 19.03087616
v -28.25434875 21.31986618 18.00335884
v -30.14744377 20.49105835 16.68416977
v -31.72929192 19.34514427 15.15021324
v -24.81113625 21.97500992 19.48164749
v -32.92892456 17.90652275 13.49091053
v -27.03101540 21.63024330 18.65913010
v -29.08075714 20.97572327 17.50671387
v -30.86806870 19.99881363 16.09157944
v -32.31164932 18.71097183 14.49622154
v -23.64645195 21.82320786 19.79596710
v -22.27666473 21.81130028 19.96722031
v -25.90888596 21.64048576 19.19576645
v -28.05651474 21.17058754 18.23438263
v -29.99424171 20.38692856 16.96786118
v -31.63379478 19.28692055 15.47003365
v -24.57403374 21.76501083 19.60196877
v -32.90087128 17.89126778 13.82821655
v -26.81344032 21.45613861 18.85185814
v -28.89880562 20.84448242 17.76061249
v -30.73634720 19.91347504 16.39184761
v -32.24206161 18.67067719 14.82535553
v -33.34629059 17.14501572 13.24560642
v -33.78933716 16.26439667 13.00000000
v -23.40335083 21.59885216 19.86919022
v -22.03520966 21.57489014 19.99180031
v -25.67586327 21.44585228 19.34613991
v -27.84998894 21.01474953 18.45314407
v -29.82986641 20.27520180 17.24225616
v -31.52519608 19.22070885 15.78406811
v -24.33284950 21.55139542 19.70682526
v -32.85851288 17.86823273 14.16358185
v -26.58883858 21.27641296 19.03087616
v -28.70710373 20.70620918 18.00335884
v -30.59258461 19.82033348 16.68416977
v -32.15877914 18.62244797 15.15021324
v -33.33479691 17.13910675 13.49091053
v -23.15793228 21.37235641 19.92631912
v -25.43752670 21.24678230 19.48164749
v -27.63525581 20.85271835 18.65913010
v -29.65470123 20.15614319 17.50671387
v -31.40375137 19.14666367 16.09157944
v -24.08815193 21.33466911 19.79596710
v -32.80194473 17.83747292 14.49622154
v -26.35773659 21.09148407 19.19576645
v -28.50609970 20.56122780 18.23438263
v -30.43712044 19.71961212 16.96786118
v -32.06198883 18.56640053 15.47003365
v -33.30639648 17.12450409 13.82821655
v -22.91076851 21.14424896 19.96722031
v -25.19443893 21.04374123 19.60196877
v -27.41281700 20.68487358 18.85185814
v -29.46915817 20.03003120 17.76061249
v -31.26974297 19.06496048 16.39184761
v -23.84050941 21.11533546 19.86919022
v -32.73130417 17.79905891 14.82535553
v -26.12067604 20.90178871 19.34613991
v -28.29626465 20.40987396 18.45314407
v -30.27031708 19.61154366 17.24225616
v -31.95191956 18.50266075 15.78406811
v -33.78545380 16.26252747 13.24560642
v -33.26351547 17.10245705 14.16358185
v -22.66244125 20.91506958 19.99180031
v -24.94716644 20.83720589 19.70682526
v -27.18319511 20.51160622 19.03087616
v -29.27367210 19.89716148 18.00335884
v -31.12348557 18.97578812 16.68416977
v -23.59050560 20.89390945 19.92631912
v -32.64675522 17.75308228 15.15021324
v -33.77380753 16.25692177 13.49091053
v -25.87821198 20.70776939 19.48164749
v -28.07809067 20.25250626 18.65913010
v -30.09256744 19.49638176 17.50671387
v -31.82883072 18.43138313 16.09157944
v -33.20625305 17.07301521 14.49622154
v -24.69628906 20.62766075 19.79596710
v -26.94692612 20.33332634 19.19576645
v -29.06870079 19.75784302 18.23438263
v -30.96532249 18.87935829 16.96786118
v -23.33872604 20.67090988 19.96722031
v -32.54849625 17.69964981 15.47003365
v -33.74503708 16.24307060 13.82821655
v -25.63091278 20.50987816 19.60196877
v -27.85208702 20.08949280 18.85185814
v -29.90428543 19.37439728 17.76061249
v -31.69300842 18.35273170 16.39184761
v -33.13474274 17.03624725 14.82535553
v -34.16135406 15.45731449 13.24560642
v -34.55199814 14.57426929 13.00000000
v -24.44239616 20.41559410 19.86919022
v -26.70456696 20.15044975 19.34613991
v -28.85472488 19.61240387 18.45314407
v -30.79562569 18.77589417 17.24225616
v -23.08576012 20.44685936 19.99180031
v -32.43675995 17.63888741 15.78406811
v -33.70158768 16.22215843 14.16358185
v -25.37935638 20.30858421 19.70682526
v -27.61878586 19.92121315 19.03087616
v -29.70591164 19.24587631 18.00335884
v -31.54477119 18.26689148 16.68416977
v -33.04915237 16.99224091 15.15021324
v -34.14957809 15.45198631 13.49091053
v -24.18608093 20.20150757 19.92631912
v -26.45668221 19.96340370 19.48164749
v -28.63224411 19.46118546 18.65913010
v -30.61478996 18.66563988 17.50671387
v -32.31180191 17.57093620 16.09157944
v -33.64356995 16.19423103 14.49622154
v -25.12413216 20.10435486 19.79596710
v -27.37873268 19.74806595 19.19576645
v -29.49791336 19.11111832 18.23438263
v -31.38446808 18.17406273 16.96786118
v -32.94968033 16.94109917 15.47003365
v -34.12048721 15.43882179 13.82821655
v -23.92794418 19.98589706 19.96722031
v -26.20385551 19.77262688 19.60196877
v -28.40178108 19.30454063 18.85185814
v -30.42324066 18.54885292 17.76061249
v -32.17391968 17.49595642 16.39184761
v -33.57111740 16.15935707 14.82535553
v -24.86584091 19.89766884 19.86919022
v -27.13248825 19.57045174 19.34613991
v -29.28077888 18.97043991 18.45314407
v -31.21247292 18.07446480 17.24225616
v -34.54802704 14.57259464 13.24560642
v -32.83656693 16.88294029 15.78406811
v -34.07655716 15.41894531 14.16358185
v -23.66859245 19.76927185 19.99180031
v -25.94667625 19.57856750 19.70682526
v -28.16387558 19.14283752 19.03087616
v -30.22142601 18.42580795 18.00335884
v -32.02343369 17.41412354 16.68416977
v -33.48440170 16.11761475 15.15021324
v -34.53611755 14.56757069 13.49091053
v -24.60508537 19.68901253 19.92631912
v -26.88063240 19.38879013 19.48164749
v -29.05501175 18.82417107 18.65913010
v -31.02919006 17.96832848 17.50671387
v -32.71006775 16.81790161 16.09157944
v -34.01789474 15.39240074 14.49622154
v -25.68574715 19.38167953 19.79596710
v -27.91908455 18.97645378 19.19576645
v -30.00981712 18.29679298 18.23438263
v -31.86069679 17.32562828 16.96786118
v -33.38362122 16.06910515 15.47003365
v -34.50669479 14.55516052 13.82821655
v -24.34247780 19.47887230 19.96722031
v -26.62375259 19.20350456 19.60196877
v -28.82114601 18.67265320 18.85185814
v -30.83504677 17.85590553 17.76061249
v -32.57048416 16.74613380 16.39184761
v -33.94463348 15.35925293 14.82535553
v -34.89106750 13.73099422 13.24560642
v -35.23018265 12.84850979 13.00000000
v -25.42168236 19.18242264 19.86919022
v -27.66798019 18.80578041 19.34613991
v -29.78891373 18.16210747 18.45314407
v -31.68609238 17.23068047 17.24225616
v -33.26901627 16.01393890 15.78406811
v -34.46226883 14.53642082 14.16358185
v -24.07863045 19.26774216 19.99180031
v -26.36245155 19.01502991 19.70682526
v -28.57972717 18.51624298 19.03087616
v -30.63050079 17.73745728 18.00335884
v -32.41814423 16.66780853 16.68416977
v -33.85695267 15.31957817 15.15021324
v -34.87903976 13.72626114 13.49091053
v -25.15509796 18.98126602 19.92631912
v -27.41115379 18.63121605 19.48164749
v -29.55923080 18.02207184 18.65913010
v -31.50002670 17.12949944 17.50671387
v -33.14085007 15.95224857 16.09157944
v -34.40294266 14.51139641 14.49622154
v -26.09734344 18.82380867 19.79596710
v -28.33132172 18.35530472 19.19576645
v -30.41602898 17.61326027 18.23438263
v -32.25340271 16.58310699 16.96786118
v -33.75505066 15.27346992 15.47003365
v -34.84932327 13.71456718 13.82821655
v -24.88661766 18.77868080 19.96722031
v -27.14920425 18.45317078 19.60196877
v -29.32130623 17.87701035 18.85185814
v -31.30293846 17.02232361 17.76061249
v -32.99943161 15.88417625 16.39184761
v -34.32885361 14.48014545 14.82535553
v -25.82904625 18.63028908 19.86919022
v -28.07651138 18.19021797 19.34613991
v -30.19213486 17.48360825 18.45314407
v -35.22613525 12.84703350 13.24560642
v -32.07664490 16.49222565 17.24225616
v -33.63916779 15.22103596 15.78406811
v -34.80445480 13.69690895 14.16358185
v -24.61687469 18.57514000 19.99180031
v -26.88274574 18.27206039 19.70682526
v -29.07569695 17.72726440 19.03087616
v -31.09528923 16.90940475 18.00335884
v -32.84508514 15.80988216 16.68416977
v -34.24018097 14.44274139 15.15021324
v -35.21399307 12.84260464 13.49091053
v -25.55818939 18.43492317 19.92631912
v -27.81589127 18.02136803 19.48164749
v -29.95934296 17.34880257 18.65913010
v -31.88828850 16.39538193 17.50671387
v -33.50957870 15.16239929 16.09157944
v -34.74454117 13.67333031 14.49622154
v -26.61240578 18.08831215 19.79596710
v -28.82298088 17.57318497 19.19576645
v -30.87756157 16.79100609 18.23438263
v -32.67817307 15.72953987 16.96786118
v -34.13712311 14.39927197 15.47003365
v -35.18399048 12.83166313 13.82821655
v -25.28540802 18.23816681 19.96722031
v -27.55007362 17.84915161 19.60196877
v -29.71819687 17.20916176 18.85185814
v -31.68877029 16.29280090 17.76061249
v -33.36658478 15.09769726 16.39184761
v -34.66971588 13.64388371 14.82535553
v -35.53360367 11.97036648 13.24560642
v -35.82223129 11.09133625 13.00000000
v -26.33881378 17.90235138 19.86919022
v -28.56374741 17.41513252 19.34613991
v -30.65027046 16.66740799 18.45314407
v -32.49908829 15.64333725 17.24225616
v -34.01993179 14.34983921 15.78406811
v -35.13869095 12.81514263 14.16358185
v -25.01134109 18.04048538 19.99180031
v -27.27968216 17.67396927 19.70682526
v -29.46926498 17.06501007 19.03087616
v -31.47855949 16.18472099 18.00335884
v -33.21052170 15.02708149 16.68416977
v -34.58016205 13.60864067 15.15021324
v -35.52135468 11.96624088 13.49091053
v -26.06261063 17.71461868 19.92631912
v -28.29860497 17.25347710 19.48164749
v -30.41394615 16.53889465 18.65913010
v -32.30825043 15.55147839 17.50671387
v -33.88887405 14.29455948 16.09157944
v -35.07820129 12.79308128 14.49622154
v -27.00535011 17.49623489 19.79596710
v -29.21312714 16.91668510 19.19576645
v -31.25815010 16.07139587 18.23438263
v -33.04175186 14.95071793 16.96786118
v -34.47608185 13.56768131 15.47003365
v -35.49109268 11.95604610 13.82821655
v -25.78444672 17.52555275 19.96722031
v -28.02817535 17.08859825 19.60196877
v -30.16914177 16.40577316 18.85185814
v -32.10610580 15.45417595 17.76061249
v -33.74426270 14.23356056 16.39184761
v -35.00265884 12.76553059 14.82535553
v -26.72771835 17.31636238 19.86919022
v -28.95038414 16.76453781 19.34613991
v -31.02805710 15.95309448 18.45314407
v -35.81811523 11.09006214 13.24560642
v -32.86067581 14.86878395 17.24225616
v -34.35772705 13.52110386 15.78406811
v -35.44540024 11.94065285 14.16358185
v -25.50497055 17.33559418 19.99180031
v -27.75309181 16.92088127 19.70682526
v -29.91643143 16.26835060 19.03087616
v -31.89312553 15.35165977 18.00335884
v -33.58643341 14.16698647 16.68416977
v -34.91224289 12.73255634 15.15021324
v -35.80576706 11.08623886 13.49091053
v -26.44743729 17.13477325 19.92631912
v -28.68165398 16.60892105 19.48164749
v -30.78882027 15.83008957 18.65913010
v -32.66771317 14.78147221 17.50671387
v -34.22536850 13.46901608 16.09157944
v -35.38438034 11.92009640 14.49622154
v -27.47399712 16.75071907 19.79596710
v -29.65640640 16.12695122 19.19576645
v -31.66981316 15.24416924 18.23438263
v -33.41575241 14.09499264 16.96786118
v -34.80716324 12.69423485 15.47003365
v -35.77526093 11.07679367 13.82821655
v -26.16516495 16.95189476 19.96722031
v -28.40756416 16.45020103 19.60196877
v -30.54099846 15.70267200 18.85185814
v -32.46331787 14.68898869 17.76061249
v -34.07931900 13.41154003 16.39184761
v -35.30817795 11.89442635 14.82535553
v -36.08736420 10.17983150 13.24560642
v -36.32669830 9.30704594 13.00000000
v -27.19154739 16.57851028 19.86919022
v -29.38967896 15.98190594 19.34613991
v -31.43668938 15.13195515 18.45314407
v -33.23262787 14.01774883 17.24225616
v -34.68767166 12.65065479 15.78406811
v -35.72920227 11.06253242 14.16358185
v -25.88156319 16.76815605 19.99180031
v -28.12875557 16.28874969 19.70682526
v -30.28517342 15.57113934 19.03087616
v -32.24797058 14.59154797 18.00335884
v -33.91992188 13.34881115 16.68416977
v -35.21697235 11.86370182 15.15021324
v -36.07492447 10.17632294 13.49091053
v -26.90640259 16.40466118 19.92631912
v -29.11686897 15.83355427 19.48164749
v -31.19430161 15.01528263 18.65913010
v -33.03747940 13.93543530 17.50671387
v -34.55404282 12.60192013 16.09157944
v -35.66769409 11.04348850 14.49622154
v -27.84588432 16.12494469 19.79596710
v -30.02194405 15.43580055 19.19576645
v -32.02217484 14.48937893 18.23438263
v -33.74755096 13.28097534 16.96786118
v -35.11098099 11.82799530 15.47003365
v -36.04418945 10.16765308 13.82821655
v -26.61923218 16.22957420 19.96722031
v -28.83861923 15.68224430 19.60196877
v -30.94321632 14.89442348 18.85185814
v -32.83077240 13.84824371 17.76061249
v -34.40659332 12.54814434 16.39184761
v -35.59088135 11.01970577 14.82535553
v -27.55961037 15.95917034 19.86919022
v -29.75192642 15.29697132 19.34613991
v -36.32252121 9.30597591 13.24560642
v -31.78645706 14.38272190 18.45314407
v -33.56260300 13.20819187 17.24225616
v -34.99044418 11.78738976 15.78406811
v -35.99778366 10.15456200 14.16358185
v -26.33070946 16.05366325 19.99180031
v -28.55558205 15.52832985 19.70682526
v -30.68402100 14.76966095 19.03087616
v -32.61298752 13.75638103 18.00335884
v -34.24566269 12.48945332 16.68416977
v -35.49894714 10.99124050 15.15021324
v -36.31000137 9.30276871 13.49091053
v -27.27060699 15.79181480 19.92631912
v -29.47575569 15.15497780 19.48164749
v -31.54137230 14.27182579 18.65913010
v -33.36552048 13.13063240 17.50671387
v -34.85564804 11.74198055 16.09157944
v -35.93581390 10.13708115 14.49622154
v -28.26841736 15.37217140 19.79596710
v -30.41732597 14.64128780 19.19576645
v -32.38463593 13.66005993 18.23438263
v -34.07163620 12.42598534 16.96786118
v -35.39210510 10.95816040 15.47003365
v -36.27906799 9.29484272 13.82821655
v -26.97954941 15.62327003 19.96722031
v -29.19407654 15.01015186 19.60196877
v -31.28749275 14.15695095 18.85185814
v -33.15676117 13.04847717 17.76061249
v -34.70690918 11.69187450 16.39184761
v -35.85842514 10.11525059 14.82535553
v -36.55095673 8.36386299 13.24560642
v -36.74234772 7.50000000 13.00000000
v -27.97780037 15.21413612 19.86919022
v -30.14375305 14.50960445 19.34613991
v -32.14624786 13.55950737 18.45314407
v -33.88491440 12.35788727 17.24225616
v -35.27060318 10.92054081 15.78406811
v -36.23235703 9.28287601 14.16358185
v -26.68712044 15.45392990 19.99180031
v -28.90754890 14.86283398 19.70682526
v -31.02541542 14.03836632 19.03087616
v -32.93681335 12.96191883 18.00335884
v -34.54457474 11.63718796 16.68416977
v -35.76579666 10.08912182 15.15021324
v -36.53836060 8.36098003 13.49091053
v -27.68441200 15.05459309 19.92631912
v -29.86394501 14.37491989 19.48164749
v -31.89838982 13.45495892 18.65913010
v -33.68593597 12.28532028 17.50671387
v -35.13472748 10.87847137 16.09157944
v -36.16998291 9.26689529 14.49622154
v -28.61684608 14.71336842 19.79596710
v -30.75575256 13.91634846 19.19576645
v -32.70619202 12.87116051 18.23438263
v -34.36903000 11.57805061 16.96786118
v -35.65814972 10.05875587 15.47003365
v -36.50722885 8.35385704 13.82821655
v -27.38893700 14.89391613 19.96722031
v -29.57855606 14.23754883 19.60196877
v -31.64163589 13.34665871 18.85185814
v -33.47517395 12.20845413 17.76061249
v -34.98479843 10.83204937 16.39184761
v -36.09209061 9.24693871 14.82535553
v -28.32264709 14.56210613 19.86919022
v -36.73812485 7.49913788 13.24560642
v -30.47913551 13.79118538 19.34613991
v -32.46543884 12.77641487 18.45314407
v -34.18067932 11.51459980 17.24225616
v -35.53573608 10.02422428 15.78406811
v -36.46022797 8.34310150 14.16358185
v -27.09207153 14.73248196 19.99180031
v -29.28825569 14.09781361 19.70682526
v -31.37659264 13.23486137 19.03087616
v -33.25311279 12.12746811 18.00335884
v -34.82116699 10.78138542 16.68416977
v -35.99885941 9.22305298 15.15021324
v -36.72546005 7.49655294 13.49091053
v -28.02564240 14.40939999 19.92631912
v -30.19621468 13.66316986 19.48164749
v -32.21511841 12.67790413 18.65913010
v -33.97996521 11.44698524 17.50671387
v -35.39884186 9.98560810 16.09157944
v -36.39746094 8.32873821 14.49622154
v -28.99372292 13.95604134 19.79596710
v -31.10387611 13.11982727 19.19576645
v -33.02027512 12.04255295 18.23438263
v -34.64421463 10.72659683 16.96786118
v -35.89051437 9.19529343 15.47003365
v -36.69417191 7.49016619 13.82821655
v -27.72652626 14.25560951 19.96722031
v -29.90764999 13.53260040 19.60196877
v -31.95581627 12.57585907 18.85185814
v -33.76736069 11.37536335 17.76061249
v -35.24778366 9.94299603 16.39184761
v -36.31907654 8.31080246 14.82535553
v -28.69565010 13.81256390 19.86919022
v -30.82412910 13.00182819 19.34613991
v -32.77721405 11.95390701 18.45314407
v -36.92323303 6.52699757 13.24560642
v -37.04105377 5.84896088 13.00000000
v -34.45435333 10.66781235 17.24225616
v -35.76729965 9.16372585 15.78406811
v -36.64692688 7.48052263 14.16358185
v -27.42600060 14.10109425 19.99180031
v -29.61411858 13.39978409 19.70682526
v -31.68814087 12.47051811 19.03087616
v -33.54336166 11.29990482 18.00335884
v -35.08292007 9.89649010 16.68416977
v -36.22526169 8.28933430 15.15021324
v -36.91050339 6.52474737 13.49091053
v -28.39473343 13.66771889 19.92631912
v -30.53800583 12.88113976 19.48164749
v -32.52448654 11.86173820 18.65913010
v -34.25203323 10.60516930 17.50671387
v -35.62951279 9.12842464 16.09157944
v -36.58383942 7.46764517 14.49622154
v -29.31631088 13.26503086 19.79596710
v -31.41271782 12.36212826 19.19576645
v -33.30849457 11.22078323 18.23438263
v -34.90463638 9.84619904 16.96786118
v -36.11623383 8.26438618 15.47003365
v -36.87905884 6.51918888 13.82821655
v -37.03679657 5.84828854 13.24560642
v -28.09167862 13.52184391 19.96722031
v -30.24617577 12.75804329 19.60196877
v -32.26269531 11.76626205 18.85185814
v -34.03772736 10.53881550 17.76061249
v -35.47747040 9.08947086 16.39184761
v -36.50505447 7.45156336 14.82535553
v -29.01492119 13.12865829 19.86919022
v -31.13019180 12.25094318 19.34613991
v -33.06330872 11.13818645 18.45314407
v -34.71335220 9.79223919 17.24225616
v -37.02402878 5.84627295 13.49091053
v -35.99224472 8.23601437 15.78406811
v -36.83157730 6.51079512 14.16358185
v -27.78719521 13.37528229 19.99180031
v -29.94932175 12.63282871 19.70682526
v -31.99244881 11.66770267 19.03087616
v -33.81193542 10.46890545 18.00335884
v -35.31153488 9.04695702 16.68416977
v -36.41075897 7.43231487 15.15021324
v -28.71065521 12.99098492 19.92631912
v -30.84122658 12.13722420 19.48164749
v -32.80837631 11.05230713 18.65913010
v -34.50951004 9.73473740 17.50671387
v -36.99248505 5.84129190 13.82821655
v -35.85359192 8.20428658 16.09157944
v -36.76816940 6.49958706 14.49622154
v -29.64814186 12.50578880 19.79596710
v -31.71438026 11.56629086 19.19576645
v -33.57518768 10.39560318 18.23438263
v -35.13208771 9.00098228 16.96786118
v -36.30117035 7.40994549 15.47003365
v -28.40422821 12.85233212 19.96722031
v -30.54649925 12.02123737 19.60196877
v -32.54430008 10.96334648 18.85185814
v -34.29359436 9.67383003 17.76061249
v -36.94485855 5.83377123 14.16358185
v -35.70059586 8.16927624 16.39184761
v -36.68899155 6.48558998 14.82535553
v -29.34334183 12.37722206 19.86919022
v -31.42914200 11.46226406 19.34613991
v -33.32803726 10.31908035 18.45314407
v -34.93955612 8.95165443 17.24225616
v -36.17654800 7.38450718 15.78406811
v -37.20325470 4.67382431 13.24560642
v -37.26560974 4.18621302 13.00000000
v -28.09635735 12.71302700 19.99180031
v -30.24669838 11.90325451 19.70682526
v -32.27169418 10.87151241 19.03087616
v -34.06610489 9.60965729 18.00335884
v -36.88125992 5.82372856 14.49622154
v -35.53361130 8.13106632 16.68416977
v -36.59421921 6.46883678 15.15021324
v -37.19042969 4.67221308 13.49091053
v -29.03563118 12.24742794 19.92631912
v -31.13740349 11.35586548 19.48164749
v -33.07106781 10.23951626 18.65913010
v -34.73438644 8.89908981 17.50671387
v -36.03718567 7.35605955 16.09157944
v -29.94252777 11.78355122 19.79596710
v -31.99119949 10.77702045 19.19576645
v -33.82757568 9.54237175 18.23438263
v -36.80183411 5.81118679 14.82535553
v -35.35303879 8.08974648 16.96786118
v -36.48407745 6.44936752 15.47003365
v -37.15874481 4.66823244 13.82821655
v -28.72573662 12.11671162 19.96722031
v -30.83984375 11.24734592 19.60196877
v -32.80487442 10.15709782 18.85185814
v -34.51706314 8.84341049 17.76061249
v -35.88340378 7.32466936 16.39184761
v -29.63470078 11.66240883 19.86919022
v -31.70347214 10.68009281 19.34613991
v -33.57856750 9.47212982 18.45314407
v -36.70677185 5.79617596 15.15021324
v -35.15929413 8.04541206 17.24225616
v -36.35882950 6.42722654 15.78406811
v -37.11090469 4.66222239 14.16358185
v -28.41438103 11.98537922 19.99180031
v -30.53716469 11.13695812 19.70682526
v -32.53008652 10.07201767 19.03087616
v -34.28808975 8.78474712 18.00335884
v -35.71556854 7.29041004 16.68416977
v -29.32393646 11.54011154 19.92631912
v -31.40918541 10.58095455 19.48164749
v -33.31966782 9.39909649 18.65913010
v -36.59629059 5.77873087 15.47003365
v -34.95283508 7.99816895 17.50671387
v -36.21876144 6.40246677 16.09157944
v -37.04701614 4.65419626 14.49622154
v -30.23007393 11.02496147 19.79596710
v -32.24734497 9.98447514 19.19576645
v -34.04800797 8.72323704 18.23438263
v -35.53406906 7.25336170 16.96786118
v -29.01096344 11.41694450 19.96722031
v -31.10902977 10.47984028 19.60196877
v -33.05147171 9.32344246 18.85185814
v -36.47065735 5.75889254 15.78406811
v -34.73414612 7.94812632 17.76061249
v -36.06420517 6.37514591 16.39184761
v -36.96723557 4.64417315 14.82535553
v -29.91928864 10.91161728 19.86919022
v -31.95731354 9.89467430 19.34613991
v -33.79737854 8.65902424 18.45314407
v -35.33933258 7.21361160 17.24225616
v -37.39032364 2.80897379 13.24560642
v -37.41556168 2.51508451 13.00000000
v -28.69651604 11.29319668 19.99180031
v -30.80370903 10.37698460 19.70682526
v -32.77462006 9.24534512 19.03087616
v -36.33015823 5.73670721 16.09157944
v -34.50373459 7.89540148 18.00335884
v -35.89552689 6.34532738 16.68416977
v -36.87174606 4.63217688 15.15021324
v -37.37743759 2.80800533 13.49091053
v -29.60554123 10.79719257 19.92631912
v -31.66067123 9.80282784 19.48164749
v -33.53678894 8.59226036 18.65913010
v -35.13181686 7.17125225 17.50671387
v -30.49393654 10.27263069 19.79596710
v -32.48975372 9.16498756 19.19576645
v -36.17512894 5.71222734 16.39184761
v -34.26214218 7.84011889 18.23438263
v -35.71311188 6.31308174 16.96786118
v -36.76076889 4.61823511 15.47003365
v -37.34559250 2.80561304 13.82821655
v -29.28956223 10.68195534 19.96722031
v -31.35811234 9.70914936 19.60196877
v -33.26684952 8.52310085 18.85185814
v -34.91200638 7.12638330 17.76061249
v -30.18043900 10.16702175 19.86919022
v -32.19754028 9.08255768 19.34613991
v -36.00592804 5.68550968 16.68416977
v -34.00993347 7.78240728 18.45314407
v -35.51739502 6.27848482 17.24225616
v -36.63457108 4.60238075 15.78406811
v -37.29751205 2.80200100 14.16358185
v -28.97209549 10.56617451 19.99180031
v -31.05034637 9.61385822 19.70682526
v -32.98818970 8.45170689 19.03087616
v -34.68041611 7.07911015 18.00335884
v -29.86395264 10.06040478 19.92631912
v -31.89866829 8.99824905 19.48164749
v -35.82295609 5.65661716 16.96786118
v -33.74770737 7.72240210 18.65913010
v -35.30883408 6.24161673 17.50671387
v -36.49344254 4.58465099 16.09157944
v -37.23330307 2.79717731 14.49622154
v -30.73809433 9.51717758 19.79596710
v -32.70146942 8.37824726 19.19576645
v -34.43758392 7.02954292 18.23438263
v -29.54521561 9.95303154 19.96722031
v -31.59383583 8.91225910 19.60196877
v -35.62663651 5.62561750 17.24225616
v -33.47606659 7.66024351 18.85185814
v -35.08791351 6.20256424 17.76061249
v -36.33771515 4.56508684 16.39184761
v -37.15311813 2.79115343 14.82535553
v -30.42208672 9.41933537 19.86919022
v -32.40735245 8.30289364 19.34613991
v -34.18408966 6.97779799 18.45314407
v -37.48397827 0.93710500 13.24560642
v -37.49061584 0.83892137 13.00000000
v -29.22497749 9.84515095 19.99180031
v -31.28375626 8.82478905 19.70682526
v -35.41743088 5.59258318 17.50671387
v -33.19565582 7.59607792 19.03087616
v -34.85515594 6.16141939 18.00335884
v -36.16775513 4.54373503 16.68416977
v -37.05714798 2.78394365 15.15021324
v -37.47105789 0.93678200 13.49091053
v -30.10306549 9.32055950 19.92631912
v -32.10653305 8.22582245 19.48164749
v -33.92051697 6.92399645 18.65913010
v -30.96915627 8.73604393 19.79596710
v -35.19583130 5.55759192 17.76061249
v -32.90713120 7.53005552 19.19576645
v -34.61110306 6.11827755 18.23438263
v -35.98395538 4.52064466 16.96786118
v -36.94561768 2.77556467 15.47003365
v -37.43913269 0.93598390 13.82821655
v -29.78177834 9.22108173 19.96722031
v -31.79971123 8.14721394 19.60196877
v -33.64748764 6.86826468 18.85185814
v -30.65077400 8.64623260 19.86919022
v -34.96236038 5.52072525 18.00335884
v -32.61116409 7.46233034 19.34613991
v -34.35632706 6.07324028 18.45314407
v -35.78675461 4.49587011 17.24225616
v -36.81878281 2.76603603 15.78406811
v -37.39093018 0.93477881 14.16358185
v -29.45897484 9.12113476 19.99180031
v -31.48761177 8.06725311 19.70682526
v -33.36564255 6.81073284 19.03087616
v -30.32935524 8.55556393 19.92631912
v -34.71755600 5.48206949 18.23438263
v -32.30845261 7.39306164 19.48164749
v -34.09142685 6.02641344 18.65913010
v -35.57661057 4.46947002 17.50671387
v -36.67694473 2.75538039 16.09157944
v -37.32656097 0.93316960 14.49622154
v -31.17096329 7.98612595 19.79596710
v -33.07563782 6.75153637 19.19576645
v -30.00565147 8.46425056 19.96722031
v -34.46199799 5.44171572 18.45314407
v -31.99970436 7.32241106 19.60196877
v -33.81702423 5.97790623 18.85185814
v -35.35401535 4.44150543 17.76061249
v -36.52043152 2.74362254 16.39184761
v -37.24617767 0.93115997 14.82535553
v -30.85050583 7.90402365 19.86919022
v -37.48630524 -0.83882493 13.24560642
v -37.49061584 -0.83892137 13.00000000
v -32.77815628 6.69081306 19.34613991
v -29.68042183 8.37250710 19.99180031
v -34.19628143 5.39975786 18.65913010
v -31.68564224 7.25054502 19.70682526
v -33.53375626 5.92783260 19.03087616
v -37.47338486 -0.83853579 13.49091053
v -35.11949539 4.41204262 18.00335884
v -36.34961700 2.73078990 16.68416977
v -37.14996719 0.92875469 15.15021324
v -30.52699089 7.82113791 19.92631912
v -32.47389221 6.62870598 19.48164749
v -33.92103577 5.35629511 18.85185814
v -31.36700058 7.17763138 19.79596710
v -33.24229431 5.87630987 19.19576645
v -37.44145966 -0.83782136 13.82821655
v -34.87358856 4.38114977 18.23438263
v -36.16489792 2.71691251 16.96786118
v -37.03815460 0.92595935 15.47003365
v -30.20117950 7.73766327 19.96722031
v -32.16356277 6.56536007 19.60196877
v -33.63689804 5.31142807 19.03087616
v -31.04452896 7.10384083 19.86919022
v -32.94331360 5.82345867 19.34613991
v -37.39325333 -0.83674270 14.16358185
v -34.61688232 4.34889984 18.45314407
v -35.96670532 2.70202327 17.24225616
v -36.91100311 0.92278057 15.78406811
v -29.87383080 7.65379572 19.99180031
v -31.84789276 6.50092363 19.70682526
v -33.34453583 5.26526308 19.19576645
v -30.71897888 7.02934599 19.92631912
v -32.63751602 5.76940250 19.48164749
v -37.32888031 -0.83530223 14.49622154
v -34.34997559 4.31536818 18.65913010
v -35.75550461 2.68615651 17.50671387
v -36.76881027 0.91922569 16.09157944
v -31.52762032 6.43554831 19.79596710
v -37.41126251 -2.51479554 13.24560642
v -37.41556168 -2.51508451 13.00000000
v -33.04463577 5.21790743 19.34613991
v -30.39111710 6.95432234 19.96722031
v -32.32562256 5.71426821 19.60196877
v -37.24849319 -0.83350337 14.82535553
v -34.07349014 4.28063345 18.85185814
v -35.53178787 2.66934991 17.76061249
v -36.61190796 0.91530311 16.39184761
v -31.20349693 6.36938715 19.86919022
v -37.39836502 -2.51392865 13.49091053
v -32.73789978 5.16947222 19.48164749
v -30.06171036 6.87894487 19.99180031
v -32.00836182 5.65818548 19.70682526
v -37.15227509 -0.83135039 15.15021324
v -33.78807449 4.24477720 19.03087616
v -35.29608536 2.65164256 18.00335884
v -36.44066238 0.91102201 16.68416977
v -30.87627983 6.30259418 19.92631912
v -37.36650467 -2.51178694 13.82821655
v -32.42504501 5.12007141 19.60196877
v -31.68647575 5.60128498 19.79596710
v -37.04045486 -0.82884818 15.47003365
v -33.49440002 4.20788288 19.19576645
v -35.04894638 2.63307595 18.23438263
v -36.25548172 0.90639240 16.96786118
v -30.54673958 6.23532724 19.96722031
v -37.31839752 -2.50855303 14.16358185
v -32.10680771 5.06981993 19.70682526
v -31.36071777 5.54370022 19.86919022
v -36.91329575 -0.82600278 15.78406811
v -33.19314957 4.17003727 19.34613991
v -34.79095078 2.61369371 18.45314407
v -36.05678940 0.90142512 17.24225616
v -30.21564674 6.16774273 19.99180031
v -37.25415039 -2.50423455 14.49622154
v -31.78393364 5.01883602 19.79596710
v -31.03185463 5.48556614 19.92631912
v -36.77109146 -0.82282072 16.09157944
v -32.88503647 4.13132906 19.48164749
v -34.52269745 2.59354138 18.65913010
v -35.84506226 0.89613187 17.50671387
v -37.26132584 -4.18573189 13.24560642
v -37.26560974 -4.18621302 13.00000000
v -37.17392349 -2.49884152 14.82535553
v -31.45717430 4.96723938 19.86919022
v -30.70065308 5.42701912 19.96722031
v -36.61418152 -0.81930953 16.39184761
v -32.57077789 4.09184885 19.60196877
v -37.24848175 -4.18428898 13.49091053
v -34.24482346 2.57266569 18.85185814
v -35.62078857 0.89052498 17.76061249
v -37.07789993 -2.49238682 15.15021324
v -31.12729836 4.91515064 19.92631912
v -30.36789131 5.36819601 19.99180031
v -36.44292831 -0.81547737 16.68416977
v -32.25111008 4.05168915 19.70682526
v -37.21674728 -4.18072414 13.82821655
v -33.95797348 2.55111575 19.03087616
v -35.38449478 0.88461757 18.00335884
v -36.96630478 -2.48488522 15.47003365
v -30.79507828 4.86269140 19.96722031
v -36.25773239 -0.81133330 16.96786118
v -31.92678261 4.01094389 19.79596710
v -37.16883087 -4.17534161 14.16358185
v -33.66281891 2.52894235 19.19576645
v -35.13673401 0.87842357 18.23438263
v -36.83939743 -2.47635460 15.78406811
v -30.46129227 4.80998516 19.99180031
v -36.05902863 -0.80688703 17.24225616
v -31.59855461 3.96970892 19.86919022
v -37.10484695 -4.16815376 14.49622154
v -33.36005783 2.50619721 19.34613991
v -34.87808990 0.87195748 18.45314407
v -36.69747925 -2.46681499 16.09157944
v -37.03679657 -5.84828854 13.24560642
v -37.04105377 -5.84896088 13.00000000
v -35.84728622 -0.80214888 17.50671387
v -31.26719666 3.92808056 19.92631912
v -37.02494049 -4.15917730 14.82535553
v -33.05039597 2.48293352 19.48164749
v -34.60916901 0.86523432 18.65913010
v -36.54088211 -2.45628834 16.39184761
v -37.02402878 -5.84627295 13.49091053
v -35.62300110 -0.79712999 17.76061249
v -30.93348312 3.88615656 19.96722031
v -36.92929840 -4.14843369 15.15021324
v -32.73455429 2.45920587 19.60196877
v -34.33059692 0.85826999 18.85185814
v -36.36997223 -2.44479966 16.68416977
v -36.99248505 -5.84129190 13.82821655
v -36.92323303 -6.52699757 13.24560642
v -36.74234772 -7.50000000 13.00000000
v -35.38669205 -0.79184216 18.00335884
v -30.59819794 3.84403467 19.99180031
v -36.81814957 -4.13594818 15.47003365
v -32.41328049 2.43506980 19.70682526
v -34.04302597 0.85108078 19.03087616
v -36.91050339 -6.52474737 13.49091053
v -36.18514633 -2.43237567 16.96786118
v -36.94485855 -5.83377123 14.16358185
v -35.13891602 -0.78629780 18.23438263
v -36.69175339 -4.12174940 15.78406811
v -32.08732224 2.41058183 19.79596710
v -33.74713516 0.84368342 19.19576645
v -36.87905884 -6.51918888 13.82821655
v -35.98684311 -2.41904569 17.24225616
v -36.88125992 -5.82372856 14.49622154
v -34.88025665 -0.78050983 18.45314407
v -36.55040359 -4.10587072 16.09157944
v -31.75744438 2.38579965 19.86919022
v -33.44361496 0.83609533 19.34613991
v -36.73812485 -7.49913788 13.24560642
v -36.83157730 -6.51079512 14.16358185
v -35.77552414 -2.40484071 17.50671387
v -36.80183411 -5.81118679 14.82535553
v -34.61131668 -0.77449179 18.65913010
v -36.39443588 -4.08834982 16.39184761
v -31.42441940 2.36078095 19.92631912
v -36.72546005 -7.49655294 13.49091053
v -33.13317490 0.82833433 19.48164749
v -36.76816940 -6.49958706 14.49622154
v -35.55168533 -2.38979435 17.76061249
v -36.70677185 -5.79617596 15.15021324
v -34.33272934 -0.76825786 18.85185814
v -36.22420883 -4.06922770 16.68416977
v -31.08902740 2.33558440 19.96722031
v -36.69417191 -7.49016619 13.82821655
v -32.81654739 0.82041854 19.60196877
v -36.68899155 -6.48558998 14.82535553
v -35.31584930 -2.37394142 18.00335884
v -36.59629059 -5.77873087 15.47003365
v -36.55095673 -8.36386299 13.24560642
v -36.32669830 -9.30704594 13.00000000
v -34.04514313 -0.76182258 19.03087616
v -36.04012680 -4.04854870 16.96786118
v -30.75205612 2.31026912 19.99180031
v -36.64692688 -7.48052263 14.16358185
v -32.49446487 0.81236649 19.70682526
v -36.59421921 -6.46883678 15.15021324
v -35.06857300 -2.35731936 18.23438263
v -36.53836060 -8.36098003 13.49091053
v -36.47065735 -5.75889254 15.78406811
v -33.74923325 -0.75520104 19.19576645
v -35.84261703 -4.02636194 17.24225616
v -36.58383942 -7.46764517 14.49622154
v -32.16769028 0.80419707 19.79596710
v -36.48407745 -6.44936752 15.47003365
v -34.81043243 -2.33996701 18.45314407
v -36.50722885 -8.35385704 13.82821655
v -36.33015823 -5.73670721 16.09157944
v -33.44569397 -0.74840879 19.34613991
v -35.63214493 -4.00271845 17.50671387
v -36.50505447 -7.45156336 14.82535553
v -31.83698654 0.79592943 19.86919022
v -36.32252121 -9.30597591 13.24560642
v -36.35882950 -6.42722654 15.78406811
v -34.54203033 -2.32192492 18.65913010
v -36.46022797 -8.34310150 14.16358185
v -36.17512894 -5.71222734 16.39184761
v -33.13523483 -0.74146169 19.48164749
v -35.40920258 -3.97767448 17.76061249
v -36.41075897 -7.43231487 15.15021324
v -36.31000137 -9.30276871 13.49091053
v -31.50312805 0.78758287 19.92631912
v -36.21876144 -6.40246677 16.09157944
v -34.26399994 -2.30323553 18.85185814
v -36.39746094 -8.32873821 14.49622154
v -36.00592804 -5.68550968 16.68416977
v -32.81858444 -0.73437607 19.60196877
v -35.17431259 -3.95128822 18.00335884
v -36.30117035 -7.40994549 15.47003365
v -36.27906799 -9.29484272 13.82821655
v -31.16689873 0.77917707 19.96722031
v -36.06420517 -6.37514591 16.39184761
v -33.97698593 -2.28394270 19.03087616
v -36.31907654 -8.31080246 14.82535553
v -35.82295609 -5.65661716 16.96786118
v -36.08736420 -10.17983150 13.24560642
v -35.82223129 -11.09133625 13.00000000
v -32.49648285 -0.72716850 19.70682526
v -34.92802429 -3.92362165 18.23438263
v -36.17654800 -7.38450718 15.78406811
v -36.23235703 -9.28287601 14.16358185
v -30.82908249 0.77073163 19.99180031
v -35.89552689 -6.34532738 16.68416977
v -33.68167114 -2.26409125 19.19576645
v -36.22526169 -8.28933430 15.15021324
v -35.62663651 -5.62561750 17.24225616
v -36.07492447 -10.17632294 13.49091053
v -32.16968918 -0.71985584 19.79596710
v -34.67091751 -3.89473963 18.45314407
v -36.03718567 -7.35605955 16.09157944
v -36.16998291 -9.26689529 14.49622154
v -35.71311188 -6.31308174 16.96786118
v -33.37873840 -2.24372816 19.34613991
v -36.11623383 -8.26438618 15.47003365
v -35.41743088 -5.59258318 17.50671387
v -36.04418945 -10.16765308 13.82821655
v -31.83896446 -0.71245527 19.86919022
v -34.40359116 -3.86470985 18.65913010
v -35.88340378 -7.32466936 16.39184761
v -36.09209061 -9.24693871 14.82535553
v -35.81811523 -11.09006214 13.24560642
v -35.51739502 -6.27848482 17.24225616
v -33.06890106 -2.22290087 19.48164749
v -35.99224472 -8.23601437 15.78406811
v -35.19583130 -5.55759192 17.76061249
v -35.99778366 -10.15456200 14.16358185
v -31.50508499 -0.70498413 19.92631912
v -34.12667465 -3.83360243 18.85185814
v -35.71556854 -7.29041004 16.68416977
v -35.99885941 -9.22305298 15.15021324
v -35.80576706 -11.08623886 13.49091053
v -35.30883408 -6.24161673 17.50671387
v -32.75288391 -2.20165801 19.60196877
v -35.85359192 -8.20428658 16.09157944
v -34.96236038 -5.52072525 18.00335884
v -35.93581390 -10.13708115 14.49622154
v -31.16883278 -0.69745988 19.96722031
v -33.84081650 -3.80149055 19.03087616
v -35.53406906 -7.25336170 16.96786118
v -35.89051437 -9.19529343 15.47003365
v -35.77526093 -11.07679367 13.82821655
v -35.08791351 -6.20256424 17.76061249
v -32.43143082 -2.18004990 19.70682526
v -35.70059586 -8.16927624 16.39184761
v -34.71755600 -5.48206949 18.23438263
v -35.85842514 -10.11525059 14.82535553
v -35.53360367 -11.97036648 13.24560642
v -35.23018265 -12.84850979 13.00000000
v -30.83099747 -0.68990016 19.99180031
v -33.54668045 -3.76844907 19.19576645
v -35.33933258 -7.21361160 17.24225616
v -35.76729965 -9.16372585 15.78406811
v -35.72920227 -11.06253242 14.16358185
v -34.85515594 -6.16141939 18.00335884
v -32.10528946 -2.15812659 19.79596710
v -35.53361130 -8.13106632 16.68416977
v -34.46199799 -5.44171572 18.45314407
v -35.76579666 -10.08912182 15.15021324
v -35.52135468 -11.96624088 13.49091053
v -33.24496460 -3.73455572 19.34613991
v -35.13181686 -7.17125225 17.50671387
v -35.62951279 -9.12842464 16.09157944
v -35.66769409 -11.04348850 14.49622154
v -34.61110306 -6.11827755 18.23438263
v -31.77522659 -2.13593960 19.86919022
v -35.35303879 -8.08974648 16.96786118
v -34.19628143 -5.39975786 18.65913010
v -35.65814972 -10.05875587 15.47003365
v -35.49109268 -11.95604610 13.82821655
v -32.93636703 -3.69988990 19.48164749
v -34.91200638 -7.12638330 17.76061249
v -35.47747040 -9.08947086 16.39184761
v -35.59088135 -11.01970577 14.82535553
v -34.35632706 -6.07324028 18.45314407
v -35.22613525 -12.84703350 13.24560642
v -31.44201660 -2.11354113 19.92631912
v -35.15929413 -8.04541206 17.24225616
v -33.92103577 -5.35629511 18.85185814
v -35.53573608 -10.02422428 15.78406811
v -35.44540024 -11.94065285 14.16358185
v -32.62162018 -3.66453266 19.60196877
v -34.68041611 -7.07911015 18.00335884
v -35.31153488 -9.04695702 16.68416977
v -35.49894714 -10.99124050 15.15021324
v -35.21399307 -12.84260464 13.49091053
v -34.09142685 -6.02641344 18.65913010
v -31.10643768 -2.09098339 19.96722031
v -34.95283508 -7.99816895 17.50671387
v -33.63689804 -5.31142807 19.03087616
v -35.39884186 -9.98560810 16.09157944
v -35.38438034 -11.92009640 14.49622154
v -32.30145264 -3.62856698 19.70682526
v -34.43758392 -7.02954292 18.23438263
v -35.13208771 -9.00098228 16.96786118
v -35.39210510 -10.95816040 15.47003365
v -35.18399048 -12.83166313 13.82821655
v -33.81702423 -5.97790623 18.85185814
v -30.76927757 -2.06831932 19.99180031
v -34.73414612 -7.94812632 17.76061249
v -33.34453583 -5.26526308 19.19576645
v -35.24778366 -9.94299603 16.39184761
v -35.30817795 -11.89442635 14.82535553
v -34.89106750 -13.73099422 13.24560642
v -34.55199814 -14.57426929 13.00000000
v -31.97661781 -3.59207678 19.79596710
v -34.18408966 -6.97779799 18.45314407
v -34.93955612 -8.95165443 17.24225616
v -35.27060318 -10.92054081 15.78406811
v -35.13869095 -12.81514263 14.16358185
v -33.53375626 -5.92783260 19.03087616
v -34.50373459 -7.89540148 18.00335884
v -33.04463577 -5.21790743 19.34613991
v -35.08292007 -9.89649010 16.68416977
v -35.21697235 -11.86370182 15.15021324
v -34.87903976 -13.72626114 13.49091053
v -31.64787865 -3.55514812 19.86919022
v -33.92051697 -6.92399645 18.65913010
v -34.73438644 -8.89908981 17.50671387
v -35.13472748 -10.87847137 16.09157944
v -35.07820129 -12.79308128 14.49622154
v -33.24229431 -5.87630987 19.19576645
v -34.26214218 -7.84011889 18.23438263
v -32.73789978 -5.16947222 19.48164749
v -34.90463638 -9.84619904 16.96786118
v -35.11098099 -11.82799530 15.47003365
v -34.84932327 -13.71456718 13.82821655
v -31.31600189 -3.51786709 19.92631912
v -33.64748764 -6.86826468 18.85185814
v -34.51706314 -8.84341049 17.76061249
v -34.98479843 -10.83204937 16.39184761
v -35.00265884 -12.76553059 14.82535553
v -32.94331360 -5.82345867 19.34613991
v -34.54802704 -14.57259464 13.24560642
v -34.00993347 -7.78240728 18.45314407
v -32.42504501 -5.12007141 19.60196877
v -34.71335220 -9.79223919 17.24225616
v -34.99044418 -11.78738976 15.78406811
v -34.80445480 -13.69690895 14.16358185
v -30.98176956 -3.48032093 19.96722031
v -33.36564255 -6.81073284 19.03087616
v -34.28808975 -8.78474712 18.00335884
v -34.82116699 -10.78138542 16.68416977
v -34.91224289 -12.73255634 15.15021324
v -34.53611755 -14.56757069 13.49091053
v -32.63751602 -5.76940250 19.48164749
v -33.74770737 -7.72240210 18.65913010
v -32.10680771 -5.06981993 19.70682526
v -34.50951004 -9.73473740 17.50671387
v -34.85564804 -11.74198055 16.09157944
v -34.74454117 -13.67333031 14.49622154
v -30.64595985 -3.44259810 19.99180031
v -33.07563782 -6.75153637 19.19576645
v -34.04800797 -8.72323704 18.23438263
v -34.64421463 -10.72659683 16.96786118
v -34.80716324 -12.69423485 15.47003365
v -34.50669479 -14.55516052 13.82821655
v -32.32562256 -5.71426821 19.60196877
v -33.47606659 -7.66024351 18.85185814
v -31.78393364 -5.01883602 19.79596710
v -34.29359436 -9.67383003 17.76061249
v -34.70690918 -11.69187450 16.39184761
v -34.66971588 -13.64388371 14.82535553
v -34.16135406 -15.45731449 13.24560642
v -33.78933716 -16.26439667 13.00000000
v -32.77815628 -6.69081306 19.34613991
v -33.79737854 -8.65902424 18.45314407
v -34.45435333 -10.66781235 17.24225616
v -34.68767166 -12.65065479 15.78406811
v -34.46226883 -14.53642082 14.16358185
v -32.00836182 -5.65818548 19.70682526
v -33.19565582 -7.59607792 19.03087616
v -31.45717430 -4.96723938 19.86919022
v -34.06610489 -9.60965729 18.00335884
v -34.54457474 -11.63718796 16.68416977
v -34.58016205 -13.60864067 15.15021324
v -34.14957809 -15.45198631 13.49091053
v -32.47389221 -6.62870598 19.48164749
v -33.53678894 -8.59226036 18.65913010
v -34.25203323 -10.60516930 17.50671387
v -34.55404282 -12.60192013 16.09157944
v -34.40294266 -14.51139641 14.49622154
v -31.68647575 -5.60128498 19.79596710
v -32.90713120 -7.53005552 19.19576645
v -31.12729836 -4.91515064 19.92631912
v -33.82757568 -9.54237175 18.23438263
v -34.36903000 -11.57805061 16.96786118
v -34.47608185 -13.56768131 15.47003365
v -34.12048721 -15.43882179 13.82821655
v -32.16356277 -6.56536007 19.60196877
v -33.26684952 -8.52310085 18.85185814
v -34.03772736 -10.53881550 17.76061249
v -34.40659332 -12.54814434 16.39184761
v -34.32885361 -14.48014545 14.82535553
v -31.36071777 -5.54370022 19.86919022
v -33.78545380 -16.26252747 13.24560642
v -32.61116409 -7.46233034 19.34613991
v -30.79507828 -4.86269140 19.96722031
v -33.57856750 -9.47212982 18.45314407
v -34.18067932 -11.51459980 17.24225616
v -34.35772705 -13.52110386 15.78406811
v -34.07655716 -15.41894531 14.16358185
v -31.84789276 -6.50092363 19.70682526
v -32.98818970 -8.45170689 19.03087616
v -33.81193542 -10.46890545 18.00335884
v -34.24566269 -12.48945332 16.68416977
v -34.24018097 -14.44274139 15.15021324
v -33.77380753 -16.25692177 13.49091053
v -31.03185463 -5.48556614 19.92631912
v -32.30845261 -7.39306164 19.48164749
v -30.46129227 -4.80998516 19.99180031
v -33.31966782 -9.39909649 18.65913010
v -33.97996521 -11.44698524 17.50671387
v -34.22536850 -13.46901608 16.09157944
v -34.01789474 -15.39240074 14.49622154
v -31.52762032 -6.43554831 19.79596710
v -32.70146942 -8.37824726 19.19576645
v -33.57518768 -10.39560318 18.23438263
v -34.07163620 -12.42598534 16.96786118
v -34.13712311 -14.39927197 15.47003365
v -33.74503708 -16.24307060 13.82821655
v -30.70065308 -5.42701912 19.96722031
v -31.99970436 -7.32241106 19.60196877
v -33.05147171 -9.32344246 18.85185814
v -33.76736069 -11.37536335 17.76061249
v -34.07931900 -13.41154003 16.39184761
v -33.94463348 -15.35925293 14.82535553
v -31.20349693 -6.36938715 19.86919022
v -32.40735245 -8.30289364 19.34613991
v -33.32803726 -10.31908035 18.45314407
v -33.34629059 -17.14501572 13.24560642
v -32.94406509 -17.91475677 13.00000000
v -33.88491440 -12.35788727 17.24225616
v -34.01993179 -14.34983921 15.78406811
v -33.70158768 -16.22215843 14.16358185
v -30.36789131 -5.36819601 19.99180031
v -31.68564224 -7.25054502 19.70682526
v -32.77462006 -9.24534512 19.03087616
v -33.54336166 -11.29990482 18.00335884
v -33.91992188 -13.34881115 16.68416977
v -33.85695267 -15.31957817 15.15021324
v -33.33479691 -17.13910675 13.49091053
v -30.87627983 -6.30259418 19.92631912
v -32.10653305 -8.22582245 19.48164749
v -33.07106781 -10.23951626 18.65913010
v -33.68593597 -12.28532028 17.50671387
v -33.88887405 -14.29455948 16.09157944
v -33.64356995 -16.19423103 14.49622154
v -31.36700058 -7.17763138 19.79596710
v -32.48975372 -9.16498756 19.19576645
v -33.30849457 -11.22078323 18.23438263
v -33.74755096 -13.28097534 16.96786118
v -33.75505066 -15.27346992 15.47003365
v -33.30639648 -17.12450409 13.82821655
v -30.54673958 -6.23532724 19.96722031
v -31.79971123 -8.14721394 19.60196877
v -32.80487442 -10.15709782 18.85185814
v -33.47517395 -12.20845413 17.76061249
v -33.74426270 -14.23356056 16.39184761
v -33.57111740 -16.15935707 14.82535553
v -32.94028091 -17.91269875 13.24560642
v -31.04452896 -7.10384083 19.86919022
v -32.19754028 -9.08255768 19.34613991
v -33.06330872 -11.13818645 18.45314407
v -33.56260300 -13.20819187 17.24225616
v -33.63916779 -15.22103596 15.78406811
v -33.26351547 -17.10245705 14.16358185
v -30.21564674 -6.16774273 19.99180031
v -31.48761177 -8.06725311 19.70682526
v -32.53008652 -10.07201767 19.03087616
v -33.25311279 -12.12746811 18.00335884
v -33.58643341 -14.16698647 16.68416977
v -33.48440170 -16.11761475 15.15021324
v -32.92892456 -17.90652275 13.49091053
v -30.71897888 -7.02934599 19.92631912
v -31.89866829 -8.99824905 19.48164749
v -32.80837631 -11.05230713 18.65913010
v -33.36552048 -13.13063240 17.50671387
v -33.50957870 -15.16239929 16.09157944
v -33.20625305 -17.07301521 14.49622154
v -31.17096329 -7.98612595 19.79596710
v -32.24734497 -9.98447514 19.19576645
v -33.02027512 -12.04255295 18.23438263
v -33.41575241 -14.09499264 16.96786118
v -33.38362122 -16.06910515 15.47003365
v -32.90087128 -17.89126778 13.82821655
v -30.39111710 -6.95432234 19.96722031
v -31.59383583 -8.91225910 19.60196877
v -32.54430008 -10.96334648 18.85185814
v -33.15676117 -13.04847717 17.76061249
v -33.36658478 -15.09769726 16.39184761
v -33.13474274 -17.03624725 14.82535553
v -30.85050583 -7.90402365 19.86919022
v -31.95731354 -9.89467430 19.34613991
v -32.77721405 -11.95390701 18.45314407
v -33.23262787 -14.01774883 17.24225616
v -33.26901627 -16.01393890 15.78406811
v -32.44791412 -18.78988075 13.24560642
v -32.01824570 -19.52131844 13.00000000
v -32.85851288 -17.86823273 14.16358185
v -30.06171036 -6.87894487 19.99180031
v -31.28375626 -8.82478905 19.70682526
v -32.27169418 -10.87151241 19.03087616
v -32.93681335 -12.96191883 18.00335884
v -33.21052170 -15.02708149 16.68416977
v -33.04915237 -16.99224091 15.15021324
v -32.43672943 -18.78340340 13.49091053
v -30.52699089 -7.82113791 19.92631912
v -31.66067123 -9.80282784 19.48164749
v -32.52448654 -11.86173820 18.65913010
v -33.03747940 -13.93543530 17.50671387
v -33.14085007 -15.95224857 16.09157944
v -32.80194473 -17.83747292 14.49622154
v -30.96915627 -8.73604393 19.79596710
v -31.99119949 -10.77702045 19.19576645
v -32.70619202 -12.87116051 18.23438263
v -33.04175186 -14.95071793 16.96786118
v -32.94968033 -16.94109917 15.47003365
v -32.40909576 -18.76740074 13.82821655
v -30.20117950 -7.73766327 19.96722031
v -31.35811234 -9.70914936 19.60196877
v -32.26269531 -11.76626205 18.85185814
v -32.83077240 -13.84824371 17.76061249
v -32.99943161 -15.88417625 16.39184761
v -32.73130417 -17.79905891 14.82535553
v -32.01456833 -19.51907539 13.24560642
v -30.65077400 -8.64623260 19.86919022
v -31.70347214 -10.68009281 19.34613991
v -32.46543884 -12.77641487 18.45314407
v -32.86067581 -14.86878395 17.24225616
v -32.83656693 -16.88294029 15.78406811
v -32.36736679 -18.74323845 14.16358185
v -29.87383080 -7.65379572 19.99180031
v -31.05034637 -9.61385822 19.70682526
v -31.99244881 -11.66770267 19.03087616
v -32.61298752 -13.75638103 18.00335884
v -32.84508514 -15.80988216 16.68416977
v -32.64675522 -17.75308228 15.15021324
v -32.00353241 -19.51234627 13.49091053
v -30.32935524 -8.55556393 19.92631912
v -31.40918541 -10.58095455 19.48164749
v -32.21511841 -12.67790413 18.65913010
v -32.66771317 -14.78147221 17.50671387
v -32.71006775 -16.81790161 16.09157944
v -32.31164932 -18.71097183 14.49622154
v -30.73809433 -9.51717758 19.79596710
v -31.71438026 -11.56629086 19.19576645
v -32.38463593 -13.66005993 18.23438263
v -32.67817307 -15.72953987 16.96786118
v -32.54849625 -17.69964981 15.47003365
v -31.97626495 -19.49572182 13.82821655
v -30.00565147 -8.46425056 19.96722031
v -31.10902977 -10.47984028 19.60196877
v -31.95581627 -12.57585907 18.85185814
v -32.46331787 -14.68898869 17.76061249
v -32.57048416 -16.74613380 16.39184761
v -32.24206161 -18.67067719 14.82535553
v -30.42208672 -9.41933537 19.86919022
v -31.42914200 -11.46226406 19.34613991
v -32.14624786 -13.55950737 18.45314407
v -32.49908829 -15.64333725 17.24225616
v -32.43675995 -17.63888741 15.78406811
v -31.93509674 -19.47062302 14.16358185
v -31.46846581 -20.38780022 13.24560642
v -31.01414490 -21.08015060 13.00000000
v -29.68042183 -8.37250710 19.99180031
v -30.80370903 -10.37698460 19.70682526
v -31.68814087 -12.47051811 19.03087616
v -32.24797058 -14.59154797 18.00335884
v -32.41814423 -16.66780853 16.68416977
v -32.15877914 -18.62244797 15.15021324
v -31.45761871 -20.38077164 13.49091053
v -30.10306549 -9.32055950 19.92631912
v -31.13740349 -11.35586548 19.48164749
v -31.89838982 -13.45495892 18.65913010
v -32.30825043 -15.55147839 17.50671387
v -32.31180191 -17.57093620 16.09157944
v -31.88011932 -19.43710327 14.49622154
v -30.49393654 -10.27263069 19.79596710
v -31.41271782 -12.36212826 19.19576645
v -32.02217484 -14.48937893 18.23438263
v -32.25340271 -16.58310699 16.96786118
v -32.06198883 -18.56640053 15.47003365
v -31.43081856 -20.36340904 13.82821655
v -29.78177834 -9.22108173 19.96722031
v -30.83984375 -11.24734592 19.60196877
v -31.64163589 -13.34665871 18.85185814
v -32.10610580 -15.45417595 17.76061249
v -32.17391968 -17.49595642 16.39184761
v -31.81146622 -19.39524460 14.82535553
v -31.01058006 -21.07772827 13.24560642
v -30.18043900 -10.16702175 19.86919022
v -31.13019180 -12.25094318 19.34613991
v -31.78645706 -14.38272190 18.45314407
v -32.07664490 -16.49222565 17.24225616
v -31.95191956 -18.50266075 15.78406811
v -31.39035225 -20.33719063 14.16358185
v -29.45897484 -9.12113476 19.99180031
v -30.53716469 -11.13695812 19.70682526
v -31.37659264 -13.23486137 19.03087616
v -31.89312553 -15.35165977 18.00335884
v -32.02343369 -17.41412354 16.68416977
v -31.72929192 -19.34514427 15.15021324
v -30.99989128 -21.07046318 13.49091053
v -29.86395264 -10.06040478 19.92631912
v -30.84122658 -12.13722420 19.48164749
v -31.54137230 -14.27182579 18.65913010
v -31.88828850 -16.39538193 17.50671387
v -31.82883072 -18.43138313 16.09157944
v -31.33631325 -20.30218124 14.49622154
v -30.23007393 -11.02496147 19.79596710
v -31.10387611 -13.11982727 19.19576645
v -31.66981316 -15.24416924 18.23438263
v -31.86069679 -17.32562828 16.96786118
v -31.63379478 -19.28692055 15.47003365
v -30.97348022 -21.05251122 13.82821655
v -29.54521561 -9.95303154 19.96722031
v -30.54649925 -12.02123737 19.60196877
v -31.28749275 -14.15695095 18.85185814
v -31.68877029 -16.29280090 17.76061249
v -31.69300842 -18.35273170 16.39184761
v -31.26882935 -20.25845909 14.82535553
v -29.91928864 -10.91161728 19.86919022
v -30.82412910 -13.00182819 19.34613991
v -31.43668938 -15.13195515 18.45314407
v -31.68609238 -17.23068047 17.24225616
v -31.52519608 -19.22070885 15.78406811
v -30.93360329 -21.02540588 14.16358185
v -30.41039467 -21.93478012 13.24560642
v -29.93421745 -22.58744431 13.00000000
v -29.22497749 -9.84515095 19.99180031
v -30.24669838 -11.90325451 19.70682526
v -31.02541542 -14.03836632 19.03087616
v -31.47855949 -16.18472099 18.00335884
v -31.54477119 -18.26689148 16.68416977
v -31.18805885 -20.20612907 15.15021324
v -30.39991379 -21.92721939 13.49091053
v -29.60554123 -10.79719257 19.92631912
v -30.53800583 -12.88113976 19.48164749
v -31.19430161 -15.01528263 18.65913010
v -31.50002670 -17.12949944 17.50671387
v -31.40375137 -19.14666367 16.09157944
v -30.88035011 -20.98921204 14.49622154
v -29.94252777 -11.78355122 19.79596710
v -30.75575256 -13.91634846 19.19576645
v -31.25815010 -16.07139587 18.23438263
v -31.38446808 -18.17406273 16.96786118
v -31.09419060 -20.14531326 15.47003365
v -30.37401390 -21.90853882 13.82821655
v -29.28956223 -10.68195534 19.96722031
v -30.24617577 -12.75804329 19.60196877
v -30.94321632 -14.89442348 18.85185814
v -31.30293846 -17.02232361 17.76061249
v -31.26974297 -19.06496048 16.39184761
v -30.81384850 -20.94400978 14.82535553
v -29.93077660 -22.58484840 13.24560642
v -29.63470078 -11.66240883 19.86919022
v -30.47913551 -13.79118538 19.34613991
v -31.02805710 -15.95309448 18.45314407
v -31.21247292 -18.07446480 17.24225616
v -30.98744392 -20.07615471 15.78406811
v -30.33490753 -21.88033104 14.16358185
v -28.97209549 -10.56617451 19.99180031
v -29.94932175 -12.63282871 19.70682526
v -30.68402100 -14.76966095 19.03087616
v -31.09528923 -16.90940475 18.00335884
v -31.12348557 -18.97578812 16.68416977
v -30.73425293 -20.88990974 15.15021324
v -29.92045975 -22.57706261 13.49091053
v -29.32393646 -11.54011154 19.92631912
v -30.19621468 -13.66316986 19.48164749
v -30.78882027 -15.83008957 18.65913010
v -31.02919006 -17.96832848 17.50671387
v -30.86806870 -19.99881363 16.09157944
v -30.28268623 -21.84266472 14.49622154
v -29.64814186 -12.50578880 19.79596710
v -30.41732597 -14.64128780 19.19576645
v -30.87756157 -16.79100609 18.23438263
v -30.96532249 -18.87935829 16.96786118
v -30.64175034 -20.82703590 15.47003365
v -29.89496803 -22.55782890 13.82821655
v -29.01096344 -11.41694450 19.96722031
v -29.90764999 -13.53260040 19.60196877
v -30.54099846 -15.70267200 18.85185814
v -30.83504677 -17.85590553 17.76061249
v -30.73634720 -19.91347504 16.39184761
v -30.21747017 -21.79562569 14.82535553
v -29.34334183 -12.37722206 19.86919022
v -30.14375305 -14.50960445 19.34613991
v -30.65027046 -16.66740799 18.45314407
v -30.79562569 -18.77589417 17.24225616
v -30.53655815 -20.75553703 15.78406811
v -29.85647964 -22.52878571 14.16358185
v -29.27634621 -23.42695808 13.24560642
v -28.78110123 -24.03951263 13.00000000
v -28.69651604 -11.29319668 19.99180031
v -29.61411858 -13.39978409 19.70682526
v -30.28517342 -15.57113934 19.03087616
v -30.63050079 -17.73745728 18.00335884
v -30.59258461 -19.82033348 16.68416977
v -30.13941574 -21.73932457 15.15021324
v -29.26625443 -23.41888237 13.49091053
v -29.03563118 -12.24742794 19.92631912
v -29.86394501 -14.37491989 19.48164749
v -30.41394615 -16.53889465 18.65913010
v -30.61478996 -18.66563988 17.50671387
v -30.41892052 -20.67557907 16.09157944
v -29.80508041 -22.49000168 14.49622154
v -29.31631088 -13.26503086 19.79596710
v -30.02194405 -15.43580055 19.19576645
v -30.41602898 -17.61326027 18.23438263
v -30.43712044 -19.71961212 16.96786118
v -30.04870415 -21.67389488 15.47003365
v -29.24131966 -23.39893150 13.82821655
v -28.72573662 -12.11671162 19.96722031
v -29.57855606 -14.23754883 19.60196877
v -30.16914177 -16.40577316 18.85185814
v -30.42324066 -18.54885292 17.76061249
v -30.28911400 -20.58735085 16.39184761
v -29.74089432 -22.44156837 14.82535553
v -28.77779388 -24.03675079 13.24560642
v -29.01492119 -13.12865829 19.86919022
v -29.75192642 -15.29697132 19.34613991
v -30.19213486 -17.48360825 18.45314407
v -30.27031708 -19.61154366 17.24225616
v -29.94554710 -21.59948921 15.78406811
v -29.20367241 -23.36880493 14.16358185
v -28.41438103 -11.98537922 19.99180031
v -29.28825569 -14.09781361 19.70682526
v -29.91643143 -16.26835060 19.03087616
v -30.22142601 -18.42580795 18.00335884
v -30.14744377 -20.49105835 16.68416977
v -29.66407013 -22.38360023 15.15021324
v -28.76787376 -24.02846527 13.49091053
v -28.71065521 -12.99098492 19.92631912
v -29.47575569 -15.15497780 19.48164749
v -29.95934296 -17.34880257 18.65913010
v -30.09256744 -19.49638176 17.50671387
v -29.83018684 -21.51627922 16.09157944
v -29.15339851 -23.32857513 14.49622154
v -28.99372292 -13.95604134 19.79596710
v -29.65640640 -16.12695122 19.19576645
v -30.00981712 -18.29679298 18.23438263
v -29.99424171 -20.38692856 16.96786118
v -29.57478905 -22.31623077 15.47003365
v -28.74336433 -24.00799370 13.82821655
v -28.40422821 -12.85233212 19.96722031
v -29.19407654 -15.01015186 19.60196877
v -29.71819687 -17.20916176 18.85185814
v -29.90428543 -19.37439728 17.76061249
v -29.70289230 -21.42446327 16.39184761
v -29.09061432 -23.27833748 14.82535553
v -28.69565010 -13.81256390 19.86919022
v -29.38967896 -15.98190594 19.34613991
v -29.78891373 -18.16210747 18.45314407
v -29.82986641 -20.27520180 17.24225616
v -29.47325897 -22.23962021 15.78406811
v -28.70635796 -23.97708321 14.16358185
v -28.06914902 -24.86060333 13.24560642
v -27.55761909 -25.43280792 13.00000000
v -28.09635735 -12.71302700 19.99180031
v -28.90754890 -14.86283398 19.70682526
v -29.46926498 -17.06501007 19.03087616
v -29.70591164 -19.24587631 18.00335884
v -29.56396484 -21.32425690 16.68416977
v -29.01547050 -23.21820641 15.15021324
v -28.39473343 -13.66771889 19.92631912
v -29.11686897 -15.83355427 19.48164749
v -28.05947304 -24.85203362 13.49091053
v -29.55923080 -18.02207184 18.65913010
v -29.65470123 -20.15614319 17.50671387
v -29.35971832 -22.15394402 16.09157944
v -28.65694046 -23.93580627 14.49622154
v -28.61684608 -14.71336842 19.79596710
v -29.21312714 -16.91668510 19.19576645
v -29.49791336 -19.11111832 18.23438263
v -29.41372681 -21.21589088 16.96786118
v -28.92814064 -23.14832497 15.47003365
v -28.09167862 -13.52184391 19.96722031
v -28.83861923 -15.68224430 19.60196877
v -28.03556824 -24.83086205 13.82821655
v -29.32130623 -17.87701035 18.85185814
v -29.46915817 -20.03003120 17.76061249
v -29.23443222 -22.05940819 16.39184761
v -28.59522629 -23.88426018 14.82535553
v -27.55445099 -25.42988396 13.24560642
v -28.32264709 -14.56210613 19.86919022
v -28.95038414 -16.76453781 19.34613991
v -29.28077888 -18.97043991 18.45314407
v -29.25253296 -21.09962273 17.24225616
v -28.82883072 -23.06885719 15.78406811
v -27.78719521 -13.37528229 19.99180031
v -28.55558205 -15.52832985 19.70682526
v -27.99947357 -24.79889107 14.16358185
v -29.07569695 -17.72726440 19.03087616
v -29.27367210 -19.89716148 18.00335884
v -29.09769440 -21.95623016 16.68416977
v -28.52136230 -23.82256508 15.15021324
v -27.54495239 -25.42111778 13.49091053
v -28.02564240 -14.40939999 19.92631912
v -28.68165398 -16.60892105 19.48164749
v -29.05501175 -18.82417107 18.65913010
v -29.08075714 -20.97572327 17.50671387
v -28.71777344 -22.97998810 16.09157944
v -28.26841736 -15.37217140 19.79596710
v -27.95127106 -24.75620079 14.49622154
v -28.82298088 -17.57318497 19.19576645
v -29.06870079 -19.75784302 18.23438263
v -28.94982719 -21.84465408 16.96786118
v -28.43552017 -23.75086403 15.47003365
v -27.52148628 -25.39945984 13.82821655
v -27.72652626 -14.25560951 19.96722031
v -28.40756416 -16.45020103 19.60196877
v -28.82114601 -18.67265320 18.85185814
v -28.89880562 -20.84448242 17.76061249
v -28.59522629 -22.88192558 16.39184761
v -27.97780037 -15.21413612 19.86919022
v -27.89107704 -24.70288658 14.82535553
v -28.56374741 -17.41513252 19.34613991
v -28.85472488 -19.61240387 18.45314407
v -28.79117393 -21.72493935 17.24225616
v -28.33790016 -23.66932678 15.78406811
v -27.48605156 -25.36675835 14.16358185
v -26.79182243 -26.23213577 13.24560642
v -26.26675797 -26.76391983 13.00000000
v -27.42600060 -14.10109425 19.99180031
v -28.12875557 -16.28874969 19.70682526
v -28.57972717 -18.51624298 19.03087616
v -28.70710373 -20.70620918 18.00335884
v -28.46147919 -22.77490044 16.68416977
v -27.68441200 -15.05459309 19.92631912
v -27.81903267 -24.63907623 15.15021324
v -28.29860497 -17.25347710 19.48164749
v -28.63224411 -19.46118546 18.65913010
v -28.62211037 -21.59736824 17.50671387
v -28.22873306 -23.57814598 16.09157944
v -26.78258705 -26.22309494 13.49091053
v -27.43873405 -25.32308960 14.49622154
v -27.84588432 -16.12494469 19.79596710
v -28.33132172 -18.35530472 19.19576645
v -28.50609970 -20.56122780 18.23438263
v -28.31684494 -22.65916443 16.96786118
v -27.38893700 -14.89391613 19.96722031
v -27.73530388 -24.56491852 15.47003365
v -28.02817535 -17.08859825 19.60196877
v -28.40178108 -19.30454063 18.85185814
v -28.44302750 -21.46223831 17.76061249
v -28.10827255 -23.47753143 16.39184761
v -26.75976944 -26.20075226 13.82821655
v -27.37964439 -25.26855659 14.82535553
v -26.26374054 -26.76084328 13.24560642
v -27.55961037 -15.95917034 19.86919022
v -28.07651138 -18.19021797 19.34613991
v -28.29626465 -20.40987396 18.45314407
v -28.16166115 -22.53498650 17.24225616
v -27.09207153 -14.73248196 19.99180031
v -27.64008713 -24.48058891 15.78406811
v -27.75309181 -16.92088127 19.70682526
v -28.16387558 -19.14283752 19.03087616
v -28.25434875 -21.31986618 18.00335884
v -27.97680283 -23.36771965 16.68416977
v -26.72531700 -26.16702080 14.16358185
v -27.30891991 -25.20328522 15.15021324
v -26.25468636 -26.75161934 13.49091053
v -27.27060699 -15.79181480 19.92631912
v -27.81589127 -18.02136803 19.48164749
v -28.07809067 -20.25250626 18.65913010
v -27.99629211 -22.40265846 17.50671387
v -27.53360939 -24.38628006 16.09157944
v -27.47399712 -16.75071907 19.79596710
v -27.91908455 -18.97645378 19.19576645
v -28.05651474 -21.17058754 18.23438263
v -27.83463097 -23.24897194 16.96786118
v -26.67930984 -26.12197304 14.49622154
v -27.22672653 -25.12742805 15.47003365
v -26.23231888 -26.72882843 13.82821655
v -26.97954941 -15.62327003 19.96722031
v -27.55007362 -17.84915161 19.60196877
v -27.85208702 -20.08949280 18.85185814
v -27.82112503 -22.26248932 17.76061249
v -27.41611481 -24.28221703 16.39184761
v -27.19154739 -16.57851028 19.86919022
v -27.66798019 -18.80578041 19.34613991
v -27.84998894 -21.01474953 18.45314407
v -27.68209076 -23.12156105 17.24225616
v -26.62185478 -26.06571960 14.82535553
v -27.13325691 -25.04116631 15.78406811
v -26.19854546 -26.69441414 14.16358185
v -25.44755936 -27.53812790 13.24560642
v -24.91167831 -28.02959633 13.00000000
v -26.68712044 -15.45392990 19.99180031
v -27.27968216 -17.67396927 19.70682526
v -27.61878586 -19.92121315 19.03087616
v -27.63657188 -22.11481094 18.00335884
v -27.28788376 -24.16864395 16.68416977
v -26.90640259 -16.40466118 19.92631912
v -27.41115379 -18.63121605 19.48164749
v -27.63525581 -20.85271835 18.65913010
v -27.51953888 -22.98578835 17.50671387
v -26.55308723 -25.99838829 15.15021324
v -27.02873039 -24.94469833 16.09157944
v -26.15344429 -26.64846039 14.49622154
v -25.43878746 -27.52863693 13.49091053
v -27.00535011 -17.49623489 19.79596710
v -27.37873268 -19.74806595 19.19576645
v -27.44306374 -21.95996475 18.23438263
v -27.14921188 -24.04582405 16.96786118
v -26.61923218 -16.22957420 19.96722031
v -27.14920425 -18.45317078 19.60196877
v -27.41281700 -20.68487358 18.85185814
v -27.34735489 -22.84197235 17.76061249
v -26.47316933 -25.92013931 15.47003365
v -26.91339111 -24.83825302 16.39184761
v -26.09712219 -26.59107208 14.82535553
v -25.41711426 -27.50518227 13.82821655
v -24.90881538 -28.02637482 13.24560642
v -26.72771835 -17.31636238 19.86919022
v -27.13248825 -19.57045174 19.34613991
v -27.24105263 -21.79831505 18.45314407
v -27.00042725 -23.91404724 17.24225616
v -26.33070946 -16.05366325 19.99180031
v -26.88274574 -18.27206039 19.70682526
v -27.18319511 -20.51160622 19.03087616
v -27.16594505 -22.69044685 18.00335884
v -26.38228607 -25.83115578 15.78406811
v -26.78751183 -24.72207832 16.68416977
v -26.02971077 -26.52238464 15.15021324
v -24.90022850 -28.01671410 13.49091053
v -25.38438988 -27.46977043 14.16358185
v -26.44743729 -17.13477325 19.92631912
v -26.88063240 -19.38879013 19.48164749
v -27.03101540 -21.63024330 18.65913010
v -26.84187889 -23.77362061 17.50671387
v -26.61240578 -18.08831215 19.79596710
v -26.94692612 -20.33332634 19.19576645
v -26.97573090 -22.53157043 18.23438263
v -26.28065300 -25.73164558 16.09157944
v -26.65138245 -24.59644699 16.96786118
v -25.95136642 -26.44255829 15.47003365
v -24.87901497 -27.99284554 13.82821655
v -25.34069061 -27.42248154 14.49622154
v -26.16516495 -16.95189476 19.96722031
v -26.62375259 -19.20350456 19.60196877
v -26.81344032 -21.45613861 18.85185814
v -26.67393494 -23.62487411 17.76061249
v -26.33881378 -17.90235138 19.86919022
v -26.70456696 -20.15044975 19.34613991
v -26.77716064 -22.36571503 18.45314407
v -26.16850662 -25.62184143 16.39184761
v -26.50532722 -24.46165085 17.24225616
v -25.86227608 -26.35177994 15.78406811
v -24.84698486 -27.95680428 14.16358185
v -25.28611755 -27.36342621 14.82535553
v -24.03971481 -28.77531815 13.24560642
v -23.49569130 -29.22674179 13.00000000
v -25.88156319 -16.76815605 19.99180031
v -26.36245155 -19.01502991 19.70682526
v -26.58883858 -21.27641296 19.03087616
v -26.49699211 -23.46815681 18.00335884
v -26.06261063 -17.71461868 19.92631912
v -26.45668221 -19.96340370 19.48164749
v -26.57069969 -22.19326782 18.65913010
v -26.04611015 -25.50200081 16.68416977
v -26.34968376 -24.31801033 17.50671387
v -25.76264572 -26.25026512 16.09157944
v -24.80421066 -27.90867615 14.49622154
v -25.22080231 -27.29274368 15.15021324
v -24.03142738 -28.76539803 13.49091053
v -26.09734344 -18.82380867 19.79596710
v -26.35773659 -21.09148407 19.19576645
v -26.31146240 -23.30383492 18.23438263
v -25.78444672 -17.52555275 19.96722031
v -26.20385551 -19.77262688 19.60196877
v -26.35682869 -22.01463127 18.85185814
v -25.91374969 -25.37240601 16.96786118
v -26.18482018 -24.16585732 17.76061249
v -25.65270996 -26.13824844 16.39184761
v -24.75079346 -27.84857368 14.82535553
v -25.14489365 -27.21059799 15.47003365
v -24.01095390 -28.74089241 13.82821655
v -23.49299049 -29.22338295 13.24560642
v -25.82904625 -18.63028908 19.86919022
v -26.12067604 -20.90178871 19.34613991
v -26.11778069 -23.13229370 18.45314407
v -25.50497055 -17.33559418 19.99180031
v -25.94667625 -19.57856750 19.70682526
v -26.13605309 -21.83022690 19.03087616
v -25.77173615 -25.23335838 17.24225616
v -26.01112175 -24.00555229 18.00335884
v -25.53272438 -26.01599312 16.68416977
v -24.68685913 -27.77663803 15.15021324
v -23.48489380 -29.21331024 13.49091053
v -25.05857086 -27.11718369 15.78406811
v -23.98003960 -28.70388794 14.16358185
v -25.55818939 -18.43492317 19.92631912
v -25.87821198 -20.70776939 19.48164749
v -25.91640472 -22.95393562 18.65913010
v -25.68574715 -19.38167953 19.79596710
v -25.90888596 -21.64048576 19.19576645
v -25.62040138 -25.08518600 17.50671387
v -25.82899475 -23.83746719 18.23438263
v -25.40297318 -25.88378525 16.96786118
v -24.61255836 -27.69303703 15.47003365
v -23.46488571 -29.18842125 13.82821655
v -24.96203613 -27.01272011 16.09157944
v -23.93875885 -28.65447426 14.49622154
v -25.28540802 -18.23816681 19.96722031
v -25.63091278 -20.50987816 19.60196877
v -25.70779991 -22.76917839 18.85185814
v -25.42168236 -19.18242264 19.86919022
v -25.67586327 -21.44585228 19.34613991
v -25.46010017 -24.92823410 17.76061249
v -25.63886452 -23.66199875 18.45314407
v -25.26375961 -25.74193573 17.24225616
v -24.52806282 -27.59796715 15.78406811
v -23.43467331 -29.15084076 14.16358185
v -24.85551643 -26.89744949 16.39184761
v -23.88720512 -28.59276581 14.82535553
v -22.57180786 -29.94061279 13.24560642
v -22.02225876 -30.35243225 13.00000000
v -25.01134109 -18.04048538 19.99180031
v -25.37935638 -20.30858421 19.70682526
v -25.49246025 -22.57845306 19.03087616
v -25.15509796 -18.98126602 19.92631912
v -25.43752670 -21.24678230 19.48164749
v -25.29120827 -24.76286888 18.00335884
v -25.44117928 -23.47955513 18.65913010
v -25.11540604 -25.59077644 17.50671387
v -24.43357277 -27.49164963 16.09157944
v -23.39433098 -29.10065842 14.49622154
v -24.73926163 -26.77164268 16.68416977
v -23.82550240 -28.51890755 15.15021324
v -22.56402588 -29.93029213 13.49091053
v -25.12413216 -20.10435486 19.79596710
v -25.27088737 -22.38220787 19.19576645
v -24.88661766 -18.77868080 19.96722031
v -25.19443893 -21.04374123 19.60196877
v -25.11412239 -24.58948326 18.23438263
v -25.23640251 -23.29056740 18.85185814
v -24.95826530 -25.43066025 17.76061249
v -24.32930756 -27.37433624 16.39184761
v -23.34395027 -29.03798866 14.82535553
v -24.61354256 -26.63559532 16.96786118
v -23.75379372 -28.43307304 15.47003365
v -22.54480362 -29.90479279 13.82821655
v -22.01972771 -30.34894371 13.24560642
v -24.86584091 -19.89766884 19.86919022
v -25.04360199 -22.18090248 19.34613991
v -24.61687469 -18.57514000 19.99180031
v -24.94716644 -20.83720589 19.70682526
v -24.92925453 -24.40847778 18.45314407
v -25.02501106 -23.09547424 19.03087616
v -24.79270363 -25.26196480 18.00335884
v -24.21551323 -27.24629974 16.68416977
v -23.28365135 -28.96298027 15.15021324
v -24.47865295 -26.48962593 17.24225616
v -22.01213837 -30.33848190 13.49091053
v -23.67224693 -28.33546257 15.78406811
v -22.51577759 -29.86629105 14.16358185
v -24.60508537 -19.68901253 19.92631912
v -24.81113625 -21.97500992 19.48164749
v -24.69628906 -20.62766075 19.79596710
v -24.73704147 -24.22027969 18.65913010
v -24.80750084 -22.89473534 19.19576645
v -24.61910629 -25.08508301 18.23438263
v -24.09245491 -27.10783958 16.96786118
v -23.21357346 -28.87580872 15.47003365
v -24.33491135 -26.33407593 17.50671387
v -21.99338531 -30.31263542 13.82821655
v -23.58105278 -28.22630501 16.09157944
v -22.47701645 -29.81487656 14.49622154
v -24.34247780 -19.47887230 19.96722031
v -24.57403374 -21.76501083 19.60196877
v -24.44239616 -20.41559410 19.86919022
v -24.53793144 -24.02532768 18.85185814
v -24.58438301 -22.68882179 19.34613991
v -24.43788338 -24.90042877 18.45314407
v -23.96042252 -26.95928192 17.24225616
v -23.13388062 -28.77667809 15.78406811
v -24.18265343 -26.16930962 17.76061249
v -21.96506882 -30.27360725 14.16358185
v -23.48042679 -28.10585594 16.39184761
v -22.42860985 -29.75066757 14.82535553
v -21.04750443 -31.03110123 13.24560642
v -20.49498367 -31.40391159 13.00000000
v -24.07863045 -19.26774216 19.99180031
v -24.33284950 -21.55139542 19.70682526
v -24.18608093 -20.20150757 19.92631912
v -24.33238983 -23.82408142 19.03087616
v -24.35618019 -22.47821236 19.48164749
v -24.24945831 -24.70843697 18.65913010
v -23.81972504 -26.80097389 17.50671387
v -23.04476166 -28.66582108 16.09157944
v -24.02223587 -25.99571419 18.00335884
v -21.92725563 -30.22149086 14.49622154
v -23.37060165 -27.97439766 16.68416977
v -22.37067604 -29.67381859 15.15021324
v -21.04025078 -31.02040482 13.49091053
v -24.08815193 -21.33466911 19.79596710
v -23.92794418 -19.98589706 19.96722031
v -24.12090111 -23.61701012 19.19576645
v -24.12342453 -22.26340485 19.60196877
v -24.05427361 -24.50955772 18.85185814
v -23.67069054 -26.63328552 17.76061249
v -22.94642258 -28.54349709 16.39184761
v -23.85403442 -25.81369400 18.23438263
v -21.88003349 -30.15640831 14.82535553
v -23.25183868 -27.83223724 16.96786118
v -22.30334473 -29.58450890 15.47003365
v -21.02232552 -30.99397659 13.82821655
v -20.49262810 -31.40030098 13.24560642
v -23.84050941 -21.11533546 19.86919022
v -23.66859245 -19.76927185 19.99180031
v -23.90395737 -23.40460014 19.34613991
v -23.88666344 -22.04489899 19.70682526
v -23.85278320 -24.30425453 19.03087616
v -23.51366806 -26.45661163 18.00335884
v -22.83909607 -28.40999031 16.68416977
v -23.67844391 -25.62367821 18.45314407
v -21.82351494 -30.07851028 15.15021324
v -20.48556519 -31.38947868 13.49091053
v -23.12441254 -27.67971039 17.24225616
v -22.22677803 -29.48294449 15.78406811
v -20.99525833 -30.95407295 14.16358185
v -23.59050560 -20.89390945 19.92631912
v -23.68206978 -23.18734741 19.48164749
v -23.64645195 -21.82320786 19.79596710
v -23.64546394 -24.09300995 19.19576645
v -23.34902763 -26.27136612 18.23438263
v -22.72303391 -28.26561737 16.96786118
v -23.49587440 -25.42610931 18.65913010
v -21.75783157 -29.98798180 15.47003365
v -20.46811104 -31.36273575 13.82821655
v -22.98862267 -27.51717186 17.50671387
v -22.14115143 -29.36936569 16.09157944
v -20.95911598 -30.90078545 14.49622154
v -23.33872604 -20.67090988 19.96722031
v -23.45575714 -22.96576118 19.60196877
v -23.40335083 -21.59885216 19.86919022
v -23.43279648 -23.87631798 19.34613991
v -23.17715454 -26.07798004 18.45314407
v -22.59850502 -28.11071587 17.24225616
v -23.30675507 -25.22145271 18.85185814
v -21.68313789 -29.88503265 15.78406811
v -20.44175911 -31.32235718 14.16358185
v -22.84478760 -27.34500313 17.76061249
v -22.04667091 -29.24403954 16.39184761
v -20.91397858 -30.83423996 14.82535553
v -19.47061729 -32.04405975 13.24560642
v -18.91760063 -32.37860870 13.00000000
v -23.08576012 -20.44685936 19.99180031
v -23.22554970 -22.74036407 19.70682526
v -23.15793228 -21.37235641 19.92631912
v -23.21528244 -23.65468597 19.48164749
v -22.99844933 -25.87690926 18.65913010
v -22.46580315 -27.94564629 17.50671387
v -23.11152649 -25.01018715 19.03087616
v -21.59960747 -29.76990509 16.09157944
v -20.40656853 -31.26843452 14.49622154
v -22.69324493 -27.16360664 18.00335884
v -21.94355202 -29.10725784 16.68416977
v -20.85995674 -30.75459099 15.15021324
v -19.46390533 -32.03301620 13.49091053
v -22.99198532 -22.51167870 19.79596710
v -22.91076851 -21.14424896 19.96722031
v -22.99342918 -23.42863464 19.60196877
v -22.81333351 -25.66862488 18.85185814
v -22.32524109 -27.77079582 17.76061249
v -22.91064835 -24.79280663 19.19576645
v -21.50743484 -29.64286995 16.39184761
v -20.36262321 -31.20109749 14.82535553
v -22.53434944 -26.97340965 18.23438263
v -21.83204079 -28.95934105 16.96786118
v -20.79717255 -30.66202736 15.47003365
v -19.44732285 -32.00572586 13.82821655
v -22.75561333 -22.28024483 19.86919022
v -22.66244125 -20.91506958 19.99180031
v -22.76775932 -23.19869423 19.70682526
v -22.62223816 -25.45361328 19.03087616
v -22.17714500 -27.58657646 18.00335884
v -22.70458984 -24.56982040 19.34613991
v -21.40683937 -29.50422287 16.68416977
v -20.31002426 -31.12050056 15.15021324
v -22.36847305 -26.77485657 18.45314407
v -21.71239471 -28.80063629 17.24225616
v -20.72577667 -30.55676460 15.78406811
v -19.42228508 -31.96451759 14.16358185
v -22.51698685 -22.04660225 19.92631912
v -22.53879929 -22.96540070 19.79596710
v -22.42561340 -25.23237801 19.19576645
v -22.02186203 -27.39341736 18.23438263
v -22.49383545 -24.34175110 19.48164749
v -21.29805565 -29.35428810 16.96786118
v -20.24889565 -31.02683640 15.47003365
v -22.19600296 -26.56841278 18.65913010
v -21.58489609 -28.63151550 17.50671387
v -20.64593315 -30.43904877 16.09157944
v -19.38884926 -31.90949059 14.49622154
v -22.27666473 -21.81130028 19.96722031
v -22.30708694 -22.72930145 19.86919022
v -22.22391891 -25.00543785 19.34613991
v -21.85975838 -27.19177246 18.45314407
v -22.27887726 -24.10913467 19.60196877
v -21.18133545 -29.19342041 17.24225616
v -20.17938042 -30.92032051 15.78406811
v -22.01734543 -26.35456276 18.85185814
v -21.44984627 -28.45237541 17.76061249
v -20.55783081 -30.30915833 16.39184761
v -19.34709358 -31.84077263 14.82535553
v -17.84508133 -32.97695923 13.24560642
v -17.29396439 -33.27414703 13.00000000
v -22.03520966 -21.57489014 19.99180031
v -22.07316399 -22.49095154 19.92631912
v -22.01762581 -24.77332687 19.48164749
v -21.69121170 -26.98211479 18.65913010
v -22.06022072 -23.87251472 19.70682526
v -21.05695724 -29.02199173 17.50671387
v -20.10164261 -30.80120468 16.09157944
v -21.83291817 -26.13380432 19.03087616
v -21.30755615 -28.26363373 18.00335884
v -20.46167755 -30.16739464 16.68416977
v -19.29711914 -31.75852394 15.15021324
v -17.83893013 -32.96559143 13.49091053
v -21.83757782 -22.25090599 19.96722031
v -21.80721855 -24.53658485 19.60196877
v -21.51661682 -26.76493263 18.85185814
v -21.83837700 -23.63244438 19.79596710
v -20.92520905 -28.84040833 17.76061249
v -20.01586342 -30.66976738 16.39184761
v -21.64315414 -25.90665817 19.19576645
v -21.15836334 -28.06573486 18.23438263
v -20.35769463 -30.01408958 16.96786118
v -19.23903847 -31.66293907 15.47003365
v -17.82373238 -32.93750763 13.82821655
v -21.60088158 -22.00972939 19.99180031
v -21.59319115 -24.29576874 19.70682526
v -21.33638382 -26.54073906 19.03087616
v -21.61386490 -23.38948822 19.86919022
v -20.78639984 -28.64909363 18.00335884
v -19.92224503 -30.52631760 16.68416977
v -21.44849586 -25.67365456 19.34613991
v -21.00261497 -27.85914040 18.45314407
v -20.24612999 -29.84960556 17.24225616
v -19.17299080 -31.55423927 15.78406811
v -17.80078506 -32.89509964 14.16358185
v -21.37604141 -24.05144310 19.79596710
v -21.15093422 -26.31005478 19.19576645
v -21.38721085 -23.14421463 19.92631912
v -20.64085579 -28.44849586 18.23438263
v -19.82100487 -30.37118912 16.96786118
v -21.24940109 -25.43533897 19.48164749
v -20.84067726 -27.64433670 18.65913010
v -20.12724304 -29.67432594 17.50671387
v -19.09913063 -31.43268204 16.09157944
v -17.77013969 -32.83847046 14.49622154
v -21.15628242 -23.80418015 19.86919022
v -20.96070480 -26.07342339 19.34613991
v -21.15894508 -22.89719772 19.96722031
v -20.48891640 -28.23908424 18.45314407
v -19.71237946 -30.20474815 17.24225616
v -21.04633522 -25.19227219 19.60196877
v -20.67292786 -27.42182541 18.85185814
v -20.00131035 -29.48866081 17.76061249
v -19.01762962 -31.29854965 16.39184761
v -17.73187256 -32.76775360 14.82535553
v -16.17496109 -33.82746506 13.24560642
v -15.62804508 -34.08832932 13.00000000
v -20.93442726 -23.55455780 19.92631912
v -20.76613617 -25.83139801 19.48164749
v -20.92960548 -22.64901543 19.99180031
v -20.33093834 -28.02135086 18.65913010
v -19.59662628 -30.02738190 17.50671387
v -20.83977509 -24.94502068 19.70682526
v -20.49976349 -27.19212723 19.03087616
v -19.86863136 -29.29304504 18.00335884
v -18.92867851 -31.15215874 16.68416977
v -17.68606758 -32.68310928 15.15021324
v -16.16938591 -33.81580353 13.49091053
v -20.71099663 -23.30315971 19.96722031
v -20.56768990 -25.58454514 19.60196877
v -20.16729355 -27.79580498 18.85185814
v -19.47401428 -29.83950806 17.76061249
v -20.63020325 -24.69416618 19.79596710
v -20.32158470 -26.95578194 19.19576645
v -19.72951317 -29.08793831 18.23438263
v -18.83248711 -30.99385071 16.96786118
v -17.63283730 -32.58473969 15.47003365
v -16.15560913 -33.78699493 13.82821655
v -20.48651123 -23.05057907 19.99180031
v -20.36582756 -25.33344460 19.70682526
v -19.99836349 -27.56297493 19.03087616
v -19.34483337 -29.64156532 18.00335884
v -20.41811180 -24.44029427 19.86919022
v -20.13881302 -26.71334267 19.34613991
v -19.58428192 -28.87381935 18.45314407
v -18.72928047 -30.82399750 17.24225616
v -17.57230377 -32.47287750 15.78406811
v -16.13480949 -33.74349594 14.16358185
v -20.16102219 -25.07868195 19.79596710
v -19.82454491 -27.32340622 19.19576645
v -19.20938110 -29.43401718 18.23438263
v -20.20399857 -24.18400002 19.92631912
v -19.95187569 -26.46537781 19.48164749
v -19.43328094 -28.65119171 18.65913010
v -18.61930084 -30.64299393 17.50671387
v -17.50461006 -32.34778214 16.09157944
v -16.10703278 -33.68540573 14.49622154
v -19.95375443 -24.82085800 19.86919022
v -19.64624214 -27.07765961 19.34613991
v -19.06797981 -29.21735191 18.45314407
v -19.98836136 -23.92588615 19.96722031
v -19.76120949 -26.21246529 19.60196877
v -19.27685928 -28.42057610 18.85185814
v -18.50280380 -30.45126915 17.76061249
v -17.42991257 -32.20974350 16.39184761
v -16.07234573 -33.61286163 14.82535553
v -14.46442795 -34.59345627 13.24560642
v -13.92391682 -34.81916809 13.00000000
v -19.74450874 -24.56057358 19.92631912
v -19.46387672 -26.82631111 19.48164749
v -18.92095947 -28.99207497 18.65913010
v -19.77170944 -23.66655540 19.99180031
v -19.56726265 -25.95520210 19.70682526
v -19.11538887 -28.18251228 19.03087616
v -18.38006401 -30.24926758 18.00335884
v -17.34838867 -32.05908966 16.68416977
v -16.03083038 -33.52603531 15.15021324
v -14.45944214 -34.58153152 13.49091053
v -19.53377724 -24.29844093 19.96722031
v -19.27787399 -26.56995201 19.60196877
v -18.76866341 -28.75871658 18.85185814
v -19.37048721 -25.69418907 19.79596710
v -18.94924355 -27.93755913 19.19576645
v -18.25136948 -30.03746605 18.23438263
v -17.26022720 -31.89617348 16.96786118
v -15.98258114 -33.42513275 15.47003365
v -14.44712353 -34.55206680 13.82821655
v -19.32205200 -24.03507042 19.99180031
v -19.08867073 -26.30917931 19.70682526
v -18.61144829 -28.51782036 19.03087616
v -19.17134666 -25.43003654 19.86919022
v -18.77881432 -27.68628883 19.34613991
v -18.11701965 -29.81635666 18.45314407
v -17.16563797 -31.72137451 17.24225616
v -15.92771244 -33.31038284 15.78406811
v -14.42852211 -34.50758362 14.16358185
v -18.89670944 -26.04460526 19.79596710
v -18.44968414 -28.26995277 19.19576645
v -18.97030640 -25.16336441 19.92631912
v -18.60450172 -27.42929268 19.48164749
v -17.97733116 -29.58646202 18.65913010
v -17.06483841 -31.53510284 17.50671387
v -15.86635399 -33.18206024 16.09157944
v -14.40368366 -34.44817734 14.49622154
v -18.70243835 -25.77685165 19.86919022
v -18.28374672 -28.01569366 19.34613991
v -18.76783752 -24.89479637 19.96722031
v -18.42671013 -27.16716957 19.60196877
v -17.83263016 -29.34831810 18.85185814
v -16.95806885 -31.33779526 17.76061249
v -15.79864788 -33.04046249 16.39184761
v -14.37266541 -34.37399292 14.82535553
v -12.71775532 -35.27301407 13.24560642
v -12.18574619 -35.46487808 13.00000000
v -18.50631523 -25.50654221 19.92631912
v -18.11402893 -27.75563812 19.48164749
v -18.56441498 -24.62496376 19.99180031
v -18.24586105 -26.90053558 19.70682526
v -17.68325424 -29.10248375 19.03087616
v -16.84557533 -31.12991333 18.00335884
v -15.72475338 -32.88592529 16.68416977
v -14.33553886 -34.28520203 15.15021324
v -12.71337223 -35.26085281 13.49091053
v -18.30879974 -25.23431206 19.96722031
v -17.94092560 -27.49039650 19.60196877
v -18.06237411 -26.63001633 19.79596710
v -17.52955818 -28.84953499 19.19576645
v -16.72762489 -30.91194534 18.23438263
v -15.64484406 -32.71880722 16.96786118
v -14.29239273 -34.18201065 15.47003365
v -12.70254040 -35.23081207 13.82821655
v -18.11035156 -24.96080017 19.99180031
v -17.76484489 -27.22059059 19.70682526
v -17.87668228 -26.35624313 19.86919022
v -17.37189674 -28.59006310 19.34613991
v -16.60449028 -30.68440056 18.45314407
v -15.55910587 -32.53949738 17.24225616
v -14.24332619 -34.06466293 15.78406811
v -12.68618584 -35.18545532 14.16358185
v -17.58619499 -26.94685173 19.79596710
v -17.68921852 -26.07985687 19.92631912
v -17.21064377 -28.32467651 19.48164749
v -16.47646523 -30.44781303 18.65913010
v -15.46774101 -32.34842300 17.50671387
v -14.18845654 -33.93343353 16.09157944
v -12.66434669 -35.12488174 14.49622154
v -17.40539742 -26.66982269 19.86919022
v -17.50042152 -25.80150795 19.96722031
v -17.04617310 -28.05399704 19.60196877
v -16.34384346 -30.20273590 18.85185814
v -15.37096310 -32.14602661 17.76061249
v -14.12791061 -33.78863144 16.39184761
v -12.63707352 -35.04924011 14.82535553
v -10.93930912 -35.86444473 13.24560642
v -10.41778183 -36.02388000 13.00000000
v -17.22287560 -26.39014816 19.92631912
v -17.31073570 -25.52184868 19.99180031
v -16.87887192 -27.77865982 19.70682526
v -16.20694160 -29.94974327 19.03087616
v -15.26899815 -31.93278313 18.00335884
v -14.06183052 -33.63059235 16.68416977
v -12.60443115 -34.95870209 15.15021324
v -10.93553829 -35.85208130 13.49091053
v -17.03905678 -26.10848808 19.96722031
v -16.70913315 -27.49930763 19.79596710
v -16.06607437 -29.68943024 19.19576645
v -15.16208649 -31.70919228 18.23438263
v -13.99037170 -33.45969009 16.96786118
v -12.56649494 -34.85348511 15.47003365
v -10.92622185 -35.82153702 13.82821655
v -16.85437202 -25.82550049 19.99180031
v -16.53735352 -27.21659851 19.86919022
v -15.92157745 -29.42240334 19.34613991
v -15.05047703 -31.47577858 18.45314407
v -13.91370106 -33.27632141 17.24225616
v -12.52335358 -34.73383331 15.78406811
v -10.91215420 -35.77541733 14.16358185
v -16.36393356 -26.93119049 19.92631912
v -15.77378559 -29.14929199 19.48164749
v -14.93443298 -31.23308945 18.65913010
v -13.83199787 -33.08092117 17.50671387
v -12.47511005 -34.60002899 16.09157944
v -10.89336872 -35.71382904 14.49622154
v -16.18928337 -26.64375687 19.96722031
v -15.62304688 -28.87073326 19.60196877
v -14.81422424 -30.98169136 18.85185814
v -13.74545383 -32.87393951 17.76061249
v -12.42187500 -34.45238113 16.39184761
v -10.86990929 -35.63691711 14.82535553
v -9.13353062 -36.36626816 13.24560642
v -8.62434673 -36.49480438 13.00000000
v -16.01380920 -26.35496712 19.99180031
v -15.46971321 -28.58737946 19.70682526
v -14.69013405 -30.72217560 19.03087616
v -13.65427303 -32.65586853 18.00335884
v -12.36377430 -34.29123688 16.68416977
v -10.84183121 -35.54486465 15.15021324
v -9.13038158 -36.35373306 13.49091053
v -15.31414509 -28.29989433 19.79596710
v -14.56245136 -30.45514870 19.19576645
v -13.55866718 -32.42721558 18.23438263
v -12.30094433 -34.11697769 16.96786118
v -10.80920029 -35.43788147 15.47003365
v -9.12260342 -36.32276154 13.82821655
v -15.15670586 -28.00895500 19.86919022
v -14.43147755 -30.18123436 19.34613991
v -13.45886040 -32.18851852 18.45314407
v -12.23353291 -33.93000793 17.24225616
v -10.77209187 -35.31622314 15.78406811
v -9.11085796 -36.27599335 14.16358185
v -14.99776554 -27.71523857 19.92631912
v -14.29751778 -29.90107918 19.48164749
v -13.35508823 -31.94033241 18.65913010
v -12.16169548 -33.73076630 17.50671387
v -10.73059464 -35.18017578 16.09157944
v -9.09517384 -36.21354675 14.49622154
v -14.83769512 -27.41943550 19.96722031
v -14.16088676 -29.61533546 19.60196877
v -13.24759197 -31.68324089 18.85185814
v -12.08560276 -33.51972198 17.76061249
v -10.68480396 -35.03005219 16.39184761
v -9.07558727 -36.13555908 14.82535553
v -7.30493212 -36.77722931 13.24560642
v -6.80982590 -36.87649918 13.00000000
v -14.67687035 -27.12223816 19.99180031
v -14.02190399 -29.32467461 19.70682526
v -13.13662434 -31.41784859 19.03087616
v -12.00543213 -33.29736710 18.00335884
v -10.63482857 -34.86620712 16.68416977
v -9.05214405 -36.04221725 15.15021324
v -7.30241394 -36.76455307 13.49091053
v -13.88089466 -29.02977562 19.79596710
v -13.02244473 -31.14477348 19.19576645
v -11.92137146 -33.06422043 18.23438263
v -10.58078480 -34.68902206 16.96786118
v -9.02489853 -35.93373871 15.47003365
v -7.29619265 -36.73323059 13.82821655
v -13.73819065 -28.73133087 19.86919022
v -12.90532112 -30.86465836 19.34613991
v -11.83361721 -32.82083130 18.45314407
v -10.52279949 -34.49892044 17.24225616
v -8.99391651 -35.81037903 15.78406811
v -7.28679895 -36.68593979 14.16358185
v -13.59412479 -28.43004036 19.92631912
v -12.78552818 -30.57815933 19.48164749
v -11.74237537 -32.56777191 18.65913010
v -10.46100807 -34.29633713 17.50671387
v -8.95926857 -35.67242432 16.09157944
v -7.27425480 -36.62278366 14.49622154
v -13.44903564 -28.12660789 19.96722031
v -12.66334534 -30.28594589 19.60196877
v -11.64786053 -32.30562973 18.85185814
v -10.39555550 -34.08175278 17.76061249
v -8.92103672 -35.52019882 16.39184761
v -7.25858927 -36.54391479 14.82535553
v -5.45808268 -37.09630966 13.24560642
v -4.97865534 -37.16803741 13.00000000
v -13.30326271 -27.82174492 19.99180031
v -12.53906059 -29.98870277 19.70682526
v -11.55029297 -32.03502655 19.03087616
v -10.32659626 -33.85567093 18.00335884
v -8.87931156 -35.35406113 16.68416977
v -7.23983955 -36.44952011 15.15021324
v -5.45620108 -37.08352280 13.49091053
v -12.41296387 -29.68712616 19.79596710
v -11.44990158 -31.75658607 19.19576645
v -10.25429058 -33.61861420 18.23438263
v -8.83418846 -35.17440033 16.96786118
v -7.21804953 -36.33981323 15.47003365
v -5.45155287 -37.05192947 13.82821655
v -12.28535080 -29.38192368 19.86919022
v -11.34692097 -31.47096825 19.34613991
v -10.17880821 -33.37114716 18.45314407
v -8.78577518 -34.98163605 17.24225616
v -7.19326973 -36.21506119 15.78406811
v -5.44453382 -37.00422287 14.16358185
v -12.15651989 -29.07381058 19.92631912
v -11.24159336 -31.17884064 19.48164749
v -10.10032558 -33.11384201 18.65913010
v -8.73418427 -34.77621841 17.50671387
v -7.16555882 -36.07554626 16.09157944
v -5.43516111 -36.94052124 14.49622154
v -12.02677441 -28.76350784 19.96722031
v -11.13416576 -30.88088608 19.60196877
v -10.01902676 -32.84730530 18.85185814
v -8.67953587 -34.55863190 17.76061249
v -7.13498163 -35.92160416 16.39184761
v -5.42345619 -36.86096954 14.82535553
v -3.59759617 -37.32270050 13.24560642
v -3.13531256 -37.36870193 13.00000000
v -11.89641666 -28.45174217 19.99180031
v -11.02488899 -30.57780457 19.70682526
v -9.93510342 -32.57216263 19.03087616
v -8.62195969 -34.32938766 18.00335884
v -7.10160923 -35.75358963 16.68416977
v -5.40944672 -36.76575089 15.15021324
v -3.59635615 -37.30983734 13.49091053
v -10.91401863 -30.27030373 19.79596710
v -9.84875011 -32.28905487 19.19576645
v -8.56158924 -34.08901596 18.23438263
v -7.06552076 -35.57189560 16.96786118
v -5.39316559 -36.65509796 15.47003365
v -3.59329224 -37.27804947 13.82821655
v -10.80181599 -29.95910645 19.86919022
v -9.76017094 -31.99864960 19.34613991
v -8.49856758 -33.83808517 18.45314407
v -7.02679968 -35.37695312 17.24225616
v -5.37465096 -36.52925873 15.78406811
v -3.58866596 -37.23005676 14.16358185
v -10.68854237 -29.64493942 19.92631912
v -9.66957283 -31.70162201 19.48164749
v -8.43303967 -33.57717896 18.65913010
v -6.98553753 -35.16921616 17.50671387
v -5.35394621 -36.38853455 16.09157944
v -3.58248806 -37.16596222 14.49622154
v -10.57446480 -29.32854080 19.96722031
v -9.57716751 -31.39867210 19.60196877
v -8.36516190 -33.30691528 18.85185814
v -6.94183064 -34.94916916 17.76061249
v -5.33109951 -36.23325729 16.39184761
v -3.57477307 -37.08592606 14.82535553
v -1.72812152 -37.45584488 13.24560642
v -1.28430390 -37.47800064 13.00000000
v -10.45984840 -29.01065063 19.99180031
v -9.48317146 -31.09050941 19.70682526
v -8.29509163 -33.02791977 19.03087616
v -6.89578152 -34.71733093 18.00335884
v -5.30616426 -36.06378555 16.68416977
v -3.56553888 -36.99012756 15.15021324
v -1.72752583 -37.44293594 13.49091053
v -9.38780594 -30.77785301 19.79596710
v -8.22299290 -32.74085236 19.19576645
v -6.84749794 -34.47424316 18.23438263
v -5.27919960 -35.88051605 16.96786118
v -3.55480766 -36.87879562 15.47003365
v -1.72605407 -37.41103363 13.82821655
v -9.29129314 -30.46143723 19.86919022
v -8.14903545 -32.44638062 19.34613991
v -6.79709291 -34.22047806 18.45314407
v -5.25026846 -35.68388367 17.24225616
v -3.54260397 -36.75219345 15.78406811
v -1.72383177 -37.36286926 14.16358185
v -9.19386005 -30.14200211 19.92631912
v -8.07339287 -32.14519882 19.48164749
v -6.74468517 -33.95662689 18.65913010
v -5.21943808 -35.47434235 17.50671387
v -3.52895665 -36.61061096 16.09157944
v -1.72086418 -37.29854965 14.49622154
v -9.09573460 -29.82029915 19.96722031
v -7.99624109 -31.83801079 19.60196877
v -6.69039631 -33.68330383 18.85185814
v -5.18678141 -35.25238800 17.76061249
v -3.51389766 -36.45438385 16.39184761
v -1.71715820 -37.21822357 14.82535553
v 0.14567094 -37.49540710 13.24560642
v 0.56984460 -37.49567032 13.00000000
v -8.99714661 -29.49707985 19.99180031
v -7.91776133 -31.52553368 19.70682526
v -6.63435459 -33.40115738 19.03087616
v -5.15237427 -35.01853943 18.00335884
v -3.49746227 -36.28387451 16.68416977
v -1.71272266 -37.12208557 15.15021324
v 0.14562072 -37.48248291 13.49091053
v -7.83813763 -31.20850372 19.79596710
v -6.57669115 -33.11084747 19.19576645
v -5.11629820 -34.77334213 18.23438263
v -3.47968888 -36.09949112 16.96786118
v -1.70756781 -37.01035690 15.47003365
v 0.14549665 -37.45055008 13.82821655
v -7.75755692 -30.88766098 19.86919022
v -6.51754045 -32.81304932 19.34613991
v -5.07863665 -34.51737213 18.45314407
v -3.46061921 -35.90165710 17.24225616
v -1.70170569 -36.88330078 15.78406811
v 0.14530933 -37.40233231 14.16358185
v -7.67620707 -30.56375694 19.92631912
v -6.45704174 -32.50846100 19.48164749
v -5.03947830 -34.25123215 18.65913010
v -3.44029808 -35.69083786 17.50671387
v -1.69515014 -36.74121475 16.09157944
v 0.14505918 -37.33794403 14.49622154
v -7.59427977 -30.23755264 19.96722031
v -6.39533615 -32.19780350 19.60196877
v -4.99891520 -33.97554016 18.85185814
v -3.41877294 -35.46752548 17.76061249
v -1.68791652 -36.58442688 16.39184761
v 0.14474678 -37.25753403 14.82535553
v 2.01909947 -37.44128799 13.24560642
v 2.42259979 -37.42166519 13.00000000
v -7.51196575 -29.90980911 19.99180031
v -6.33256865 -31.88179398 19.70682526
v -4.95704222 -33.69094467 19.03087616
v -3.39609432 -35.23225021 18.00335884
v -1.68002164 -36.41331482 16.68416977
v 0.14437290 -37.16129303 15.15021324
v 2.01840353 -37.42838287 13.49091053
v -6.26888657 -31.56118202 19.79596710
v -4.91395712 -33.39811325 19.19576645
v -3.37231517 -34.98555756 18.23438263
v -1.67148411 -36.22827148 16.96786118
v 0.14393836 -37.04944611 15.47003365
v 2.01668382 -37.39649582 13.82821655
v -6.20443821 -31.23671341 19.86919022
v -4.86976099 -33.09773254 19.34613991
v -3.34749126 -34.72802734 18.45314407
v -1.66232395 -36.02972794 17.24225616
v 0.14344423 -36.92225647 15.78406811
v 2.01408744 -37.34834671 14.16358185
v -6.13937569 -30.90914917 19.92631912
v -4.82455778 -32.79050446 19.48164749
v -3.32168102 -34.46026230 18.65913010
v -1.65256262 -35.81815720 17.50671387
v 0.14289163 -36.78002167 16.09157944
v 2.01062012 -37.28404999 14.49622154
v -6.07385015 -30.57925797 19.96722031
v -4.77845287 -32.47714996 19.60196877
v -3.29494452 -34.18288803 18.85185814
v -1.64222288 -35.59405136 17.76061249
v 0.14228188 -36.62306976 16.39184761
v 2.00629020 -37.20375824 14.82535553
v 3.88748312 -37.29362106 13.24560642
v 4.26943207 -37.25616837 13.00000000
v -6.00801611 -30.24781036 19.99180031
v -4.73155451 -32.15840149 19.70682526
v -3.26734447 -33.89655685 19.03087616
v -1.63132906 -35.35793686 18.00335884
v 0.14161637 -36.45177460 16.68416977
v 2.00110769 -37.10765839 15.15021324
v 3.88614321 -37.28076553 13.49091053
v -4.68397236 -31.83500481 19.79596710
v -3.23894572 -33.60194016 19.19576645
v -1.61990666 -35.11036301 18.23438263
v 0.14089672 -36.26653290 16.96786118
v 1.99508488 -36.99597168 15.47003365
v 3.88283229 -37.24900436 13.82821655
v -4.63581800 -31.50772095 19.86919022
v -3.20981479 -33.29972458 19.34613991
v -1.60798252 -34.85191345 18.45314407
v 0.14012457 -36.06778336 17.24225616
v 1.98823571 -36.86896515 15.78406811
v 3.87783337 -37.20104599 14.16358185
v -4.58720446 -31.17731476 19.92631912
v -3.18001986 -32.99061966 19.48164749
v -1.59558439 -34.58319473 18.65913010
v 0.13930175 -35.85599136 17.50671387
v 1.98057640 -36.72693253 16.09157944
v 3.87115765 -37.13700485 14.49622154
v -4.53824568 -30.84456062 19.96722031
v -3.14963055 -32.67535019 19.60196877
v -1.58274138 -34.30482864 18.85185814
v 0.13843016 -35.63164902 17.76061249
v 1.97212470 -36.57020950 16.39184761
v 3.86282086 -37.05702972 14.82535553
v 5.74615431 -37.05278015 13.24560642
v 6.10582590 -36.99958038 13.00000000
v -4.48905611 -30.51023865 19.99180031
v -3.11871839 -32.35465622 19.70682526
v -1.56948364 -34.01747894 19.03087616
v 0.13751188 -35.39528275 18.00335884
v 1.96290052 -36.39916229 16.68416977
v 3.85284281 -36.96130753 15.15021324
v 5.74417353 -37.04000854 13.49091053
v -3.08735561 -32.02928925 19.79596710
v -1.55584216 -33.72180939 19.19576645
v 0.13654903 -35.14744949 18.23438263
v 1.95292556 -36.21418762 16.96786118
v 3.84124660 -36.85006332 15.47003365
v 5.73927975 -37.00844955 13.82821655
v -3.05561566 -31.70000839 19.86919022
v -1.54184890 -33.41851425 19.34613991
v 0.13554388 -34.88872528 18.45314407
v 1.94222307 -36.01572418 17.24225616
v 3.82805967 -36.72355652 15.78406811
v 5.73189068 -36.96080399 14.16358185
v -3.02357292 -31.36758614 19.92631912
v -1.52753675 -33.10831070 19.48164749
v 0.13449879 -34.61972046 18.65913010
v 1.93081808 -35.80423737 17.50671387
v 3.81331277 -36.58208466 16.09157944
v 5.72202301 -36.89717484 14.49622154
v -2.99130249 -31.03280067 19.96722031
v -1.51293921 -32.79191589 19.60196877
v 0.13341621 -34.34106445 18.85185814
v 1.91873741 -35.58021927 17.76061249
v 3.79704022 -36.42597961 16.39184761
v 5.70970058 -36.81771469 14.82535553
v 7.59046888 -36.71936035 13.24560642
v 7.92729139 -36.65253067 13.00000000
v -2.95887995 -30.69643974 19.99180031
v -1.49809039 -32.47007751 19.70682526
v 0.13229865 -34.05340958 19.03087616
v 1.90600932 -35.34419250 18.00335884
v 3.77928042 -36.25560379 16.68416977
v 5.69495153 -36.72261047 15.15021324
v 7.58785248 -36.70670319 13.49091053
v -1.48302507 -32.14355087 19.79596710
v 0.13114874 -33.75742722 19.19576645
v 1.89266360 -35.09671783 18.23438263
v 3.76007509 -36.07136154 16.96786118
v 5.67781115 -36.61208344 15.47003365
v 7.58138800 -36.67543411 13.82821655
v -1.46777868 -31.81309319 19.86919022
v 0.12996919 -33.45381165 19.34613991
v 1.87873161 -34.83836746 18.45314407
v 3.73946881 -35.87368393 17.24225616
v 5.65831947 -36.48639679 15.78406811
v 7.57162666 -36.62821198 14.16358185
v -1.45238674 -31.47948456 19.92631912
v 0.12876277 -33.14328003 19.48164749
v 1.86424589 -34.56975174 18.65913010
v 3.71751022 -35.66302872 17.50671387
v 5.63652182 -36.34583664 16.09157944
v 7.55859232 -36.56515884 14.49622154
v -1.43688560 -31.14350700 19.96722031
v 0.12753227 -32.82655334 19.60196877
v 1.84924042 -34.29149628 18.85185814
v 3.69425082 -35.43989182 17.76061249
v 5.61246920 -36.19073868 16.39184761
v 7.54231453 -36.48641205 14.82535553
v 9.41581917 -36.29420090 13.24560642
v 9.72937489 -36.21586990 13.00000000
v -1.42131126 -30.80594444 19.99180031
v 0.12628059 -32.50437546 19.70682526
v 1.83375037 -34.00425720 19.03087616
v 3.66974473 -35.20479965 18.00335884
v 5.58621788 -36.02146530 16.68416977
v 7.52283192 -36.39216614 15.15021324
v 9.41257286 -36.28169250 13.49091053
v 0.12501068 -32.17749786 19.79596710
v 1.81781197 -33.70870209 19.19576645
v 3.64404941 -34.95829773 18.23438263
v 5.55783033 -35.83841324 16.96786118
v 7.50019026 -36.28263474 15.47003365
v 9.40455437 -36.25078201 13.82821655
v 0.12372549 -31.84669495 19.86919022
v 1.80146265 -33.40552521 19.34613991
v 3.61722541 -34.70096970 18.45314407
v 5.52737188 -35.64200974 17.24225616
v 7.47444201 -36.15807343 15.78406811
v 9.39244556 -36.20410919 14.16358185
v 0.12242804 -31.51273346 19.92631912
v 1.78474057 -33.09543991 19.48164749
v 3.58933520 -34.43341064 18.65913010
v 5.49491453 -35.43271637 17.50671387
v 7.44564772 -36.01877975 16.09157944
v 9.37627697 -36.14178467 14.49622154
v 0.12112138 -31.17640114 19.96722031
v 1.76768506 -32.77917099 19.60196877
v 3.56044436 -34.15625381 18.85185814
v 5.46053410 -35.21102142 17.76061249
v 7.41387510 -35.86507797 16.39184761
v 9.35608482 -36.06394958 14.82535553
v 11.21764374 -35.77836227 13.24560642
v 11.50767136 -35.69066238 13.00000000
v 0.11980855 -30.83848190 19.99180031
v 1.75033605 -32.45745850 19.70682526
v 3.53062057 -33.87014771 19.03087616
v 5.42431116 -34.97744751 18.00335884
v 7.37919855 -35.69733047 16.68416977
v 9.33191681 -35.97079468 15.15021324
v 11.21377659 -35.76602936 13.49091053
v 1.73273408 -32.13105392 19.79596710
v 3.49993348 -33.57575607 19.19576645
v 5.38633060 -34.73254013 18.23438263
v 7.34169912 -35.51592255 16.96786118
v 9.30383015 -35.86252975 15.47003365
v 11.20422363 -35.73555756 13.82821655
v 1.71492052 -31.80072784 19.86919022
v 3.46845508 -33.27377701 19.34613991
v 5.34668159 -34.47687149 18.45314407
v 7.30146503 -35.32128906 17.24225616
v 9.27188969 -35.73941422 15.78406811
v 11.18979740 -35.68954849 14.16358185
v 1.69693696 -31.46725082 19.92631912
v 3.43625927 -32.96491623 19.48164749
v 5.30545664 -34.21104050 18.65913010
v 7.25858974 -35.11387634 17.50671387
v 9.23617172 -35.60173416 16.09157944
v 11.17053413 -35.62810898 14.49622154
v 1.67882574 -31.13140106 19.96722031
v 3.40342140 -32.64989471 19.60196877
v 5.26275253 -33.93567276 18.85185814
v 7.21317434 -34.89417648 17.76061249
v 9.19675827 -35.44981003 16.39184761
v 11.14647865 -35.55138397 14.82535553
v 12.99144173 -35.17313385 13.24560642
v 13.25783253 -35.07819748 13.00000000
v 1.66062903 -30.79397011 19.99180031
v 3.37001824 -32.32944870 19.70682526
v 5.21866941 -33.65141296 19.03087616
v 7.16532516 -34.66270447 18.00335884
v 9.15374279 -35.28400421 16.68416977
v 11.11768627 -35.45954895 15.15021324
v 12.98696327 -35.16100693 13.49091053
v 3.33612823 -32.00433350 19.79596710
v 5.17331028 -33.35892487 19.19576645
v 7.11515427 -34.41999817 18.23438263
v 9.10722542 -35.10469818 16.96786118
v 11.08422470 -35.35282516 15.47003365
v 12.97589874 -35.13105392 13.82821655
v 3.30183077 -31.67530823 19.86919022
v 5.12678194 -33.05889511 19.34613991
v 7.06277943 -34.16662979 18.45314407
v 9.05731487 -34.91231537 17.24225616
v 11.04617214 -35.23146057 15.78406811
v 12.95919228 -35.08581924 14.16358185
v 3.26720619 -31.34314537 19.92631912
v 5.07919264 -32.75202942 19.48164749
v 7.00832272 -33.90319443 18.65913010
v 9.00412941 -34.70730591 17.50671387
v 11.00361824 -35.09573746 16.09157944
v 12.93688297 -35.02542114 14.49622154
v 3.23233557 -31.00862122 19.96722031
v 5.03065443 -32.43904114 19.60196877
v 6.95191193 -33.63030624 18.85185814
v 8.94779301 -34.49015045 17.76061249
v 10.95666313 -34.94597244 16.39184761
v 12.90902328 -34.94999313 14.82535553
v 14.73278046 -34.48002243 13.24560642
v 14.97557831 -34.37996674 13.00000000
v 3.19730043 -30.67252159 19.99180031
v 4.98128080 -32.12066650 19.70682526
v 6.89367962 -33.34860229 19.03087616
v 8.88843727 -34.26135635 18.00335884
v 10.90541553 -34.78252029 16.68416977
v 12.87567806 -34.85971451 15.15021324
v 14.72770214 -34.46813583 13.49091053
v 4.93118715 -31.79764938 19.79596710
v 6.83376217 -33.05874634 19.19576645
v 8.82620144 -34.02146149 18.23438263
v 10.84999752 -34.60576630 16.96786118
v 12.83692551 -34.75479507 15.47003365
v 14.71515465 -34.43877029 13.82821655
v 4.88049173 -31.47074890 19.86919022
v 6.77229929 -32.76141739 19.34613991
v 8.76123047 -33.77103043 18.45314407
v 10.79053593 -34.41611481 17.24225616
v 12.79285622 -34.63547897 15.78406811
v 14.69620895 -34.39443207 14.16358185
v 4.82931232 -31.14073181 19.92631912
v 6.70943594 -32.45730972 19.48164749
v 8.69367886 -33.51064301 18.65913010
v 10.72717285 -34.21401978 17.50671387
v 12.74357319 -34.50205231 16.09157944
v 14.67090988 -34.33522034 14.49622154
v 4.77776957 -30.80836868 19.96722031
v 6.64531851 -32.14714050 19.60196877
v 8.62370205 -33.24091339 18.85185814
v 10.66005611 -33.99995041 17.76061249
v 12.68919373 -34.35482407 16.39184761
v 14.63931561 -34.26128006 14.82535553
v 16.43731117 -33.70076370 13.24560642
v 16.65671158 -33.59767914 13.00000000
v 4.72598362 -30.47443771 19.99180031
v 6.58009768 -31.83162880 19.70682526
v 8.55146599 -32.96247101 19.03087616
v 10.58934116 -33.77441025 18.00335884
v 12.62984276 -34.19413757 16.68416977
v 14.60150051 -34.17277908 15.15021324
v 16.43164444 -33.68914795 13.49091053
v 6.51392603 -31.51152039 19.79596710
v 8.47713947 -32.67597198 19.19576645
v 10.51519585 -33.53792572 18.23438263
v 12.56566048 -34.02037048 16.96786118
v 14.55755329 -34.06992722 15.47003365
v 16.41764450 -33.66044617 13.82821655
v 6.44695854 -31.18756104 19.86919022
v 8.40089703 -32.38208389 19.34613991
v 10.43779278 -33.29104996 18.45314407
v 12.49679756 -33.83393097 17.24225616
v 14.50757694 -33.95296478 15.78406811
v 16.39650726 -33.61711121 14.16358185
v 6.37935257 -30.86051369 19.92631912
v 8.32291603 -32.08150101 19.48164749
v 10.35731316 -33.03436279 18.65913010
v 12.42341518 -33.63525391 17.50671387
v 14.45168877 -33.82216644 16.09157944
v 16.36828041 -33.55923843 14.49622154
v 6.31126642 -30.53114128 19.96722031
v 8.24337959 -31.77491951 19.60196877
v 10.27394676 -32.76846695 18.85185814
v 12.34568501 -33.42480469 17.76061249
v 14.39002037 -33.67783737 16.39184761
v 16.33303070 -33.48696518 14.82535553
v 18.10077286 -32.83730698 13.24560642
v 18.29711914 -32.73324585 13.00000000
v 6.24285889 -30.20021629 19.99180031
v 8.16247463 -31.46306229 19.70682526
v 10.18788719 -32.49398422 19.03087616
v 12.26378822 -33.20307922 18.00335884
v 14.32271385 -33.52031708 16.68416977
v 16.29084206 -33.40046692 15.15021324
v 18.09453201 -32.82598877 13.49091053
v 8.08038998 -31.14665985 19.79596710
v 10.09933758 -32.21155548 19.19576645
v 12.17791843 -32.97059250 18.23438263
v 14.24992943 -33.34997559 16.96786118
v 16.24180984 -33.29993820 15.47003365
v 18.07911682 -32.79802322 13.82821655
v 7.99731827 -30.82645226 19.86919022
v 10.00850487 -31.92184639 19.34613991
v 12.08827591 -32.72789383 18.45314407
v 14.17183590 -33.16720963 17.24225616
v 16.18605232 -33.18561935 15.78406811
v 18.05583954 -32.75579453 14.16358185
v 7.91345453 -30.50319099 19.92631912
v 9.91560078 -31.62553406 19.48164749
v 11.99507141 -32.47555161 18.65913010
v 14.08861732 -32.97244644 17.50671387
v 16.12369728 -33.05777740 16.09157944
v 18.02475739 -32.69940567 14.49622154
v 7.82899475 -30.17763138 19.96722031
v 9.82084465 -31.32331085 19.60196877
v 11.89852142 -32.21415329 18.85185814
v 14.00046825 -32.76614761 17.76061249
v 16.05489349 -32.91670990 16.39184761
v 17.98594093 -32.62898636 14.82535553
v 19.71900940 -31.89180756 13.24560642
v 19.89279175 -31.78878593 13.00000000
v 7.74413681 -29.85053825 19.99180031
v 9.72445679 -31.01588631 19.70682526
v 11.79885483 -31.94431305 19.03087616
v 13.90759468 -32.54878998 18.00335884
v 15.97980022 -32.76275253 16.68416977
v 17.93947983 -32.54470444 15.15021324
v 19.71221161 -31.88081551 13.49091053
v 9.62666512 -30.70398140 19.79596710
v 11.69630241 -31.66666222 19.19576645
v 13.81021500 -32.32088852 18.23438263
v 15.89859486 -32.59626007 16.96786118
v 17.88548660 -32.44675064 15.47003365
v 19.69541931 -31.85365295 13.82821655
v 9.52769661 -30.38832474 19.86919022
v 11.59110641 -31.38185310 19.34613991
v 13.70855713 -32.08296967 18.45314407
v 15.81146622 -32.41762161 17.24225616
v 17.82408524 -32.33536148 15.78406811
v 19.67006111 -31.81264305 14.16358185
v 9.42778492 -30.06965637 19.92631912
v 11.48351192 -31.09055328 19.48164749
v 13.60285950 -31.83559990 18.65913010
v 15.71862030 -32.22726440 17.50671387
v 17.75542259 -32.21079636 16.09157944
v 19.63619804 -31.75787735 14.49622154
v 9.32716274 -29.74872589 19.96722031
v 11.37377262 -30.79344177 19.60196877
v 13.49336910 -31.57935143 18.85185814
v 15.62027168 -32.02562332 17.76061249
v 17.67965508 -32.07334137 16.39184761
v 19.59391212 -31.68948555 14.82535553
v 21.28797913 -30.86662674 13.24560642
v 21.43982697 -30.76660156 13.00000000
v 9.22606564 -29.42628098 19.99180031
v 11.26214409 -30.49121857 19.70682526
v 13.38034248 -31.31482887 19.03087616
v 15.51665401 -31.81317902 18.00335884
v 17.59696198 -31.92332649 16.68416977
v 19.54329872 -31.60762787 15.15021324
v 21.28064156 -30.85598755 13.49091053
v 11.14888859 -30.18458939 19.79596710
v 13.26404476 -31.04265022 19.19576645
v 15.40800762 -31.59042740 18.23438263
v 17.50753784 -31.76110077 16.96786118
v 19.48447800 -31.51249695 15.47003365
v 21.26251221 -30.82969856 13.82821655
v 11.03427029 -29.87427139 19.86919022
v 13.14474869 -30.76345444 19.34613991
v 15.29458809 -31.35788727 18.45314407
v 17.41159248 -31.58704185 17.24225616
v 19.41758728 -31.40431404 15.78406811
v 21.23513603 -30.79000664 14.16358185
v 10.91856003 -29.56099510 19.92631912
v 13.02273273 -30.47789383 19.48164749
v 15.17666149 -31.11610603 18.65913010
v 17.30934906 -31.40155792 17.50671387
v 19.34278488 -31.28333473 16.09157944
v 21.19857979 -30.73700142 14.49622154
v 10.80202675 -29.24549294 19.96722031
v 12.89828396 -30.18663788 19.60196877
v 15.05450344 -30.86565018 18.85185814
v 17.20104980 -31.20508575 17.76061249
v 19.26024437 -31.14983940 16.39184761
v 21.15292740 -30.67080879 14.82535553
v 22.80376244 -29.76432800 13.24560642
v 22.93444443 -29.66919708 13.00000000
v 10.68494415 -28.92850304 19.99180031
v 12.77169228 -29.89036942 19.70682526
v 14.92840004 -30.60710716 19.03087616
v 17.08694458 -30.99808502 18.00335884
v 19.17015839 -31.00414467 16.68416977
v 21.09828758 -30.59158134 15.15021324
v 22.79590225 -29.75406647 13.49091053
v 12.64325619 -29.58978081 19.79596710
v 14.79864693 -30.34107971 19.19576645
v 16.96730423 -30.78104019 18.23438263
v 19.07274055 -30.84658813 16.96786118
v 21.03478622 -30.49950981 15.47003365
v 22.77648163 -29.72871780 13.82821655
v 12.51327610 -29.28557968 19.86919022
v 14.66554832 -30.06819153 19.34613991
v 16.84240532 -30.55445862 18.45314407
v 18.96821594 -30.67753983 17.24225616
v 20.96257401 -30.39480400 15.78406811
v 22.74715614 -29.69044304 14.16358185
v 12.38205528 -28.97847748 19.92631912
v 14.52941608 -29.78908539 19.48164749
v 16.71254539 -30.31887245 18.65913010
v 18.85683250 -30.49739838 17.50671387
v 20.88181877 -30.27771378 16.09157944
v 22.70799637 -29.63932991 14.49622154
v 12.24990273 -28.66919136 19.96722031
v 14.39056873 -29.50441170 19.60196877
v 16.57802391 -30.07483292 18.85185814
v 18.73884964 -30.30658340 17.76061249
v 20.79271126 -30.14850998 16.39184761
v 22.65909576 -29.57550049 14.82535553
v 24.26257133 -28.58766174 13.24560642
v 24.37298965 -28.49925232 13.00000000
v 12.11712646 -28.35844803 19.99180031
v 14.24933147 -29.21483994 19.70682526
v 16.43915939 -29.82291222 19.03087616
v 18.61454391 -30.10554314 18.00335884
v 20.69545937 -30.00749779 16.68416977
v 22.60056305 -29.49910355 15.15021324
v 24.25420761 -28.57780838 13.49091053
v 14.10603619 -28.92104530 19.79596710
v 16.29627609 -29.56370163 19.19576645
v 18.48420715 -29.89474678 18.23438263
v 20.59028816 -29.85500526 16.96786118
v 22.53254128 -29.41031837 15.47003365
v 24.23354340 -28.55346107 13.82821655
v 13.96101665 -28.62371826 19.86919022
v 16.14970779 -29.29780579 19.34613991
v 18.34814453 -29.67468834 18.45314407
v 20.47744942 -29.69139290 17.24225616
v 22.45518684 -29.30935287 15.78406811
v 24.20234299 -28.51669884 14.16358185
v 13.81461430 -28.32355690 19.92631912
v 15.99979782 -29.02585030 19.48164749
v 18.20667267 -29.44588661 18.65913010
v 20.35720253 -29.51704216 17.50671387
v 22.36868286 -29.19644356 16.09157944
v 24.16067886 -28.46760559 14.49622154
v 13.66717243 -28.02126122 19.96722031
v 15.84689903 -28.74847031 19.60196877
v 18.06012535 -29.20887375 18.85185814
v 20.22983170 -29.33236122 17.76061249
v 22.27322960 -29.07185555 16.39184761
v 24.10864830 -28.40630150 14.82535553
v 25.66076088 -27.33957100 13.24560642
v 25.75194359 -27.25963020 13.00000000
v 13.51903439 -27.71754074 19.99180031
v 15.69136906 -28.46631622 19.70682526
v 17.90884590 -28.96420670 19.03087616
v 20.09563637 -29.13778114 18.00335884
v 22.16905212 -28.93587875 16.68416977
v 24.04637337 -28.33292389 15.15021324
v 25.65191460 -27.33014679 13.49091053
v 15.53357124 -28.18004990 19.79596710
v 17.75318909 -28.71245956 19.19576645
v 19.95492935 -28.93376160 18.23438263
v 22.05639267 -28.78883362 16.96786118
v 23.97399902 -28.24764824 15.47003365
v 25.63006020 -27.30686378 13.82821655
v 15.37387657 -27.89034271 19.86919022
v 17.59351730 -28.45421982 19.34613991
v 19.80803871 -28.72077942 18.45314407
v 21.93551826 -28.63106346 17.24225616
v 23.89169693 -28.15067482 15.78406811
v 25.59706116 -27.27170563 14.16358185
v 15.21265888 -27.59786987 19.92631912
v 17.43020439 -28.19009590 19.48164749
v 19.65531158 -28.49933052 18.65913010
v 21.80671120 -28.46293831 17.50671387
v 23.79965782 -28.04222870 16.09157944
v 25.55299759 -27.22475815 14.49622154
v 15.05029488 -27.30331993 19.96722031
v 17.26363754 -27.92070198 19.60196877
v 19.49710464 -28.26993752 18.85185814
v 21.67027092 -28.28485107 17.76061249
v 23.69809914 -27.92256546 16.39184761
v 25.49796677 -27.16612816 14.82535553
v 26.99483681 -26.02317429 13.24560642
v 27.06793594 -25.95335960 13.00000000
v 14.88716602 -27.00738144 19.99180031
v 17.09420204 -27.64667320 19.70682526
v 19.33378792 -28.03313637 19.03087616
v 21.52651978 -28.09722137 18.00335884
v 23.58725548 -27.79196358 16.68416977
v 25.43210411 -27.09595490 15.15021324
v 26.98553085 -26.01420212 13.49091053
v 16.92229652 -27.36864853 19.79596710
v 19.16574478 -27.78948021 19.19576645
v 21.37579346 -27.90048790 18.23438263
v 23.46739006 -27.65073204 16.96786118
v 25.35555840 -27.01440239 15.47003365
v 26.96254158 -25.99204063 13.82821655
v 16.74832535 -27.08728218 19.86919022
v 18.99336815 -27.53954315 19.34613991
v 21.21844482 -27.69511032 18.45314407
v 23.33878326 -27.49919891 17.24225616
v 25.26851273 -26.92166138 15.78406811
v 26.92782784 -25.95857620 14.16358185
v 16.57269478 -26.80323219 19.92631912
v 18.81706429 -27.28390884 19.48164749
v 21.05484200 -27.48157120 18.65913010
v 23.20173645 -27.33771896 17.50671387
v 25.17117119 -26.81795120 16.09157944
v 26.88146973 -25.91388702 14.49622154
v 16.39581490 -26.51716232 19.96722031
v 18.63724136 -27.02317429 19.60196877
v 20.88537025 -27.26037025 18.85185814
v 23.05656815 -27.16667366 17.76061249
v 25.06375885 -26.70351219 16.39184761
v 26.82357979 -25.85808182 14.82535553
v 28.26146698 -24.64175797 13.24560642
v 28.31774902 -24.58363533 13.00000000
v 16.21810150 -26.22974396 19.99180031
v 18.45432663 -26.75795364 19.70682526
v 20.71042633 -27.03202438 19.03087616
v 22.90361977 -26.98646164 18.00335884
v 24.94652939 -26.57861137 16.68416977
v 26.75429153 -25.79128647 15.15021324
v 28.25172615 -24.63326263 13.49091053
v 18.26874352 -26.48886871 19.79596710
v 20.53041649 -26.79707146 19.19576645
v 22.74325180 -26.79750443 18.23438263
v 24.81975555 -26.44354630 16.96786118
v 26.67376900 -25.71366119 15.47003365
v 28.22765732 -24.61227608 13.82821655
v 18.08092880 -26.21654510 19.86919022
v 20.34576607 -26.55605888 19.34613991
v 22.57583618 -26.60024643 18.45314407
v 24.68373680 -26.29862785 17.24225616
v 26.58219719 -25.62538719 15.78406811
v 28.19131279 -24.58058929 14.16358185
v 17.89132309 -25.94162560 19.92631912
v 20.15690804 -26.30955315 19.48164749
v 22.40176964 -26.39514923 18.65913010
v 24.53879166 -26.14419937 17.50671387
v 26.47979355 -25.52666855 16.09157944
v 28.14278221 -24.53827286 14.49622154
v 17.70037079 -25.66475296 19.96722031
v 19.96428299 -26.05813026 19.60196877
v 22.22145462 -26.18269348 18.85185814
v 24.38525772 -25.98062134 17.76061249
v 26.36679649 -25.41773987 16.39184761
v 28.08217621 -24.48542976 14.82535553
v 29.45748711 -23.19877434 13.24560642
v 29.49832726 -23.15380478 13.00000000
v 17.50851822 -25.38657379 19.99180031
v 19.76834297 -25.80238152 19.70682526
v 22.03531837 -25.96337509 19.03087616
v 24.22349739 -25.80827713 18.00335884
v 26.24347305 -25.29885483 16.68416977
v 28.00963593 -24.42218018 15.15021324
v 29.44733429 -23.19077873 13.49091053
v 19.56954575 -25.54290581 19.79596710
v 21.84379387 -25.73770905 19.19576645
v 24.05388641 -25.62756920 18.23438263
v 26.11010933 -25.17029190 16.96786118
v 27.92533493 -24.34867668 15.47003365
v 29.42224693 -23.17102051 13.82821655
v 19.36835861 -25.28030777 19.86919022
v 21.64733124 -25.50622559 19.34613991
v 23.87682343 -25.43892288 18.45314407
v 25.96702003 -25.03235245 17.24225616
v 27.82946587 -24.26508713 15.78406811
v 29.38436508 -23.14118767 14.16358185
v 19.16525269 -25.01520538 19.92631912
v 21.44639206 -25.26946449 19.48164749
v 23.69272423 -25.24278069 18.65913010
v 25.81453896 -24.88535881 17.50671387
v 27.72225761 -24.17160988 16.09157944
v 29.33378029 -23.10135078 14.49622154
v 18.96070290 -24.74822044 19.96722031
v 21.24144363 -25.02798271 19.60196877
v 23.50201988 -25.03959846 18.85185814
v 25.65302277 -24.72965622 17.76061249
v 27.60396004 -24.06846237 16.39184761
v 29.27060890 -23.05160141 14.82535553
v 30.57991028 -21.69783211 13.24560642
v 30.60678482 -21.66736603 13.00000000
v 18.75518799 -24.47997665 19.99180031
v 21.03296852 -24.78234291 19.70682526
v 23.30515671 -24.82985687 19.03087616
v 25.48285103 -24.56561089 18.00335884
v 27.47484970 -23.95588875 16.68416977
v 29.19499969 -22.99205589 15.15021324
v 30.56936836 -21.69035149 13.49091053
v 20.82145309 -24.53312492 19.79596710
v 23.10259628 -24.61404228 19.19576645
v 25.30442238 -24.39360428 18.23438263
v 27.33522797 -23.83415031 16.96786118
v 29.10713005 -22.92285538 15.47003365
v 30.54332542 -21.67187309 13.82821655
v 20.60739517 -24.28090858 19.86919022
v 22.89481163 -24.39266586 19.34613991
v 25.11815453 -24.21404266 18.45314407
v 27.18542290 -23.70353317 17.24225616
v 29.00720406 -22.84416199 15.78406811
v 30.50400162 -21.64397049 14.16358185
v 20.39129639 -24.02628708 19.92631912
v 22.68229103 -24.16624069 19.48164749
v 24.92448425 -24.02734184 18.65913010
v 27.02578735 -23.56434250 17.50671387
v 28.89545822 -22.75615883 16.09157944
v 30.45148849 -21.60671043 14.49622154
v 20.17366219 -23.76985550 19.96722031
v 22.46553230 -23.93530083 19.60196877
v 24.72386551 -23.83394432 18.85185814
v 26.85669327 -23.41690636 17.76061249
v 28.77215385 -22.65905190 16.39184761
v 30.38591003 -21.56017876 14.82535553
v 31.62592888 -20.14267540 13.24560642
v 19.95499992 -23.51221657 19.99180031
v 22.24504280 -23.70038605 19.70682526
v 24.51676750 -23.63430023 19.03087616
v 26.67853737 -23.26156807 18.00335884
v 28.63757896 -22.55307007 16.68416977
v 30.30741882 -21.50448799 15.15021324
v 31.61502647 -20.13573265 13.49091053
v 22.02133942 -23.46204758 19.79596710
v 24.30367661 -23.42887878 19.19576645
v 26.49173737 -23.09869385 18.23438263
v 28.49205017 -22.43845940 16.96786118
v 30.21620178 -21.43976402 15.47003365
v 31.58809280 -20.11857796 13.82821655
v 21.79494667 -23.22084427 19.86919022
v 24.08508873 -23.21816063 19.34613991
v 26.29673004 -22.92866135 18.45314407
v 28.33590698 -22.31549072 17.24225616
v 30.11246872 -21.36616135 15.78406811
v 31.54742241 -20.09267616 14.16358185
v 21.56639481 -22.97733879 19.92631912
v 23.86152077 -23.00263786 19.48164749
v 26.09397316 -22.75187302 18.65913010
v 28.16951370 -22.18445206 17.50671387
v 29.99646568 -21.28385162 16.09157944
v 31.49311447 -20.05808640 14.49622154
v 21.33621788 -22.73210144 19.96722031
v 23.63349152 -22.78281784 19.60196877
v 25.88393974 -22.56874275 18.85185814
v 27.99326515 -22.04564857 17.76061249
v 29.86846352 -21.19302750 16.39184761
v 31.42529297 -20.01489067 14.82535553
v 21.10495567 -22.48571014 19.99180031
v 23.40154076 -22.55921555 19.70682526
v 25.66712379 -22.37969589 19.03087616
v 27.80756950 -21.89940834 18.00335884
v 29.72875977 -21.09390259 16.68416977
v 31.34411812 -19.96319008 15.15021324
v 23.16620636 -22.33235168 19.79596710
v 25.44403458 -22.18517876 19.19576645
v 27.61286354 -21.74607086 18.23438263
v 29.57768631 -20.98670769 16.96786118
v 31.24977875 -19.90310478 15.47003365
v 22.92804337 -22.10276222 19.86919022
v 25.21519089 -21.98564529 19.34613991
v 27.40960312 -21.58599663 18.45314407
v 29.41559219 -20.87169456 17.24225616
v 31.14249802 -19.83477783 15.78406811
v 22.68760872 -21.87098122 19.92631912
v 24.98113251 -21.78156471 19.48164749
v 27.19826508 -21.41955948 18.65913010
v 29.24286079 -20.74913406 17.50671387
v 31.02252769 -19.75836754 16.09157944
v 22.44546509 -21.63755417 19.96722031
v 24.74240494 -21.57341385 19.60196877
v 26.97934341 -21.24715233 18.85185814
v 29.05989456 -20.61931229 17.76061249
v 30.89014626 -19.67405319 16.39184761
v 22.20218086 -21.40302658 19.99180031
v 24.49956894 -21.36168098 19.70682526
v 26.75335312 -21.06917572 19.03087616
v 28.86712456 -20.48253250 18.00335884
v 30.74566460 -19.58203316 16.68416977
v 24.25319290 -21.14686012 19.79596710
v 26.52082062 -20.88604927 19.19576645
v 28.66499901 -20.33911514 18.23438263
v 30.58942223 -19.48252106 16.96786118
v 24.00385475 -20.92945671 19.86919022
v 26.28229332 -20.69820213 19.34613991
v 28.45399475 -20.18939781 18.45314407
v 30.42178535 -19.37575150 17.24225616
v 23.75213814 -20.70998001 19.92631912
v 26.03832817 -20.50607109 19.48164749
v 28.23460388 -20.03372955 18.65913010
v 30.24314499 -19.26197433 17.50671387
v 23.49863434 -20.48894501 19.96722031
v 25.78949928 -20.31010818 19.60196877
v 28.00734138 -19.87247658 18.85185814
v 30.05392075 -19.14145851 17.76061249
v 23.24393463 -20.26686668 19.99180031
v 25.53638649 -20.11077499 19.70682526
v 27.77273941 -19.70601654 19.03087616
v 29.85455513 -19.01448059 18.00335884
v 25.27958488 -19.90853310 19.79596710
v 27.53134727 -19.53473854 19.19576645
v 29.64551544 -18.88134384 18.23438263
v 25.01969528 -19.70386124 19.86919022
v 27.28373146 -19.35904312 19.34613991
v 29.42729378 -18.74235725 18.45314407
v 24.75732613 -19.49723625 19.92631912
v 27.03046989 -19.17934227 19.48164749
v 29.20039749 -18.59784698 18.65913010
v 24.49309158 -19.28914452 19.96722031
v 26.77215958 -18.99605942 19.60196877
v 28.96536255 -18.44815063 18.85185814
v 24.22761345 -19.08007050 19.99180031
v 26.50940132 -18.80962181 19.70682526
v 28.72273445 -18.29362106 19.03087616
v 26.24281502 -18.62046623 19.79596710
v 28.47308540 -18.13461876 19.19576645
v 25.97302246 -18.42903519 19.86919022
v 28.21700096 -17.97151566 19.34613991
v 25.70065689 -18.23578072 19.92631912
v 27.95507622 -17.80469704 19.48164749
v 25.42635536 -18.04115105 19.96722031
v 27.68792915 -17.63455009 19.60196877
v 25.15076065 -17.84560394 19.99180031
v 27.41618538 -17.46147346 19.70682526
v 27.14047813 -17.28587532 19.79596710
v 26.86145782 -17.10816574 19.86919022
v 26.57977486 -16.92876053 19.92631912
v 26.29609108 -16.74808121 19.96722031
v 26.01107025 -16.56655121 19.99180031
v 31.64040947 20.12795067 7.00000000
v 30.60678482 21.66736603 7.00000000
v 29.49832726 23.15380478 7.00000000
v 28.31774902 24.58363533 7.00000000
v 27.06793594 25.95335960 7.00000000
v 25.75194359 27.25963020 7.00000000
v 24.37298965 28.49925232 7.00000000
v 22.93444443 29.66919708 7.00000000
v 21.43982697 30.76660156 7.00000000
v 19.89279175 31.78878593 7.00000000
v 18.29711914 32.73324585 7.00000000
v 16.65671158 33.59767914 7.00000000
v 14.97557831 34.37996674 7.00000000
v 13.25783253 35.07819748 7.00000000
v 11.50767136 35.69066238 7.00000000
v 9.72937489 36.21586990 7.00000000
v 7.92729139 36.65253067 7.00000000
v 6.10582590 36.99958038 7.00000000
v 4.26943207 37.25616837 7.00000000
v 2.42259979 37.42166519 7.00000000
v 0.56984460 37.49567032 7.00000000
v -1.28430390 37.47800064 7.00000000
v -3.13531256 37.36870193 7.00000000
v -4.97865534 37.16803741 7.00000000
v -6.80982590 36.87649918 7.00000000
v -8.62434673 36.49480438 7.00000000
v -10.41778183 36.02388000 7.00000000
v -12.18574619 35.46487808 7.00000000
v -13.92391682 34.81916809 7.00000000
v -15.62804508 34.08832932 7.00000000
v -17.29396439 33.27414703 7.00000000
v -18.91760063 32.37860870 7.00000000
v -20.49498367 31.40391159 7.00000000
v -22.02225876 30.35243225 7.00000000
v -23.49569130 29.22674179 7.00000000
v -24.91167831 28.02959633 7.00000000
v -26.26675797 26.76391983 7.00000000
v -27.55761909 25.43280792 7.00000000
v -28.78110123 24.03951263 7.00000000
v -29.93421745 22.58744431 7.00000000
v -31.01414490 21.08015060 7.00000000
v -32.01824570 19.52131844 7.00000000
v -32.94406509 17.91475677 7.00000000
v -33.78933716 16.26439667 7.00000000
v -34.55199814 14.57426929 7.00000000
v -35.23018265 12.84850979 7.00000000
v -35.82223129 11.09133625 7.00000000
v -36.32669830 9.30704594 7.00000000
v -36.74234772 7.50000000 7.00000000
v 31.64040947 -20.12795067 7.00000000
v 32.58955002 -18.53527260 6.66128445
v 32.59667587 -18.53932571 7.00000000
v 26.72543144 -15.20006084 0.00430910
v 31.63349152 20.12355042 6.66128445
v 31.61275291 20.11035728 6.32336187
v 31.57824135 20.08840370 5.98702431
v 31.53003883 20.05773926 5.65305948
v 31.46825790 20.01843643 5.32224989
v 31.39304352 19.97059059 4.99537134
v 30.60009193 21.66262817 6.66128445
v 31.30457115 19.91430855 4.67318916
v 30.58003044 21.64842606 6.32336187
v 31.20304871 19.84972572 4.35645819
v 30.54664612 21.62479210 5.98702431
v 31.08871460 19.77699280 4.04592037
v 30.50001907 21.59178352 5.65305948
v 30.96183586 19.69627762 3.74230337
v 30.44025612 21.54947662 5.32224989
v 30.82271004 19.60777283 3.44631863
v 30.36749840 21.49796867 4.99537134
v 29.49187660 23.14874268 6.66128445
v 30.67166138 19.51168442 3.15865922
v 30.28191566 21.43738365 4.67318916
v 29.47254181 23.13356590 6.32336187
v 30.50904655 19.40823746 2.87999940
v 30.18371010 21.36786079 4.35645819
v 29.44036674 23.10831070 5.98702431
v 30.33524513 19.29767609 2.61099172
v 30.07311058 21.28956413 4.04592037
v 29.39542770 23.07303810 5.65305948
v 30.15066528 19.18025589 2.35226655
v 29.95037651 21.20267677 3.74230337
v 29.33782959 23.02782822 5.32224989
v 29.95573807 19.05625343 2.10442996
v 29.81579590 21.10740471 3.44631863
v 29.26770782 22.97278786 4.99537134
v 28.31155586 24.57826042 6.66128445
v 29.75092125 18.92595863 1.86806273
v 29.66968346 21.00396729 3.15865922
v 29.18522453 22.90804482 4.67318916
v 28.29299545 24.56214523 6.32336187
v 29.53669357 18.78967857 1.64371848
v 29.51238060 20.89260864 2.87999940
v 29.09057617 22.83375359 4.35645819
v 28.26210785 24.53533173 5.98702431
v 29.31355858 18.64773178 1.43192267
v 29.34425735 20.77358818 2.61099172
v 28.98398209 22.75008583 4.04592037
v 28.21896744 24.49787903 5.65305948
v 29.08203697 18.50045013 1.23317170
v 29.16570663 20.64718819 2.35226655
v 28.86569214 22.65723801 3.74230337
v 28.16367531 24.44987869 5.32224989
v 28.84267044 18.34817886 1.04793119
v 28.97714806 20.51370239 2.10442996
v 28.73598480 22.55542755 3.44631863
v 28.09635925 24.39143753 4.99537134
v 27.06201744 25.94768524 6.66128445
v 28.59602356 18.19127464 0.87663496
v 28.77902031 20.37344360 1.86806273
v 28.59516335 22.44489479 3.15865922
v 28.01717758 24.32269859 4.67318916
v 27.04427528 25.93067360 6.32336187
v 28.34267235 18.03010559 0.71968442
v 28.57179260 20.22673988 1.64371848
v 28.44355774 22.32589722 2.87999940
v 27.92631531 24.24381828 4.35645819
v 27.01475143 25.90236473 5.98702431
v 28.08320808 17.86504936 0.57744724
v 28.35594559 20.07393646 1.43192267
v 28.28152275 22.19871330 2.61099172
v 27.82398796 24.15498352 4.04592037
v 26.97351456 25.86282730 5.65305948
v 27.81824303 17.69649124 0.45025671
v 28.13198662 19.91539001 1.23317170
v 28.10943985 22.06364059 2.35226655
v 27.71043396 24.05640221 3.74230337
v 26.92066193 25.81214905 5.32224989
v 27.54839325 17.52482796 0.33841074
v 27.90044212 19.75147247 1.04793119
v 27.92770958 21.92099762 2.10442996
v 27.58591652 23.94830704 3.44631863
v 26.85631561 25.75045395 4.99537134
v 25.74631119 27.25366974 6.66128445
v 27.27429390 17.35046005 0.24217141
v 27.66185188 19.58256912 0.87663496
v 27.73675728 21.77111626 1.86806273
v 27.45073128 23.83094788 3.15865922
v 26.78063011 25.67788506 4.67318916
v 25.72943306 27.23580170 6.32336187
v 26.99658775 17.17379761 0.16176420
v 27.41677666 19.40907288 0.71968442
v 27.53703308 21.61434746 1.64371848
v 27.30519295 23.70459938 2.87999940
v 26.69377899 25.59461021 4.35645819
v 25.70134354 27.20606804 5.98702431
v 26.71592331 16.99525261 0.09737750
v 27.16578865 19.23139191 0.57744724
v 27.32900429 21.45106125 1.43192267
v 27.14964485 23.56956291 2.61099172
v 26.59596634 25.50082588 4.04592037
v 25.66211128 27.16453934 5.65305948
v 26.43295860 16.81524658 0.04916215
v 26.90947914 19.04994392 0.45025671
v 27.11315727 21.28163910 1.23317170
v 26.98444748 23.42614937 2.35226655
v 26.48742294 25.39675140 3.74230337
v 25.61182976 27.11131287 5.32224989
v 26.14835739 16.63419724 0.01723111
v 26.64844513 18.86515045 0.33841074
v 26.88999748 21.10647774 1.04793119
v 26.80998993 23.27469635 2.10442996
v 26.36840248 25.28263283 3.44631863
v 25.55061150 27.04651260 4.99537134
v 24.36765862 28.49302101 6.66128445
v 25.94140625 16.50254631 0.00430910
v 26.38330078 18.67744827 0.24217141
v 26.66004753 20.92598534 0.87663496
v 26.62668037 23.11555862 1.86806273
v 26.23918533 25.15873337 3.15865922
v 25.47860527 26.97028923 4.67318916
v 24.35168457 28.47434044 6.32336187
v 26.11466599 18.48727417 0.16176420
v 26.42384911 20.74058723 0.71968442
v 26.43494987 22.94911194 1.64371848
v 26.10006905 25.02534866 2.87999940
v 25.39597702 26.88282394 4.35645819
v 24.32509995 28.44325638 5.98702431
v 25.84316826 18.29507446 0.09737750
v 26.18195152 20.55071831 0.57744724
v 26.23524666 22.77574158 1.43192267
v 25.95138550 24.88278580 2.61099172
v 25.30292130 26.78431892 4.04592037
v 24.28796768 28.39983940 5.65305948
v 25.56944847 18.10130119 0.04916215
v 25.93492317 20.35682106 0.45025671
v 26.02803802 22.59585571 1.23317170
v 25.79347992 24.73138237 2.35226655
v 25.19965553 26.67500687 3.74230337
v 24.24037743 28.34419060 5.32224989
v 25.29414368 17.90640450 0.01723111
v 25.68334389 20.15935135 0.33841074
v 25.81380844 22.40987778 1.04793119
v 25.62672234 24.57149124 2.10442996
v 25.08642006 26.55514336 3.44631863
v 24.18243980 28.27644348 4.99537134
v 22.92943001 29.66271019 6.66128445
v 25.09395409 17.76468468 0.00430910
v 25.42780113 19.95877075 0.24217141
v 25.59306335 22.21823883 0.87663496
v 25.45150375 24.40348816 1.86806273
v 24.96348381 26.42501068 3.15865922
v 24.11428833 28.19675446 4.67318916
v 22.91439629 29.64326286 6.32336187
v 25.16889572 19.75555038 0.16176420
v 25.36631584 22.02139282 0.71968442
v 25.26823425 24.22776604 1.64371848
v 24.83113289 26.28491020 2.87999940
v 24.03608322 28.10531044 4.35645819
v 22.88938141 29.61090088 5.98702431
v 24.90723228 19.55016518 0.09737750
v 25.13409996 21.81979752 0.57744724
v 25.07734489 24.04473495 1.43192267
v 24.68967819 26.13517189 2.61099172
v 23.94801140 28.00232697 4.04592037
v 22.85444260 29.56570244 5.65305948
v 24.64342308 19.34309769 0.04916215
v 24.89695930 21.61392784 0.45025671
v 24.87928200 23.85482788 1.23317170
v 24.53944778 25.97614861 2.35226655
v 23.85027504 27.88804436 3.74230337
v 22.80965996 29.50777054 5.32224989
v 24.37808990 19.13483238 0.01723111
v 24.65544701 21.40426254 0.33841074
v 24.67450714 23.65848732 1.04793119
v 24.38079834 25.80821037 2.10442996
v 23.74310303 27.76273155 3.44631863
v 22.75514221 29.43724060 4.99537134
v 21.43513870 30.75987434 6.66128445
v 24.18515015 18.98339081 0.00430910
v 24.41013336 21.19129562 0.24217141
v 24.46350479 23.45617104 0.87663496
v 24.21409798 25.63175011 1.86806273
v 23.62675095 27.62667847 3.15865922
v 22.69101334 29.35428047 4.67318916
v 21.42108536 30.73970795 6.32336187
v 24.16158867 20.97552490 0.16176420
v 24.24676514 23.24835777 0.71968442
v 24.03973961 25.44718361 1.64371848
v 23.50148582 27.48020744 2.87999940
v 22.61742401 29.25908279 4.35645819
v 21.39770126 30.70615005 5.98702431
v 23.91039658 20.75745773 0.09737750
v 24.02479744 23.03553009 0.57744724
v 23.85813141 25.25494194 1.43192267
v 23.36760521 27.32366180 2.61099172
v 22.53454971 29.15187263 4.04592037
v 21.36503792 30.65927887 5.65305948
v 23.65714836 20.53760338 0.04916215
v 23.79812241 22.81818771 0.45025671
v 23.66969681 25.05547523 1.23317170
v 23.22542000 27.15740585 2.35226655
v 22.44258118 29.03289795 3.74230337
v 21.32317543 30.59920502 5.32224989
v 23.40243340 20.31647682 0.01723111
v 23.56727219 22.59684181 0.33841074
v 23.47488022 24.84925270 1.04793119
v 23.07526588 26.98183060 2.10442996
v 22.34173584 28.90243912 3.44631863
v 21.27220917 30.52606583 4.99537134
v 19.88844109 31.78183365 6.66128445
v 23.21721458 20.15568161 0.00430910
v 23.33278275 22.37200928 0.24217141
v 23.27413559 24.63675499 0.87663496
v 22.91749191 26.79734612 1.86806273
v 22.23225021 28.76080132 3.15865922
v 21.21225929 30.44003868 4.67318916
v 19.87540245 31.76099777 6.32336187
v 23.09520912 22.14421844 0.16176420
v 23.06793213 24.41847992 0.71968442
v 22.75247002 26.60438728 1.64371848
v 22.11437988 28.60831833 2.87999940
v 21.14346695 30.34132004 4.35645819
v 19.85370445 31.72632408 5.98702431
v 22.85510445 21.91399956 0.09737750
v 22.85675812 24.19494247 0.57744724
v 22.58058548 26.40340233 1.43192267
v 21.98840141 28.44534492 2.61099172
v 21.06599236 30.23014259 4.04592037
v 19.82339859 31.67789650 5.65305948
v 22.61303139 21.68189430 0.04916215
v 22.64110374 23.96666145 0.45025671
v 22.40224266 26.19486618 1.23317170
v 21.85460854 28.27226448 2.35226655
v 20.98001862 30.10676765 3.74230337
v 19.78455544 31.61582565 5.32224989
v 22.36955833 21.44844818 0.01723111
v 22.42147446 23.73417473 0.33841074
v 22.21785736 25.97926331 1.04793119
v 21.71331596 28.08948135 2.10442996
v 20.88574600 29.97148323 3.44631863
v 19.73726845 31.54025841 4.99537134
v 18.29311752 32.72608948 6.66128445
v 22.19251633 21.27869415 0.00430910
v 22.19838715 23.49802589 0.24217141
v 22.02786064 25.75710297 0.87663496
v 21.56485558 27.89742470 1.86806273
v 20.78339386 29.82460785 3.15865922
v 19.68164444 31.45137024 4.67318916
v 18.28112411 32.70463562 6.32336187
v 21.97236252 23.25876808 0.16176420
v 21.83270073 25.52890396 0.71968442
v 21.40957260 27.69654274 1.64371848
v 20.67320442 29.66648293 2.87999940
v 19.61781502 31.34937286 4.35645819
v 18.26116753 32.66893005 5.98702431
v 21.74393082 23.01696396 0.09737750
v 21.63283348 25.29519844 0.57744724
v 21.24783325 27.48730850 1.43192267
v 20.55543518 29.49748230 2.61099172
v 19.54593086 31.23450279 4.04592037
v 18.23329163 32.61906433 5.65305948
v 21.51362801 22.77317619 0.04916215
v 21.42872620 25.05653763 0.45025671
v 21.08001518 27.27021027 1.23317170
v 20.43036270 29.31799889 2.35226655
v 19.46616173 31.10702896 3.74230337
v 18.19756508 32.55514908 5.32224989
v 21.28199196 22.52798080 0.01723111
v 21.22085953 24.81347847 0.33841074
v 20.90651321 27.04575920 1.04793119
v 20.29827881 29.12845612 2.10442996
v 19.37869072 30.96724892 3.44631863
v 18.15406990 32.47733688 4.99537134
v 16.65306854 33.59033203 6.66128445
v 21.11355591 22.34968185 0.00430910
v 21.00971794 24.56659126 0.24217141
v 20.72773170 26.81447792 0.87663496
v 20.15949249 28.92929459 1.86806273
v 19.28372383 30.81549454 3.15865922
v 18.10290909 32.38580704 4.67318916
v 16.64215088 33.56830978 6.32336187
v 20.79579544 24.31645393 0.16176420
v 20.54409027 26.57691002 0.71968442
v 20.01432991 28.72098351 1.64371848
v 19.18148613 30.65211678 2.87999940
v 18.04419899 32.28078079 4.35645819
v 16.62398338 33.53166199 5.98702431
v 20.57959557 24.06365204 0.09737750
v 20.35601807 26.33361053 0.57744724
v 19.86313057 28.50400925 1.43192267
v 19.07221413 30.47750092 2.61099172
v 17.97808266 32.16249466 4.04592037
v 16.59860611 33.48048019 5.65305948
v 20.36162567 23.80877876 0.04916215
v 20.16395950 26.08515167 0.45025671
v 19.70624924 28.27888298 1.23317170
v 18.95616722 30.29205513 2.35226655
v 17.90471077 32.03123474 3.74230337
v 16.56608391 33.41487503 5.32224989
v 20.14239311 23.55243301 0.01723111
v 19.96835899 25.83211517 0.33841074
v 19.54405403 28.04612732 1.04793119
v 18.83361244 30.09621239 2.10442996
v 17.82425499 31.88730240 3.44631863
v 16.52648735 33.33501053 4.99537134
v 14.97230434 34.37244797 6.66128445
v 19.98297691 23.36602783 0.00430910
v 19.76968002 25.57509232 0.24217141
v 19.37692261 27.80629158 0.87663496
v 18.70484161 29.89043617 1.86806273
v 17.73690796 31.73103905 3.15865922
v 16.47991180 33.24106598 4.67318916
v 14.96248817 34.34991455 6.32336187
v 19.56838417 25.31468582 0.16176420
v 19.20524979 27.55993652 0.71968442
v 18.57015419 29.67520332 1.64371848
v 17.64286995 31.56280708 2.87999940
v 16.42646790 33.13326263 4.35645819
v 14.94615364 34.31241226 5.98702431
v 19.36494637 25.05150795 0.09737750
v 19.02943611 27.30764008 0.57744724
v 18.42986488 29.45102119 1.43192267
v 17.54236412 31.38300323 2.61099172
v 16.36627769 33.01185608 4.04592037
v 14.92333889 34.26003647 5.65305948
v 19.15983963 24.78617096 0.04916215
v 18.84989166 27.04998970 0.45025671
v 18.28430367 29.21841431 1.23317170
v 17.43562317 31.19204712 2.35226655
v 16.29948235 32.87712860 3.74230337
v 14.89409828 34.19290924 5.32224989
v 18.95354843 24.51930046 0.01723111
v 18.66703987 26.78759384 0.33841074
v 18.13381195 28.97792625 1.04793119
v 17.32290077 30.99038696 2.10442996
v 16.22624207 32.72939301 3.44631863
v 14.85849857 34.11117935 4.99537134
v 13.25493336 35.07052612 6.66128445
v 18.80354118 24.32524300 0.00430910
v 18.48130798 26.52106476 0.24217141
v 17.97874069 28.73012161 0.87663496
v 17.20445824 30.77849579 1.86806273
v 16.14672470 32.56900406 3.15865922
v 14.81662369 34.01504898 4.67318916
v 13.24624348 35.04753494 6.32336187
v 18.29313087 26.25102615 0.16176420
v 17.81945419 28.47558212 0.71968442
v 17.08057404 30.55686951 1.64371848
v 16.06111908 32.39632797 2.87999940
v 14.76857281 33.90473557 4.35645819
v 13.23178291 35.00927353 5.98702431
v 18.10294914 25.97811317 0.09737750
v 17.65632629 28.21490288 0.57744724
v 16.95153809 30.32602692 1.43192267
v 15.96962261 32.21177673 2.61099172
v 14.71445751 33.78050232 4.04592037
v 13.21158504 34.95583344 5.65305948
v 17.91121101 25.70296288 0.04916215
v 17.48973846 27.94869423 0.45025671
v 16.81765366 30.08650780 1.23317170
v 15.87245274 32.01577759 2.35226655
v 14.65440559 33.64263535 3.74230337
v 13.18569756 34.88734055 5.32224989
v 17.71836281 25.42622185 0.01723111
v 17.32007980 27.67757988 0.33841074
v 16.67923355 29.83887672 1.04793119
v 15.76983547 31.80879402 2.10442996
v 14.58855629 33.49146652 3.44631863
v 13.15418148 34.80395126 4.99537134
v 11.50515556 35.68286133 6.66128445
v 17.57813072 25.22498703 0.00430910
v 17.14774895 27.40219498 0.24217141
v 16.53660011 29.58370972 0.87663496
v 15.66201210 31.59130669 1.86806273
v 14.51706505 33.32733917 3.15865922
v 13.11711025 34.70586777 4.67318916
v 11.49761200 35.65946579 6.32336187
v 16.97315025 27.12318611 0.16176420
v 16.39009094 29.32160759 0.71968442
v 15.54923439 31.36382675 1.64371848
v 14.44009781 33.15064621 2.87999940
v 13.07457066 34.59331512 4.35645819
v 11.48506069 35.62053680 5.98702431
v 16.79669380 26.84120369 0.09737750
v 16.24004936 29.05318260 0.57744724
v 15.43176746 31.12688637 1.43192267
v 14.35783672 32.96179581 2.61099172
v 13.02666283 34.46655655 4.04592037
v 11.46752930 35.56616592 5.65305948
v 16.61878967 26.55691338 0.04916215
v 16.08682251 28.77906418 0.45025671
v 15.30988598 30.88104439 1.23317170
v 14.27047443 32.76123428 2.35226655
v 12.97349834 34.32589340 3.74230337
v 11.44505882 35.49647522 5.32224989
v 16.43985558 26.27097702 0.01723111
v 15.93077374 28.49989510 0.33841074
v 15.18387508 30.62687111 1.04793119
v 14.17821407 32.54942703 2.10442996
v 12.91520214 34.17164993 3.44631863
v 11.41770363 35.41163254 4.99537134
v 9.72724819 36.20795059 6.66128445
v 16.30974388 26.06305504 0.00430910
v 15.77226639 28.21632767 0.24217141
v 15.05403042 30.36496735 0.87663496
v 14.08127308 32.32687759 1.86806273
v 12.85191154 34.00419235 3.15865922
v 11.38552570 35.31183624 4.67318916
v 9.72087097 36.18421173 6.32336187
v 15.61167336 27.92902946 0.16176420
v 14.92065620 30.09594345 0.71968442
v 13.97987843 32.09410095 1.64371848
v 12.78377342 33.82390976 2.87999940
v 11.34860229 35.19731522 4.35645819
v 9.71025848 36.14471054 5.98702431
v 15.44936943 27.63866997 0.09737750
v 14.78406525 29.82042885 0.57744724
v 13.87426662 31.85164452 1.43192267
v 12.71094799 33.63122559 2.61099172
v 11.30701828 35.06834793 4.04592037
v 9.69543648 36.08953857 5.65305948
v 15.28573608 27.34593201 0.04916215
v 14.64457703 29.53907204 0.45025671
v 13.76468563 31.60007668 1.23317170
v 12.63360596 33.42658997 2.35226655
v 11.26087284 34.92522430 3.74230337
v 9.67643833 36.01882172 5.32224989
v 15.12115574 27.05150223 0.01723111
v 14.50251770 29.25253105 0.33841074
v 13.65139294 31.33998680 1.04793119
v 12.55192852 33.21048355 2.10442996
v 11.21027184 34.76829147 3.44631863
v 9.65330982 35.93273163 4.99537134
v 7.92555809 36.64451599 6.66128445
v 15.00148010 26.83740234 0.00430910
v 14.35822201 28.96147537 0.24217141
v 13.53465366 31.07198334 0.87663496
v 12.46610641 32.98340988 1.86806273
v 11.15533638 34.59790802 3.15865922
v 9.62610531 35.83146667 4.67318916
v 7.92036200 36.62049103 6.32336187
v 14.21202660 28.66658974 0.16176420
v 13.41474056 30.79669571 0.71968442
v 12.37634182 32.74590683 1.64371848
v 11.09619236 34.41447449 2.87999940
v 9.59488773 35.71526337 4.35645819
v 7.91171551 36.58051300 5.98702431
v 14.06427383 28.36856270 0.09737750
v 13.29193592 30.51476669 0.57744724
v 12.28284454 32.49852753 1.43192267
v 11.03298092 34.21842575 2.61099172
v 9.55972958 35.58439636 4.04592037
v 7.89963865 36.52467728 5.65305948
v 13.91531086 28.06809425 0.04916215
v 13.16652584 30.22685814 0.45025671
v 12.18583298 32.24185181 1.23317170
v 10.96584892 34.01021957 2.35226655
v 9.52071476 35.43916702 3.74230337
v 7.88415956 36.45310974 5.32224989
v 13.76548576 27.76588821 0.01723111
v 13.03880501 29.93364525 0.33841074
v 12.08553505 31.97647858 1.04793119
v 10.89495373 33.79034042 2.10442996
v 9.47793388 35.27992249 3.44631863
v 7.86531544 36.36597824 4.99537134
v 6.10449076 36.99148941 6.66128445
v 13.65653896 27.54613495 0.00430910
v 12.90907192 29.63581467 0.24217141
v 11.98218632 31.70303154 0.87663496
v 10.82046127 33.55930328 1.86806273
v 9.43148708 35.10703278 3.15865922
v 7.84314919 36.26349258 4.67318916
v 6.10048866 36.96723938 6.32336187
v 12.77763176 29.33406067 0.16176420
v 11.87602806 31.42215347 0.71968442
v 10.74254608 33.31765366 1.64371848
v 9.38148308 34.92090225 2.87999940
v 7.81771326 36.14588928 4.35645819
v 6.09382868 36.92687988 5.98702431
v 12.64479160 29.02909470 0.09737750
v 11.76730824 31.13449860 0.57744724
v 10.66139126 33.06595230 1.43192267
v 9.32803917 34.72196960 2.61099172
v 7.78906775 36.01344299 4.04592037
v 6.08452702 36.87051392 5.65305948
v 12.51086330 28.72163010 0.04916215
v 11.65628338 30.84074402 0.45025671
v 10.57718658 32.80479431 1.23317170
v 9.27128124 34.51069641 2.35226655
v 7.75727892 35.86646271 3.74230337
v 6.07260466 36.79826736 5.32224989
v 12.37615967 28.41238785 0.01723111
v 11.54321289 30.54157448 0.33841074
v 10.49012852 32.53479004 1.04793119
v 9.21134090 34.28758240 2.10442996
v 7.72242212 35.70529938 3.44631863
v 6.05809021 36.71031570 4.99537134
v 4.26849842 37.24802017 6.66128445
v 12.27820873 28.18751907 0.00430910
v 11.42836094 30.23769379 0.24217141
v 10.40042305 32.25656891 0.87663496
v 9.14836025 34.05314636 1.86806273
v 7.68457794 35.53032303 3.15865922
v 6.04101706 36.60685730 4.67318916
v 4.26570034 37.22359848 6.32336187
v 11.31199646 29.92981339 0.16176420
v 10.30827808 31.97078514 0.71968442
v 9.08248615 33.80793762 1.64371848
v 7.64383602 35.34194946 2.87999940
v 6.02142572 36.48814011 4.35645819
v 4.26104307 37.18296432 5.98702431
v 11.19439411 29.61865425 0.09737750
v 10.21391106 31.67810822 0.57744724
v 9.01387215 33.55253601 1.43192267
v 7.60029125 35.14061737 2.61099172
v 5.99936199 36.35443878 4.04592037
v 4.25453901 37.12620544 5.65305948
v 11.07582760 29.30494499 0.04916215
v 10.11754227 31.37922478 0.45025671
v 8.94267941 33.28753281 1.23317170
v 7.55404568 34.92679977 2.35226655
v 5.97487736 36.20606995 3.74230337
v 4.24620247 37.05345917 5.32224989
v 10.95657444 28.98942184 0.01723111
v 10.01939774 31.07483292 0.33841074
v 8.86907482 33.01355362 1.04793119
v 7.50520802 34.70099258 2.10442996
v 5.94802952 36.04337692 3.44631863
v 4.23605347 36.96489334 4.99537134
v 2.42207026 37.41348267 6.66128445
v 10.86985874 28.75998497 0.00430910
v 9.91970730 30.76564598 0.24217141
v 8.79323101 32.73123932 0.87663496
v 7.45389271 34.46372986 1.86806273
v 5.91888094 35.86674881 3.15865922
v 4.22411537 36.86072159 4.67318916
v 2.42048216 37.38895416 6.32336187
v 9.81870461 30.45239067 0.16176420
v 8.71532631 32.44125366 0.71968442
v 7.40021944 34.21556854 1.64371848
v 5.88750029 35.67658997 2.87999940
v 4.21041632 36.74118042 4.35645819
v 2.41783977 37.34813690 5.98702431
v 9.71662712 30.13579750 0.09737750
v 8.63554096 32.14426804 0.57744724
v 7.34431410 33.95708466 1.43192267
v 5.85396099 35.47335052 2.61099172
v 4.19498825 36.60655212 4.04592037
v 2.41414905 37.29112625 5.65305948
v 9.61371231 29.81661224 0.04916215
v 8.55406475 31.84098625 0.45025671
v 7.28630781 33.68888855 1.23317170
v 5.81834173 35.25750732 2.35226655
v 4.17786789 36.45715332 3.74230337
v 2.40941882 37.21805573 5.32224989
v 9.51020241 29.49557877 0.01723111
v 8.47108650 31.53211403 0.33841074
v 7.22633648 33.41160583 1.04793119
v 5.78072548 35.02956390 2.10442996
v 4.15909481 36.29333496 3.44631863
v 2.40365982 37.12910080 4.99537134
v 0.56971997 37.48747253 6.66128445
v 9.43493366 29.26213646 0.00430910
v 8.38680172 31.21837807 0.24217141
v 7.16454077 33.12588882 0.87663496
v 5.74120045 34.79005432 1.86806273
v 4.13871288 36.11547852 3.15865922
v 2.39688587 37.02446365 4.67318916
v 0.56934649 37.46289444 6.32336187
v 8.30140686 30.90051270 0.16176420
v 7.10106516 32.83240128 0.71968442
v 5.69986010 34.53953934 1.64371848
v 4.11677027 35.92399979 2.87999940
v 2.38911271 36.90438843 4.35645819
v 0.56872493 37.42199707 5.98702431
v 8.21510315 30.57926178 0.09737750
v 7.03605843 32.53183746 0.57744724
v 5.65680027 34.27861023 1.43192267
v 4.09331846 35.71935272 2.61099172
v 2.38035846 36.76916504 4.04592037
v 0.56785679 37.36487198 5.65305948
v 8.12809181 30.25537872 0.04916215
v 6.96967316 32.22489929 0.45025671
v 5.61212206 34.00787354 1.23317170
v 4.06841183 35.50201035 2.35226655
v 2.37064362 36.61910248 3.74230337
v 0.56674409 37.29166031 5.32224989
v 8.04057789 29.92962074 0.01723111
v 6.90206432 31.91230202 0.33841074
v 5.56593084 33.72796631 1.04793119
v 4.04210901 35.27248764 2.10442996
v 2.35999131 36.45455551 3.44631863
v 0.56538951 37.20252609 4.99537134
v -1.28402317 37.46980667 6.66128445
v 7.97694063 29.69274330 0.00430910
v 6.83339024 31.59478378 0.24217141
v 5.51833391 33.43954468 0.87663496
v 4.01447201 35.03131866 1.86806273
v 2.34842610 36.27590942 3.15865922
v 0.56379610 37.09768295 4.67318916
v -1.28318131 37.44524002 6.32336187
v 6.76381302 31.27308464 0.16176420
v 5.46944284 33.14328003 0.71968442
v 3.98556495 34.77906799 1.64371848
v 2.33597517 36.08358383 2.87999940
v 0.56196767 36.97737122 4.35645819
v -1.28178048 37.40436172 5.98702431
v 6.69349432 30.94796181 0.09737750
v 5.41937304 32.83987045 0.57744724
v 3.95545578 34.51632690 1.43192267
v 2.32266784 35.87802505 2.61099172
v 0.55990851 36.84188080 4.04592037
v -1.27982390 37.34726715 5.65305948
v 6.62259912 30.62017250 0.04916215
v 5.36824083 32.53002167 0.45025671
v 3.92421508 34.24371338 1.23317170
v 2.30853510 35.65971756 2.35226655
v 0.55762345 36.69152069 3.74230337
v -1.27731621 37.27408600 5.32224989
v 6.55129433 30.29048729 0.01723111
v 5.31616688 32.21446609 0.33841074
v 3.89191628 33.96186447 1.04793119
v 2.29361033 35.42917252 2.10442996
v 0.55511779 36.52664948 3.44631863
v -1.27426314 37.18499374 4.99537134
v -3.13462687 37.36053085 6.66128445
v 6.49944401 30.05075455 0.00430910
v 5.26327229 31.89394188 0.24217141
v 3.85863471 33.67144012 0.87663496
v 2.27792811 35.18693161 1.86806273
v 0.55239737 36.34764862 3.15865922
v -1.27067208 37.08020020 4.67318916
v -3.13257194 37.33603668 6.32336187
v 5.20968151 31.56919861 0.16176420
v 3.82444835 33.37312317 0.71968442
v 2.26152539 34.93356323 1.64371848
v 0.54946870 36.15494156 2.87999940
v -1.26655114 36.95994568 4.35645819
v -3.12915206 37.29527664 5.98702431
v 5.15551996 31.24099541 0.09737750
v 3.78943729 33.06760788 0.57744724
v 2.24444056 34.66965485 1.43192267
v 0.54633856 35.94897842 2.61099172
v -1.26191032 36.82452011 4.04592037
v -3.12437558 37.23834610 5.65305948
v 5.10091496 30.91010284 0.04916215
v 3.75368381 32.75561523 0.45025671
v 2.22671366 34.39583206 1.23317170
v 0.54301423 35.73023987 2.35226655
v -1.25676012 36.67422867 3.74230337
v -3.11825347 37.16538239 5.32224989
v 5.04599380 30.57729530 0.01723111
v 3.71727157 32.43787003 0.33841074
v 2.20838642 34.11273193 1.04793119
v 0.53950357 35.49924088 2.10442996
v -1.25111294 36.50943756 3.44631863
v -3.11080027 37.07654953 4.99537134
v -4.97756672 37.15990829 6.66128445
v 5.00605726 30.33529282 0.00430910
v 3.68028569 32.11512375 0.24217141
v 2.18950152 33.82101440 0.87663496
v 0.53581482 35.25651932 1.86806273
v -1.24498188 36.33052063 3.15865922
v -3.10203338 36.97206116 4.67318916
v -4.97430325 37.13554764 6.32336187
v 3.64281297 31.78812599 0.16176420
v 2.17010307 33.52137375 0.71968442
v 0.53195661 35.00264740 1.64371848
v -1.23838127 36.13790512 2.87999940
v -3.09197354 36.85215759 4.35645819
v -4.96887302 37.09500885 5.98702431
v 3.60494113 31.45764732 0.09737750
v 2.15023685 33.21450043 0.57744724
v 0.52793789 34.73822021 1.43192267
v -1.23132658 35.93203735 2.61099172
v -3.08064389 36.71712494 4.04592037
v -4.96128845 37.03838348 5.65305948
v 3.56675911 31.12446022 0.04916215
v 2.12994933 32.90111923 0.45025671
v 0.52376819 34.46385193 1.23317170
v -1.22383428 35.71340179 2.35226655
v -3.06807113 36.56727600 3.74230337
v -4.95156717 36.96580887 5.32224989
v 3.52835608 30.78934479 0.01723111
v 2.10928798 32.58196640 0.33841074
v 0.51945722 34.18019104 1.04793119
v -1.21592212 35.48250961 2.10442996
v -3.05428481 36.40296173 3.44631863
v -4.93973207 36.87745285 4.99537134
v -6.80833673 36.86843872 6.66128445
v 3.50043082 30.54566383 0.00430910
v 2.08830118 32.25778198 0.24217141
v 0.51501513 33.88790131 0.87663496
v -1.20760846 35.23990631 1.86806273
v -3.03931713 36.22456741 3.15865922
v -4.92581081 36.77352524 4.67318916
v -6.80387306 36.84426498 6.32336187
v 2.06703806 31.92933464 0.16176420
v 0.51045221 33.58766556 0.71968442
v -1.19891274 34.98615265 1.64371848
v -3.02320337 36.03251266 2.87999940
v -4.90983582 36.65426636 4.35645819
v -6.79644537 36.80404282 5.98702431
v 2.04554844 31.59738731 0.09737750
v 0.50577927 33.28018570 0.57744724
v -1.18985558 34.72184753 1.43192267
v -3.00598097 35.82724380 2.61099172
v -4.89184523 36.51995850 4.04592037
v -6.78607082 36.74786377 5.65305948
v 2.02388287 31.26272011 0.04916215
v 0.50100726 32.96618652 0.45025671
v -1.18045795 34.44761276 1.23317170
v -2.98769069 35.60924911 2.35226655
v -4.87188101 36.37091446 3.74230337
v -6.77277422 36.67585754 5.32224989
v 2.00209188 30.92611694 0.01723111
v 0.49614725 32.64640045 0.33841074
v -1.17074203 34.16408539 1.04793119
v -2.96837497 35.37903214 2.10442996
v -4.84998894 36.20748138 3.44631863
v -6.75658607 36.58819580 4.99537134
v -8.62246132 36.48682404 6.66128445
v 1.98624623 30.68135262 0.00430910
v 0.49121073 32.32157516 0.24217141
v -1.16073036 33.87193298 0.87663496
v -2.94807911 35.13713074 1.86806273
v -4.82622147 36.03004837 3.15865922
v -6.73754454 36.48508453 4.67318916
v -8.61680794 36.46290207 6.32336187
v 0.48620921 31.99247742 0.16176420
v -1.15044665 33.57183838 0.71968442
v -2.92685080 34.88412094 1.64371848
v -4.80063391 35.83902359 2.87999940
v -6.71569443 36.36676025 4.35645819
v -8.60740089 36.42309570 5.98702431
v 0.48115444 31.65987396 0.09737750
v -1.13991487 33.26450348 0.57744724
v -2.90473986 34.62058640 1.43192267
v -4.77328634 35.63485718 2.61099172
v -6.69108677 36.23350525 4.04592037
v -8.59426212 36.36749649 5.65305948
v 0.47605824 31.32454491 0.04916215
v -1.12915981 32.95064926 0.45025671
v -2.88179803 34.34714890 1.23317170
v -4.74424219 35.41803360 2.35226655
v -6.66377926 36.08562851 3.74230337
v -8.57742214 36.29623795 5.32224989
v 0.47093254 30.98727608 0.01723111
v -1.11820650 32.63101578 0.33841074
v -2.85807872 34.06444931 1.04793119
v -4.71357012 35.18905258 2.10442996
v -6.63383579 35.92348099 3.44631863
v -8.55692101 36.20948410 4.99537134
v -10.41550350 36.01600266 6.66128445
v 0.46720538 30.74202919 0.00430910
v -1.10708058 32.30634689 0.24217141
v -2.83363795 33.77314758 0.87663496
v -4.68134212 34.94845200 1.86806273
v -6.60132647 35.74743652 3.15865922
v -8.53280544 36.10743713 4.67318916
v -10.40867519 35.99238968 6.32336187
v -1.09580827 31.97740173 0.16176420
v -2.80853295 33.47392654 0.71968442
v -4.64763308 34.69679642 1.64371848
v -6.56632757 35.55791092 2.87999940
v -8.50513363 35.99034119 4.35645819
v -10.39731216 35.95309830 5.98702431
v -1.08441591 31.64495468 0.09737750
v -2.78282213 33.16749191 0.57744724
v -4.61252260 34.43468094 1.43192267
v -6.52892113 35.35534668 2.61099172
v -8.47396851 35.85846329 4.04592037
v -10.38144112 35.89821625 5.65305948
v -1.07293022 31.30978394 0.04916215
v -2.75656605 32.85455322 0.45025671
v -4.57609224 34.16271210 1.23317170
v -6.48919487 35.14022064 2.35226655
v -8.43938541 35.71212006 3.74230337
v -10.36109924 35.82787704 5.32224989
v -1.06137812 30.97267532 0.01723111
v -2.72982621 32.53585052 0.33841074
v -4.53842783 33.88153076 1.04793119
v -6.44724131 34.91303635 2.10442996
v -8.40146255 35.55164719 3.44631863
v -10.33633518 35.74224091 4.99537134
v -12.18308163 35.45712280 6.66128445
v -1.05297780 30.72754288 0.00430910
v -2.70266509 32.21212769 0.24217141
v -4.49961758 33.59179306 0.87663496
v -6.40315962 34.67432404 1.86806273
v -8.36029148 35.37742615 3.15865922
v -10.30720520 35.64151382 4.67318916
v -12.17509460 35.43387604 6.32336187
v -2.67514658 31.88414383 0.16176420
v -4.45975256 33.29417801 0.71968442
v -6.35705233 34.42464447 1.64371848
v -8.31596661 35.18986130 2.87999940
v -10.27377796 35.52592468 4.35645819
v -12.16180325 35.39519501 5.98702431
v -2.64733505 31.55266571 0.09737750
v -4.41892576 32.98938751 0.57744724
v -6.30902767 34.16458130 1.43192267
v -8.26859283 34.98939514 2.61099172
v -10.23613262 35.39575195 4.04592037
v -12.14323807 35.34116745 5.65305948
v -2.61929536 31.21847343 0.04916215
v -4.37723255 32.67813110 0.45025671
v -6.25919819 33.89474869 1.23317170
v -8.21828175 34.77649689 2.35226655
v -10.19435692 35.25129318 3.74230337
v -12.11944485 35.27191544 5.32224989
v -2.59109378 30.88234711 0.01723111
v -4.33477163 32.36113739 0.33841074
v -6.20768070 33.61577225 1.04793119
v -8.16514969 34.55166245 2.10442996
v -10.14854908 35.09289169 3.44631863
v -12.09047699 35.18761063 4.99537134
v -13.92087269 34.81155396 6.66128445
v -2.57058644 30.63792801 0.00430910
v -4.29164171 32.03915405 0.24217141
v -6.15459585 33.32830429 0.87663496
v -8.10932159 34.31542206 1.86806273
v -10.09881592 34.92092133 3.15865922
v -12.05640316 35.08844376 4.67318916
v -13.91174603 34.78873444 6.32336187
v -4.24794436 31.71293068 0.16176420
v -6.10006809 33.03302765 0.71968442
v -8.05092907 34.06832504 1.64371848
v -10.04527378 34.73577499 2.87999940
v -12.01730442 34.97465134 4.35645819
v -13.89655876 34.75075531 5.98702431
v -4.20378160 31.38323402 0.09737750
v -6.04422522 32.73062515 0.57744724
v -7.99010754 33.81095505 1.43192267
v -9.98804951 34.53789520 2.61099172
v -11.97327042 34.84649658 4.04592037
v -13.87534618 34.69770813 5.65305948
v -4.15925646 31.05083466 0.04916215
v -5.98719740 32.42181015 0.45025671
v -7.92700100 33.54391479 1.23317170
v -9.92727470 34.32774353 2.35226655
v -11.92440510 34.70428085 3.74230337
v -13.84815884 34.62972260 5.32224989
v -4.11447430 30.71651268 0.01723111
v -5.92911911 32.10730743 0.33841074
v -7.86175632 33.26782227 1.04793119
v -9.86309433 34.10581207 2.10442996
v -11.87082291 34.54833984 3.44631863
v -13.81505871 34.54695129 4.99537134
v -15.62462807 34.08087540 6.66128445
v -4.08191013 30.47340775 0.00430910
v -5.87012577 31.78784752 0.24217141
v -7.79452658 32.98333359 0.87663496
v -9.79565716 33.87261963 1.86806273
v -11.81264973 34.37903595 3.15865922
v -13.77612495 34.44958878 4.67318916
v -15.61438465 34.05853271 6.32336187
v -5.81035614 31.46418190 0.16176420
v -7.72546959 32.69111252 0.71968442
v -9.72512150 33.62871170 1.64371848
v -11.75002193 34.19676590 2.87999940
v -13.73144817 34.33786774 4.35645819
v -15.59733868 34.02135086 5.98702431
v -5.74994993 31.13707161 0.09737750
v -7.65474701 32.39184189 0.57744724
v -9.65165234 33.37466431 1.43192267
v -11.68308544 34.00195694 2.61099172
v -13.68113327 34.21204758 4.04592037
v -15.57353020 33.96941757 5.65305948
v -5.68904877 30.80727959 0.04916215
v -7.58252382 32.08622360 0.45025671
v -9.57542229 33.11106491 1.23317170
v -11.61199760 33.79506302 2.35226655
v -13.62529850 34.07242203 3.74230337
v -15.54301453 33.90285873 5.32224989
v -5.62779522 30.47558022 0.01723111
v -7.50897026 31.77497292 0.33841074
v -9.49661064 32.83853912 1.04793119
v -11.53692436 33.57657623 2.10442996
v -13.56407356 33.91931915 3.44631863
v -15.50586414 33.82182312 4.99537134
v -17.29018211 33.26687241 6.66128445
v -5.58325434 30.23438263 0.00430910
v -7.43425798 31.45882034 0.24217141
v -9.41540051 32.55772400 0.87663496
v -11.45804310 33.34700012 1.86806273
v -13.49760246 33.75309372 3.15865922
v -15.46216488 33.72650909 4.67318916
v -17.27884674 33.24505997 6.32336187
v -7.35856199 31.13850594 0.16176420
v -9.33198261 32.26927185 0.71968442
v -11.37553692 33.10688019 1.64371848
v -13.42604065 33.57414246 2.87999940
v -15.41202068 33.61713028 4.35645819
v -17.25998306 33.20876694 5.98702431
v -7.28206015 30.81478119 0.09737750
v -9.24655342 31.97386169 0.57744724
v -11.28959942 32.85677338 1.43192267
v -13.34955692 33.38288116 2.61099172
v -15.35554790 33.49394989 4.04592037
v -17.23363686 33.15807724 5.65305948
v -7.20493174 30.48840332 0.04916215
v -9.15931129 31.67218590 0.45025671
v -11.20043373 32.59726715 1.23317170
v -13.26832867 33.17975616 2.35226655
v -15.29287910 33.35725403 3.74230337
v -17.19986916 33.09310532 5.32224989
v -7.12735653 30.16013718 0.01723111
v -9.07046223 31.36495209 0.33841074
v -11.10824585 32.32896805 1.04793119
v -13.18254757 32.96524811 2.10442996
v -15.22416115 33.20736694 3.44631863
v -17.15875816 33.01400757 4.99537134
v -18.91346359 32.37153244 6.66128445
v -7.07094765 29.92143631 0.00430910
v -8.98021412 31.05287933 0.24217141
v -11.01325417 32.05250931 0.87663496
v -13.09241390 32.73985291 1.86806273
v -15.14955425 33.04463196 3.15865922
v -17.11040115 32.92096710 4.67318916
v -18.90106392 32.35030746 6.32336187
v -8.88877678 30.73670006 0.16176420
v -10.91567993 31.76853180 0.71968442
v -12.99813938 32.50410080 1.64371848
v -15.06923485 32.86943817 2.87999940
v -17.05491066 32.81420135 4.35645819
v -18.88043022 32.31499100 5.98702431
v -8.79636669 30.41715050 0.09737750
v -10.81575298 31.47770691 0.57744724
v -12.89994431 32.25854874 1.43192267
v -14.98338985 32.68218994 2.61099172
v -16.99241829 32.69396210 4.04592037
v -18.85161018 32.26566315 5.65305948
v -8.70319939 30.09498405 0.04916215
v -10.71370506 31.18071365 0.45025671
v -12.79805946 32.00376892 1.23317170
v -14.89222050 32.48332977 2.35226655
v -16.92306900 32.56053543 3.74230337
v -18.81467056 32.20244217 5.32224989
v -8.60949230 29.77095413 0.01723111
v -10.60977745 30.87824821 0.33841074
v -12.69272327 31.74035454 1.04793119
v -14.79594040 32.27331924 2.10442996
v -16.84702682 32.41422272 3.44631863
v -18.76970100 32.12547302 4.99537134
v -20.49050331 31.39704514 6.66128445
v -8.54135227 29.53533363 0.00430910
v -10.50421333 30.57101822 0.24217141
v -12.58418179 31.46892738 0.87663496
v -14.69477558 32.05265808 1.86806273
v -16.76446724 32.25537872 3.15865922
v -18.71680450 32.03493500 4.67318916
v -20.47706795 31.37646103 6.32336187
v -21.04532242 31.02788353 6.66128445
v -10.39725971 30.25974274 0.16176420
v -12.47268963 31.19012260 0.71968442
v -14.58896351 31.82185555 1.64371848
v -16.67558479 32.08436584 2.87999940
v -18.65610504 31.93104553 4.35645819
v -20.45471382 31.34220695 5.98702431
v -21.03152466 31.00754166 6.32336187
v -10.28916645 29.94515419 0.09737750
v -12.35850811 30.90459251 0.57744724
v -14.47875023 31.58145523 1.43192267
v -16.58058929 31.90159035 2.61099172
v -18.58774376 31.81404305 4.04592037
v -20.42349052 31.29436493 5.65305948
v -21.00856400 30.97369003 5.98702431
v -10.18018723 29.62798500 0.04916215
v -12.24190521 30.61300659 0.45025671
v -14.36439610 31.33202171 1.23317170
v -16.47970200 31.70747948 2.35226655
v -18.51188469 31.68420410 3.74230337
v -20.38347244 31.23304558 5.32224989
v -20.97649574 30.92641068 5.65305948
v -10.07057858 29.30898476 0.01723111
v -12.12315369 30.31604767 0.33841074
v -14.24616718 31.07413864 1.04793119
v -16.37315941 31.50248718 2.10442996
v -18.42870140 31.54183197 3.44631863
v -20.33475304 31.15839386 4.99537134
v -22.01744461 30.34579468 6.66128445
v -9.99087524 29.07701874 0.00430910
v -20.93539429 30.86581230 5.32224989
v -12.00253105 30.01441002 0.24217141
v -14.12434101 30.80840874 0.87663496
v -16.26120949 31.28709412 1.86806273
v -18.33839226 31.38726044 3.15865922
v -20.27744484 31.07058144 4.67318916
v -22.00300980 30.32589912 6.32336187
v -20.88535500 30.79203796 4.99537134
v -22.56946564 29.93750763 6.66128445
v -11.88032150 29.70880318 0.16176420
v -13.99920368 30.53545570 0.71968442
v -16.14411736 31.06180573 1.64371848
v -18.24116516 31.22085190 2.87999940
v -20.21168518 30.96981812 4.35645819
v -21.97898865 30.29279327 5.98702431
v -20.82649612 30.70525932 4.67318916
v -22.55466843 29.91787910 6.32336187
v -11.75681019 29.39994240 0.09737750
v -13.87104797 30.25591850 0.57744724
v -16.02215576 30.82714844 1.43192267
v -18.13725090 31.04299545 2.61099172
v -20.13762474 30.85633850 4.04592037
v -21.94543839 30.24655342 5.65305948
v -20.75895309 30.60568047 4.35645819
v -22.53004646 29.88521957 5.98702431
v -11.63228607 29.08854866 0.04916215
v -13.74017429 29.97045326 0.45025671
v -15.89561176 30.58367157 1.23317170
v -18.02689171 30.85410881 2.35226655
v -20.05543900 30.73040771 3.74230337
v -21.90243912 30.18728638 5.32224989
v -20.68288803 30.49353409 4.04592037
v -22.49565506 29.83959961 5.65305948
v -11.50704288 28.77535439 0.01723111
v -13.60688877 29.67972565 0.33841074
v -15.76478004 30.33194733 1.04793119
v -17.91034508 30.65463448 2.10442996
v -19.96532059 30.59232140 3.44631863
v -21.85008812 30.11513329 4.99537134
v -23.49055481 29.22035217 6.66128445
v -11.41596985 28.54761314 0.00430910
v -20.59847832 30.36908531 3.74230337
v -22.45157623 29.78113174 5.32224989
v -13.47150326 29.38442039 0.24217141
v -15.62996769 30.07256508 0.87663496
v -17.78788567 30.44503784 1.86806273
v -19.86747932 30.44240379 3.15865922
v -21.78850937 30.03026390 4.67318916
v -23.47515297 29.20119476 6.32336187
v -20.50591850 30.23262215 3.44631863
v -22.39791298 29.70994949 4.99537134
v -13.33433628 29.08522797 0.16176420
v -24.03722000 28.77233315 6.66128445
v -15.49149132 29.80613136 0.71968442
v -17.65980148 30.22581291 1.64371848
v -19.76214600 30.28100395 2.87999940
v -21.71784782 29.93287277 4.35645819
v -23.44952583 29.16931534 5.98702431
v -20.40542984 30.08446693 3.15865922
v -22.33479118 29.62622070 4.67318916
v -13.19570923 28.78285027 0.09737750
v -24.02146149 28.75346947 6.32336187
v -15.34967422 29.53326988 0.57744724
v -17.52639008 29.99747086 1.43192267
v -19.64956665 30.10850334 2.61099172
v -21.63826942 29.82319260 4.04592037
v -23.41373062 29.12479019 5.65305948
v -20.29724503 29.92496490 2.87999940
v -22.26235771 29.53014183 4.35645819
v -13.05594540 28.47799301 0.04916215
v -23.99523735 28.72208023 5.98702431
v -15.20484924 29.25462341 0.45025671
v -17.38796425 29.76054764 1.23317170
v -19.53000641 29.92530251 2.35226655
v -21.54995918 29.70147896 3.74230337
v -23.36785316 29.06772232 5.32224989
v -20.18161774 29.75449181 2.61099172
v -22.18078423 29.42193604 4.04592037
v -12.91537285 28.17137337 0.01723111
v -23.95861053 28.67823601 5.65305948
v -15.05735588 28.97084045 0.33841074
v -17.24485016 29.51559830 1.04793119
v -19.40374184 29.73183250 2.10442996
v -21.45312500 29.56801605 3.44631863
v -23.31200027 28.99824524 4.99537134
v -24.90623093 28.02346802 6.66128445
v -12.81315422 27.94841003 0.00430910
v -20.05881882 29.57344437 2.35226655
v -22.09026146 29.30186081 3.74230337
v -23.91166496 28.62204361 5.32224989
v -14.90753937 28.68258858 0.24217141
v -17.09737968 29.26319504 0.87663496
v -19.27107239 29.52854538 1.86806273
v -21.34799385 29.42311859 3.15865922
v -23.24630165 28.91652298 4.67318916
v -24.88990211 28.00509453 6.32336187
v -19.92913628 29.38224983 2.10442996
v -21.99099922 29.17019272 3.44631863
v -23.85451126 28.55363274 4.99537134
v -14.75575066 28.39054108 0.16176420
v -16.94590378 29.00393295 0.71968442
v -19.13230705 29.31591797 1.64371848
v -21.23481178 29.26712227 2.87999940
v -25.44491959 27.53527260 6.66128445
v -23.17091370 28.82274437 4.35645819
v -24.86273003 27.97452164 5.98702431
v -19.79287338 29.18135262 1.86806273
v -21.88323212 29.02724457 3.15865922
v -23.78728485 28.47316170 4.67318916
v -14.60234547 28.09538460 0.09737750
v -16.79077148 28.73841667 0.57744724
v -18.98777199 29.09445000 1.43192267
v -21.11384201 29.10039711 2.61099172
v -25.42823601 27.51721954 6.32336187
v -23.08600998 28.71713257 4.04592037
v -24.82477951 27.93181992 5.65305948
v -19.65035057 28.97122765 1.64371848
v -21.76721001 28.87334824 2.87999940
v -23.71014023 28.38082123 4.35645819
v -14.44768333 27.79780960 0.04916215
v -16.63235092 28.46726799 0.45025671
v -18.83780479 28.86466026 1.23317170
v -20.98537254 28.92333031 2.35226655
v -25.40047646 27.48717880 5.98702431
v -22.99179268 28.59993172 3.74230337
v -24.77613640 27.87709045 5.32224989
v -19.50190163 28.75236320 1.43192267
v -21.64320946 28.70886421 2.61099172
v -23.62326241 28.27682877 4.04592037
v -14.29212570 27.49851227 0.01723111
v -16.47100830 28.19112396 0.33841074
v -18.68275642 28.62708473 1.04793119
v -20.84969902 28.73633766 2.10442996
v -25.36170387 27.44522095 5.65305948
v -22.88847923 28.47141838 3.44631863
v -24.71691704 27.81045914 4.99537134
v -26.26101494 26.75806808 6.66128445
v -14.17901134 27.28087616 0.00430910
v -19.34787369 28.52527428 1.23317170
v -21.51151657 28.53417969 2.35226655
v -23.52685165 28.16142654 3.74230337
v -16.30712700 27.91062927 0.24217141
v -18.52299118 28.38228035 0.87663496
v -20.70714378 28.53985786 1.86806273
v -25.31200981 27.39144516 5.32224989
v -22.77631378 28.33189392 3.15865922
v -24.64726067 27.73208237 4.67318916
v -26.24379921 26.74052429 6.32336187
v -19.18862724 28.29049110 1.04793119
v -21.37244225 28.34970474 2.10442996
v -23.42113304 28.03488350 3.44631863
v -16.14108849 27.62644196 0.16176420
v -18.35888290 28.13082123 0.71968442
v -20.55803680 28.33435059 1.64371848
v -25.25151062 27.32597351 4.99537134
v -22.65555763 28.18168449 2.87999940
v -24.56732750 27.64214706 4.35645819
v -26.21514893 26.71133232 5.98702431
v -26.78904343 26.22941589 6.66128445
v -19.02453613 28.04856682 0.87663496
v -21.22631264 28.15586662 1.86806273
v -23.30635834 27.89749718 3.15865922
v -15.97327995 27.33922958 0.09737750
v -18.19081688 27.87329865 0.57744724
v -20.40273094 28.12029839 1.43192267
v -25.18034554 27.24896431 4.67318916
v -22.52649689 28.02114105 2.61099172
v -24.47730827 27.54085922 4.04592037
v -26.17513275 26.67055893 5.65305948
v -26.77148056 26.21221924 6.32336187
v -18.85598564 27.80006409 0.71968442
v -21.07346916 27.95312500 1.64371848
v -23.18279266 27.74959183 2.87999940
v -15.80409718 27.04966354 0.04916215
v -18.01918602 27.61031151 0.45025671
v -20.24158669 27.89820099 1.23317170
v -25.09868431 27.16059494 4.35645819
v -22.38942909 27.85064125 2.35226655
v -24.37741089 27.42846107 3.74230337
v -26.12384415 26.61829948 5.32224989
v -26.74225426 26.18360329 5.98702431
v -18.68336868 27.54556847 0.57744724
v -20.91426849 27.74195290 1.43192267
v -23.05072784 27.59150887 2.61099172
v -15.63393593 26.75842094 0.01723111
v -17.84439278 27.34247971 0.33841074
v -20.07498550 27.66857910 1.04793119
v -25.00671768 27.06107140 4.04592037
v -22.24468040 27.67058563 2.10442996
v -24.26787186 27.30521202 3.44631863
v -26.06140327 26.55467796 4.99537134
v -27.55159187 25.42724609 6.66128445
v -26.70143318 26.14363480 5.65305948
v -15.51020145 26.54664230 0.00430910
v -18.50708961 27.28567505 0.45025671
v -20.74908447 27.52284431 1.23317170
v -22.91047096 27.42362404 2.35226655
v -17.66684532 27.07043076 0.24217141
v -19.90331459 27.43197250 0.87663496
v -24.90466118 26.95063019 3.74230337
v -22.09258461 27.48139191 1.86806273
v -24.14894676 27.17140198 3.15865922
v -25.98795700 26.47984123 4.67318916
v -27.53352928 25.41057587 6.32336187
v -26.64911461 26.09240913 5.32224989
v -18.32756233 27.02099228 0.33841074
v -20.57830620 27.29631233 1.04793119
v -22.76235199 27.24632835 2.10442996
v -17.48696136 26.79479790 0.16176420
v -19.72697830 27.18893242 0.71968442
v -24.79275322 26.82952881 3.44631863
v -21.93350410 27.28350639 1.64371848
v -24.02091408 27.02734375 2.87999940
v -25.90367699 26.39396477 4.35645819
v -27.50347137 25.38283539 5.98702431
v -26.58541870 26.03004265 4.99537134
v -28.06623840 24.85802460 6.66128445
v -18.14520836 26.75214005 0.24217141
v -20.40233040 27.06288910 0.87663496
v -22.60671806 27.06003571 1.86806273
v -17.30516052 26.51623154 0.09737750
v -19.54638672 26.94003296 0.57744724
v -24.67125511 26.69804955 3.15865922
v -21.76780510 27.07739258 1.43192267
v -23.88407326 26.87337685 2.61099172
v -25.80875969 26.29725266 4.04592037
v -27.46148872 25.34408951 5.65305948
v -26.51049423 25.95668602 4.67318916
v -28.04783630 24.84172821 6.32336187
v -17.96045303 26.47974968 0.16176420
v -20.22157288 26.82312012 0.71968442
v -22.44393349 26.86518478 1.64371848
v -17.12187195 26.23538208 0.04916215
v -19.36196518 26.68585205 0.45025671
v -24.54045296 26.55650330 2.87999940
v -21.59588051 26.86353302 1.23317170
v -23.73874664 26.70986176 2.35226655
v -25.70343018 26.18992805 3.74230337
v -27.40768051 25.29442978 5.32224989
v -26.42452049 25.87250710 4.35645819
v -28.01721764 24.81460762 5.98702431
v -17.77373123 26.20445824 0.09737750
v -20.03645325 26.57756805 0.57744724
v -22.27438164 26.66222954 1.43192267
v -16.93752289 25.95290756 0.01723111
v -19.17414665 26.42698669 0.33841074
v -24.40065384 26.40521812 2.61099172
v -21.41813278 26.64242744 1.04793119
v -23.58527374 26.53717995 2.10442996
v -25.58793259 26.07224464 3.44631863
v -27.34217072 25.23397064 4.99537134
v -26.32769585 25.77770424 4.04592037
v -28.77480888 24.03425598 6.66128445
v -27.97445107 24.77672958 5.65305948
v -16.80347061 25.74750519 0.00430910
v -17.58547974 25.92691040 0.04916215
v -19.84741020 26.32680702 0.45025671
v -22.09845543 26.45164871 1.23317170
v -18.98336792 26.16404533 0.24217141
v -24.25218391 26.24455070 2.35226655
v -21.23497581 26.41459465 0.87663496
v -23.42401314 26.35573578 1.86806273
v -25.46253777 25.94447708 3.15865922
v -27.26511574 25.16285706 4.67318916
v -26.22024727 25.67250061 3.74230337
v -28.75594330 24.01849937 6.32336187
v -27.91963577 24.72818184 5.32224989
v -17.39613724 25.64775848 0.01723111
v -19.65488052 26.07142448 0.33841074
v -21.91657066 26.23393440 1.04793119
v -18.79007912 25.89764404 0.16176420
v -24.09539032 26.07487679 2.10442996
v -21.04684067 26.18057060 0.71968442
v -23.25534439 26.16595650 1.64371848
v -25.32754135 25.80692482 2.87999940
v -27.17669296 25.08125305 4.35645819
v -26.10242653 25.55714226 3.44631863
v -28.72455025 23.99227905 5.98702431
v -27.85290337 24.66907692 4.99537134
v -29.27330780 23.42452812 6.66128445
v -17.25845528 25.44476891 0.00430910
v -19.45932007 25.81202126 0.24217141
v -21.72915077 26.00959587 0.87663496
v -18.59473228 25.62840271 0.09737750
v -23.93064117 25.89659500 1.86806273
v -20.85416794 25.94089890 0.57744724
v -23.07966042 25.96828461 1.43192267
v -25.18325806 25.65991020 2.61099172
v -27.07711220 24.98934937 4.04592037
v -25.97451210 25.43189812 3.15865922
v -28.68070412 23.95565605 5.65305948
v -27.77440834 24.59955406 4.67318916
v -29.25411606 23.40917015 6.32336187
v -19.26118469 25.54920387 0.16176420
v -21.53663826 25.77915764 0.71968442
v -18.39778519 25.35695839 0.04916215
v -23.75832367 25.71012115 1.64371848
v -20.65740776 25.69614601 0.45025671
v -22.89737511 25.76318359 1.23317170
v -25.03002548 25.50377846 2.35226655
v -26.96660423 24.88736343 3.74230337
v -25.83679962 25.29706383 2.87999940
v -28.62450600 23.90871620 5.32224989
v -27.68433571 24.51977730 4.35645819
v -29.22217941 23.38361549 5.98702431
v -19.06093979 25.28358650 0.09737750
v -21.33947945 25.54316330 0.57744724
v -18.19969749 25.08394051 0.01723111
v -23.57884216 25.51589203 1.43192267
v -20.45702171 25.44688225 0.33841074
v -22.70891380 25.55113602 1.04793119
v -24.86820412 25.33889389 2.10442996
v -26.84543037 24.77553177 3.44631863
v -25.68961525 25.15295410 2.61099172
v -28.55608940 23.85157013 4.99537134
v -29.92767143 22.58250618 6.66128445
v -27.58289337 24.42993164 4.04592037
v -29.17757416 23.34792137 5.65305948
v -18.05565643 24.88541603 0.00430910
v -18.85905457 25.01579285 0.04916215
v -21.13814163 25.30216217 0.45025671
v -23.39261246 25.31436539 1.23317170
v -20.25347900 25.19369316 0.24217141
v -22.51471901 25.33263588 0.87663496
v -24.69817162 25.16564178 1.86806273
v -26.71387482 24.65411949 3.15865922
v -25.53330231 24.99990654 2.35226655
v -28.47561264 23.78435135 4.67318916
v -29.90805054 22.56769943 6.32336187
v -27.47032166 24.33022881 3.74230337
v -29.12040329 23.30217171 5.32224989
v -18.65600014 24.74644852 0.01723111
v -20.93309212 25.05672073 0.33841074
v -23.20007706 25.10601044 1.04793119
v -20.04725838 24.93717003 0.16176420
v -22.31524658 25.10819626 0.71968442
v -24.52032661 24.98443222 1.64371848
v -26.57224274 24.52340889 2.87999940
v -25.36822701 24.83827972 2.10442996
v -28.38326454 23.70721817 4.35645819
v -29.87540054 22.54306412 5.98702431
v -27.34688568 24.22090149 3.44631863
v -29.05080032 23.24647522 4.99537134
v -30.40724182 21.93250465 6.66128445
v -18.50834846 24.55059433 0.00430910
v -20.72481346 24.80741310 0.24217141
v -23.00168228 24.89131737 0.87663496
v -19.83884048 24.67791557 0.09737750
v -22.11096001 24.87834358 0.57744724
v -24.33508682 24.79568672 1.43192267
v -26.42086792 24.38370514 2.61099172
v -25.19477654 24.66845131 1.86806273
v -28.27926254 23.62034988 4.04592037
v -29.82979774 22.50865173 5.65305948
v -27.21287155 24.10220528 3.15865922
v -28.96892929 23.18096352 4.67318916
v -30.38730621 21.91812706 6.32336187
v -20.51379395 24.55482292 0.16176420
v -22.79789352 24.67078781 0.71968442
v -19.62871552 24.41653633 0.04916215
v -21.90234375 24.64361572 0.45025671
v -24.14288521 24.59984779 1.23317170
v -26.26010704 24.23533821 2.35226655
v -25.01335526 24.49082184 1.64371848
v -28.16384888 23.52395058 3.74230337
v -29.77134705 22.46454811 5.32224989
v -27.06859398 23.97442055 2.87999940
v -28.87498093 23.10578537 4.35645819
v -30.35413170 21.89419746 5.98702431
v -20.30052567 24.29954338 0.09737750
v -22.58918953 24.44493866 0.57744724
v -19.41737556 24.15364647 0.01723111
v -21.68988037 24.40456200 0.33841074
v -23.94417381 24.39737511 1.04793119
v -26.09033203 24.07865524 2.10442996
v -24.82439041 24.30580521 1.43192267
v -28.03729439 23.41824722 3.44631863
v -29.70018959 22.41085434 4.99537134
v -31.00736427 21.07554245 6.66128445
v -26.91439247 23.83784676 2.61099172
v -28.76917648 23.02112198 4.04592037
v -30.30779839 21.86077881 5.65305948
v -19.26369667 23.96248245 0.00430910
v -20.08551025 24.04217148 0.04916215
v -22.37606049 24.21430016 0.45025671
v -21.47407150 24.16174316 0.24217141
v -23.73941612 24.18873978 0.87663496
v -25.91194344 23.91402054 1.86806273
v -24.62832642 24.11383438 1.23317170
v -27.89989853 23.30348396 3.15865922
v -29.61648750 22.34769630 4.67318916
v -30.98703575 21.06172371 6.32336187
v -26.75062752 23.69280052 2.35226655
v -28.65176392 22.92716789 3.74230337
v -30.24841309 21.81794357 5.32224989
v -19.86925125 23.78331184 0.01723111
v -22.15900230 23.97941208 0.33841074
v -21.25542259 23.91572762 0.16176420
v -23.52909279 23.97443581 0.71968442
v -25.72535896 23.74182320 1.64371848
v -24.42561722 23.91536140 1.04793119
v -27.75197792 23.17993546 2.87999940
v -29.52044106 22.27522087 4.35645819
v -30.95320702 21.03873253 5.98702431
v -26.57768059 23.53962326 2.10442996
v -28.52301788 22.82414436 3.44631863
v -30.17611313 21.76579475 4.99537134
v -31.46520233 20.38568497 6.66128445
v -19.71199608 23.59507942 0.00430910
v -21.93852615 23.74082184 0.24217141
v -21.03444481 23.66709328 0.09737750
v -23.31369400 23.75496101 0.57744724
v -25.53101730 23.56246567 1.43192267
v -24.21674347 23.71084976 0.87663496
v -27.59388351 23.04788589 2.61099172
v -29.41227150 22.19359970 4.04592037
v -30.90595818 21.00661659 5.65305948
v -26.39596176 23.37867546 1.86806273
v -28.38324165 22.71229553 3.15865922
v -30.09107018 21.70445442 4.67318916
v -31.44457245 20.37232018 6.32336187
v -21.71514893 23.49909210 0.16176420
v -20.81165695 23.41641998 0.04916215
v -23.09372902 23.53083229 0.45025671
v -25.32937050 23.37636566 1.23317170
v -24.00218964 23.50077820 0.71968442
v -27.42598343 22.90764618 2.35226655
v -29.29223442 22.10302353 3.74230337
v -30.84539986 20.96545601 5.32224989
v -26.20589066 23.21033287 1.64371848
v -28.23275948 22.59187889 2.87999940
v -29.99348450 21.63406563 4.35645819
v -31.41024590 20.35008049 5.98702431
v -21.48939133 23.25478935 0.09737750
v -20.58757973 23.16429710 0.01723111
v -22.86970901 23.30257416 0.33841074
v -25.12089157 23.18396187 1.04793119
v -23.78246117 23.28564072 0.57744724
v -27.24867249 22.75954628 2.10442996
v -29.16061020 22.00370407 3.44631863
v -30.77167511 20.91534424 4.99537134
v -32.01124573 19.51704979 6.66128445
v -26.00791740 23.03499031 1.43192267
v -28.07192421 22.46318054 2.61099172
v -29.88358116 21.55479431 4.04592037
v -31.36229897 20.31901550 5.65305948
v -20.42463875 22.98096466 0.00430910
v -21.26178360 23.00848389 0.04916215
v -22.64216232 23.07071877 0.24217141
v -24.90607071 22.98570633 0.87663496
v -23.55807304 23.06594086 0.45025671
v -27.06236267 22.60393143 1.86806273
v -29.01770782 21.89587402 3.15865922
v -30.68495369 20.85640144 4.67318916
v -31.99025917 19.50425339 6.32336187
v -25.80250549 22.85305595 1.23317170
v -27.90111542 22.32649803 2.35226655
v -29.76162148 21.46682358 3.74230337
v -31.30084801 20.27920341 5.32224989
v -21.03285980 22.76075363 0.01723111
v -22.41161919 22.83581352 0.16176420
v -24.68541145 22.78205872 0.71968442
v -23.32954979 22.84218979 0.33841074
v -26.86749458 22.44116783 1.64371848
v -28.86386299 21.77978706 2.87999940
v -30.58544159 20.78876305 4.35645819
v -31.95533562 19.48296165 5.98702431
v -25.59013367 22.66496086 1.04793119
v -27.72073364 22.18215561 2.10442996
v -29.62788773 21.37036324 3.44631863
v -31.22603226 20.23073196 4.99537134
v -32.44454956 18.78793144 6.66128445
v -20.86639595 22.58061409 0.00430910
v -22.17862129 22.59840393 0.09737750
v -24.45942879 22.57350159 0.57744724
v -23.09742737 22.61491776 0.24217141
v -26.66452408 22.27163506 1.43192267
v -28.69943237 21.65571404 2.61099172
v -30.47336960 20.71258926 4.04592037
v -31.90655708 19.45322227 5.65305948
v -25.37129974 22.47114182 0.87663496
v -27.53119659 22.03048897 1.86806273
v -29.48269653 21.26563835 3.15865922
v -31.13803101 20.17371750 4.67318916
v -32.42327881 18.77561378 6.32336187
v -21.94371414 22.35905075 0.04916215
v -24.22865295 22.36051941 0.45025671
v -22.86224937 22.38465118 0.16176420
v -26.45392418 22.09573174 1.23317170
v -28.52480698 21.52394676 2.35226655
v -30.34900284 20.62805557 3.74230337
v -31.84403801 19.41510391 5.32224989
v -25.14651680 22.27205467 0.71968442
v -27.33295250 21.87185287 1.64371848
v -29.32638550 21.15289116 2.87999940
v -31.03704834 20.10829353 4.35645819
v -32.38788223 18.75511742 5.98702431
v -21.70744896 22.11831284 0.01723111
v -23.99362373 22.14361191 0.33841074
v -22.62456512 22.15193367 0.09737750
v -26.23619080 21.91386795 1.04793119
v -28.34039116 21.38479233 2.10442996
v -30.21262932 20.53536415 3.44631863
v -31.76792526 19.36870003 4.99537134
v -24.91631317 22.06816483 0.57744724
v -32.93686295 17.91084099 6.66128445
v -27.12646484 21.70662117 1.43192267
v -29.15932083 21.03239059 2.61099172
v -30.92332268 20.03461266 4.04592037
v -32.33844376 18.72648811 5.65305948
v -21.53564453 21.94325829 0.00430910
v -23.75489426 21.92328835 0.24217141
v -22.38493538 21.91730881 0.04916215
v -26.01183319 21.72647285 0.87663496
v -28.14661789 21.23857689 1.86806273
v -30.06457138 20.43473053 3.15865922
v -31.67839813 19.31411362 4.67318916
v -24.68122673 21.85995102 0.45025671
v -32.91526794 17.89909744 6.32336187
v -26.91221809 21.53518105 1.23317170
v -28.98189545 20.90441513 2.35226655
v -30.79711914 19.95284653 3.74230337
v -32.27507782 18.68979454 5.32224989
v -23.51302147 21.70006561 0.16176420
v -22.14391899 21.68132782 0.01723111
v -25.78137589 21.53398132 0.71968442
v -27.94394302 21.08564377 1.64371848
v -29.90517616 20.32638931 2.87999940
v -31.57566261 19.25147820 4.35645819
v -24.44180870 21.64789963 0.33841074
v -32.87933731 17.87955666 5.98702431
v -26.69071198 21.35793114 1.04793119
v -28.79452515 20.76926613 2.10442996
v -30.65873337 19.86318970 3.44631863
v -32.19793320 18.64512253 4.99537134
v -33.34283447 17.14323807 6.66128445
v -21.96866035 21.50973129 0.00430910
v -23.26857376 21.47446632 0.09737750
v -25.54536057 21.33684921 0.57744724
v -27.73283958 20.92635155 1.43192267
v -29.73481560 20.21059608 2.61099172
v -31.45996284 19.18093681 4.04592037
v -24.19861984 21.43250847 0.24217141
v -32.82914734 17.85226440 5.65305948
v -26.46246719 21.17528915 0.87663496
v -28.59764671 20.62725830 1.86806273
v -30.50848961 19.76585007 3.15865922
v -32.10719299 18.59257698 4.67318916
v -33.32097244 17.13199806 6.32336187
v -23.02212143 21.24701691 0.04916215
v -25.30433846 21.13553429 0.45025671
v -27.51380157 20.76107407 1.23317170
v -29.55388832 20.08762169 2.35226655
v -31.33156967 19.10265541 3.74230337
v -23.95222855 21.21428299 0.16176420
v -32.76482010 17.81728554 5.32224989
v -26.22801781 20.98768234 0.71968442
v -28.39172363 20.47872925 1.64371848
v -30.34673882 19.66105461 2.87999940
v -32.00307083 18.53227997 4.35645819
v -33.28459549 17.11329460 5.98702431
v -22.77424431 21.01825142 0.01723111
v -25.05887604 20.93051147 0.33841074
v -27.28734398 20.59019470 1.04793119
v -29.36281967 19.95775223 2.10442996
v -31.19078064 19.01681709 3.44631863
v -23.70321465 20.99373245 0.09737750
v -32.68650818 17.77469826 4.99537134
v -33.78195190 16.26083946 6.66128445
v -25.98791313 20.79555130 0.57744724
v -28.17723656 20.32402039 1.43192267
v -30.17386246 19.54905128 2.61099172
v -31.88580322 18.46437454 4.04592037
v -33.23379135 17.08717346 5.65305948
v -22.59399796 20.85190392 0.00430910
v -24.80954742 20.72225761 0.24217141
v -27.05399704 20.41411972 0.87663496
v -29.16205597 19.82129478 1.86806273
v -31.03792953 18.92362595 3.15865922
v -23.45215797 20.77137566 0.04916215
v -32.59439087 17.72460556 4.67318916
v -33.75980377 16.25017929 6.32336187
v -25.74271584 20.59934425 0.45025671
v -27.95469093 20.16349983 1.23317170
v -29.99026489 19.43010139 2.35226655
v -31.75567055 18.38901711 3.74230337
v -33.16867065 17.05369186 5.32224989
v -24.55693626 20.51126480 0.16176420
v -26.81430817 20.23325539 0.71968442
v -28.95206833 19.67856789 1.64371848
v -30.87337303 18.82329559 2.87999940
v -23.19965172 20.54773140 0.01723111
v -32.48868561 17.66712379 4.35645819
v -33.72294617 16.23243904 5.98702431
v -25.49300003 20.39952278 0.33841074
v -27.72460365 19.99754143 1.04793119
v -29.79637337 19.30448341 2.10442996
v -31.61297798 18.30638695 3.44631863
v -33.08938980 17.01292992 4.99537134
v -34.15781021 15.45571136 6.66128445
v -23.01603889 20.38510704 0.00430910
v -24.30163383 20.29802322 0.09737750
v -26.56883621 20.04803085 0.57744724
v -28.73334885 19.52990532 1.43192267
v -30.69749641 18.71606636 2.61099172
v -32.36964035 17.60238838 4.04592037
v -33.67147064 16.20766068 5.65305948
v -25.23935127 20.19655228 0.24217141
v -27.48751831 19.82653236 0.87663496
v -29.59264755 19.17249298 1.86806273
v -31.45805740 18.21667671 3.15865922
v -32.99613953 16.96498489 4.67318916
v -34.13541794 15.44557858 6.32336187
v -24.04424095 20.08303452 0.04916215
v -26.31815720 19.85887718 0.45025671
v -28.50641060 19.37565613 1.23317170
v -30.51071167 18.60218430 2.35226655
v -32.23753357 17.53055000 3.74230337
v -33.60549545 16.17590332 5.32224989
v -24.98236465 19.99090958 0.16176420
v -27.24398804 19.65087509 0.71968442
v -29.37955856 19.03443718 1.64371848
v -31.29127312 18.12009621 2.87999940
v -32.88912964 16.90996552 4.35645819
v -34.09815216 15.42871666 5.98702431
v -23.78535843 19.86680222 0.01723111
v -26.06286049 19.66623688 0.33841074
v -28.27178192 19.21618080 1.04793119
v -30.31345749 18.48191833 2.10442996
v -32.09267426 17.45177650 3.44631863
v -33.52517319 16.13723946 4.99537134
v -34.54444504 14.57108307 6.66128445
v -24.72264099 19.78307915 0.09737750
v -26.99458122 19.47098160 0.57744724
v -29.15760994 18.89064217 1.43192267
v -31.11301613 18.01687050 2.61099172
v -32.76861954 16.84800529 4.04592037
v -34.04610443 15.40516567 5.65305948
v -23.59710884 19.70956612 0.00430910
v -25.80354118 19.47056389 0.24217141
v -28.03001785 19.05185509 0.87663496
v -30.10619354 18.35555267 1.86806273
v -31.93540192 17.36625290 3.15865922
v -33.43069077 16.09176254 4.67318916
v -34.52179718 14.56153011 6.32336187
v -24.46078682 19.57354355 0.04916215
v -26.73988724 19.28727150 0.45025671
v -28.92732048 18.74144173 1.23317170
v -30.92370415 17.90724373 2.35226655
v -32.63488388 16.77924538 3.74230337
v -33.97939301 15.37497997 5.32224989
v -25.54080963 19.27231407 0.16176420
v -27.78167915 18.88306046 0.71968442
v -29.88940811 18.22337914 1.64371848
v -31.76608849 17.27418137 2.87999940
v -33.32227325 16.03957558 4.35645819
v -34.48410797 14.54563332 5.98702431
v -24.19742012 19.36279678 0.01723111
v -26.48049927 19.10017586 0.33841074
v -28.68922806 18.58718681 1.04793119
v -30.72377777 17.79147148 2.10442996
v -32.48823929 16.70384789 3.44631863
v -33.89817429 15.33823109 4.99537134
v -34.88744736 13.72956944 6.66128445
v -24.00591087 19.20955086 0.00430910
v -25.27528000 19.07195282 0.09737750
v -27.52735329 18.71019554 0.57744724
v -29.66360855 18.08571053 1.43192267
v -31.58512497 17.17577553 2.61099172
v -33.20017242 15.98080254 4.04592037
v -34.43147278 14.52342987 5.65305948
v -26.21702576 18.91013527 0.24217141
v -28.44389343 18.42823792 0.87663496
v -30.51371002 17.66982460 1.86806273
v -32.32902908 16.62199020 3.15865922
v -33.80264282 15.29500484 4.67318916
v -34.86457443 13.72056866 6.32336187
v -25.00757408 18.86994934 0.04916215
v -27.26763153 18.53366470 0.45025671
v -29.42932129 17.94286728 1.23317170
v -31.39294052 17.07126617 2.35226655
v -33.06467819 15.91558266 3.74230337
v -34.36400604 14.49497223 5.32224989
v -25.95008278 18.71759224 0.16176420
v -28.19188881 18.26497078 0.71968442
v -30.29398918 17.54259109 1.64371848
v -32.15762711 16.53386307 2.87999940
v -33.69301987 15.24540234 4.35645819
v -34.82651520 13.70559025 5.98702431
v -24.73831940 18.66677856 0.01723111
v -27.00312233 18.35387993 0.33841074
v -29.18709755 17.79518509 1.04793119
v -31.18998146 16.96089745 2.10442996
v -32.91610336 15.84406567 3.44631863
v -34.28186798 14.46032715 4.99537134
v -35.22248077 12.84570026 6.66128445
v -25.68029785 18.52299881 0.09737750
v -27.93380547 18.09776306 0.57744724
v -30.06513214 17.41006470 1.43192267
v -31.97443581 16.43967438 2.61099172
v -33.56956100 15.18953991 4.04592037
v -34.77335358 13.68466854 5.65305948
v -24.54252815 18.51904106 0.00430910
v -26.73444939 18.17126465 0.24217141
v -28.93750572 17.64301109 0.87663496
v -30.97672462 16.84493065 1.86806273
v -32.75479507 15.76642227 3.15865922
v -34.18525696 14.41957474 4.67318916
v -35.19938660 12.83727837 6.32336187
v -25.40830231 18.32680893 0.04916215
v -27.67024994 17.92700958 0.45025671
v -29.82767487 17.27255821 1.23317170
v -31.77988052 16.33964539 2.35226655
v -33.43255615 15.12754917 3.74230337
v -34.70521545 13.65785503 5.32224989
v -26.46223831 17.98624420 0.16176420
v -28.68112755 17.48669815 0.71968442
v -30.75367165 16.72363663 1.64371848
v -32.58113861 15.68283176 2.87999940
v -34.07439041 14.37281132 4.35645819
v -35.16096115 12.82326412 5.98702431
v -25.13473320 18.12948608 0.01723111
v -27.40183640 17.75311089 0.33841074
v -29.58217239 17.13039207 1.04793119
v -31.57442093 16.23400688 2.10442996
v -33.28232956 15.05957317 3.44631863
v -34.62226486 13.62520981 4.99537134
v -35.52991867 11.96912479 6.66128445
v -24.93580437 17.98600197 0.00430910
v -26.18712807 17.79925346 0.09737750
v -28.41856575 17.32661629 0.57744724
v -30.52134132 16.59729576 1.43192267
v -32.39553070 15.59349060 2.61099172
v -33.94953537 14.32014656 4.04592037
v -35.10728836 12.80368996 5.65305948
v -27.12919617 17.57647133 0.24217141
v -29.32920265 16.98390198 0.87663496
v -31.35853577 16.12301064 1.86806273
v -33.11922836 14.98577404 3.15865922
v -34.52469254 13.58681107 4.67318916
v -35.50662613 11.96127796 6.32336187
v -25.90976524 17.61073112 0.04916215
v -28.15043640 17.16313934 0.45025671
v -30.28028107 16.46620941 1.23317170
v -32.19841385 15.49860954 2.35226655
v -33.81098175 14.26170254 3.74230337
v -35.03849792 12.77860260 5.32224989
v -26.85296631 17.39750862 0.16176420
v -29.06935501 16.83343124 0.71968442
v -31.13273239 16.00691223 1.64371848
v -32.94363785 14.90632248 2.87999940
v -34.41272736 13.54274845 4.35645819
v -35.46786499 11.94822025 5.98702431
v -25.63079643 17.42111778 0.01723111
v -27.87736511 16.99664879 0.33841074
v -30.03105354 16.33068085 1.04793119
v -31.99024963 15.39840984 2.10442996
v -33.65905380 14.19761848 3.44631863
v -34.95475006 12.74805927 4.99537134
v -35.81439972 11.08891106 6.66128445
v -26.57379341 17.21663857 0.09737750
v -28.80323792 16.67932892 0.57744724
v -30.89753914 15.88598824 1.43192267
v -32.75596619 14.82140541 2.61099172
v -34.28663254 13.49312496 4.04592037
v -35.41372299 11.92998123 5.65305948
v -25.42794228 17.28323746 0.00430910
v -27.59999275 16.82753754 0.24217141
v -29.77424431 16.19103050 0.87663496
v -31.77152061 15.29312515 1.86806273
v -33.49410629 14.12804222 3.15865922
v -34.85623932 12.71213245 4.67318916
v -35.79091644 11.08164120 6.32336187
v -26.29233551 17.03428650 0.04916215
v -28.53147888 16.52195930 0.45025671
v -30.65350723 15.76051903 1.23317170
v -32.55665588 14.73122215 2.35226655
v -34.14670181 13.43805695 3.74230337
v -35.34433365 11.90660572 5.32224989
v -27.31896973 16.65619850 0.16176420
v -29.51045227 16.04758263 0.71968442
v -31.54274368 15.18300438 1.64371848
v -33.31652832 14.05313873 2.87999940
v -34.74320221 12.67090607 4.35645819
v -35.75184631 11.06954384 5.98702431
v -26.00924683 16.85087967 0.01723111
v -28.25471115 16.36168861 0.33841074
v -30.40120697 15.63079929 1.04793119
v -32.34617615 14.63598251 2.10442996
v -33.99326324 13.37767410 3.44631863
v -35.25985336 11.87814713 4.99537134
v -36.08361816 10.17877579 6.66128445
v -25.80339813 16.71751404 0.00430910
v -27.03495216 16.48303604 0.09737750
v -29.24029922 15.90067482 0.57744724
v -31.30445290 15.06830406 1.43192267
v -33.12673187 13.97308159 2.61099172
v -34.61589432 12.62447739 4.04592037
v -35.69727325 11.05264664 5.65305948
v -27.97358513 16.19889450 0.24217141
v -30.14123344 15.49713326 0.87663496
v -32.12501526 14.53591156 1.86806273
v -33.82667923 13.31211567 3.15865922
v -35.16048431 11.84467125 4.67318916
v -36.05996323 10.17210293 6.32336187
v -26.74860954 16.30845451 0.04916215
v -28.96441650 15.75065136 0.45025671
v -31.05720711 14.94929218 1.23317170
v -32.92516708 13.88806057 2.35226655
v -34.47462082 12.57295513 3.74230337
v -35.62732697 11.03098965 5.32224989
v -27.68875694 16.03395653 0.16176420
v -29.87419128 15.35983276 0.71968442
v -31.89369011 14.43124294 1.64371848
v -33.64733887 13.24153805 2.87999940
v -35.04645538 11.80625916 4.35645819
v -36.02059555 10.16099739 5.98702431
v -26.46060944 16.13286209 0.01723111
v -28.68344879 15.59786320 0.33841074
v -30.80158424 14.82625008 1.04793119
v -32.71230316 13.79827213 2.10442996
v -34.31970978 12.51645851 3.44631863
v -35.54217148 11.00462341 4.99537134
v -36.31875229 9.30501080 6.66128445
v -27.40089607 15.86726284 0.09737750
v -29.60070801 15.21922112 0.57744724
v -31.65274811 14.32222176 1.43192267
v -33.45565796 13.16610527 2.61099172
v -34.91803741 11.76299858 4.04592037
v -35.96561432 10.14548779 5.65305948
v -26.25118637 16.00517845 0.00430910
v -28.39805603 15.44266796 0.24217141
v -30.53818703 14.69946384 0.87663496
v -32.48863602 13.70392895 1.86806273
v -34.15152359 12.45512104 3.15865922
v -35.44200516 10.97360992 4.67318916
v -36.29494095 9.29891014 6.32336187
v -27.11067772 15.69920254 0.04916215
v -29.32142258 15.07562733 0.45025671
v -31.40275192 14.20910358 1.23317170
v -33.25209045 13.08599377 2.35226655
v -34.77553177 11.71499157 3.74230337
v -35.89514160 10.12560844 5.32224989
v -28.10890579 15.28543091 0.16176420
v -30.26762772 14.56923103 0.71968442
v -32.25469589 13.60525131 1.64371848
v -33.97045898 12.38908672 2.87999940
v -35.32706451 10.93802261 4.35645819
v -36.25532150 9.28875923 5.98702431
v -26.81877899 15.53017139 0.01723111
v -29.03699303 14.92938709 0.33841074
v -31.14428520 14.09215260 1.04793119
v -33.03711319 13.00139141 2.10442996
v -34.61927032 11.66235065 3.44631863
v -35.80934525 10.10140610 4.99537134
v -36.54716492 8.36299515 6.66128445
v -27.81667709 15.12651920 0.09737750
v -26.60652161 15.40725803 0.00430910
v -29.99054146 14.43585682 0.57744724
v -32.01102829 13.50247002 1.43192267
v -33.77693939 12.31851006 2.61099172
v -35.19762039 10.89794350 4.04592037
v -36.19997787 9.27458000 5.65305948
v -28.74808311 14.78084373 0.24217141
v -30.87795639 13.97164440 0.87663496
v -32.81122971 12.91249657 1.86806273
v -34.44961548 11.60519886 3.15865922
v -35.70842743 10.07293797 4.67318916
v -36.52320480 8.35751247 6.32336187
v -27.52205467 14.96630478 0.04916215
v -29.70758057 14.29965401 0.45025671
v -31.75819969 13.39582634 1.23317170
v -33.57141876 12.24355602 2.35226655
v -35.05397034 10.85346699 3.74230337
v -36.12904739 9.25640678 5.32224989
v -28.45536995 14.63034534 0.16176420
v -30.60438728 13.84785938 0.71968442
v -32.57496262 12.81951714 1.64371848
v -34.26697159 11.54367065 2.87999940
v -35.59262466 10.04027176 4.35645819
v -36.48333359 8.34838867 5.98702431
v -27.22572708 14.80516338 0.01723111
v -29.41940308 14.16094112 0.33841074
v -31.49680901 13.28556919 1.04793119
v -33.35437775 12.16440010 2.10442996
v -34.89645767 10.80469704 3.44631863
v -36.04269028 9.23428249 4.99537134
v -36.73431396 7.49836016 6.66128445
v -28.15953827 14.47824383 0.09737750
v -30.32421875 13.72108936 0.57744724
v -32.32887650 12.72267151 1.43192267
v -34.07176208 11.47790909 2.61099172
v -35.46220398 10.00348186 4.04592037
v -36.42764282 8.33564568 5.65305948
v -27.01025009 14.68798828 0.00430910
v -29.12668800 14.02004337 0.24217141
v -31.22746468 13.17195797 0.87663496
v -33.12631989 12.08122826 1.86806273
v -34.72544479 10.75174809 3.15865922
v -35.94111633 9.20825863 4.67318916
v -36.71022797 7.49344397 6.32336187
v -27.86128426 14.32489586 0.04916215
v -30.03810883 13.59162998 0.45025671
v -32.07353973 12.62218666 1.23317170
v -33.86444855 11.40806961 2.35226655
v -35.31747437 9.96265602 3.74230337
v -36.35626602 8.31931210 5.32224989
v -28.83012009 13.87729073 0.16176420
v -30.95079994 13.05525875 0.71968442
v -32.88778687 11.99423409 1.64371848
v -34.54133987 10.69474506 2.87999940
v -35.82455826 9.17839527 4.35645819
v -36.67015457 7.48526335 5.98702431
v -27.56130409 14.17066097 0.01723111
v -29.74672699 13.45978546 0.33841074
v -31.80955124 12.51829720 1.04793119
v -33.64551163 11.33431530 2.10442996
v -35.15877914 9.91788864 3.44631863
v -36.26936722 8.29942799 4.99537134
v -36.91940308 6.52632046 6.66128445
v -37.04105377 5.84896088 7.00000000
v -28.53039360 13.73301888 0.09737750
v -30.66745949 12.93574429 0.57744724
v -32.63933563 11.90362358 1.43192267
v -27.34317017 14.05850697 0.00430910
v -34.34456635 10.63381958 2.61099172
v -35.69328690 9.14476395 4.04592037
v -36.61417770 7.47383785 5.65305948
v -29.45075417 13.32586384 0.24217141
v -31.53753281 12.41124725 0.87663496
v -33.41546249 11.25681877 1.86806273
v -34.98648071 9.86928558 3.15865922
v -36.16715240 8.27603817 4.67318916
v -36.89519882 6.52204180 6.32336187
v -28.22821045 13.58756351 0.04916215
v -30.37811089 12.81369495 0.45025671
v -32.38154602 11.80960751 1.23317170
v -34.13558960 10.56911659 2.35226655
v -35.54761887 9.10744286 3.74230337
v -36.54243469 7.45919323 5.32224989
v -29.15088654 13.19017982 0.16176420
v -31.25811958 12.30128765 0.71968442
v -33.17485046 11.17576218 1.64371848
v -34.80099106 9.81696129 2.87999940
v -37.03295517 5.84768200 6.66128445
v -36.04986191 8.24919891 4.35645819
v -36.85491943 6.51492167 5.98702431
v -27.92428017 13.44126797 0.01723111
v -30.08343124 12.68939686 0.33841074
v -32.11502457 11.71240616 1.04793119
v -33.91490173 10.50078583 2.10442996
v -35.38788605 9.06651878 3.44631863
v -36.45509338 7.44136429 4.99537134
v -28.84782410 13.05305099 0.09737750
v -30.97196770 12.18867588 0.57744724
v -32.92422867 11.09133434 1.43192267
v -34.60274124 9.76103687 2.61099172
v -37.00867462 5.84384823 6.32336187
v -35.91776657 8.21897221 4.04592037
v -27.70327377 13.33488655 0.00430910
v -36.79866028 6.50497675 5.65305948
v -29.78410912 12.56313992 0.24217141
v -31.84039497 11.61224842 0.87663496
v -33.68301392 10.42898846 1.86806273
v -35.21446609 9.02208805 3.15865922
v -36.35235214 7.42039299 4.67318916
v -28.54228020 12.91479778 0.04916215
v -30.67974472 12.07367516 0.45025671
v -32.66418839 11.00373363 1.23317170
v -34.39219284 9.70164394 2.35226655
v -36.96827316 5.83746862 5.98702431
v -35.77117920 8.18542862 3.74230337
v -36.72655869 6.49223089 5.32224989
v -29.48084641 12.43522263 0.16176420
v -31.55829811 11.50936699 0.71968442
v -33.44047165 10.35389233 1.64371848
v -35.02776718 8.97425461 2.87999940
v -36.23446274 7.39632845 4.35645819
v -28.23496819 12.77574539 0.01723111
v -30.38213921 11.95655537 0.33841074
v -32.39533997 10.91316605 1.04793119
v -34.16984558 9.63892174 2.10442996
v -36.91184235 5.82855797 5.65305948
v -35.61044312 8.14864731 3.44631863
v -36.63877487 6.47671318 4.99537134
v -37.19939423 4.67333937 6.66128445
v -37.26560974 4.18621302 7.00000000
v -29.17435455 12.30594158 0.09737750
v -31.26939774 11.40400410 0.57744724
v -33.18784714 10.27567387 1.43192267
v -34.82822418 8.92313099 2.61099172
v -36.10169220 7.36922693 4.04592037
v -28.01150322 12.67463207 0.00430910
v -30.07984543 11.83759022 0.24217141
v -32.11831284 10.81984234 0.87663496
v -33.93621445 9.57301712 1.86806273
v -36.83951569 5.81713724 5.32224989
v -35.43593597 8.10871506 3.15865922
v -36.53551865 6.45846033 4.67318916
v -37.17500687 4.67027569 6.32336187
v -28.86535072 12.17560196 0.04916215
v -30.97436905 11.29640770 0.45025671
v -32.92572403 10.19451523 1.23317170
v -34.61630630 8.86883640 2.35226655
v -35.95435333 7.33915138 3.74230337
v -29.77357101 11.71706009 0.16176420
v -31.83375549 10.72398186 0.71968442
v -33.69184875 9.50408459 1.64371848
v -36.75146484 5.80323315 4.99537134
v -35.24806213 8.06572437 2.87999940
v -36.41703415 6.43751526 4.35645819
v -37.13442230 4.66517687 5.98702431
v -28.55455971 12.04450893 0.01723111
v -30.67390442 11.18682766 0.33841074
v -32.65472412 10.11060810 1.04793119
v -34.39250565 8.81149864 2.10442996
v -35.79279327 7.30617332 3.44631863
v -29.46403694 11.59524632 0.09737750
v -31.54233360 10.62580872 0.57744724
v -33.43732071 9.43228531 1.43192267
v -36.64789200 5.78687859 4.67318916
v -35.04726410 8.01977634 2.61099172
v -28.32856560 11.94918251 0.00430910
v -36.28359222 6.41392708 4.04592037
v -37.07773972 4.65805578 5.65305948
v -30.36870766 11.07552147 0.24217141
v -32.37547684 10.02414703 0.87663496
v -34.15735245 8.75125122 1.86806273
v -35.61738968 7.27036905 3.15865922
v -29.15196419 11.47243404 0.04916215
v -31.24473000 10.52555370 0.45025671
v -33.17322922 9.35778809 1.23317170
v -36.52904129 5.76811171 4.35645819
v -34.83401108 7.97097826 2.35226655
v -36.13551331 6.38775063 3.74230337
v -37.00508881 4.64892864 5.32224989
v -30.05949402 10.96275043 0.16176420
v -32.08864212 9.93533611 0.71968442
v -33.91139603 8.68823624 1.64371848
v -35.42855453 7.23182344 2.87999940
v -28.83808708 11.34891129 0.01723111
v -30.94164276 10.42345142 0.33841074
v -32.90019226 9.28076744 1.04793119
v -36.39519119 5.74697590 4.04592037
v -34.60880661 7.91944504 2.10442996
v -35.97313690 6.35904741 3.44631863
v -36.91664124 4.63781691 4.99537134
v -37.38644791 2.80868220 6.66128445
v -37.41556168 2.51508451 7.00000000
v -29.74698639 10.84877777 0.09737750
v -31.79488373 9.84438324 0.57744724
v -33.65521240 8.62260056 1.43192267
v -35.22672653 7.19062567 2.61099172
v -28.60984993 11.25909042 0.00430910
v -30.63378143 10.31974125 0.24217141
v -32.61884689 9.20140362 0.87663496
v -36.24665451 5.72352123 3.74230337
v -34.37217331 7.86529732 1.86806273
v -35.79685211 6.32788467 3.15865922
v -36.81259918 4.62474680 4.67318916
v -37.36193466 2.80684090 6.32336187
v -29.43191719 10.73387241 0.04916215
v -31.49489784 9.75150108 0.45025671
v -33.38940048 8.55449867 1.23317170
v -35.01238251 7.14687300 2.35226655
v -30.32186699 10.21466541 0.16176420
v -32.32985306 9.11988163 0.71968442
v -36.08378220 5.69780302 3.44631863
v -34.12466812 7.80866146 1.64371848
v -35.60706329 6.29433584 2.87999940
v -36.69321442 4.60974836 4.35645819
v -37.32114792 2.80377674 5.98702431
v -29.11502647 10.61830139 0.01723111
v -31.18938446 9.65690708 0.33841074
v -33.11458206 8.48408890 1.04793119
v -34.78602600 7.10066748 2.10442996
v -30.00663185 10.10846996 0.09737750
v -32.03388977 9.03639412 0.57744724
v -35.90695190 5.66988087 3.15865922
v -33.86687469 7.74967098 1.43192267
v -28.88459587 10.53426361 0.00430910
v -35.40422058 6.25847864 2.61099172
v -36.55876541 4.59285736 4.04592037
v -37.26417923 2.79949689 5.65305948
v -30.87905884 9.56082344 0.24217141
v -32.83140564 8.41153812 0.87663496
v -34.54818344 7.05211830 1.86806273
v -29.68881416 10.00140572 0.04916215
v -31.73164940 8.95113468 0.45025671
v -35.71657944 5.63982010 2.87999940
v -33.59938812 7.68846321 1.23317170
v -35.18879700 6.22039795 2.35226655
v -36.40956116 4.57411289 3.74230337
v -37.19116211 2.79401159 5.32224989
v -30.56464767 9.46347523 0.16176420
v -32.54052734 8.33701420 0.71968442
v -34.29941177 7.00133801 1.64371848
v -29.36915779 9.89372158 0.01723111
v -31.42383957 8.86430550 0.33841074
v -35.51311493 5.60769176 2.61099172
v -33.32284546 7.62518167 1.04793119
v -34.96129990 6.18018246 2.10442996
v -36.24595642 4.55355930 3.44631863
v -37.10226822 2.78733325 4.99537134
v -37.48009109 0.93700778 6.66128445
v -37.49061584 0.83892137 7.00000000
v -30.24688721 9.36509037 0.09737750
v -32.24263382 8.26069260 0.57744724
v -34.04029465 6.94844580 1.43192267
v -29.13671494 9.81541729 0.00430910
v -31.11117935 8.77610779 0.24217141
v -35.29702759 5.57357073 2.35226655
v -33.03788376 7.55997515 0.87663496
v -34.72225571 6.13792610 1.86806273
v -36.06833267 4.53124475 3.15865922
v -36.99770737 2.77947807 4.67318916
v -37.45551682 0.93639350 6.32336187
v -29.92652512 9.26589870 0.04916215
v -31.93842506 8.18275261 0.45025671
v -33.77143860 6.89356661 1.23317170
v -30.79440498 8.68674946 0.16176420
v -35.06882858 5.53753710 2.10442996
v -32.74517822 7.49299622 0.71968442
v -34.47223282 6.09372902 1.64371848
v -35.87710571 4.50722075 2.87999940
v -36.87772369 2.77046394 4.35645819
v -37.41462708 0.93537122 5.98702431
v -29.60430908 9.16613388 0.01723111
v -31.62860870 8.10337639 0.33841074
v -33.49347687 6.83682775 1.04793119
v -30.47425842 8.59643936 0.09737750
v -34.82905197 5.49967527 1.86806273
v -32.44541168 7.42440176 0.57744724
v -34.21181107 6.04769373 1.43192267
v -29.37000656 9.09358788 0.00430910
v -35.67272186 4.48154449 2.61099172
v -36.74259567 2.76031256 4.04592037
v -37.35751724 0.93394345 5.65305948
v -31.31391144 8.02274990 0.24217141
v -33.20706177 6.77836275 0.87663496
v -30.15148544 8.50538921 0.04916215
v -34.57825851 5.46007347 1.64371848
v -32.13928986 7.35435200 0.45025671
v -33.94160080 5.99992847 1.23317170
v -35.45566559 4.45427561 2.35226655
v -36.59263992 2.74904704 3.74230337
v -37.28431702 0.93211347 5.32224989
v -30.99507332 7.94106245 0.16176420
v -32.91285706 6.71830845 0.71968442
v -29.82684708 8.41381264 0.01723111
v -34.31703568 5.41882515 1.43192267
v -31.82752419 7.28301144 0.33841074
v -33.66223907 5.95054483 1.04793119
v -37.48241806 -0.83873791 6.66128445
v -37.49061584 -0.83892137 7.00000000
v -35.22644043 4.42547846 2.10442996
v -36.42821121 2.73669434 3.44631863
v -37.19520187 0.92988551 4.99537134
v -30.67283821 7.85850477 0.09737750
v -32.61155319 6.65680552 0.57744724
v -29.59078407 8.34722137 0.00430910
v -34.04599380 5.37602663 1.23317170
v -31.51084900 7.21054745 0.24217141
v -33.37437820 5.89965868 0.87663496
v -37.45784378 -0.83818805 6.32336187
v -34.98558807 4.39521980 1.86806273
v -36.24969482 2.72328305 3.15865922
v -37.09037781 0.92726493 4.67318916
v -30.34796524 7.77527046 0.04916215
v -32.30386353 6.59399843 0.45025671
v -33.76577377 5.33177853 1.04793119
v -31.19000435 7.13712978 0.16176420
v -33.07868958 5.84738970 0.71968442
v -37.41695023 -0.83727300 5.98702431
v -34.73366547 4.36357117 1.64371848
v -36.05750656 2.70884490 2.87999940
v -36.97008896 0.92425776 4.35645819
v -30.02120972 7.69155502 0.01723111
v -31.99050140 6.53003407 0.33841074
v -33.47702789 5.28618383 0.87663496
v -30.86574364 7.06293011 0.09737750
v -32.77587128 5.79385996 0.57744724
v -29.78360748 7.63068008 0.00430910
v -37.35983658 -0.83599496 5.65305948
v -34.47126770 4.33060646 1.43192267
v -35.85209656 2.69341326 2.61099172
v -36.83462524 0.92087108 4.04592037
v -31.67220497 6.46506166 0.24217141
v -33.18043137 5.23934984 0.71968442
v -30.53882599 6.98812199 0.04916215
v -32.46662903 5.73919439 0.45025671
v -37.28663254 -0.83435684 5.32224989
v -34.19901276 4.29640293 1.23317170
v -35.63394928 2.67702484 2.35226655
v -36.68429565 0.91711283 3.74230337
v -31.34971809 6.39923429 0.16176420
v -37.40738297 -2.51453471 6.66128445
v -37.41556168 -2.51508451 7.00000000
v -32.87667847 5.19138622 0.57744724
v -30.21001816 6.91288185 0.01723111
v -32.15169144 5.68352175 0.33841074
v -37.19750977 -0.83236259 4.99537134
v -33.91753006 4.26104069 1.04793119
v -35.40357208 2.65971756 2.10442996
v -36.51945496 0.91299182 3.44631863
v -31.02379608 6.33270597 0.09737750
v -37.38285828 -2.51288605 6.32336187
v -29.97092056 6.85817003 0.00430910
v -32.56648636 5.14240551 0.45025671
v -31.83178902 5.62697220 0.24217141
v -37.09268188 -0.83001685 4.67318916
v -33.62748718 4.22460222 0.87663496
v -35.16150665 2.64153218 1.86806273
v -36.34049225 0.90851766 3.15865922
v -30.69520569 6.26563263 0.04916215
v -37.34204865 -2.51014280 5.98702431
v -32.25057983 5.09252167 0.33841074
v -31.50767708 5.56967831 0.16176420
v -36.97238541 -0.82732505 4.35645819
v -33.32955551 4.18717384 0.71968442
v -34.90831757 2.62251139 1.64371848
v -36.14782333 0.90370089 2.87999940
v -30.36471176 6.19817114 0.01723111
v -37.28504562 -2.50631118 5.65305948
v -31.92969322 5.04185247 0.24217141
v -31.18011284 5.51177454 0.09737750
v -36.83691406 -0.82429355 4.04592037
v -30.12439156 6.14911556 0.00430910
v -33.02444077 4.14884233 0.57744724
v -34.64460373 2.60269952 1.43192267
v -35.94189835 0.89855278 2.61099172
v -37.21198654 -2.50140023 5.32224989
v -31.60458565 4.99051619 0.16176420
v -30.84986687 5.45339584 0.04916215
v -36.68657303 -0.82092947 3.74230337
v -32.71285248 4.10969782 0.45025671
v -37.25746155 -4.18529749 6.66128445
v -37.26560974 -4.18621302 7.00000000
v -34.37097549 2.58214307 1.23317170
v -35.72320175 0.89308536 2.35226655
v -37.12304688 -2.49542141 4.99537134
v -31.27601433 4.93863344 0.09737750
v -30.51770782 5.39467955 0.01723111
v -36.52172470 -0.81724066 3.44631863
v -32.39552307 4.06983185 0.33841074
v -37.23303604 -4.18255377 6.32336187
v -34.08808136 2.56089020 1.04793119
v -35.49224854 0.88731146 2.10442996
v -37.01842499 -2.48838878 4.67318916
v -30.27617645 5.35198355 0.00430910
v -30.94474983 4.88632536 0.04916215
v -36.34274673 -0.81323570 3.15865922
v -32.07319641 4.02933836 0.24217141
v -37.19238663 -4.17798758 5.98702431
v -33.79657745 2.53899074 0.87663496
v -35.24957657 0.88124466 1.86806273
v -36.89837265 -2.48031902 4.35645819
v -30.61157036 4.83371449 0.01723111
v -36.15006638 -0.80892414 2.87999940
v -31.74662781 3.98831129 0.16176420
v -37.13561630 -4.17161036 5.65305948
v -33.49715042 2.51649618 0.71968442
v -34.99575424 0.87489903 1.64371848
v -36.76316833 -2.47123051 4.04592037
v -30.36929703 4.79545832 0.00430910
v -35.94412994 -0.80431592 2.61099172
v -31.41658020 3.94684768 0.09737750
v -37.06285095 -4.16343594 5.32224989
v -33.19049835 2.49345899 0.57744724
v -34.73137665 0.86828959 1.43192267
v -36.61313248 -2.46114492 3.74230337
v -37.03295517 -5.84768200 6.66128445
v -37.04105377 -5.84896088 7.00000000
v -35.72542191 -0.79942191 2.35226655
v -31.08382797 3.90504408 0.04916215
v -36.97426224 -4.15348482 4.99537134
v -32.87734604 2.46993303 0.45025671
v -34.45706558 0.86143178 1.23317170
v -36.44861221 -2.45008588 3.44631863
v -37.00867462 -5.84384823 6.32336187
v -35.49445343 -0.79425353 2.10442996
v -30.74915123 3.86299896 0.01723111
v -36.87006378 -4.14177942 4.67318916
v -32.55842209 2.44597363 0.33841074
v -34.17346191 0.85434157 1.04793119
v -36.91940308 -6.52632046 6.66128445
v -36.74234772 -7.50000000 7.00000000
v -36.26999283 -2.43807912 3.15865922
v -36.96827316 -5.83746862 5.98702431
v -30.50578880 3.83242536 0.00430910
v -35.25176620 -0.78882301 1.86806273
v -36.75049210 -4.12834740 4.35645819
v -32.23447418 2.42163682 0.24217141
v -33.88122559 0.84703571 0.87663496
v -36.89519882 -6.52204180 6.32336187
v -36.07769775 -2.42515302 2.87999940
v -36.91184235 -5.82855797 5.65305948
v -34.99792862 -0.78314292 1.64371848
v -36.61582947 -4.11322021 4.04592037
v -31.90626144 2.39697957 0.16176420
v -33.58105087 0.83953124 0.71968442
v -36.85491943 -6.51492167 5.98702431
v -35.87217331 -2.41133761 2.61099172
v -36.83951569 -5.81713724 5.32224989
v -34.73353577 -0.77722663 1.43192267
v -36.46639252 -4.09643364 3.74230337
v -31.57455444 2.37205982 0.09737750
v -36.73431396 -7.49836016 6.66128445
v -33.27363205 0.83184576 0.57744724
v -36.79866028 -6.50497675 5.65305948
v -35.65390396 -2.39666533 2.35226655
v -36.75146484 -5.80323315 4.99537134
v -34.45920563 -0.77108800 1.23317170
v -36.30253220 -4.07802629 3.44631863
v -31.24012947 2.34693599 0.04916215
v -36.71022797 -7.49344397 6.32336187
v -32.95969391 0.82399726 0.45025671
v -36.72655869 -6.49223089 5.32224989
v -35.42339706 -2.38117075 2.10442996
v -36.64789200 -5.78687859 4.67318916
v -34.17558289 -0.76474142 1.04793119
v -36.12462997 -4.05804205 3.15865922
v -30.90376854 2.32166672 0.01723111
v -36.67015457 -7.48526335 5.98702431
v -32.63997269 0.81600410 0.33841074
v -36.63877487 -6.47671318 4.99537134
v -35.18119431 -2.36488986 1.86806273
v -36.54716492 -8.36299515 6.66128445
v -36.32669830 -9.30704594 7.00000000
v -36.52904129 -5.76811171 4.35645819
v -30.65918159 2.30329204 0.00430910
v -33.88333130 -0.75820178 0.87663496
v -35.93310547 -4.03652716 2.87999940
v -36.61417770 -7.47383785 5.65305948
v -32.31521225 0.80788511 0.24217141
v -36.53551865 -6.45846033 4.67318916
v -34.92786789 -2.34786105 1.64371848
v -36.52320480 -8.35751247 6.32336187
v -36.39519119 -5.74697590 4.04592037
v -33.58313751 -0.75148433 0.71968442
v -35.72840500 -4.01353216 2.61099172
v -36.54243469 -7.45919323 5.32224989
v -31.98617744 0.79965919 0.16176420
v -36.41703415 -6.43751526 4.35645819
v -34.66400146 -2.33012390 1.43192267
v -36.48333359 -8.34838867 5.98702431
v -36.24665451 -5.72352123 3.74230337
v -33.27569962 -0.74460489 0.57744724
v -35.51100922 -3.98911095 2.35226655
v -36.45509338 -7.44136429 4.99537134
v -36.31875229 -9.30501080 6.66128445
v -31.65364075 0.79134572 0.09737750
v -36.28359222 -6.41392708 4.04592037
v -34.39022064 -2.31172037 1.23317170
v -36.42764282 -8.33564568 5.65305948
v -36.08378220 -5.69780302 3.44631863
v -32.96174240 -0.73757946 0.45025671
v -35.28142929 -3.96332097 2.10442996
v -36.35235214 -7.42039299 4.67318916
v -36.29494095 -9.29891014 6.32336187
v -31.31837654 0.78296405 0.04916215
v -36.13551331 -6.38775063 3.74230337
v -34.10716629 -2.29269338 1.04793119
v -36.35626602 -8.31931210 5.32224989
v -35.90695190 -5.66988087 3.15865922
v -32.64199829 -0.73042464 0.33841074
v -35.04019547 -3.93622231 1.86806273
v -36.23446274 -7.39632845 4.35645819
v -36.25532150 -9.28875923 5.98702431
v -30.98117447 0.77453399 0.01723111
v -35.97313690 -6.35904741 3.44631863
v -33.81550217 -2.27308750 0.87663496
v -36.26936722 -8.29942799 4.99537134
v -35.71657944 -5.63982010 2.87999940
v -36.08361816 -10.17877579 6.66128445
v -35.82223129 -11.09133625 7.00000000
v -30.73597527 0.76840395 0.00430910
v -32.31721878 -0.72315711 0.24217141
v -34.78788376 -3.90787888 1.64371848
v -36.10169220 -7.36922693 4.04592037
v -36.19997787 -9.27458000 5.65305948
v -35.79685211 -6.32788467 3.15865922
v -33.51590729 -2.25294852 0.71968442
v -36.16715240 -8.27603817 4.67318916
v -35.51311493 -5.60769176 2.61099172
v -36.05996323 -10.17210293 6.32336187
v -31.98816490 -0.71579391 0.16176420
v -34.52507782 -3.87835670 1.43192267
v -35.95435333 -7.33915138 3.74230337
v -36.12904739 -9.25640678 5.32224989
v -35.60706329 -6.29433584 2.87999940
v -33.20908356 -2.23232388 0.57744724
v -36.04986191 -8.24919891 4.35645819
v -35.29702759 -5.57357073 2.35226655
v -36.02059555 -10.16099739 5.98702431
v -31.65560532 -0.70835233 0.09737750
v -34.25239182 -3.84772491 1.23317170
v -35.79279327 -7.30617332 3.44631863
v -36.04269028 -9.23428249 4.99537134
v -35.81439972 -11.08891106 6.66128445
v -35.40422058 -6.25847864 2.61099172
v -32.89575577 -2.21126199 0.45025671
v -35.91776657 -8.21897221 4.04592037
v -35.06882858 -5.53753710 2.10442996
v -35.96561432 -10.14548779 5.65305948
v -31.32032204 -0.70084971 0.04916215
v -33.97047424 -3.81605554 1.04793119
v -35.61738968 -7.27036905 3.15865922
v -35.94111633 -9.20825863 4.67318916
v -35.79091644 -11.08164120 6.32336187
v -35.18879700 -6.22039795 2.35226655
v -32.57665253 -2.18981171 0.33841074
v -35.77117920 -8.18542862 3.74230337
v -34.82905197 -5.49967527 1.86806273
v -35.89514160 -10.12560844 5.32224989
v -30.98309898 -0.69330370 0.01723111
v -33.67997742 -3.78342271 0.87663496
v -35.42855453 -7.23182344 2.87999940
v -35.82455826 -9.17839527 4.35645819
v -35.75184631 -11.06954384 5.98702431
v -34.96129990 -6.18018246 2.10442996
v -32.25252533 -2.16802359 0.24217141
v -35.61044312 -8.14864731 3.44631863
v -34.57825851 -5.46007347 1.64371848
v -35.80934525 -10.10140610 4.99537134
v -35.52991867 -11.96912479 6.66128445
v -35.23018265 -12.84850979 7.00000000
v -30.73788452 -0.68781656 0.00430910
v -33.38158035 -3.74990273 0.71968442
v -35.22672653 -7.19062567 2.61099172
v -35.69328690 -9.14476395 4.04592037
v -35.69727325 -11.05264664 5.65305948
v -34.72225571 -6.13792610 1.86806273
v -31.92412758 -2.14594889 0.16176420
v -35.43593597 -8.10871506 3.15865922
v -34.31703568 -5.41882515 1.43192267
v -35.70842743 -10.07293797 4.67318916
v -35.50662613 -11.96127796 6.32336187
v -33.07598877 -3.71557426 0.57744724
v -35.01238251 -7.14687300 2.35226655
v -35.54761887 -9.10744286 3.74230337
v -35.62732697 -11.03098965 5.32224989
v -34.47223282 -6.09372902 1.64371848
v -31.59223557 -2.12363887 0.09737750
v -35.24806213 -8.06572437 2.87999940
v -34.04599380 -5.37602663 1.23317170
v -35.59262466 -10.04027176 4.35645819
v -35.46786499 -11.94822025 5.98702431
v -32.76391602 -3.68051767 0.45025671
v -34.78602600 -7.10066748 2.10442996
v -35.38788605 -9.06651878 3.44631863
v -35.54217148 -11.00462341 4.99537134
v -35.22248077 -12.84570026 6.66128445
v -34.21181107 -6.04769373 1.43192267
v -31.25762177 -2.10114622 0.04916215
v -35.04726410 -8.01977634 2.61099172
v -33.76577377 -5.33177853 1.04793119
v -35.46220398 -10.00348186 4.04592037
v -35.41372299 -11.92998123 5.65305948
v -32.44609070 -3.64481497 0.33841074
v -34.54818344 -7.05211830 1.86806273
v -35.21446609 -9.02208805 3.15865922
v -35.44200516 -10.97360992 4.67318916
v -35.19938660 -12.83727837 6.32336187
v -33.94160080 -5.99992847 1.23317170
v -30.92107391 -2.07852316 0.01723111
v -34.83401108 -7.97097826 2.35226655
v -33.47702789 -5.28618383 0.87663496
v -35.31747437 -9.96265602 3.74230337
v -35.34433365 -11.90660572 5.32224989
v -32.12326050 -3.60855007 0.24217141
v -34.29941177 -7.00133801 1.64371848
v -35.02776718 -8.97425461 2.87999940
v -35.32706451 -10.93802261 4.35645819
v -35.16096115 -12.82326412 5.98702431
v -30.67634964 -2.06207275 0.00430910
v -33.66223907 -5.95054483 1.04793119
v -34.60880661 -7.91944504 2.10442996
v -33.18043137 -5.23934984 0.71968442
v -35.15877914 -9.91788864 3.44631863
v -35.25985336 -11.87814713 4.99537134
v -34.88744736 -13.72956944 6.66128445
v -34.55199814 -14.57426929 7.00000000
v -31.79618263 -3.57180762 0.16176420
v -34.04029465 -6.94844580 1.43192267
v -34.82822418 -8.92313099 2.61099172
v -35.19762039 -10.89794350 4.04592037
v -35.10728836 -12.80368996 5.65305948
v -33.37437820 -5.89965868 0.87663496
v -34.37217331 -7.86529732 1.86806273
v -32.87667847 -5.19138622 0.57744724
v -34.98648071 -9.86928558 3.15865922
v -35.16048431 -11.84467125 4.67318916
v -34.86457443 -13.72056866 6.32336187
v -31.46562004 -3.53467417 0.09737750
v -33.77143860 -6.89356661 1.23317170
v -34.61630630 -8.86883640 2.35226655
v -35.05397034 -10.85346699 3.74230337
v -35.03849792 -12.77860260 5.32224989
v -33.07868958 -5.84738970 0.71968442
v -34.12466812 -7.80866146 1.64371848
v -32.56648636 -5.14240551 0.45025671
v -34.80099106 -9.81696129 2.87999940
v -35.04645538 -11.80625916 4.35645819
v -34.82651520 -13.70559025 5.98702431
v -31.13234901 -3.49723625 0.04916215
v -33.49347687 -6.83682775 1.04793119
v -34.39250565 -8.81149864 2.10442996
v -34.89645767 -10.80469704 3.44631863
v -34.95475006 -12.74805927 4.99537134
v -34.54444504 -14.57108307 6.66128445
v -32.77587128 -5.79385996 0.57744724
v -33.86687469 -7.74967098 1.43192267
v -32.25057983 -5.09252167 0.33841074
v -34.60274124 -9.76103687 2.61099172
v -34.91803741 -11.76299858 4.04592037
v -34.77335358 -13.68466854 5.65305948
v -30.79714966 -3.45958185 0.01723111
v -33.20706177 -6.77836275 0.87663496
v -34.15735245 -8.75125122 1.86806273
v -34.72544479 -10.75174809 3.15865922
v -34.85623932 -12.71213245 4.67318916
v -34.52179718 -14.56153011 6.32336187
v -32.46662903 -5.73919439 0.45025671
v -33.59938812 -7.68846321 1.23317170
v -31.92969322 -5.04185247 0.24217141
v -34.39219284 -9.70164394 2.35226655
v -34.77553177 -11.71499157 3.74230337
v -34.70521545 -13.65785503 5.32224989
v -30.55340576 -3.43220115 0.00430910
v -32.91285706 -6.71830845 0.71968442
v -33.91139603 -8.68823624 1.64371848
v -34.54133987 -10.69474506 2.87999940
v -34.74320221 -12.67090607 4.35645819
v -34.48410797 -14.54563332 5.98702431
v -32.15169144 -5.68352175 0.33841074
v -33.32284546 -7.62518167 1.04793119
v -31.60458565 -4.99051619 0.16176420
v -34.16984558 -9.63892174 2.10442996
v -34.61927032 -11.66235065 3.44631863
v -34.62226486 -13.62520981 4.99537134
v -34.15781021 -15.45571136 6.66128445
v -33.78933716 -16.26439667 7.00000000
v -32.61155319 -6.65680552 0.57744724
v -33.65521240 -8.62260056 1.43192267
v -34.34456635 -10.63381958 2.61099172
v -34.61589432 -12.62447739 4.04592037
v -34.43147278 -14.52342987 5.65305948
v -31.83178902 -5.62697220 0.24217141
v -33.03788376 -7.55997515 0.87663496
v -31.27601433 -4.93863344 0.09737750
v -33.93621445 -9.57301712 1.86806273
v -34.44961548 -11.60519886 3.15865922
v -34.52469254 -13.58681107 4.67318916
v -34.13541794 -15.44557858 6.32336187
v -32.30386353 -6.59399843 0.45025671
v -33.38940048 -8.55449867 1.23317170
v -34.13558960 -10.56911659 2.35226655
v -34.47462082 -12.57295513 3.74230337
v -34.36400604 -14.49497223 5.32224989
v -31.50767708 -5.56967831 0.16176420
v -32.74517822 -7.49299622 0.71968442
v -30.94474983 -4.88632536 0.04916215
v -33.69184875 -9.50408459 1.64371848
v -34.26697159 -11.54367065 2.87999940
v -34.41272736 -13.54274845 4.35645819
v -34.09815216 -15.42871666 5.98702431
v -31.99050140 -6.53003407 0.33841074
v -33.11458206 -8.48408890 1.04793119
v -33.91490173 -10.50078583 2.10442996
v -34.31970978 -12.51645851 3.44631863
v -34.28186798 -14.46032715 4.99537134
v -33.78195190 -16.26083946 6.66128445
v -31.18011284 -5.51177454 0.09737750
v -32.44541168 -7.42440176 0.57744724
v -30.61157036 -4.83371449 0.01723111
v -33.43732071 -9.43228531 1.43192267
v -34.07176208 -11.47790909 2.61099172
v -34.28663254 -13.49312496 4.04592037
v -34.04610443 -15.40516567 5.65305948
v -31.67220497 -6.46506166 0.24217141
v -32.83140564 -8.41153812 0.87663496
v -33.68301392 -10.42898846 1.86806273
v -34.15152359 -12.45512104 3.15865922
v -34.18525696 -14.41957474 4.67318916
v -33.75980377 -16.25017929 6.32336187
v -30.36929703 -4.79545832 0.00430910
v -30.84986687 -5.45339584 0.04916215
v -32.13928986 -7.35435200 0.45025671
v -33.17322922 -9.35778809 1.23317170
v -33.86444855 -11.40806961 2.35226655
v -34.14670181 -13.43805695 3.74230337
v -33.97939301 -15.37497997 5.32224989
v -31.34971809 -6.39923429 0.16176420
v -32.54052734 -8.33701420 0.71968442
v -33.44047165 -10.35389233 1.64371848
v -33.97045898 -12.38908672 2.87999940
v -34.07439041 -14.37281132 4.35645819
v -33.72294617 -16.23243904 5.98702431
v -30.51770782 -5.39467955 0.01723111
v -31.82752419 -7.28301144 0.33841074
v -32.90019226 -9.28076744 1.04793119
v -33.64551163 -11.33431530 2.10442996
v -33.99326324 -13.37767410 3.44631863
v -33.89817429 -15.33823109 4.99537134
v -33.34283447 -17.14323807 6.66128445
v -32.94406509 -17.91475677 7.00000000
v -31.02379608 -6.33270597 0.09737750
v -32.24263382 -8.26069260 0.57744724
v -33.18784714 -10.27567387 1.43192267
v -30.27617645 -5.35198355 0.00430910
v -33.77693939 -12.31851006 2.61099172
v -33.94953537 -14.32014656 4.04592037
v -33.67147064 -16.20766068 5.65305948
v -31.51084900 -7.21054745 0.24217141
v -32.61884689 -9.20140362 0.87663496
v -33.41546249 -11.25681877 1.86806273
v -33.82667923 -13.31211567 3.15865922
v -33.80264282 -15.29500484 4.67318916
v -33.32097244 -17.13199806 6.32336187
v -30.69520569 -6.26563263 0.04916215
v -31.93842506 -8.18275261 0.45025671
v -32.92572403 -10.19451523 1.23317170
v -33.57141876 -12.24355602 2.35226655
v -33.81098175 -14.26170254 3.74230337
v -33.60549545 -16.17590332 5.32224989
v -31.19000435 -7.13712978 0.16176420
v -32.32985306 -9.11988163 0.71968442
v -33.17485046 -11.17576218 1.64371848
v -33.64733887 -13.24153805 2.87999940
v -33.69301987 -15.24540234 4.35645819
v -33.28459549 -17.11329460 5.98702431
v -30.36471176 -6.19817114 0.01723111
v -31.62860870 -8.10337639 0.33841074
v -32.65472412 -10.11060810 1.04793119
v -33.35437775 -12.16440010 2.10442996
v -33.65905380 -14.19761848 3.44631863
v -33.52517319 -16.13723946 4.99537134
v -32.93686295 -17.91084099 6.66128445
v -30.86574364 -7.06293011 0.09737750
v -32.03388977 -9.03639412 0.57744724
v -32.92422867 -11.09133434 1.43192267
v -33.45565796 -13.16610527 2.61099172
v -33.56956100 -15.18953991 4.04592037
v -30.12439156 -6.14911556 0.00430910
v -33.23379135 -17.08717346 5.65305948
v -31.31391144 -8.02274990 0.24217141
v -32.37547684 -10.02414703 0.87663496
v -33.12631989 -12.08122826 1.86806273
v -33.49410629 -14.12804222 3.15865922
v -33.43069077 -16.09176254 4.67318916
v -32.91526794 -17.89909744 6.32336187
v -30.53882599 -6.98812199 0.04916215
v -31.73164940 -8.95113468 0.45025671
v -32.66418839 -11.00373363 1.23317170
v -33.25209045 -13.08599377 2.35226655
v -33.43255615 -15.12754917 3.74230337
v -33.16867065 -17.05369186 5.32224989
v -30.99507332 -7.94106245 0.16176420
v -32.08864212 -9.93533611 0.71968442
v -32.88778687 -11.99423409 1.64371848
v -33.31652832 -14.05313873 2.87999940
v -33.32227325 -16.03957558 4.35645819
v -32.87933731 -17.87955666 5.98702431
v -30.21001816 -6.91288185 0.01723111
v -31.42383957 -8.86430550 0.33841074
v -32.39533997 -10.91316605 1.04793119
v -33.03711319 -13.00139141 2.10442996
v -33.28232956 -15.05957317 3.44631863
v -33.08938980 -17.01292992 4.99537134
v -32.44454956 -18.78793144 6.66128445
v -32.01824570 -19.52131844 7.00000000
v -30.67283821 -7.85850477 0.09737750
v -31.79488373 -9.84438324 0.57744724
v -32.63933563 -11.90362358 1.43192267
v -33.12673187 -13.97308159 2.61099172
v -33.20017242 -15.98080254 4.04592037
v -32.82914734 -17.85226440 5.65305948
v -29.97092056 -6.85817003 0.00430910
v -31.11117935 -8.77610779 0.24217141
v -32.11831284 -10.81984234 0.87663496
v -32.81122971 -12.91249657 1.86806273
v -33.11922836 -14.98577404 3.15865922
v -32.99613953 -16.96498489 4.67318916
v -32.42327881 -18.77561378 6.32336187
v -30.34796524 -7.77527046 0.04916215
v -31.49489784 -9.75150108 0.45025671
v -32.38154602 -11.80960751 1.23317170
v -32.92516708 -13.88806057 2.35226655
v -33.06467819 -15.91558266 3.74230337
v -32.76482010 -17.81728554 5.32224989
v -30.79440498 -8.68674946 0.16176420
v -31.83375549 -10.72398186 0.71968442
v -32.57496262 -12.81951714 1.64371848
v -32.94363785 -14.90632248 2.87999940
v -32.88912964 -16.90996552 4.35645819
v -32.38788223 -18.75511742 5.98702431
v -30.02120972 -7.69155502 0.01723111
v -31.18938446 -9.65690708 0.33841074
v -32.11502457 -11.71240616 1.04793119
v -32.71230316 -13.79827213 2.10442996
v -32.91610336 -15.84406567 3.44631863
v -32.68650818 -17.77469826 4.99537134
v -32.01124573 -19.51704979 6.66128445
v -30.47425842 -8.59643936 0.09737750
v -31.54233360 -10.62580872 0.57744724
v -32.32887650 -12.72267151 1.43192267
v -32.75596619 -14.82140541 2.61099172
v -29.78360748 -7.63068008 0.00430910
v -32.76861954 -16.84800529 4.04592037
v -32.33844376 -18.72648811 5.65305948
v -30.87905884 -9.56082344 0.24217141
v -31.84039497 -11.61224842 0.87663496
v -32.48863602 -13.70392895 1.86806273
v -32.75479507 -15.76642227 3.15865922
v -32.59439087 -17.72460556 4.67318916
v -31.99025917 -19.50425339 6.32336187
v -30.15148544 -8.50538921 0.04916215
v -31.24473000 -10.52555370 0.45025671
v -32.07353973 -12.62218666 1.23317170
v -32.55665588 -14.73122215 2.35226655
v -32.63488388 -16.77924538 3.74230337
v -32.27507782 -18.68979454 5.32224989
v -30.56464767 -9.46347523 0.16176420
v -31.55829811 -11.50936699 0.71968442
v -32.25469589 -13.60525131 1.64371848
v -32.58113861 -15.68283176 2.87999940
v -32.48868561 -17.66712379 4.35645819
v -31.95533562 -19.48296165 5.98702431
v -29.82684708 -8.41381264 0.01723111
v -30.94164276 -10.42345142 0.33841074
v -31.80955124 -12.51829720 1.04793119
v -32.34617615 -14.63598251 2.10442996
v -32.48823929 -16.70384789 3.44631863
v -32.19793320 -18.64512253 4.99537134
v -31.46520233 -20.38568497 6.66128445
v -31.01414490 -21.08015060 7.00000000
v -30.24688721 -9.36509037 0.09737750
v -31.26939774 -11.40400410 0.57744724
v -32.01102829 -13.50247002 1.43192267
v -32.39553070 -15.59349060 2.61099172
v -32.36964035 -17.60238838 4.04592037
v -31.90655708 -19.45322227 5.65305948
v -29.59078407 -8.34722137 0.00430910
v -30.63378143 -10.31974125 0.24217141
v -31.53753281 -12.41124725 0.87663496
v -32.12501526 -14.53591156 1.86806273
v -32.32902908 -16.62199020 3.15865922
v -32.10719299 -18.59257698 4.67318916
v -31.44457245 -20.37232018 6.32336187
v -29.92652512 -9.26589870 0.04916215
v -30.97436905 -11.29640770 0.45025671
v -31.75819969 -13.39582634 1.23317170
v -32.19841385 -15.49860954 2.35226655
v -32.23753357 -17.53055000 3.74230337
v -31.84403801 -19.41510391 5.32224989
v -30.32186699 -10.21466541 0.16176420
v -31.25811958 -12.30128765 0.71968442
v -31.89369011 -14.43124294 1.64371848
v -32.15762711 -16.53386307 2.87999940
v -32.00307083 -18.53227997 4.35645819
v -31.41024590 -20.35008049 5.98702431
v -29.60430908 -9.16613388 0.01723111
v -30.67390442 -11.18682766 0.33841074
v -31.49680901 -13.28556919 1.04793119
v -31.99024963 -15.39840984 2.10442996
v -32.09267426 -17.45177650 3.44631863
v -31.76792526 -19.36870003 4.99537134
v -31.00736427 -21.07554245 6.66128445
v -30.00663185 -10.10846996 0.09737750
v -30.97196770 -12.18867588 0.57744724
v -31.65274811 -14.32222176 1.43192267
v -29.37000656 -9.09358788 0.00430910
v -31.97443581 -16.43967438 2.61099172
v -31.88580322 -18.46437454 4.04592037
v -31.36229897 -20.31901550 5.65305948
v -30.36870766 -11.07552147 0.24217141
v -31.22746468 -13.17195797 0.87663496
v -31.77152061 -15.29312515 1.86806273
v -31.93540192 -17.36625290 3.15865922
v -31.67839813 -19.31411362 4.67318916
v -30.98703575 -21.06172371 6.32336187
v -29.68881416 -10.00140572 0.04916215
v -30.67974472 -12.07367516 0.45025671
v -31.40275192 -14.20910358 1.23317170
v -31.77988052 -16.33964539 2.35226655
v -31.75567055 -18.38901711 3.74230337
v -31.30084801 -20.27920341 5.32224989
v -30.05949402 -10.96275043 0.16176420
v -30.95079994 -13.05525875 0.71968442
v -31.54274368 -15.18300438 1.64371848
v -31.76608849 -17.27418137 2.87999940
v -31.57566261 -19.25147820 4.35645819
v -30.95320702 -21.03873253 5.98702431
v -29.36915779 -9.89372158 0.01723111
v -30.38213921 -11.95655537 0.33841074
v -31.14428520 -14.09215260 1.04793119
v -31.57442093 -16.23400688 2.10442996
v -31.61297798 -18.30638695 3.44631863
v -31.22603226 -20.23073196 4.99537134
v -30.40724182 -21.93250465 6.66128445
v -29.93421745 -22.58744431 7.00000000
v -29.74698639 -10.84877777 0.09737750
v -30.66745949 -12.93574429 0.57744724
v -31.30445290 -15.06830406 1.43192267
v -31.58512497 -17.17577553 2.61099172
v -31.45996284 -19.18093681 4.04592037
v -30.90595818 -21.00661659 5.65305948
v -29.13671494 -9.81541729 0.00430910
v -30.07984543 -11.83759022 0.24217141
v -30.87795639 -13.97164440 0.87663496
v -31.35853577 -16.12301064 1.86806273
v -31.45805740 -18.21667671 3.15865922
v -31.13803101 -20.17371750 4.67318916
v -30.38730621 -21.91812706 6.32336187
v -29.43191719 -10.73387241 0.04916215
v -30.37811089 -12.81369495 0.45025671
v -31.05720711 -14.94929218 1.23317170
v -31.39294052 -17.07126617 2.35226655
v -31.33156967 -19.10265541 3.74230337
v -30.84539986 -20.96545601 5.32224989
v -29.77357101 -11.71706009 0.16176420
v -30.60438728 -13.84785938 0.71968442
v -31.13273239 -16.00691223 1.64371848
v -31.29127312 -18.12009621 2.87999940
v -31.03704834 -20.10829353 4.35645819
v -30.35413170 -21.89419746 5.98702431
v -29.11502647 -10.61830139 0.01723111
v -30.08343124 -12.68939686 0.33841074
v -30.80158424 -14.82625008 1.04793119
v -31.18998146 -16.96089745 2.10442996
v -31.19078064 -19.01681709 3.44631863
v -30.77167511 -20.91534424 4.99537134
v -29.92767143 -22.58250618 6.66128445
v -29.46403694 -11.59524632 0.09737750
v -30.32421875 -13.72108936 0.57744724
v -30.89753914 -15.88598824 1.43192267
v -28.88459587 -10.53426361 0.00430910
v -31.11301613 -18.01687050 2.61099172
v -30.92332268 -20.03461266 4.04592037
v -30.30779839 -21.86077881 5.65305948
v -29.78410912 -12.56313992 0.24217141
v -30.53818703 -14.69946384 0.87663496
v -30.97672462 -16.84493065 1.86806273
v -31.03792953 -18.92362595 3.15865922
v -30.68495369 -20.85640144 4.67318916
v -29.90805054 -22.56769943 6.32336187
v -29.15196419 -11.47243404 0.04916215
v -30.03810883 -13.59162998 0.45025671
v -30.65350723 -15.76051903 1.23317170
v -30.92370415 -17.90724373 2.35226655
v -30.79711914 -19.95284653 3.74230337
v -30.24841309 -21.81794357 5.32224989
v -29.48084641 -12.43522263 0.16176420
v -30.26762772 -14.56923103 0.71968442
v -30.75367165 -16.72363663 1.64371848
v -30.87337303 -18.82329559 2.87999940
v -30.58544159 -20.78876305 4.35645819
v -29.87540054 -22.54306412 5.98702431
v -28.83808708 -11.34891129 0.01723111
v -29.74672699 -13.45978546 0.33841074
v -30.40120697 -15.63079929 1.04793119
v -30.72377777 -17.79147148 2.10442996
v -30.65873337 -19.86318970 3.44631863
v -30.17611313 -21.76579475 4.99537134
v -29.27330780 -23.42452812 6.66128445
v -28.78110123 -24.03951263 7.00000000
v -29.17435455 -12.30594158 0.09737750
v -29.99054146 -14.43585682 0.57744724
v -30.52134132 -16.59729576 1.43192267
v -30.69749641 -18.71606636 2.61099172
v -30.47336960 -20.71258926 4.04592037
v -29.82979774 -22.50865173 5.65305948
v -28.60984993 -11.25909042 0.00430910
v -29.45075417 -13.32586384 0.24217141
v -30.14123344 -15.49713326 0.87663496
v -30.51371002 -17.66982460 1.86806273
v -30.50848961 -19.76585007 3.15865922
v -30.09107018 -21.70445442 4.67318916
v -29.25411606 -23.40917015 6.32336187
v -28.86535072 -12.17560196 0.04916215
v -29.70758057 -14.29965401 0.45025671
v -30.28028107 -16.46620941 1.23317170
v -30.51071167 -18.60218430 2.35226655
v -30.34900284 -20.62805557 3.74230337
v -29.77134705 -22.46454811 5.32224989
v -29.15088654 -13.19017982 0.16176420
v -29.87419128 -15.35983276 0.71968442
v -30.29398918 -17.54259109 1.64371848
v -30.34673882 -19.66105461 2.87999940
v -29.99348450 -21.63406563 4.35645819
v -29.22217941 -23.38361549 5.98702431
v -28.55455971 -12.04450893 0.01723111
v -29.41940308 -14.16094112 0.33841074
v -30.03105354 -16.33068085 1.04793119
v -30.31345749 -18.48191833 2.10442996
v -30.21262932 -20.53536415 3.44631863
v -29.70018959 -22.41085434 4.99537134
v -28.77480888 -24.03425598 6.66128445
v -28.84782410 -13.05305099 0.09737750
v -29.60070801 -15.21922112 0.57744724
v -28.32856560 -11.94918251 0.00430910
v -30.06513214 -17.41006470 1.43192267
v -30.17386246 -19.54905128 2.61099172
v -29.88358116 -21.55479431 4.04592037
v -29.17757416 -23.34792137 5.65305948
v -29.12668800 -14.02004337 0.24217141
v -29.77424431 -16.19103050 0.87663496
v -30.10619354 -18.35555267 1.86806273
v -30.06457138 -20.43473053 3.15865922
v -29.61648750 -22.34769630 4.67318916
v -28.75594330 -24.01849937 6.32336187
v -28.54228020 -12.91479778 0.04916215
v -29.32142258 -15.07562733 0.45025671
v -29.82767487 -17.27255821 1.23317170
v -29.99026489 -19.43010139 2.35226655
v -29.76162148 -21.46682358 3.74230337
v -29.12040329 -23.30217171 5.32224989
v -28.83012009 -13.87729073 0.16176420
v -29.51045227 -16.04758263 0.71968442
v -29.88940811 -18.22337914 1.64371848
v -29.90517616 -20.32638931 2.87999940
v -29.52044106 -22.27522087 4.35645819
v -28.72455025 -23.99227905 5.98702431
v -28.23496819 -12.77574539 0.01723111
v -29.03699303 -14.92938709 0.33841074
v -29.58217239 -17.13039207 1.04793119
v -29.79637337 -19.30448341 2.10442996
v -29.62788773 -21.37036324 3.44631863
v -29.05080032 -23.24647522 4.99537134
v -28.53039360 -13.73301888 0.09737750
v -29.24029922 -15.90067482 0.57744724
v -28.06623840 -24.85802460 6.66128445
v -27.55761909 -25.43280792 7.00000000
v -29.66360855 -18.08571053 1.43192267
v -29.73481560 -20.21059608 2.61099172
v -29.41227150 -22.19359970 4.04592037
v -28.68070412 -23.95565605 5.65305948
v -28.01150322 -12.67463207 0.00430910
v -28.74808311 -14.78084373 0.24217141
v -29.32920265 -16.98390198 0.87663496
v -29.59264755 -19.17249298 1.86806273
v -29.48269653 -21.26563835 3.15865922
v -28.96892929 -23.18096352 4.67318916
v -28.22821045 -13.58756351 0.04916215
v -28.96441650 -15.75065136 0.45025671
v -28.04783630 -24.84172821 6.32336187
v -29.42932129 -17.94286728 1.23317170
v -29.55388832 -20.08762169 2.35226655
v -29.29223442 -22.10302353 3.74230337
v -28.62450600 -23.90871620 5.32224989
v -28.45536995 -14.63034534 0.16176420
v -29.06935501 -16.83343124 0.71968442
v -29.37955856 -19.03443718 1.64371848
v -29.32638550 -21.15289116 2.87999940
v -28.87498093 -23.10578537 4.35645819
v -27.92428017 -13.44126797 0.01723111
v -28.68344879 -15.59786320 0.33841074
v -28.01721764 -24.81460762 5.98702431
v -29.18709755 -17.79518509 1.04793119
v -29.36281967 -19.95775223 2.10442996
v -29.16061020 -22.00370407 3.44631863
v -28.55608940 -23.85157013 4.99537134
v -27.55159187 -25.42724609 6.66128445
v -28.15953827 -14.47824383 0.09737750
v -27.70327377 -13.33488655 0.00430910
v -28.80323792 -16.67932892 0.57744724
v -29.15760994 -18.89064217 1.43192267
v -29.15932083 -21.03239059 2.61099172
v -28.76917648 -23.02112198 4.04592037
v -28.39805603 -15.44266796 0.24217141
v -27.97445107 -24.77672958 5.65305948
v -28.93750572 -17.64301109 0.87663496
v -29.16205597 -19.82129478 1.86806273
v -29.01770782 -21.89587402 3.15865922
v -28.47561264 -23.78435135 4.67318916
v -27.53352928 -25.41057587 6.32336187
v -27.86128426 -14.32489586 0.04916215
v -28.53147888 -16.52195930 0.45025671
v -28.92732048 -18.74144173 1.23317170
v -28.98189545 -20.90441513 2.35226655
v -28.65176392 -22.92716789 3.74230337
v -28.10890579 -15.28543091 0.16176420
v -27.91963577 -24.72818184 5.32224989
v -28.68112755 -17.48669815 0.71968442
v -28.95206833 -19.67856789 1.64371848
v -28.86386299 -21.77978706 2.87999940
v -28.38326454 -23.70721817 4.35645819
v -27.50347137 -25.38283539 5.98702431
v -27.56130409 -14.17066097 0.01723111
v -28.25471115 -16.36168861 0.33841074
v -28.68922806 -18.58718681 1.04793119
v -28.79452515 -20.76926613 2.10442996
v -28.52301788 -22.82414436 3.44631863
v -27.81667709 -15.12651920 0.09737750
v -27.85290337 -24.66907692 4.99537134
v -28.41856575 -17.32661629 0.57744724
v -28.73334885 -19.52990532 1.43192267
v -28.69943237 -21.65571404 2.61099172
v -28.27926254 -23.62034988 4.04592037
v -26.78904343 -26.22941589 6.66128445
v -26.26675797 -26.76391983 7.00000000
v -27.46148872 -25.34408951 5.65305948
v -27.34317017 -14.05850697 0.00430910
v -27.97358513 -16.19889450 0.24217141
v -28.44389343 -18.42823792 0.87663496
v -28.59764671 -20.62725830 1.86806273
v -28.38324165 -22.71229553 3.15865922
v -27.52205467 -14.96630478 0.04916215
v -27.77440834 -24.59955406 4.67318916
v -28.15043640 -17.16313934 0.45025671
v -28.50641060 -19.37565613 1.23317170
v -28.52480698 -21.52394676 2.35226655
v -28.16384888 -23.52395058 3.74230337
v -26.77148056 -26.21221924 6.32336187
v -27.40768051 -25.29442978 5.32224989
v -27.68875694 -16.03395653 0.16176420
v -28.19188881 -18.26497078 0.71968442
v -28.39172363 -20.47872925 1.64371848
v -28.23275948 -22.59187889 2.87999940
v -27.22572708 -14.80516338 0.01723111
v -27.68433571 -24.51977730 4.35645819
v -27.87736511 -16.99664879 0.33841074
v -28.27178192 -19.21618080 1.04793119
v -28.34039116 -21.38479233 2.10442996
v -28.03729439 -23.41824722 3.44631863
v -26.74225426 -26.18360329 5.98702431
v -27.34217072 -25.23397064 4.99537134
v -26.26101494 -26.75806808 6.66128445
v -27.40089607 -15.86726284 0.09737750
v -27.01025009 -14.68798828 0.00430910
v -27.93380547 -18.09776306 0.57744724
v -28.17723656 -20.32402039 1.43192267
v -28.07192421 -22.46318054 2.61099172
v -27.58289337 -24.42993164 4.04592037
v -27.59999275 -16.82753754 0.24217141
v -28.03001785 -19.05185509 0.87663496
v -28.14661789 -21.23857689 1.86806273
v -27.89989853 -23.30348396 3.15865922
v -26.70143318 -26.14363480 5.65305948
v -27.26511574 -25.16285706 4.67318916
v -26.24379921 -26.74052429 6.32336187
v -27.11067772 -15.69920254 0.04916215
v -27.67024994 -17.92700958 0.45025671
v -27.95469093 -20.16349983 1.23317170
v -27.90111542 -22.32649803 2.35226655
v -27.47032166 -24.33022881 3.74230337
v -27.31896973 -16.65619850 0.16176420
v -27.78167915 -18.88306046 0.71968442
v -27.94394302 -21.08564377 1.64371848
v -27.75197792 -23.17993546 2.87999940
v -26.64911461 -26.09240913 5.32224989
v -27.17669296 -25.08125305 4.35645819
v -26.21514893 -26.71133232 5.98702431
v -26.81877899 -15.53017139 0.01723111
v -27.40183640 -17.75311089 0.33841074
v -27.72460365 -19.99754143 1.04793119
v -27.72073364 -22.18215561 2.10442996
v -27.34688568 -24.22090149 3.44631863
v -27.03495216 -16.48303604 0.09737750
v -27.52735329 -18.71019554 0.57744724
v -27.73283958 -20.92635155 1.43192267
v -27.59388351 -23.04788589 2.61099172
v -26.58541870 -26.03004265 4.99537134
v -27.07711220 -24.98934937 4.04592037
v -26.17513275 -26.67055893 5.65305948
v -25.44491959 -27.53527260 6.66128445
v -24.91167831 -28.02959633 7.00000000
v -26.60652161 -15.40725803 0.00430910
v -27.12919617 -17.57647133 0.24217141
v -27.48751831 -19.82653236 0.87663496
v -27.53119659 -22.03048897 1.86806273
v -27.21287155 -24.10220528 3.15865922
v -26.74860954 -16.30845451 0.04916215
v -27.26763153 -18.53366470 0.45025671
v -27.51380157 -20.76107407 1.23317170
v -27.42598343 -22.90764618 2.35226655
v -26.51049423 -25.95668602 4.67318916
v -26.96660423 -24.88736343 3.74230337
v -26.12384415 -26.61829948 5.32224989
v -25.42823601 -27.51721954 6.32336187
v -26.85296631 -17.39750862 0.16176420
v -27.24398804 -19.65087509 0.71968442
v -27.33295250 -21.87185287 1.64371848
v -27.06859398 -23.97442055 2.87999940
v -26.46060944 -16.13286209 0.01723111
v -27.00312233 -18.35387993 0.33841074
v -27.28734398 -20.59019470 1.04793119
v -27.24867249 -22.75954628 2.10442996
v -26.42452049 -25.87250710 4.35645819
v -26.84543037 -24.77553177 3.44631863
v -26.06140327 -26.55467796 4.99537134
v -24.90623093 -28.02346802 6.66128445
v -25.40047646 -27.48717880 5.98702431
v -26.25118637 -16.00517845 0.00430910
v -26.57379341 -17.21663857 0.09737750
v -26.99458122 -19.47098160 0.57744724
v -27.12646484 -21.70662117 1.43192267
v -26.91439247 -23.83784676 2.61099172
v -26.73444939 -18.17126465 0.24217141
v -27.05399704 -20.41411972 0.87663496
v -27.06236267 -22.60393143 1.86806273
v -26.32769585 -25.77770424 4.04592037
v -26.71387482 -24.65411949 3.15865922
v -25.98795700 -26.47984123 4.67318916
v -24.88990211 -28.00509453 6.32336187
v -25.36170387 -27.44522095 5.65305948
v -26.29233551 -17.03428650 0.04916215
v -26.73988724 -19.28727150 0.45025671
v -26.91221809 -21.53518105 1.23317170
v -26.75062752 -23.69280052 2.35226655
v -26.46223831 -17.98624420 0.16176420
v -26.81430817 -20.23325539 0.71968442
v -26.86749458 -22.44116783 1.64371848
v -26.22024727 -25.67250061 3.74230337
v -26.57224274 -24.52340889 2.87999940
v -25.90367699 -26.39396477 4.35645819
v -24.86273003 -27.97452164 5.98702431
v -25.31200981 -27.39144516 5.32224989
v -26.00924683 -16.85087967 0.01723111
v -26.48049927 -19.10017586 0.33841074
v -26.69071198 -21.35793114 1.04793119
v -26.57768059 -23.53962326 2.10442996
v -26.18712807 -17.79925346 0.09737750
v -26.56883621 -20.04803085 0.57744724
v -26.66452408 -22.27163506 1.43192267
v -26.10242653 -25.55714226 3.44631863
v -26.42086792 -24.38370514 2.61099172
v -25.80875969 -26.29725266 4.04592037
v -24.82477951 -27.93181992 5.65305948
v -25.25151062 -27.32597351 4.99537134
v -24.03722000 -28.77233315 6.66128445
v -23.49569130 -29.22674179 7.00000000
v -25.80339813 -16.71751404 0.00430910
v -26.21702576 -18.91013527 0.24217141
v -26.46246719 -21.17528915 0.87663496
v -26.39596176 -23.37867546 1.86806273
v -25.90976524 -17.61073112 0.04916215
v -26.31815720 -19.85887718 0.45025671
v -26.45392418 -22.09573174 1.23317170
v -25.97451210 -25.43189812 3.15865922
v -26.26010704 -24.23533821 2.35226655
v -25.70343018 -26.18992805 3.74230337
v -24.77613640 -27.87709045 5.32224989
v -25.18034554 -27.24896431 4.67318916
v -24.02146149 -28.75346947 6.32336187
v -25.95008278 -18.71759224 0.16176420
v -26.22801781 -20.98768234 0.71968442
v -26.20589066 -23.21033287 1.64371848
v -25.63079643 -17.42111778 0.01723111
v -26.06286049 -19.66623688 0.33841074
v -26.23619080 -21.91386795 1.04793119
v -25.83679962 -25.29706383 2.87999940
v -26.09033203 -24.07865524 2.10442996
v -25.58793259 -26.07224464 3.44631863
v -24.71691704 -27.81045914 4.99537134
v -23.49055481 -29.22035217 6.66128445
v -25.09868431 -27.16059494 4.35645819
v -23.99523735 -28.72208023 5.98702431
v -25.42794228 -17.28323746 0.00430910
v -25.68029785 -18.52299881 0.09737750
v -25.98791313 -20.79555130 0.57744724
v -26.00791740 -23.03499031 1.43192267
v -25.80354118 -19.47056389 0.24217141
v -26.01183319 -21.72647285 0.87663496
v -25.68961525 -25.15295410 2.61099172
v -25.91194344 -23.91402054 1.86806273
v -25.46253777 -25.94447708 3.15865922
v -24.64726067 -27.73208237 4.67318916
v -23.47515297 -29.20119476 6.32336187
v -25.00671768 -27.06107140 4.04592037
v -23.95861053 -28.67823601 5.65305948
v -25.40830231 -18.32680893 0.04916215
v -25.74271584 -20.59934425 0.45025671
v -25.80250549 -22.85305595 1.23317170
v -25.54080963 -19.27231407 0.16176420
v -25.78137589 -21.53398132 0.71968442
v -25.53330231 -24.99990654 2.35226655
v -25.72535896 -23.74182320 1.64371848
v -25.32754135 -25.80692482 2.87999940
v -24.56732750 -27.64214706 4.35645819
v -23.44952583 -29.16931534 5.98702431
v -24.90466118 -26.95063019 3.74230337
v -23.91166496 -28.62204361 5.32224989
v -25.13473320 -18.12948608 0.01723111
v -25.49300003 -20.39952278 0.33841074
v -25.59013367 -22.66496086 1.04793119
v -25.27528000 -19.07195282 0.09737750
v -25.54536057 -21.33684921 0.57744724
v -25.36822701 -24.83827972 2.10442996
v -25.53101730 -23.56246567 1.43192267
v -25.18325806 -25.65991020 2.61099172
v -24.47730827 -27.54085922 4.04592037
v -23.41373062 -29.12479019 5.65305948
v -24.79275322 -26.82952881 3.44631863
v -23.85451126 -28.55363274 4.99537134
v -22.56946564 -29.93750763 6.66128445
v -22.02225876 -30.35243225 7.00000000
v -24.93580437 -17.98600197 0.00430910
v -25.23935127 -20.19655228 0.24217141
v -25.37129974 -22.47114182 0.87663496
v -25.00757408 -18.86994934 0.04916215
v -25.30433846 -21.13553429 0.45025671
v -25.19477654 -24.66845131 1.86806273
v -25.32937050 -23.37636566 1.23317170
v -25.03002548 -25.50377846 2.35226655
v -24.37741089 -27.42846107 3.74230337
v -23.36785316 -29.06772232 5.32224989
v -24.67125511 -26.69804955 3.15865922
v -23.78728485 -28.47316170 4.67318916
v -22.55466843 -29.91787910 6.32336187
v -24.98236465 -19.99090958 0.16176420
v -25.14651680 -22.27205467 0.71968442
v -24.73831940 -18.66677856 0.01723111
v -25.05887604 -20.93051147 0.33841074
v -25.01335526 -24.49082184 1.64371848
v -25.12089157 -23.18396187 1.04793119
v -24.86820412 -25.33889389 2.10442996
v -24.26787186 -27.30521202 3.44631863
v -23.31200027 -28.99824524 4.99537134
v -24.54045296 -26.55650330 2.87999940
v -22.01744461 -30.34579468 6.66128445
v -23.71014023 -28.38082123 4.35645819
v -22.53004646 -29.88521957 5.98702431
v -24.54252815 -18.51904106 0.00430910
v -24.72264099 -19.78307915 0.09737750
v -24.91631317 -22.06816483 0.57744724
v -24.80954742 -20.72225761 0.24217141
v -24.82439041 -24.30580521 1.43192267
v -24.90607071 -22.98570633 0.87663496
v -24.69817162 -25.16564178 1.86806273
v -24.14894676 -27.17140198 3.15865922
v -23.24630165 -28.91652298 4.67318916
v -24.40065384 -26.40521812 2.61099172
v -22.00300980 -30.32589912 6.32336187
v -23.62326241 -28.27682877 4.04592037
v -22.49565506 -29.83959961 5.65305948
v -24.46078682 -19.57354355 0.04916215
v -24.68122673 -21.85995102 0.45025671
v -24.55693626 -20.51126480 0.16176420
v -24.62832642 -24.11383438 1.23317170
v -24.68541145 -22.78205872 0.71968442
v -24.52032661 -24.98443222 1.64371848
v -24.02091408 -27.02734375 2.87999940
v -23.17091370 -28.82274437 4.35645819
v -24.25218391 -26.24455070 2.35226655
v -21.97898865 -30.29279327 5.98702431
v -23.52685165 -28.16142654 3.74230337
v -22.45157623 -29.78113174 5.32224989
v -24.19742012 -19.36279678 0.01723111
v -24.44180870 -21.64789963 0.33841074
v -24.30163383 -20.29802322 0.09737750
v -24.42561722 -23.91536140 1.04793119
v -24.45942879 -22.57350159 0.57744724
v -24.33508682 -24.79568672 1.43192267
v -23.88407326 -26.87337685 2.61099172
v -23.08600998 -28.71713257 4.04592037
v -24.09539032 -26.07487679 2.10442996
v -21.94543839 -30.24655342 5.65305948
v -23.42113304 -28.03488350 3.44631863
v -22.39791298 -29.70994949 4.99537134
v -21.04532242 -31.02788353 6.66128445
v -20.49498367 -31.40391159 7.00000000
v -24.00591087 -19.20955086 0.00430910
v -24.19861984 -21.43250847 0.24217141
v -24.04424095 -20.08303452 0.04916215
v -24.21674347 -23.71084976 0.87663496
v -24.22865295 -22.36051941 0.45025671
v -24.14288521 -24.59984779 1.23317170
v -23.73874664 -26.70986176 2.35226655
v -22.99179268 -28.59993172 3.74230337
v -23.93064117 -25.89659500 1.86806273
v -21.90243912 -30.18728638 5.32224989
v -23.30635834 -27.89749718 3.15865922
v -22.33479118 -29.62622070 4.67318916
v -21.03152466 -31.00754166 6.32336187
v -23.95222855 -21.21428299 0.16176420
v -23.78535843 -19.86680222 0.01723111
v -24.00218964 -23.50077820 0.71968442
v -23.99362373 -22.14361191 0.33841074
v -23.94417381 -24.39737511 1.04793119
v -23.58527374 -26.53717995 2.10442996
v -22.88847923 -28.47141838 3.44631863
v -23.75832367 -25.71012115 1.64371848
v -21.85008812 -30.11513329 4.99537134
v -20.49050331 -31.39704514 6.66128445
v -23.18279266 -27.74959183 2.87999940
v -22.26235771 -29.53014183 4.35645819
v -21.00856400 -30.97369003 5.98702431
v -23.59710884 -19.70956612 0.00430910
v -23.70321465 -20.99373245 0.09737750
v -23.78246117 -23.28564072 0.57744724
v -23.75489426 -21.92328835 0.24217141
v -23.73941612 -24.18873978 0.87663496
v -23.42401314 -26.35573578 1.86806273
v -22.77631378 -28.33189392 3.15865922
v -23.57884216 -25.51589203 1.43192267
v -21.78850937 -30.03026390 4.67318916
v -20.47706795 -31.37646103 6.32336187
v -23.05072784 -27.59150887 2.61099172
v -22.18078423 -29.42193604 4.04592037
v -20.97649574 -30.92641068 5.65305948
v -23.45215797 -20.77137566 0.04916215
v -23.55807304 -23.06594086 0.45025671
v -23.51302147 -21.70006561 0.16176420
v -23.52909279 -23.97443581 0.71968442
v -23.25534439 -26.16595650 1.64371848
v -22.65555763 -28.18168449 2.87999940
v -23.39261246 -25.31436539 1.23317170
v -21.71784782 -29.93287277 4.35645819
v -20.45471382 -31.34220695 5.98702431
v -22.91047096 -27.42362404 2.35226655
v -22.09026146 -29.30186081 3.74230337
v -20.93539429 -30.86581230 5.32224989
v -23.19965172 -20.54773140 0.01723111
v -23.32954979 -22.84218979 0.33841074
v -23.26857376 -21.47446632 0.09737750
v -23.31369400 -23.75496101 0.57744724
v -23.07966042 -25.96828461 1.43192267
v -22.52649689 -28.02114105 2.61099172
v -23.20007706 -25.10601044 1.04793119
v -21.63826942 -29.82319260 4.04592037
v -20.42349052 -31.29436493 5.65305948
v -22.76235199 -27.24632835 2.10442996
v -21.99099922 -29.17019272 3.44631863
v -20.88535500 -30.79203796 4.99537134
v -19.46859741 -32.04073715 6.66128445
v -18.91760063 -32.37860870 7.00000000
v -23.01603889 -20.38510704 0.00430910
v -23.09742737 -22.61491776 0.24217141
v -23.02212143 -21.24701691 0.04916215
v -23.09372902 -23.53083229 0.45025671
v -22.89737511 -25.76318359 1.23317170
v -22.38942909 -27.85064125 2.35226655
v -23.00168228 -24.89131737 0.87663496
v -21.54995918 -29.70147896 3.74230337
v -20.38347244 -31.23304558 5.32224989
v -22.60671806 -27.06003571 1.86806273
v -21.88323212 -29.02724457 3.15865922
v -20.82649612 -30.70525932 4.67318916
v -19.45583344 -32.01972961 6.32336187
v -22.86224937 -22.38465118 0.16176420
v -22.77424431 -21.01825142 0.01723111
v -22.86970901 -23.30257416 0.33841074
v -22.70891380 -25.55113602 1.04793119
v -22.24468040 -27.67058563 2.10442996
v -22.79789352 -24.67078781 0.71968442
v -21.45312500 -29.56801605 3.44631863
v -20.33475304 -31.15839386 4.99537134
v -22.44393349 -26.86518478 1.64371848
v -21.76721001 -28.87334824 2.87999940
v -20.75895309 -30.60568047 4.35645819
v -19.43459320 -31.98477554 5.98702431
v -22.59399796 -20.85190392 0.00430910
v -22.62456512 -22.15193367 0.09737750
v -22.64216232 -23.07071877 0.24217141
v -22.51471901 -25.33263588 0.87663496
v -22.09258461 -27.48139191 1.86806273
v -22.58918953 -24.44493866 0.57744724
v -21.34799385 -29.42311859 3.15865922
v -20.27744484 -31.07058144 4.67318916
v -22.27438164 -26.66222954 1.43192267
v -21.64320946 -28.70886421 2.61099172
v -20.68288803 -30.49353409 4.04592037
v -19.40492821 -31.93595123 5.65305948
v -22.38493538 -21.91730881 0.04916215
v -22.41161919 -22.83581352 0.16176420
v -22.31524658 -25.10819626 0.71968442
v -21.93350410 -27.28350639 1.64371848
v -22.37606049 -24.21430016 0.45025671
v -21.23481178 -29.26712227 2.87999940
v -20.21168518 -30.96981812 4.35645819
v -22.09845543 -26.45164871 1.23317170
v -21.51151657 -28.53417969 2.35226655
v -20.59847832 -30.36908531 3.74230337
v -19.36690521 -31.87337494 5.32224989
v -22.14391899 -21.68132782 0.01723111
v -22.17862129 -22.59840393 0.09737750
v -22.11096001 -24.87834358 0.57744724
v -21.76780510 -27.07739258 1.43192267
v -22.15900230 -23.97941208 0.33841074
v -21.11384201 -29.10039711 2.61099172
v -20.13762474 -30.85633850 4.04592037
v -21.91657066 -26.23393440 1.04793119
v -21.37244225 -28.34970474 2.10442996
v -20.50591850 -30.23262215 3.44631863
v -19.32061386 -31.79719353 4.99537134
v -17.84323120 -32.97353745 6.66128445
v -17.29396439 -33.27414703 7.00000000
v -21.96866035 -21.50973129 0.00430910
v -21.94371414 -22.35905075 0.04916215
v -21.90234375 -24.64361572 0.45025671
v -21.59588051 -26.86353302 1.23317170
v -21.93852615 -23.74082184 0.24217141
v -20.98537254 -28.92333031 2.35226655
v -20.05543900 -30.73040771 3.74230337
v -21.72915077 -26.00959587 0.87663496
v -21.22631264 -28.15586662 1.86806273
v -20.40542984 -30.08446693 3.15865922
v -19.26616478 -31.70758247 4.67318916
v -17.83153152 -32.95191956 6.32336187
v -21.70744896 -22.11831284 0.01723111
v -21.68988037 -24.40456200 0.33841074
v -21.41813278 -26.64242744 1.04793119
v -21.71514893 -23.49909210 0.16176420
v -20.84969902 -28.73633766 2.10442996
v -19.96532059 -30.59232140 3.44631863
v -21.53663826 -25.77915764 0.71968442
v -21.07346916 -27.95312500 1.64371848
v -20.29724503 -29.92496490 2.87999940
v -19.20368385 -31.60475349 4.35645819
v -17.81206512 -32.91594696 5.98702431
v -21.53564453 -21.94325829 0.00430910
v -21.47407150 -24.16174316 0.24217141
v -21.23497581 -26.41459465 0.87663496
v -21.48939133 -23.25478935 0.09737750
v -20.70714378 -28.53985786 1.86806273
v -19.86747932 -30.44240379 3.15865922
v -21.33947945 -25.54316330 0.57744724
v -20.91426849 -27.74195290 1.43192267
v -20.18161774 -29.75449181 2.61099172
v -19.13331795 -31.48894691 4.04592037
v -17.78487587 -32.86570358 5.65305948
v -21.25542259 -23.91572762 0.16176420
v -21.04684067 -26.18057060 0.71968442
v -21.26178360 -23.00848389 0.04916215
v -20.55803680 -28.33435059 1.64371848
v -19.76214600 -30.28100395 2.87999940
v -21.13814163 -25.30216217 0.45025671
v -20.74908447 -27.52284431 1.23317170
v -20.05881882 -29.57344437 2.35226655
v -19.05523109 -31.36043358 3.74230337
v -17.75002861 -32.80130386 5.32224989
v -21.03444481 -23.66709328 0.09737750
v -20.85416794 -25.94089890 0.57744724
v -21.03285980 -22.76075363 0.01723111
v -20.40273094 -28.12029839 1.43192267
v -19.64956665 -30.10850334 2.61099172
v -20.93309212 -25.05672073 0.33841074
v -20.57830620 -27.29631233 1.04793119
v -19.92913628 -29.38224983 2.10442996
v -18.96960640 -31.21951675 3.44631863
v -17.70760345 -32.72290421 4.99537134
v -16.17328262 -33.82395554 6.66128445
v -15.62804508 -34.08832932 7.00000000
v -20.86639595 -22.58061409 0.00430910
v -20.81165695 -23.41641998 0.04916215
v -20.65740776 -25.69614601 0.45025671
v -20.24158669 -27.89820099 1.23317170
v -19.53000641 -29.92530251 2.35226655
v -20.72481346 -24.80741310 0.24217141
v -20.40233040 -27.06288910 0.87663496
v -19.79287338 -29.18135262 1.86806273
v -18.87664604 -31.06652451 3.15865922
v -17.65769958 -32.63068390 4.67318916
v -16.16267967 -33.80178070 6.32336187
v -20.58757973 -23.16429710 0.01723111
v -20.45702171 -25.44688225 0.33841074
v -20.07498550 -27.66857910 1.04793119
v -19.40374184 -29.73183250 2.10442996
v -20.51379395 -24.55482292 0.16176420
v -20.22157288 -26.82312012 0.71968442
v -19.65035057 -28.97122765 1.64371848
v -18.77656555 -30.90181541 2.87999940
v -17.60043335 -32.52486038 4.35645819
v -16.14503479 -33.76488113 5.98702431
v -20.42463875 -22.98096466 0.00430910
v -20.25347900 -25.19369316 0.24217141
v -19.90331459 -27.43197250 0.87663496
v -19.27107239 -29.52854538 1.86806273
v -20.30052567 -24.29954338 0.09737750
v -20.03645325 -26.57756805 0.57744724
v -19.50190163 -28.75236320 1.43192267
v -18.66960144 -30.72577858 2.61099172
v -17.53594208 -32.40568161 4.04592037
v -16.12038994 -33.71334076 5.65305948
v -20.04725838 -24.93717003 0.16176420
v -19.72697830 -27.18893242 0.71968442
v -19.13230705 -29.31591797 1.64371848
v -20.08551025 -24.04217148 0.04916215
v -19.84741020 -26.32680702 0.45025671
v -19.34787369 -28.52527428 1.23317170
v -18.55600166 -30.53882027 2.35226655
v -17.46437454 -32.27342987 3.74230337
v -16.08880424 -33.64728165 5.32224989
v -19.83884048 -24.67791557 0.09737750
v -19.54638672 -26.94003296 0.57744724
v -18.98777199 -29.09445000 1.43192267
v -19.86925125 -23.78331184 0.01723111
v -19.65488052 -26.07142448 0.33841074
v -19.18862724 -28.29049110 1.04793119
v -18.43603516 -30.34138489 2.10442996
v -17.38589859 -32.12841034 3.44631863
v -16.05034828 -33.56685638 4.99537134
v -14.46292782 -34.58986664 6.66128445
v -13.92391682 -34.81916809 7.00000000
v -19.71199608 -23.59507942 0.00430910
v -19.62871552 -24.41653633 0.04916215
v -19.36196518 -26.68585205 0.45025671
v -18.83780479 -28.86466026 1.23317170
v -19.45932007 -25.81202126 0.24217141
v -19.02453613 -28.04856682 0.87663496
v -18.30998230 -30.13393021 1.86806273
v -17.30069923 -31.97096443 3.15865922
v -16.00511551 -33.47225952 4.67318916
v -14.45344543 -34.56718826 6.32336187
v -19.41737556 -24.15364647 0.01723111
v -19.17414665 -26.42698669 0.33841074
v -18.68275642 -28.62708473 1.04793119
v -19.26118469 -25.54920387 0.16176420
v -18.85598564 -27.80006409 0.71968442
v -18.17813873 -29.91694450 1.64371848
v -17.20897484 -31.80146027 2.87999940
v -15.95320988 -33.36370850 4.35645819
v -14.43766689 -34.52945328 5.98702431
v -19.26369667 -23.96248245 0.00430910
v -18.98336792 -26.16404533 0.24217141
v -18.52299118 -28.38228035 0.87663496
v -19.06093979 -25.28358650 0.09737750
v -18.68336868 -27.54556847 0.57744724
v -18.04081154 -29.69093704 1.43192267
v -17.11094093 -31.62029648 2.61099172
v -15.89475441 -33.24145508 4.04592037
v -14.41562843 -34.47674561 5.65305948
v -18.79007912 -25.89764404 0.16176420
v -18.35888290 -28.13082123 0.71968442
v -18.85905457 -25.01579285 0.04916215
v -18.50708961 -27.28567505 0.45025671
v -17.89832306 -29.45643425 1.23317170
v -17.00682449 -31.42789650 2.35226655
v -15.82988453 -33.10578918 3.74230337
v -14.38738155 -34.40919113 5.32224989
v -18.59473228 -25.62840271 0.09737750
v -18.19081688 -27.87329865 0.57744724
v -18.65600014 -24.74644852 0.01723111
v -18.32756233 -27.02099228 0.33841074
v -17.75100708 -29.21398735 1.04793119
v -16.89687538 -31.22471237 2.10442996
v -15.75875378 -32.95703125 3.44631863
v -14.35299397 -34.32694626 4.99537134
v -12.71643639 -35.26935577 6.66128445
v -12.18574619 -35.46487808 7.00000000
v -18.50834846 -24.55059433 0.00430910
v -18.39778519 -25.35695839 0.04916215
v -18.01918602 -27.61031151 0.45025671
v -18.14520836 -26.75214005 0.24217141
v -17.59920883 -28.96416473 0.87663496
v -16.78134537 -31.01121902 1.86806273
v -15.68152714 -32.79552460 3.15865922
v -14.31254387 -34.23020554 4.67318916
v -12.70809937 -35.24623108 6.32336187
v -18.19969749 -25.08394051 0.01723111
v -17.84439278 -27.34247971 0.33841074
v -17.96045303 -26.47974968 0.16176420
v -17.44328690 -28.70755196 0.71968442
v -16.66050720 -30.78791618 1.64371848
v -15.59838772 -32.62165070 2.87999940
v -14.26612759 -34.11919403 4.35645819
v -12.69422626 -35.20775223 5.98702431
v -18.05565643 -24.88541603 0.00430910
v -17.66684532 -27.07043076 0.24217141
v -17.77373123 -26.20445824 0.09737750
v -17.28360176 -28.44474792 0.57744724
v -16.53464508 -30.55532837 1.43192267
v -15.50952816 -32.43581390 2.61099172
v -14.21385384 -33.99417496 4.04592037
v -12.67484951 -35.15401077 5.65305948
v -17.48696136 -26.79479790 0.16176420
v -17.58547974 -25.92691040 0.04916215
v -17.12052917 -28.17637062 0.45025671
v -16.40405273 -30.31399918 1.23317170
v -15.41515732 -32.23845291 2.35226655
v -14.15584373 -33.85543823 3.74230337
v -12.65001392 -35.08512878 5.32224989
v -17.30516052 -26.51623154 0.09737750
v -17.39613724 -25.64775848 0.01723111
v -16.95445442 -27.90304756 0.33841074
v -16.26903534 -30.06449318 1.04793119
v -15.31549644 -32.03002548 2.10442996
v -14.09223557 -33.70330811 3.44631863
v -12.61977768 -35.00127029 4.99537134
v -10.93817425 -35.86072159 6.66128445
v -10.41778183 -36.02388000 7.00000000
v -17.25845528 -25.44476891 0.00430910
v -17.12187195 -26.23538208 0.04916215
v -16.78576088 -27.62541962 0.24217141
v -16.12991142 -29.80739784 0.87663496
v -15.21077919 -31.81102753 1.86806273
v -14.02317619 -33.53814697 3.15865922
v -12.58421230 -34.90262985 4.67318916
v -10.93100262 -35.83721161 6.32336187
v -16.93752289 -25.95290756 0.01723111
v -16.61484909 -27.34413719 0.16176420
v -15.98700619 -29.54331398 0.71968442
v -15.10125160 -31.58196449 1.64371848
v -13.94882774 -33.36033249 2.87999940
v -12.54340172 -34.78943634 4.35645819
v -10.91906929 -35.79808807 5.98702431
v -16.80347061 -25.74750519 0.00430910
v -16.44211578 -27.05986023 0.09737750
v -15.84065247 -29.27285957 0.57744724
v -14.98716831 -31.34337807 1.43192267
v -13.86936569 -33.17028809 2.61099172
v -12.49744034 -34.66196060 4.04592037
v -10.90240192 -35.74344635 5.65305948
v -16.26796722 -26.77325249 0.04916215
v -15.69119549 -28.99666786 0.45025671
v -14.86879826 -31.09582520 1.23317170
v -13.78497505 -32.96846008 2.35226655
v -12.44643497 -34.52050018 3.74230337
v -10.88103962 -35.67340851 5.32224989
v -16.09281158 -26.48498726 0.01723111
v -15.53898430 -28.71538925 0.33841074
v -14.74641800 -30.83988380 1.04793119
v -13.69585323 -32.75531387 2.10442996
v -12.39050770 -34.36538315 3.44631863
v -10.85503197 -35.58814240 4.99537134
v -9.13258266 -36.36249542 6.66128445
v -8.62434673 -36.49480438 7.00000000
v -15.96544456 -26.27537155 0.00430910
v -15.38437557 -28.42967796 0.24217141
v -14.62031364 -30.57615852 0.87663496
v -13.60221004 -32.53135681 1.86806273
v -12.32978821 -34.19697571 3.15865922
v -10.82444000 -35.48784637 4.67318916
v -9.12659550 -36.33865356 6.32336187
v -15.22773170 -28.14020729 0.16176420
v -14.49078274 -30.30526352 0.71968442
v -13.50426483 -32.29710770 1.64371848
v -12.26441765 -34.01567078 2.87999940
v -10.78933620 -35.37276077 4.35645819
v -9.11663246 -36.29898453 5.98702431
v -15.06941986 -27.84765244 0.09737750
v -14.35812664 -30.02783394 0.57744724
v -13.40224648 -32.05311584 1.43192267
v -12.19455147 -33.82189178 2.61099172
v -10.74980164 -35.24314499 4.04592037
v -9.10271645 -36.24357605 5.65305948
v -14.90981007 -27.55270195 0.04916215
v -14.22265720 -29.74452019 0.45025671
v -13.29639435 -31.79995918 1.23317170
v -12.12035084 -33.61609650 2.35226655
v -10.70592976 -35.09931183 3.74230337
v -9.08487988 -36.17255783 5.32224989
v -14.74927711 -27.25604439 0.01723111
v -14.08469105 -29.45598412 0.33841074
v -13.18695545 -31.53822327 1.04793119
v -12.04199123 -33.39876556 2.10442996
v -10.65782261 -34.94159317 3.44631863
v -9.06316566 -36.08610153 4.99537134
v -7.30417442 -36.77341461 6.66128445
v -6.80982590 -36.87649918 7.00000000
v -14.63254452 -27.04032516 0.00430910
v -13.94455242 -29.16290474 0.24217141
v -13.07418823 -31.26852417 0.87663496
v -11.95965672 -33.17040634 1.86806273
v -10.60559368 -34.77036285 3.15865922
v -9.03762341 -35.98440170 4.67318916
v -7.29938555 -36.74930573 6.32336187
v -13.80256844 -28.86596870 0.16176420
v -12.95835495 -30.99149513 0.71968442
v -11.87353897 -32.93155670 1.64371848
v -10.54936504 -34.58601761 2.87999940
v -9.00831413 -35.86770248 4.35645819
v -7.29141712 -36.70918655 5.98702431
v -13.65907288 -28.56586838 0.09737750
v -12.83972740 -30.70778275 0.57744724
v -11.78383923 -32.68277359 1.43192267
v -10.48926926 -34.38899231 2.61099172
v -8.97530556 -35.73627472 4.04592037
v -7.28028679 -36.65315247 5.65305948
v -13.51440144 -28.26331139 0.04916215
v -12.71858406 -30.41805458 0.45025671
v -11.69076920 -32.42464066 1.23317170
v -10.42544460 -34.17974472 2.35226655
v -8.93867588 -35.59043121 3.74230337
v -7.26602173 -36.58133316 5.32224989
v -13.36889267 -27.95900154 0.01723111
v -12.59520817 -30.12298584 0.33841074
v -11.59454632 -32.15776443 1.04793119
v -10.35804367 -33.95876694 2.10442996
v -8.89850998 -35.43050385 3.44631863
v -7.24865484 -36.49390030 4.99537134
v -5.45751619 -37.09246063 6.66128445
v -4.97865534 -37.16803741 7.00000000
v -13.26308537 -27.73772049 0.00430910
v -12.46988964 -29.82327080 0.24217141
v -11.49539661 -31.88276863 0.87663496
v -10.28722191 -33.72658157 1.86806273
v -8.85490322 -35.25687790 3.15865922
v -7.22822666 -36.39105225 4.67318916
v -5.45393848 -37.06814194 6.32336187
v -12.34292030 -29.51960945 0.16176420
v -11.39355087 -31.60029602 0.71968442
v -10.21314716 -33.48372650 1.64371848
v -8.80795574 -35.06995392 2.87999940
v -7.20478487 -36.27303314 4.35645819
v -5.44798422 -37.02767563 5.98702431
v -12.21459961 -29.21271515 0.09737750
v -11.28924847 -31.31101227 0.57744724
v -10.13599110 -33.23077393 1.43192267
v -8.75777912 -34.87017059 2.61099172
v -7.17838526 -36.14012146 4.04592037
v -5.43966818 -36.97115326 5.65305948
v -12.08522797 -28.90330505 0.04916215
v -11.18273354 -31.01559067 0.45025671
v -10.05593586 -32.96831131 1.23317170
v -8.70449162 -34.65799713 2.35226655
v -7.14908886 -35.99262619 3.74230337
v -5.42900944 -36.89871216 5.32224989
v -11.95510674 -28.59210587 0.01723111
v -11.07425594 -30.71472549 0.33841074
v -9.97316933 -32.69696045 1.04793119
v -8.64821625 -34.43392944 2.10442996
v -7.11696434 -35.83089447 3.44631863
v -5.41603327 -36.81051636 4.99537134
v -3.59722304 -37.31882858 6.66128445
v -3.13531256 -37.36870193 7.00000000
v -11.86048889 -28.36581421 0.00430910
v -10.96407032 -30.40912247 0.24217141
v -9.88788319 -32.41735458 0.87663496
v -8.58908463 -34.19849014 1.86806273
v -7.08208752 -35.65530396 3.15865922
v -5.40076971 -36.70677948 4.67318916
v -3.59486461 -37.29436493 6.32336187
v -10.85243416 -30.09949684 0.16176420
v -9.80027962 -32.13014603 0.71968442
v -8.52723789 -33.95223999 1.64371848
v -7.04453993 -35.46626663 2.87999940
v -5.38325500 -36.58773422 4.35645819
v -3.59094024 -37.25365067 5.98702431
v -10.73960876 -29.78657341 0.09737750
v -9.71056366 -31.83600998 0.57744724
v -8.46281815 -33.69574356 1.43192267
v -7.00440931 -35.26422501 2.61099172
v -5.36352968 -36.45367050 4.04592037
v -3.58545876 -37.19678497 5.65305948
v -10.62585926 -29.47108650 0.04916215
v -9.61894321 -31.53563499 0.45025671
v -8.39597797 -33.42961121 1.23317170
v -6.96178961 -35.04965591 2.35226655
v -5.34164000 -36.30489731 3.74230337
v -3.57843328 -37.12389755 5.32224989
v -10.51145172 -29.15377235 0.01723111
v -9.52563572 -31.22972679 0.33841074
v -8.32687378 -33.15446472 1.04793119
v -6.91678095 -34.82305527 2.10442996
v -5.31763744 -36.14176178 3.44631863
v -3.56988025 -37.03516769 4.99537134
v -1.72794223 -37.45196152 6.66128445
v -1.28430390 -37.47800064 7.00000000
v -10.42825890 -28.92303658 0.00430910
v -9.43085861 -30.91899872 0.24217141
v -8.25566673 -32.87094498 0.87663496
v -6.86948872 -34.58495712 1.86806273
v -5.29157829 -35.96464920 3.15865922
v -3.55981970 -36.93079376 4.67318916
v -1.72680938 -37.42740631 6.32336187
v -9.33483315 -30.60418129 0.16176420
v -8.18252373 -32.57971954 0.71968442
v -6.82002354 -34.33592224 1.64371848
v -5.26352358 -35.77397156 2.87999940
v -3.54827499 -36.81102371 4.35645819
v -1.72492421 -37.38654709 5.98702431
v -9.23778534 -30.28601074 0.09737750
v -8.10761642 -32.28146744 0.57744724
v -6.76850128 -34.07653046 1.43192267
v -5.23353863 -35.57017517 2.61099172
v -3.53527331 -36.67614365 4.04592037
v -1.72229123 -37.32947922 5.65305948
v -9.13994217 -29.96523285 0.04916215
v -8.03112125 -31.97689056 0.45025671
v -6.71504307 -33.80739212 1.23317170
v -5.20169401 -35.35374451 2.35226655
v -3.52084517 -36.52645874 3.74230337
v -1.71891654 -37.25633240 5.32224989
v -9.04153347 -29.64260101 0.01723111
v -7.95321560 -31.66670036 0.33841074
v -6.65977383 -33.52913284 1.04793119
v -5.16806459 -35.12517929 2.10442996
v -3.50502443 -36.36232758 3.44631863
v -1.71480799 -37.16728592 4.99537134
v 0.14565581 -37.49151611 6.66128445
v 0.56984460 -37.49567032 7.00000000
v -8.96997452 -29.40799522 0.00430910
v -7.87408352 -31.35162544 0.24217141
v -6.60282278 -33.24240875 0.87663496
v -5.13272905 -34.88501740 1.86806273
v -3.48784804 -36.18413544 3.15865922
v -1.70997536 -37.06253815 4.67318916
v 0.14556032 -37.46693802 6.32336187
v -7.79390955 -31.03240204 0.16176420
v -6.54432392 -32.94789124 0.71968442
v -5.09576988 -34.63381958 1.64371848
v -3.46935606 -35.99229431 2.87999940
v -1.70442975 -36.94234467 4.35645819
v 0.14540142 -37.42603683 5.98702431
v -7.71288157 -30.70977974 0.09737750
v -6.48441362 -32.64627075 0.57744724
v -5.05727339 -34.37217712 1.43192267
v -3.44959211 -35.78725815 2.61099172
v -1.69818437 -36.80698013 4.04592037
v 0.14517947 -37.36890793 5.65305948
v -7.63118982 -30.38451385 0.04916215
v -6.42323303 -32.33824921 0.45025671
v -5.01733065 -34.10070038 1.23317170
v -3.42860246 -35.56950378 2.35226655
v -1.69125378 -36.65676498 3.74230337
v 0.14489500 -37.29568481 5.32224989
v -7.54902554 -30.05736732 0.01723111
v -6.36092472 -32.02455521 0.33841074
v -4.97603464 -33.82003021 1.04793119
v -3.40643620 -35.33954239 2.10442996
v -1.68365419 -36.49204636 3.44631863
v 0.14454867 -37.20654297 4.99537134
v 2.01888990 -37.43740463 6.66128445
v 2.42259979 -37.42166519 7.00000000
v -7.48927879 -29.81947899 0.00430910
v -6.29763556 -31.70592117 0.24217141
v -4.93348217 -33.53081894 0.87663496
v -3.38314533 -35.09791565 1.86806273
v -1.67540336 -36.31321716 3.15865922
v 0.14414130 -37.10168457 4.67318916
v 2.01756644 -37.41286087 6.32336187
v -6.23351288 -31.38309097 0.16176420
v -4.88977289 -33.23374557 0.71968442
v -3.35878420 -34.84518433 1.64371848
v -1.66652071 -36.12069321 2.87999940
v 0.14367385 -36.98136139 4.35645819
v 2.01536369 -37.37201691 5.98702431
v -6.16870737 -31.05682182 0.09737750
v -4.84500980 -32.92950821 0.57744724
v -3.33341026 -34.58194351 1.43192267
v -1.65702713 -35.91492462 2.61099172
v 0.14314739 -36.84585571 4.04592037
v 2.01228738 -37.31496811 5.65305948
v -6.10337067 -30.72788048 0.04916215
v -4.79929686 -32.61881638 0.45025671
v -3.30708265 -34.30881119 1.23317170
v -1.64694464 -35.69639206 2.35226655
v 0.14256319 -36.69548035 3.74230337
v 2.00834441 -37.24185181 5.32224989
v -6.03765631 -30.39703560 0.01723111
v -4.75274134 -32.30239868 0.33841074
v -3.27986312 -34.02642822 1.04793119
v -1.63629699 -35.46561050 2.10442996
v 0.14192258 -36.53059006 3.44631863
v 2.00354433 -37.15283966 4.99537134
v 3.88707995 -37.28975296 6.66128445
v 4.26943207 -37.25616837 7.00000000
v -5.98987150 -30.15645981 0.00430910
v -4.70545292 -31.98099899 0.24217141
v -3.25181532 -33.73545074 0.87663496
v -1.62510908 -35.22312164 1.86806273
v 0.14122710 -36.35157013 3.15865922
v 1.99789786 -37.04813385 4.67318916
v 3.88453150 -37.26530457 6.32336187
v -4.65754175 -31.65536880 0.16176420
v -3.22300529 -33.43656540 0.71968442
v -1.61340714 -34.96949005 1.64371848
v 0.14047833 -36.15884399 2.87999940
v 1.99141848 -36.92798615 4.35645819
v 3.88029099 -37.22462463 5.98702431
v -4.60912085 -31.32626915 0.09737750
v -3.19350028 -33.13047028 0.57744724
v -1.60121858 -34.70531082 1.43192267
v 0.13967808 -35.95285797 2.61099172
v 1.98412156 -36.79267502 4.04592037
v 3.87436771 -37.16780090 5.65305948
v -4.56030273 -30.99447441 0.04916215
v -3.16336942 -32.81788254 0.45025671
v -1.58857203 -34.43120575 1.23317170
v 0.13882817 -35.73409653 2.35226655
v 1.97602403 -36.64251709 3.74230337
v 3.86677623 -37.09497452 5.32224989
v -4.51120234 -30.66075897 0.01723111
v -3.13268352 -32.49953461 0.33841074
v -1.57549691 -34.14781189 1.04793119
v 0.13793063 -35.50307083 2.10442996
v 1.96714473 -36.47786331 3.44631863
v 3.85753393 -37.00630951 4.99537134
v 5.74555826 -37.04893494 6.66128445
v 6.10582590 -36.99958038 7.00000000
v -4.47549868 -30.41809464 0.00430910
v -3.10151410 -32.17617416 0.24217141
v -1.56202412 -33.85580063 0.87663496
v 0.13698755 -35.26032257 1.86806273
v 1.95750475 -36.29910278 3.15865922
v 3.84666252 -36.90201950 4.67318916
v 5.74179125 -37.02464676 6.32336187
v -3.06993437 -31.84855652 0.16176420
v -1.54818511 -33.55584717 0.71968442
v 0.13600115 -35.00642395 1.64371848
v 1.94712651 -36.10665131 2.87999940
v 3.83418775 -36.78234482 4.35645819
v 5.73552322 -36.98422623 5.98702431
v -3.03801847 -31.51744843 0.09737750
v -1.53401220 -33.24866104 0.57744724
v 0.13497372 -34.74196625 1.43192267
v 1.93603420 -35.90096283 2.61099172
v 3.82013845 -36.64756775 4.04592037
v 5.72676802 -36.92777252 5.65305948
v -3.00584102 -31.18362808 0.04916215
v -1.51953876 -32.93495560 0.45025671
v 0.13390769 -34.46757126 1.23317170
v 1.92425406 -35.68251801 2.35226655
v 3.80454779 -36.49800110 3.74230337
v 5.71554708 -36.85541534 5.32224989
v -2.97347736 -30.84787750 0.01723111
v -1.50479853 -32.61547470 0.33841074
v 0.13280554 -34.18387985 1.04793119
v 1.91181362 -35.45182800 2.10442996
v 3.78745222 -36.33399963 3.44631863
v 5.70188570 -36.76732254 4.99537134
v 7.58968163 -36.71555328 6.66128445
v 7.92729139 -36.65253067 7.00000000
v -2.94994378 -30.60373306 0.00430910
v -1.48982620 -32.29095840 0.24217141
v 0.13166985 -33.89155960 0.87663496
v 1.89874184 -35.20943069 1.86806273
v 3.76889157 -36.15594101 3.15865922
v 5.68581676 -36.66370773 4.67318916
v 7.58470535 -36.69148254 6.32336187
v -1.47465682 -31.96217155 0.16176420
v 0.13050330 -33.59128952 0.71968442
v 1.88506961 -34.95589828 1.64371848
v 3.74890971 -35.96425247 2.87999940
v 5.66737747 -36.54480362 4.35645819
v 7.57642555 -36.65142822 5.98702431
v -1.45932579 -31.62988281 0.09737750
v 0.12930861 -33.28377914 0.57744724
v 1.87082875 -34.69182205 1.43192267
v 3.72755337 -35.75937271 2.61099172
v 5.64661074 -36.41089630 4.04592037
v 7.56486034 -36.59547806 5.65305948
v -1.44386923 -31.29487228 0.04916215
v 0.12808858 -32.96974182 0.45025671
v 1.85605276 -34.41782379 1.23317170
v 3.70487237 -35.54179001 2.35226655
v 5.62356615 -36.26229477 3.74230337
v 7.55003738 -36.52377319 5.32224989
v -1.42832315 -30.95792198 0.01723111
v 0.12684606 -32.64992142 0.33841074
v 1.84077621 -34.13454056 1.04793119
v 3.68091989 -35.31200790 2.10442996
v 5.59829664 -36.09935379 3.44631863
v 7.53199148 -36.43647385 4.99537134
v 9.41484165 -36.29043579 6.66128445
v 9.72937489 -36.21586990 7.00000000
v -1.41701877 -30.71290779 0.00430910
v 0.12558398 -32.32506561 0.24217141
v 1.82503486 -33.84263992 0.87663496
v 3.65575218 -35.07056808 1.86806273
v 5.57086182 -35.92244720 3.15865922
v 7.51076508 -36.33378983 4.67318916
v 9.40866947 -36.26664352 6.32336187
v 0.12430528 -31.99593163 0.16176420
v 1.80886555 -33.54280472 0.71968442
v 3.62942839 -34.81803513 1.64371848
v 5.54132652 -35.73199463 2.87999940
v 7.48640728 -36.21595764 4.35645819
v 9.39839840 -36.22705460 5.98702431
v 0.12301296 -31.66329193 0.09737750
v 1.79230630 -33.23573685 0.57744724
v 3.60200953 -34.55500031 1.43192267
v 5.50975895 -35.52843857 2.61099172
v 7.45897532 -36.08325577 4.04592037
v 9.38405228 -36.17175293 5.65305948
v 0.12171005 -31.32792664 0.04916215
v 1.77539587 -32.92215729 0.45025671
v 3.57356048 -34.28208160 1.23317170
v 5.47623396 -35.31225967 2.35226655
v 7.42853403 -35.93599319 3.74230337
v 9.36566448 -36.10087967 5.32224989
v 0.12039962 -30.99062157 0.01723111
v 1.75817370 -32.60279846 0.33841074
v 3.54414773 -33.99991608 1.04793119
v 5.44082975 -35.08396149 2.10442996
v 7.39515400 -35.77451324 3.44631863
v 9.34327888 -36.01459122 4.99537134
v 11.21648026 -35.77465057 6.66128445
v 11.50767136 -35.69066238 7.00000000
v 0.11944672 -30.74534607 0.00430910
v 1.74068034 -32.27840805 0.24217141
v 3.51383996 -33.70916748 0.87663496
v 5.40362883 -34.84408188 1.86806273
v 7.35891390 -35.59920120 3.15865922
v 9.31694794 -35.91309357 4.67318916
v 11.20912647 -35.75119781 6.32336187
v 1.72295678 -31.94974899 0.16176420
v 3.48270845 -33.41051483 0.71968442
v 5.36471891 -34.59318161 1.64371848
v 7.31989861 -35.41046143 2.87999940
v 9.28673267 -35.79662704 4.35645819
v 11.19688988 -35.71216965 5.98702431
v 1.70504439 -31.61758995 0.09737750
v 3.45082617 -33.10465622 0.57744724
v 5.32419109 -34.33184433 1.43192267
v 7.27819920 -35.20873642 2.61099172
v 9.25270367 -35.66545868 4.04592037
v 11.17979813 -35.65765381 5.65305948
v 1.68698525 -31.28270912 0.04916215
v 3.41826725 -32.79231262 0.45025671
v 5.28213978 -34.06068802 1.23317170
v 7.23391342 -34.99450302 2.35226655
v 9.21494198 -35.51990128 3.74230337
v 11.15789223 -35.58778763 5.32224989
v 1.66882157 -30.94589043 0.01723111
v 3.38510871 -32.47421265 0.33841074
v 5.23866415 -33.78034592 1.04793119
v 7.18714571 -34.76826096 2.10442996
v 9.17353439 -35.36029434 3.44631863
v 11.13122272 -35.50272369 4.99537134
v 12.99009418 -35.16948318 6.66128445
v 13.25783253 -35.07819748 7.00000000
v 1.65561378 -30.70096970 0.00430910
v 3.35142779 -32.15110397 0.24217141
v 5.19386625 -33.49147415 0.87663496
v 7.13800478 -34.53054047 1.86806273
v 9.12858009 -35.18701172 3.15865922
v 11.09985256 -35.40267181 4.67318916
v 12.98157692 -35.14642715 6.32336187
v 3.31730342 -31.82374191 0.16176420
v 5.14785004 -33.19474792 0.71968442
v 7.08660603 -34.28189468 1.64371848
v 9.08018208 -35.00045776 2.87999940
v 11.06385517 -35.28785706 4.35645819
v 12.96740532 -35.10805511 5.98702431
v 3.28281569 -31.49289322 0.09737750
v 5.10072422 -32.89086914 0.57744724
v 7.03307009 -34.02291107 1.43192267
v 9.02845478 -34.80107117 2.61099172
v 11.02331448 -35.15855789 4.04592037
v 12.94761181 -35.05446625 5.65305948
v 3.24804544 -31.15933228 0.04916215
v 5.05259848 -32.58053970 0.45025671
v 6.97752190 -33.75419617 1.23317170
v 8.97351933 -34.58931732 2.35226655
v 10.97832680 -35.01506805 3.74230337
v 12.92224121 -34.98577881 5.32224989
v 3.21307397 -30.82384300 0.01723111
v 5.00358629 -32.26449585 0.33841074
v 6.92009211 -33.47637558 1.04793119
v 8.91550446 -34.36569214 2.10442996
v 10.92899609 -34.85772705 3.44631863
v 12.89135551 -34.90215683 4.99537134
v 14.73125267 -34.47644424 6.66128445
v 14.97557831 -34.37996674 7.00000000
v 3.18764424 -30.57988739 0.00430910
v 4.95380163 -31.94347191 0.24217141
v 6.86091518 -33.19010162 0.87663496
v 8.85454655 -34.13072205 1.86806273
v 10.87543774 -34.68690872 3.15865922
v 12.85502434 -34.80379486 4.67318916
v 14.72159481 -34.45384216 6.32336187
v 4.90336180 -31.61822319 0.16176420
v 6.80012989 -32.89604950 0.71968442
v 8.79078770 -33.88495636 1.64371848
v 10.81777859 -34.50300598 2.87999940
v 12.81333542 -34.69092560 4.35645819
v 14.70552349 -34.41622925 5.98702431
v 4.85238504 -31.28951073 0.09737750
v 6.73787785 -32.59490204 0.57744724
v 8.72437668 -33.62897110 1.43192267
v 10.75615311 -34.30644989 2.61099172
v 12.76638412 -34.56381226 4.04592037
v 14.68307590 -34.36369324 5.65305948
v 4.80099058 -30.95810509 0.04916215
v 6.67430592 -32.28736496 0.45025671
v 8.65547085 -33.36336899 1.23317170
v 10.69070530 -34.09770584 2.35226655
v 12.71428204 -34.42274857 3.74230337
v 14.65430546 -34.29636002 5.32224989
v 4.74929857 -30.62478256 0.01723111
v 6.60956192 -31.97416496 0.33841074
v 8.58423042 -33.08876419 1.04793119
v 10.62158871 -33.87726212 2.10442996
v 12.65715122 -34.26807022 3.44631863
v 14.61927891 -34.21438599 4.99537134
v 16.43560600 -33.69726944 6.66128445
v 16.65671158 -33.59767914 7.00000000
v 4.71171045 -30.38240242 0.00430910
v 6.54379892 -31.65603065 0.24217141
v 8.51082325 -32.80580521 0.87663496
v 10.54896545 -33.64563370 1.86806273
v 12.59512424 -34.10013962 3.15865922
v 14.57807922 -34.11796570 4.67318916
v 16.42482948 -33.67517853 6.32336187
v 6.47716951 -31.33370972 0.16176420
v 8.43542004 -32.51515579 0.71968442
v 10.47300529 -33.40335846 1.64371848
v 12.52834797 -33.91934967 2.87999940
v 14.53080177 -34.00731659 4.35645819
v 16.40689850 -33.63841629 5.98702431
v 6.40983105 -31.00795364 0.09737750
v 8.35819721 -32.21749878 0.57744724
v 10.39388657 -33.15101242 1.43192267
v 12.45697689 -33.72612000 2.61099172
v 14.47755718 -33.88270950 4.04592037
v 16.38185501 -33.58706665 5.65305948
v 6.34194088 -30.67952919 0.04916215
v 8.27933788 -31.91352272 0.45025671
v 10.31179428 -32.88918304 1.23317170
v 12.38118076 -33.52090836 2.35226655
v 14.41847134 -33.74442673 3.74230337
v 16.34975624 -33.52125549 5.32224989
v 6.27365732 -30.34920692 0.01723111
v 8.19902420 -31.60394859 0.33841074
v 10.22692204 -32.61848068 1.04793119
v 12.30113506 -33.30419159 2.10442996
v 14.35368252 -33.59279633 3.44631863
v 16.31067657 -33.44113541 4.99537134
v 18.09889412 -32.83390045 6.66128445
v 18.29711914 -32.73324585 7.00000000
v 6.22400475 -30.10900879 0.00430910
v 8.11744595 -31.28949738 0.24217141
v 10.13946629 -32.33954620 0.87663496
v 12.21702766 -33.07647705 1.86806273
v 14.28334236 -33.42817307 3.15865922
v 16.26470947 -33.34688950 4.67318916
v 18.08702850 -32.81237411 6.32336187
v 8.03479481 -30.97090721 0.16176420
v 10.04963398 -32.05302811 0.71968442
v 12.12905693 -32.83830643 1.64371848
v 14.20761490 -33.25094604 2.87999940
v 16.21196365 -33.23874283 4.35645819
v 18.06728363 -32.77655411 5.98702431
v 7.95126200 -30.64892387 0.09737750
v 9.95763397 -31.75959778 0.57744724
v 12.03742790 -32.59022522 1.43192267
v 14.12667847 -33.06152344 2.61099172
v 16.15255928 -33.11695099 4.04592037
v 18.03970528 -32.72652435 5.65305948
v 7.86704540 -30.32430267 0.04916215
v 9.86368370 -31.45994568 0.45025671
v 11.94235420 -32.33282471 1.23317170
v 14.04072189 -32.86035538 2.35226655
v 16.08663750 -32.98179245 3.74230337
v 18.00435638 -32.66239929 5.32224989
v 7.78234196 -29.99780464 0.01723111
v 9.76800156 -31.15476990 0.33841074
v 11.84406090 -32.06670380 1.04793119
v 13.94994736 -32.64791107 2.10442996
v 16.01435280 -32.83359146 3.44631863
v 17.96132278 -32.58432770 4.99537134
v 19.71696472 -31.88850021 6.66128445
v 19.89279175 -31.78878593 7.00000000
v 7.72074842 -29.76038742 0.00430910
v 9.67081261 -30.84478760 0.24217141
v 11.74277687 -31.79248619 0.87663496
v 13.85456657 -32.42468643 1.86806273
v 15.93587399 -32.67269135 3.15865922
v 17.91070557 -32.49250031 4.67318916
v 19.70403671 -31.86759377 6.32336187
v 9.57234478 -30.53072739 0.16176420
v 11.63873959 -31.51081467 0.71968442
v 13.75480461 -32.19120407 1.64371848
v 15.85138512 -32.49946594 2.87999940
v 17.85261917 -32.38712311 4.35645819
v 19.68252754 -31.83280373 5.98702431
v 9.47282696 -30.21331978 0.09737750
v 11.53219223 -31.22234917 0.57744724
v 13.65089321 -31.94801521 1.43192267
v 15.76108456 -32.31432724 2.61099172
v 17.78720284 -32.26845169 4.04592037
v 19.65248299 -31.78421211 5.65305948
v 9.37249470 -29.89331245 0.04916215
v 11.42338562 -30.92776489 0.45025671
v 13.54307652 -31.69568634 1.23317170
v 15.66518307 -32.11770248 2.35226655
v 17.71461105 -32.13675690 3.74230337
v 19.61397552 -31.72193336 5.32224989
v 9.27158165 -29.57145309 0.01723111
v 11.31257439 -30.62775230 0.33841074
v 13.43160820 -31.43480873 1.04793119
v 15.56390572 -31.91005898 2.10442996
v 17.63500977 -31.99235153 3.44631863
v 19.56709480 -31.64611244 4.99537134
v 21.28577232 -30.86342621 6.66128445
v 21.43982697 -30.76660156 7.00000000
v 9.19820213 -29.33740997 0.00430910
v 11.20001698 -30.32301521 0.24217141
v 13.31674767 -31.16599464 0.87663496
v 15.45749092 -31.69187927 1.86806273
v 17.54858971 -31.83557320 3.15865922
v 19.51194954 -31.55692673 4.67318916
v 21.27181625 -30.84319115 6.32336187
v 11.08597851 -30.01426506 0.16176420
v 13.19876575 -30.88987350 0.71968442
v 15.34618568 -31.46367645 1.64371848
v 17.45555115 -31.66678810 2.87999940
v 19.44867134 -31.45458603 4.35645819
v 21.24859428 -30.80952072 5.98702431
v 10.97072506 -29.70222855 0.09737750
v 13.07793808 -30.60709190 0.57744724
v 15.23025227 -31.22598267 1.43192267
v 17.35611153 -31.48639107 2.61099172
v 19.37740707 -31.33933067 4.04592037
v 21.21615982 -30.76249123 5.65305948
v 10.85452747 -29.38763428 0.04916215
v 12.95454693 -30.31831360 0.45025671
v 15.10996246 -30.97935677 1.23317170
v 17.25050545 -31.29480553 2.35226655
v 19.29832458 -31.21142960 3.74230337
v 21.17458725 -30.70221329 5.32224989
v 10.73765755 -29.07122040 0.01723111
v 12.82888222 -30.02421188 0.33841074
v 14.98559666 -30.72437477 1.04793119
v 17.13897896 -31.09248161 2.10442996
v 19.21160889 -31.07118034 3.44631863
v 21.12397766 -30.62882996 4.99537134
v 22.80139732 -29.76124001 6.66128445
v 22.93444443 -29.66919708 7.00000000
v 10.65267467 -28.84113503 0.00430910
v 12.70123768 -29.72547913 0.24217141
v 14.85744762 -30.46163559 0.87663496
v 17.02179337 -30.87989235 1.86806273
v 19.11746216 -30.91891670 3.15865922
v 21.06444550 -30.54251099 4.67318916
v 22.78644753 -29.74172783 6.32336187
v 12.57191372 -29.42281532 0.16176420
v 14.72581577 -30.19175529 0.71968442
v 16.89922523 -30.65753555 1.64371848
v 19.01610374 -30.75498962 2.87999940
v 20.99613190 -30.44346046 4.35645819
v 22.76157188 -29.70925903 5.98702431
v 12.44121265 -29.11692619 0.09737750
v 14.59100819 -29.91536522 0.57744724
v 16.77155876 -30.42593193 1.43192267
v 18.90777588 -30.57978821 2.61099172
v 20.91919708 -30.33190918 4.04592037
v 22.72682762 -29.66390991 5.65305948
v 12.30943966 -28.80853081 0.04916215
v 14.45334148 -29.63311195 0.45025671
v 16.63909531 -30.18562508 1.23317170
v 18.79272842 -30.39372063 2.35226655
v 20.83382225 -30.20811844 3.74230337
v 22.68229675 -29.60578537 5.32224989
v 12.17690563 -28.49835205 0.01723111
v 14.31313801 -29.34565735 0.33841074
v 16.50214386 -29.93717575 1.04793119
v 18.67123032 -30.19722176 2.10442996
v 20.74020576 -30.07238007 3.44631863
v 22.62808228 -29.53502274 4.99537134
v 24.26005363 -28.58469582 6.66128445
v 24.37298965 -28.49925232 7.00000000
v 12.08053112 -28.27280235 0.00430910
v 14.17072582 -29.05367661 0.24217141
v 16.36102676 -29.68116951 0.87663496
v 18.54356956 -29.99075317 1.86806273
v 20.63856888 -29.92500877 3.15865922
v 22.56431198 -29.45178604 4.67318916
v 24.24414825 -28.56595612 6.32336187
v 14.02643967 -28.75785255 0.16176420
v 16.21607399 -29.41820335 0.71968442
v 18.41004181 -29.77479935 1.64371848
v 20.52914619 -29.76635361 2.87999940
v 22.49113464 -29.35627174 4.35645819
v 24.21768188 -28.53477097 5.98702431
v 13.88061619 -28.45887566 0.09737750
v 16.06762314 -29.14889526 0.57744724
v 18.27096367 -29.54986382 1.43192267
v 20.41219902 -29.59678268 2.61099172
v 22.40872192 -29.24870491 4.04592037
v 24.18071556 -28.49121475 5.65305948
v 13.73359776 -28.15745163 0.04916215
v 15.91602421 -28.87387276 0.45025671
v 18.12665749 -29.31647491 1.23317170
v 20.28799629 -29.41669655 2.35226655
v 22.31726837 -29.12933540 3.74230337
v 24.13333511 -28.43538666 5.32224989
v 13.58572960 -27.85428238 0.01723111
v 15.76163197 -28.59378433 0.33841074
v 17.97746277 -29.07518196 1.04793119
v 20.15683365 -29.22651482 2.10442996
v 22.21698570 -28.99844360 3.44631863
v 24.07565117 -28.36742210 4.99537134
v 25.65809822 -27.33673477 6.66128445
v 25.75194359 -27.25963020 7.00000000
v 13.47820568 -27.63383102 0.00430910
v 15.60480785 -28.30928421 0.24217141
v 17.82372856 -28.82654572 0.87663496
v 20.01901436 -29.02668190 1.86806273
v 22.10811043 -28.85633659 3.15865922
v 24.00780106 -28.28747559 4.67318916
v 25.64127731 -27.31881332 6.32336187
v 15.44591999 -28.02103806 0.16176420
v 17.66581535 -28.57115173 0.71968442
v 19.87486267 -28.81767082 1.64371848
v 21.99089813 -28.70334625 2.87999940
v 23.92994308 -28.19573975 4.35645819
v 25.61328506 -27.28899002 5.98702431
v 15.28533936 -27.72972298 0.09737750
v 17.50409317 -28.30959702 0.57744724
v 19.72471809 -28.59996605 1.43192267
v 21.86562347 -28.53983116 2.61099172
v 23.84225845 -28.09242439 4.04592037
v 25.57418633 -27.24733353 5.65305948
v 15.12344265 -27.43601990 0.04916215
v 17.33894157 -28.04249382 0.45025671
v 19.56892967 -28.37408066 1.23317170
v 21.73257637 -28.36617470 2.35226655
v 23.74495316 -27.97777367 3.74230337
v 25.52407646 -27.19394493 5.32224989
v 14.96061039 -27.14061928 0.01723111
v 17.17074776 -27.77046967 0.33841074
v 19.40786362 -28.14054298 1.04793119
v 21.59207344 -28.18278503 2.10442996
v 23.63825607 -27.85205650 3.44631863
v 25.46306992 -27.12894630 4.99537134
v 26.99203682 -26.02047348 6.66128445
v 27.06793594 -25.95335960 7.00000000
v 14.84220505 -26.92581558 0.00430910
v 16.99990273 -27.49416161 0.24217141
v 19.24189758 -27.89990044 0.87663496
v 21.44444084 -27.99008942 1.86806273
v 23.52241707 -27.71556664 3.15865922
v 25.39130974 -27.05249214 4.67318916
v 26.97434044 -26.00341415 6.32336187
v 16.82680893 -27.21421623 0.16176420
v 19.07142067 -27.65271568 0.71968442
v 21.29002571 -27.78854179 1.64371848
v 23.39770508 -27.56862450 2.87999940
v 25.30896378 -26.96475792 4.35645819
v 26.94489288 -25.97502708 5.98702431
v 16.65187263 -26.93128777 0.09737750
v 18.89683151 -27.39956856 0.57744724
v 21.12919044 -27.57861328 1.43192267
v 23.26441574 -27.41157341 2.61099172
v 25.21622658 -26.86595345 4.04592037
v 26.90376282 -25.93537712 5.65305948
v 16.47550201 -26.64604187 0.04916215
v 18.71853828 -27.14105225 0.45025671
v 20.96230888 -27.36079407 1.23317170
v 23.12285995 -27.24478340 2.35226655
v 25.11331367 -26.75630951 3.74230337
v 26.85104752 -25.88455963 5.32224989
v 16.29811287 -26.35914612 0.01723111
v 18.53696060 -26.87777138 0.33841074
v 20.78977585 -27.13559532 1.04793119
v 22.97336769 -27.06864166 2.10442996
v 25.00046730 -26.63607979 3.44631863
v 26.78686714 -25.82269096 4.99537134
v 28.25853539 -24.63920212 6.66128445
v 28.31774902 -24.58363533 7.00000000
v 16.16912079 -26.15052795 0.00430910
v 18.35252380 -26.61034584 0.24217141
v 20.61199188 -26.90354538 0.87663496
v 22.81629181 -26.88356590 1.86806273
v 24.87795258 -26.50555038 3.15865922
v 26.71137619 -25.74991608 4.67318916
v 28.24000931 -24.62304688 6.32336187
v 18.16565704 -26.33939934 0.16176420
v 20.42937660 -26.66518974 0.71968442
v 22.65199852 -26.68998528 1.64371848
v 24.74605560 -26.36502266 2.87999940
v 26.62475014 -25.66640854 4.35645819
v 28.20918083 -24.59616661 5.98702431
v 17.97680283 -26.06556702 0.09737750
v 20.24235535 -26.42108345 0.57744724
v 22.48087311 -26.48835373 1.43192267
v 24.60508347 -26.21482849 2.61099172
v 26.52719116 -25.57236099 4.04592037
v 28.16612053 -24.55862236 5.65305948
v 17.78639793 -25.78948975 0.04916215
v 20.05136871 -26.17179871 0.45025671
v 22.30331612 -26.27914619 1.23317170
v 24.45536995 -26.05532074 2.35226655
v 26.41893005 -25.46799469 3.74230337
v 28.11093140 -24.51050186 5.32224989
v 17.59489441 -25.51181602 0.01723111
v 19.85686111 -25.91792107 0.33841074
v 22.11974525 -26.06285095 1.04793119
v 24.29726410 -25.88686943 2.10442996
v 26.30021667 -25.35355568 3.44631863
v 28.04374123 -24.45191765 4.99537134
v 29.45443153 -23.19636917 6.66128445
v 29.49832726 -23.15380478 7.00000000
v 17.45563889 -25.30990410 0.00430910
v 19.65929031 -25.66004372 0.24217141
v 21.93058777 -25.83997536 0.87663496
v 24.13113403 -25.70987320 1.86806273
v 26.17133141 -25.22931099 3.15865922
v 27.96470833 -24.38300705 4.67318916
v 29.43512154 -23.18115997 6.32336187
v 19.45911980 -25.39877319 0.16176420
v 21.73628998 -25.61104202 0.71968442
v 23.95737457 -25.52474403 1.64371848
v 26.03257751 -25.09555054 2.87999940
v 27.87401581 -24.30393028 4.35645819
v 29.40298843 -23.15585518 5.98702431
v 19.25681686 -25.13471985 0.09737750
v 21.53730583 -25.37658501 0.57744724
v 23.77638626 -25.33191681 1.43192267
v 25.88427734 -24.95258713 2.61099172
v 27.77188110 -24.21487617 4.04592037
v 29.35810471 -23.12050819 5.65305948
v 19.05285645 -24.86850357 0.04916215
v 21.33409882 -25.13715553 0.45025671
v 23.58859825 -25.13184166 1.23317170
v 25.72677994 -24.80075836 2.35226655
v 27.65853882 -24.11605072 3.74230337
v 29.30058098 -23.07520485 5.32224989
v 18.84771538 -24.60074615 0.01723111
v 21.12714958 -24.89331436 0.33841074
v 23.39444923 -24.92498970 1.04793119
v 25.56045341 -24.64041901 2.10442996
v 27.53425598 -24.00768661 3.44631863
v 29.23054695 -23.02005196 4.99537134
v 30.57673836 -21.69557953 6.66128445
v 30.60678482 -21.66736603 7.00000000
v 18.69854546 -24.40604401 0.00430910
v 20.91694069 -24.64563179 0.24217141
v 23.19439125 -24.71184349 0.87663496
v 25.38568878 -24.47194481 1.86806273
v 27.39932251 -23.89003563 3.15865922
v 29.14816856 -22.95517540 4.67318916
v 30.55669212 -21.68135643 6.32336187
v 20.70396423 -24.39468956 0.16176420
v 22.98889542 -24.49290466 0.71968442
v 25.20289230 -24.29572868 1.64371848
v 27.25405693 -23.76337624 2.87999940
v 29.05364037 -22.88073158 4.35645819
v 30.52333260 -21.65768814 5.98702431
v 20.48871803 -24.14107513 0.09737750
v 22.77844429 -24.26868439 0.57744724
v 25.01249695 -24.11218643 1.43192267
v 27.09879875 -23.62800217 2.61099172
v 28.94718170 -22.79689217 4.04592037
v 30.47673988 -21.62462807 5.65305948
v 20.27171135 -23.88538361 0.04916215
v 22.56352806 -24.03970909 0.45025671
v 24.81494522 -23.92174530 1.23317170
v 26.93391228 -23.48423386 2.35226655
v 28.82904243 -22.70385361 3.74230337
v 30.41702271 -21.58225632 5.32224989
v 20.05344772 -23.62821198 0.01723111
v 22.34465218 -23.80651283 0.33841074
v 24.61070251 -23.72485352 1.04793119
v 26.75978088 -23.33240509 2.10442996
v 28.69949913 -22.60183334 3.44631863
v 30.34432220 -21.53067017 4.99537134
v 31.62264824 -20.14058685 6.66128445
v 32.56818390 -18.52312088 6.32336187
v 19.89473343 -23.44120598 0.00430910
v 22.12232971 -23.56964493 0.24217141
v 24.40024376 -23.52197075 0.87663496
v 26.57681465 -23.17287445 1.86806273
v 28.55885696 -22.49107361 3.15865922
v 30.25880432 -21.46999359 4.67318916
v 31.60191536 -20.12738228 6.32336187
v 21.89707947 -23.32965851 0.16176420
v 24.18406487 -23.31357384 0.71968442
v 26.38544273 -23.00601387 1.64371848
v 28.40744400 -22.37182999 2.87999940
v 30.16067314 -21.40036392 4.35645819
v 31.56741714 -20.10540962 5.98702431
v 32.53263092 -18.50289917 5.98702431
v 32.48297119 -18.47465515 5.65305948
v 21.66943169 -23.08711624 0.09737750
v 23.96267128 -23.10014915 0.57744724
v 26.18611336 -22.83221436 1.43192267
v 28.24561501 -22.24438477 2.61099172
v 30.05015945 -21.32194901 4.04592037
v 31.51922989 -20.07472038 5.65305948
v 21.43991661 -22.84258652 0.04916215
v 23.73658371 -22.88219833 0.45025671
v 25.97929382 -22.65188217 1.23317170
v 28.07374954 -22.10903358 2.35226655
v 29.92751884 -21.23493004 3.74230337
v 31.45746994 -20.03538513 5.32224989
v 32.41932297 -18.43845558 5.32224989
v 21.20907593 -22.59664154 0.01723111
v 23.50632858 -22.66023254 0.33841074
v 25.76546669 -22.46544266 1.04793119
v 27.89225006 -21.96609688 2.10442996
v 29.79303932 -21.13951111 3.44631863
v 31.38228226 -19.98749542 4.99537134
v 32.34183502 -18.39438438 4.99537134
v 21.04121590 -22.41780090 0.00430910
v 23.27244568 -22.43476868 0.24217141
v 25.54513359 -22.27332878 0.87663496
v 27.70154190 -21.81590843 1.86806273
v 29.64703941 -21.03591728 3.15865922
v 31.29384041 -19.93116760 4.67318916
v 32.25068665 -18.34254456 4.67318916
v 23.03548622 -22.20633698 0.16176420
v 25.31881142 -22.07599449 0.71968442
v 27.50207138 -21.65881729 1.64371848
v 29.48985672 -20.92438889 2.87999940
v 31.19235229 -19.86652946 4.35645819
v 32.14609909 -18.28305817 4.35645819
v 22.79600143 -21.97547340 0.09737750
v 25.08703041 -21.87389946 0.57744724
v 27.29430580 -21.49519539 1.43192267
v 29.32186127 -20.80518913 2.61099172
v 31.07805634 -19.79373550 4.04592037
v 32.02830887 -18.21606636 4.04592037
v 22.55455589 -21.74271774 0.04916215
v 24.85033226 -21.66751862 0.45025671
v 27.07873154 -21.32542419 1.23317170
v 29.14344788 -20.67859650 2.35226655
v 30.95122147 -19.71295166 3.74230337
v 31.89759445 -18.14172363 3.74230337
v 31.75426292 -18.06020355 3.44631863
v 22.31171227 -21.50861549 0.01723111
v 24.60927391 -21.45733452 0.33841074
v 26.85585594 -21.14990044 1.04793119
v 28.95503235 -20.54490662 2.10442996
v 30.81214333 -19.62437248 3.44631863
v 31.59864998 -17.97169876 3.15865922
v 22.13512802 -21.33838654 0.00430910
v 24.36441803 -21.24383926 0.24217141
v 26.62619972 -20.96903801 0.87663496
v 28.75705719 -20.40443420 1.86806273
v 30.66114807 -19.52820396 3.15865922
v 24.11633873 -21.02753448 0.16176420
v 26.39029884 -20.78325844 0.71968442
v 28.54998589 -20.25750732 1.64371848
v 30.49858856 -19.42466927 2.87999940
v 31.43112183 -17.87641716 2.87999940
v 23.86561775 -20.80892563 0.09737750
v 26.14870834 -20.59299850 0.57744724
v 28.33430290 -20.10447121 1.43192267
v 30.32484627 -19.31401253 2.61099172
v 31.25206757 -17.77458000 2.61099172
v 23.61284256 -20.58852577 0.04916215
v 25.90199471 -20.39870262 0.45025671
v 28.11051559 -19.94568443 1.23317170
v 30.14032936 -19.19649315 2.35226655
v 31.06190872 -17.66642761 2.35226655
v 23.35860634 -20.36685181 0.01723111
v 25.65073395 -20.20082664 0.33841074
v 27.87914848 -19.78151894 1.04793119
v 29.94546890 -19.07238579 2.10442996
v 30.86108971 -17.55221176 2.10442996
v 23.17373466 -20.20565796 0.00430910
v 25.39551544 -19.99983406 0.24217141
v 27.64073944 -19.61235619 0.87663496
v 29.74072266 -18.94198036 1.86806273
v 30.65008354 -17.43220139 1.86806273
v 30.42938042 -17.30667877 1.64371848
v 25.13693810 -19.79619598 0.16176420
v 27.39585114 -19.43859673 0.71968442
v 29.52656937 -18.80558586 1.64371848
v 30.19950104 -17.17593384 1.43192267
v 24.87560654 -19.59038734 0.09737750
v 27.14505577 -19.26064682 0.57744724
v 29.30350876 -18.66351891 1.43192267
v 24.61213493 -19.38289452 0.04916215
v 26.88894081 -19.07892227 0.45025671
v 29.07206726 -18.51611137 1.23317170
v 29.96098137 -17.04027748 1.23317170
v 24.34713745 -19.17420006 0.01723111
v 26.62810707 -18.89384842 0.33841074
v 28.83278465 -18.36371231 1.04793119
v 29.71438217 -16.90002441 1.04793119
v 24.15444374 -19.02244568 0.00430910
v 26.36316490 -18.70586014 0.24217141
v 28.58622169 -18.20667458 0.87663496
v 29.46028137 -16.75550270 0.87663496
v 26.09473419 -18.51539612 0.16176420
v 28.33295631 -18.04536819 0.71968442
v 29.19927216 -16.60705566 0.71968442
v 25.82344437 -18.32290459 0.09737750
v 28.07358170 -17.88017273 0.57744724
v 28.93196678 -16.45502472 0.57744724
v 25.54993439 -18.12883568 0.04916215
v 27.80870628 -17.71147156 0.45025671
v 28.65899277 -16.29977226 0.45025668
v 25.27483940 -17.93364334 0.01723111
v 27.53894997 -17.53966331 0.33841074
v 28.38098717 -16.14165688 0.33841074
v 25.07480240 -17.79170799 0.00430910
v 27.26494408 -17.36514854 0.24217141
v 28.09860420 -15.98105145 0.24217141
v 26.98733330 -17.18833542 0.16176420
v 27.81250381 -15.81833267 0.16176420
v 26.70676422 -17.00964165 0.09737750
v 27.52335739 -15.65388012 0.09737750
v 26.42389679 -16.82948112 0.04916215
v 27.23184013 -15.48808002 0.04916215
v 26.13939285 -16.64828110 0.01723111
v 26.93863678 -15.32132149 0.01723111
v 25.93251228 -16.51651764 0.00430910
v 34.82091904 -15.67133427 4.28916550
v 35.22476196 -15.29887009 3.47535396
v 35.63785934 -15.40034103 4.60775995
v 33.56369400 -16.40538979 4.11412621
v 34.03856277 -16.41277122 5.01384497
v 33.90385437 -16.51937866 5.00322914
v 33.77207565 -16.62990189 4.99443722
v 33.49573517 -16.45788574 4.10487604
v 33.64352417 -16.74406815 4.98750114
v 33.42860413 -16.51198387 4.09688282
v 33.36246109 -16.56756020 4.09016466
v 33.29745865 -16.62448311 4.08473825
v 33.51848984 -16.86158943 4.98245049
v 33.23374176 -16.68261337 4.08061981
v 32.76981735 -16.51962471 3.23677039
v 33.17145538 -16.74180603 4.07782602
v 32.44553375 -17.37804794 3.81107521
v 32.38107300 -17.33411026 3.66230273
v 32.50521088 -17.42163658 3.96081161
v 35.02888107 -15.72472191 4.85372114
v 34.74493027 -15.70830250 4.28724766
v 34.45709229 -16.11884117 5.05638981
v 34.89392090 -15.98900890 5.68863964
v 33.01363373 -17.14495277 4.46955824
v 33.07124329 -17.30902290 4.90803432
v 35.35929871 -15.63262653 5.16342020
v 35.85041428 -15.32451439 4.60823536
v 37.27309799 -15.04485130 5.24245691
v 35.11531448 -15.04157925 1.74448729
v 35.88194275 -15.12184143 3.46495962
v 36.06445694 -15.25557518 4.61089039
v 36.87345505 -15.17776012 5.79729223
v 37.00364685 -15.20403290 7.00000000
v 36.67676926 -15.29317570 7.00000000
v 37.03281403 -15.14073658 5.80758047
v 37.19079971 -15.10801125 5.82027197
v 37.34717941 -15.07950592 5.83542252
v 38.34267426 -15.00819969 7.00000000
v 38.00475311 -15.03277969 7.00000000
v 37.66841888 -15.07368183 7.00000000
v 37.33445358 -15.13081074 7.00000000
v 32.73948288 -17.96953201 5.41882992
v 32.98685074 -17.84356689 6.15824175
v 33.06686020 -17.70123863 5.99408960
v 33.14578629 -17.56088448 5.83234167
v 35.46632767 -15.75448608 6.34381723
v 35.12772369 -15.96912575 7.00000000
v 36.03786087 -15.51835346 7.00000000
v 35.72732162 -15.65386105 7.00000000
v 35.42370605 -15.80423546 7.00000000
v 29.66789055 -14.01885414 0.11812285
v 29.46759987 -14.26167297 0.20615166
v 29.54422379 -14.25519657 0.21261550
v 29.69585609 -14.24955273 0.22647570
v 29.62034035 -14.25122356 0.21939193
v 29.75285530 -14.25167370 0.23294687
v 29.82788086 -14.25243568 0.24012631
v 29.81449318 -14.03149033 0.12565051
v 29.89643288 -14.25711632 0.24813372
v 29.85009384 -14.03631687 0.12811086
v 29.97097778 -14.26019764 0.25534719
v 29.96645546 -14.04946041 0.13364120
v 30.06929016 -14.26696873 0.26538119
v 30.01758385 -14.05654335 0.13636294
v 30.12025261 -14.07148170 0.14132661
v 30.18788338 -14.09737301 0.15569223
v 30.20052910 -14.31120491 0.29879770
v 30.24003410 -14.10778904 0.15976167
v 30.30068398 -14.32425690 0.31176588
v 30.35433960 -14.12812233 0.16564080
v 30.41037750 -14.33594418 0.32301325
v 30.41175461 -14.13878059 0.16827539
v 30.48695946 -14.15448380 0.17256671
v 30.55464554 -14.35583305 0.33874598
v 30.63818550 -14.18742085 0.18019873
v 30.71492577 -14.38276100 0.35716277
v 30.72195625 -14.20769405 0.18518023
v 30.89036942 -14.24987698 0.19412677
v 31.05500793 -14.31371307 0.22948639
v 30.03118515 -14.48656750 0.37446716
v 29.87486458 -14.73222065 0.44555032
v 30.00307274 -14.72490311 0.47192022
v 30.09509659 -14.50548172 0.39316422
v 30.22243690 -14.54240513 0.43111974
v 30.25121307 -14.78649044 0.55544287
v 30.27055740 -14.54526234 0.43988168
v 30.43731689 -14.78595543 0.59791774
v 30.41969109 -14.55315399 0.46530539
v 30.48878860 -14.55740547 0.47670567
v 30.56535149 -14.56416321 0.49007756
v 30.71955109 -14.60842419 0.53758979
v 32.48893738 -14.72953606 0.32121307
v 32.52704620 -14.83196831 0.63456506
v 32.34257507 -14.79361629 0.61853844
v 32.71356201 -14.86797714 0.64677250
v 31.27957726 -14.72391605 0.67927355
v 31.02623558 -14.69372749 0.63461089
v 31.03296471 -14.48935986 0.44096380
v 32.39631653 -14.92535782 0.91369432
v 32.48489380 -14.93767166 0.92596775
v 32.57464218 -14.94910240 0.93615276
v 32.45770645 -15.07144737 1.19994295
v 32.69338608 -14.96466160 0.95129311
v 32.68587112 -15.08509350 1.24107039
v 32.83639526 -14.89121437 0.65714616
v 32.75267029 -14.97228336 0.95896077
v 32.80828857 -14.97878742 0.96467179
v 32.95137024 -14.91122818 0.66421837
v 32.89989471 -15.09525871 1.27375364
v 32.91935349 -14.99146652 0.97629756
v 33.11054230 -14.93669605 0.67233652
v 32.99646759 -14.99956512 0.98323435
v 33.08458710 -15.10147381 1.29631281
v 33.13982010 -15.01329327 0.99452460
v 33.20889664 -14.95107079 0.67662144
v 31.44746399 -15.21456051 1.14774895
v 31.18748474 -15.50278854 1.24511802
v 31.10839081 -15.20962238 1.03098822
v 33.18094635 -15.01670933 0.99662077
v 33.29346085 -14.96223640 0.67812347
v 33.42883301 -14.97891617 0.68346524
v 33.50321960 -14.98673058 0.68368000
v 33.56103134 -14.99219513 0.68277657
v 33.49450684 -15.10607815 1.32543147
v 33.38470840 -15.10608482 1.32044947
v 33.24357986 -15.10478687 1.31112385
v 32.11394119 -15.13012886 1.24175203
v 32.44366455 -15.22987080 1.45861566
v 32.10018921 -15.03192329 1.10465336
v 31.48009872 -15.34818172 1.26286089
v 31.81008911 -15.44842243 1.47941494
v 31.78817177 -15.22256184 1.26260746
v 32.11516190 -15.22479916 1.36149132
v 32.11874771 -15.32390499 1.47847784
v 32.16371155 -15.63269329 1.82208705
v 32.08871841 -15.64585304 1.79399931
v 32.44020462 -15.40814114 1.70496786
v 32.37532425 -15.50420284 1.79351139
v 32.59714127 -15.39485741 1.75305104
v 32.63483810 -15.66578484 2.13035131
v 32.75634003 -15.37963772 1.79706192
v 32.71020889 -15.65025043 2.15727711
v 32.67977142 -15.95028496 2.49922681
v 32.74795914 -15.64260197 2.17066574
v 32.75168610 -15.92827129 2.53017449
v 32.81304932 -15.62815094 2.19160128
v 32.81369019 -15.90802860 2.55470586
v 32.89400101 -15.36476517 1.83022368
v 32.84564972 -15.62103271 2.20200300
v 32.86708832 -15.88958073 2.57400727
v 32.87371826 -15.61436939 2.21006370
v 32.91292191 -15.87298584 2.58911204
v 32.89779282 -15.60824490 2.21626735
v 32.91993332 -15.60227871 2.22136927
v 32.95510101 -15.85710716 2.60176563
v 33.01293945 -15.35063648 1.85469234
v 32.97628403 -15.58936119 2.23723674
v 32.98137665 -15.84692955 2.60902166
v 33.00795746 -15.83641911 2.61586666
v 32.99010468 -15.58555794 2.24006677
v 33.00408554 -15.58159256 2.24268889
v 33.05255890 -15.56995487 2.25471568
v 33.11534500 -15.33759117 1.87239575
v 33.09721375 -15.55871296 2.26449108
v 33.12504959 -15.55146122 2.26993060
v 33.15322495 -15.54394150 2.27491927
v 33.20988464 -15.32491779 1.88585603
v 33.26892471 -15.31673050 1.89281368
v 33.32877350 -15.30824757 1.89872026
v 33.63896942 -15.56362438 2.65540218
v 32.87012100 -16.17300797 2.92927027
v 32.29303741 -16.27569580 2.51389718
v 32.88274002 -16.16649628 2.93347263
v 34.56763458 -15.52268982 3.46622133
v 33.93665314 -15.79553604 3.42665243
v 34.10955429 -15.55487919 3.05353427
v 34.30416870 -15.35494423 2.65513563
v 33.33684921 -16.12685013 3.35078835
v 34.13967514 -16.02939606 4.21772623
v 34.31553268 -16.21231651 5.04042530
v 34.17589951 -16.31033897 5.02625132
v 36.10259628 -15.37935352 5.49639845
v 36.15082932 -15.43037510 6.09274912
v 36.35458755 -15.39803123 7.00000000
v 30.79921722 -14.30988598 0.27963880
v 30.88027191 -14.33943272 0.29879043
v 31.47278023 -14.42980671 0.25251991
v 30.87197304 -14.54085541 0.49426612
v 31.72494698 -14.56628513 0.39145708
v 31.89403725 -14.55243397 0.27149770
v 31.95508003 -14.69786930 0.55815291
v 32.21623611 -14.70287895 0.44640258
v 31.41762352 -14.65184879 0.59545541
v 31.56603050 -14.59921265 0.49957412
v 31.65123940 -14.78996849 0.75809371
v 30.73115730 -14.86227226 0.70717204
v 30.75148392 -15.13247967 0.86659801
v 31.03196335 -14.92145348 0.81375641
v 31.79818344 -14.73458576 0.66391712
v 32.02413940 -14.85834312 0.83547169
v 31.15132332 -14.81434536 0.75169230
v 31.38621140 -14.95485115 0.91284871
v 32.17883682 -14.81750393 0.73226702
v 31.51409721 -14.86372757 0.84086090
v 31.74253082 -14.99212837 1.00953233
v 31.87874985 -14.91663837 0.92783976
v 31.24257469 -15.07337189 0.97742170
v 31.41600609 -15.08314419 1.03126800
v 32.24394989 -14.97056866 1.01418507
v 31.58992004 -15.09382153 1.08455288
v 31.93899536 -15.11751652 1.18966889
v 32.45532990 -15.95459843 2.33214498
v 31.76740646 -15.94014931 1.84790254
v 34.02337265 -15.38825512 2.52508426
v 34.42804337 -15.25088787 2.37117434
v 33.44594955 -15.19163418 1.62255502
v 33.31868744 -15.69106674 2.64119411
v 33.47877884 -15.82811546 3.01372409
v 31.85760307 -14.48684216 0.13610612
v 31.24544334 -14.44564915 0.35539240
v 31.44056892 -14.53213787 0.42938292
v 30.87485313 -14.77079201 0.67536604
v 32.75020599 -18.28233528 7.00000000
v 32.91457748 -18.03214455 7.00000000
v 27.83413124 -15.08281612 0.09710174
v 27.78920746 -15.11506081 0.09350726
v 28.26962662 -15.02215767 0.15959190
v 28.22170639 -15.04614735 0.15395227
v 28.17415428 -15.07164192 0.14855072
v 28.12705040 -15.09865093 0.14339472
v 28.08047295 -15.12717819 0.13849291
v 28.42181396 -15.12559700 0.20059718
v 28.46952057 -15.10213470 0.20706208
v 28.51744843 -15.08011627 0.21376508
v 28.56553078 -15.05951500 0.22069970
v 28.71559143 -15.16231251 0.26884663
v 28.76324844 -15.14213085 0.27660874
v 28.81093407 -15.12329197 0.28459707
v 29.05292702 -15.19012928 0.35704154
v 28.85858917 -15.10576248 0.29280454
v 28.90616798 -15.08950233 0.30122414
v 29.09986877 -15.17413712 0.36626273
v 29.16219330 -15.15464592 0.37886608
v 29.37518311 -15.23358250 0.45672309
v 29.23184586 -15.13509846 0.39344445
v 29.44352150 -15.21502304 0.47255445
v 29.51120949 -15.19867516 0.48874986
v 29.57820320 -15.18437099 0.50528240
v 29.76807022 -14.74148846 0.42422059
v 29.71768570 -15.28016186 0.57617080
v 29.78327370 -15.26644516 0.59381264
v 29.86963081 -15.25079823 0.61776376
v 29.96538544 -15.23634148 0.64524102
v 30.10039902 -15.32858562 0.72402775
v 30.22480774 -15.31123447 0.76287955
v 30.36268234 -15.29614449 0.80738193
v 30.49291420 -15.38459206 0.89393288
v 29.96493530 -15.83966541 0.83988476
v 30.30355072 -15.91398716 1.02089679
v 30.62060928 -15.47382450 0.98506939
v 30.47006226 -16.02223778 1.14568901
v 30.91218567 -16.06179810 1.40417230
v 31.06696510 -15.42106819 1.14462960
v 31.71238327 -16.98049736 2.54956317
v 31.80920792 -17.02417374 2.67792797
v 31.90274811 -17.06841278 2.80980945
v 31.99272346 -17.11293030 2.94511056
v 32.07883072 -17.15744019 3.08358836
v 32.16083908 -17.20178795 3.22494650
v 32.23860168 -17.24595451 3.36882353
v 32.31203461 -17.29002762 3.51477337
v 35.71788025 -15.16096878 3.46339893
v 35.38884735 -15.24943447 3.46869326
v 35.55338287 -15.20349121 3.46466756
v 34.84006500 -16.14814568 7.00000000
v 34.70182800 -16.10798645 5.67394114
v 34.51313019 -16.23402405 5.66093826
v 34.56140518 -16.34087372 7.00000000
v 34.32835007 -16.36697960 5.64956522
v 34.29239655 -16.54685974 7.00000000
v 34.14791489 -16.50652695 5.63985825
v 33.97221375 -16.65229416 5.63187170
v 34.03367233 -16.76562119 7.00000000
v 33.80164337 -16.80390930 5.62564468
v 33.78583527 -16.99664497 7.00000000
v 33.17865372 -17.56297684 6.00821400
v 33.54946899 -17.23939133 7.00000000
v 33.09462738 -17.70267677 6.17036104
v 33.32512665 -17.49329185 7.00000000
v 33.00948334 -17.84441376 6.33444548
v 33.11333084 -17.75774956 7.00000000
v 32.90594101 -17.98760223 6.32437468
v 32.92341232 -17.98792076 6.49997807
v 28.73878670 -14.43813324 0.15139067
v 28.78930473 -14.42460728 0.15608092
v 29.34768677 -14.27718544 0.19672526
v 29.39915848 -14.26969051 0.20067112
v 28.96197701 -14.46584606 0.19074334
v 29.01226997 -14.45325851 0.19588254
v 29.06251717 -14.44200325 0.20119548
v 30.81539345 -15.17721272 0.91209388
v 33.67581940 -15.00236893 0.68606526
v 33.57931137 -15.10536671 1.32755053
v 33.72010040 -15.00553131 0.68494028
v 33.82502747 -15.01234245 0.68630415
v 33.89019775 -15.01565456 0.68612313
v 33.95597458 -15.01828671 0.68512917
v 32.55309677 -15.22797298 1.48459351
v 32.63479996 -15.22739697 1.50486910
v 32.71756363 -15.22572613 1.52318823
v 32.82045364 -15.22307777 1.54432905
v 32.89201736 -15.22076988 1.55772662
v 32.98094559 -15.21746254 1.57298839
v 33.04276276 -15.21480370 1.58248734
v 33.09591675 -15.21194077 1.58906722
v 33.17266083 -15.20843124 1.59967995
v 33.22171402 -15.20543957 1.60433328
v 33.25230789 -15.20336819 1.60655701
v 33.32058334 -15.19971848 1.61388862
v 33.35159683 -15.19752121 1.61557281
v 33.40480804 -15.19434929 1.62003064
v 34.94195557 -15.06537342 1.75491416
v 35.02909470 -15.05328083 1.74858797
v 31.33459282 -16.56298447 1.95089364
v 34.59836578 -15.21447849 2.35882902
v 34.51332092 -15.23224068 2.36407590
v 31.79009438 -16.48551178 2.26083398
v -40.00000000 7.50000000 13.00000000
v -40.00000000 -7.50000000 13.00000000
v -40.00000000 7.50000000 7.00000000
v -40.00000000 -7.50000000 7.00000000
v -40.00000000 30.50000000 0.00000000
v -40.00000000 30.50000000 20.00000000
v -40.00000000 -30.50000000 20.00000000
v -40.00000000 -30.50000000 0.00000000
v -45.00000000 30.50000000 20.00000000
v -45.00000000 30.50000000 0.00000000
v -45.00000000 -30.50000000 20.00000000
v -45.00000000 -30.50000000 0.00000000
f 1 2 3
f 3 4 5
f 2 4 3
f 4 6 5
f 7 8 9
f 10 9 11
f 10 7 9
f 12 13 8
f 12 8 7
f 14 11 15
f 14 10 11
f 16 17 13
f 16 13 12
f 18 15 19
f 18 14 15
f 20 21 17
f 20 17 16
f 22 19 23
f 22 18 19
f 24 25 21
f 24 21 20
f 26 23 27
f 26 22 23
f 28 29 25
f 28 25 24
f 30 27 31
f 30 26 27
f 32 29 28
f 33 29 32
f 34 31 35
f 34 30 31
f 36 33 32
f 37 33 36
f 38 35 39
f 38 34 35
f 40 37 36
f 41 37 40
f 42 39 43
f 42 38 39
f 44 41 40
f 45 41 44
f 46 43 47
f 46 42 43
f 48 45 44
f 49 45 48
f 50 47 51
f 50 46 47
f 52 49 48
f 53 50 51
f 53 51 54
f 55 49 52
f 56 55 52
f 57 53 54
f 57 54 58
f 59 55 56
f 60 59 56
f 61 57 58
f 61 58 62
f 63 59 60
f 64 63 60
f 65 61 62
f 65 62 66
f 67 63 64
f 68 67 64
f 69 65 66
f 69 66 70
f 71 67 68
f 72 71 68
f 73 70 74
f 73 69 70
f 75 76 71
f 75 71 72
f 77 74 78
f 77 73 74
f 79 76 75
f 79 80 76
f 81 78 82
f 81 77 78
f 83 80 79
f 83 84 80
f 85 82 86
f 85 81 82
f 87 84 83
f 87 88 84
f 89 86 90
f 89 85 86
f 91 88 87
f 91 92 88
f 93 90 94
f 93 89 90
f 95 92 91
f 95 96 92
f 97 94 98
f 97 93 94
f 99 96 95
f 99 100 96
f 101 98 102
f 101 97 98
f 103 100 99
f 103 104 100
f 105 101 102
f 105 102 106
f 107 104 103
f 107 108 104
f 109 105 106
f 110 109 106
f 111 108 107
f 111 112 108
f 113 109 110
f 114 113 110
f 115 112 111
f 115 116 112
f 117 113 114
f 118 117 114
f 119 116 115
f 119 120 116
f 121 117 118
f 122 121 118
f 123 120 119
f 123 124 120
f 125 121 122
f 126 125 122
f 127 124 123
f 128 124 127
f 129 125 126
f 130 129 126
f 131 128 127
f 132 128 131
f 133 129 130
f 134 133 130
f 135 132 131
f 136 132 135
f 137 133 134
f 138 137 134
f 139 136 135
f 140 136 139
f 141 137 138
f 142 141 138
f 143 140 139
f 144 140 143
f 145 141 142
f 146 145 142
f 147 144 143
f 148 144 147
f 149 145 146
f 150 149 146
f 151 148 147
f 152 148 151
f 153 149 150
f 154 153 150
f 155 153 154
f 156 153 155
f 157 153 156
f 158 152 151
f 159 153 157
f 160 152 158
f 161 153 159
f 161 159 162
f 161 162 163
f 161 163 164
f 161 164 165
f 161 165 166
f 161 166 167
f 168 161 167
f 169 161 168
f 170 161 169
f 171 161 170
f 172 161 171
f 173 161 172
f 174 160 158
f 175 160 174
f 176 161 173
f 176 173 177
f 176 177 178
f 176 178 179
f 176 179 180
f 176 180 181
f 176 181 182
f 176 182 183
f 176 183 184
f 176 184 185
f 186 176 185
f 187 175 174
f 188 175 187
f 189 176 186
f 189 186 190
f 189 190 191
f 189 191 192
f 189 192 193
f 189 193 194
f 195 188 187
f 196 188 195
f 197 189 194
f 197 194 198
f 199 196 195
f 200 196 199
f 201 198 202
f 201 197 198
f 203 200 199
f 204 201 202
f 205 200 203
f 206 205 203
f 207 204 202
f 207 202 208
f 207 208 209
f 210 205 206
f 211 210 206
f 212 207 209
f 212 209 213
f 214 210 211
f 215 214 211
f 216 212 213
f 217 214 215
f 218 217 215
f 219 216 213
f 220 217 218
f 221 220 218
f 222 219 213
f 223 220 221
f 224 222 213
f 225 223 221
f 226 223 225
f 227 226 225
f 228 226 227
f 229 228 227
f 230 228 229
f 231 230 229
f 232 230 231
f 233 232 231
f 234 232 233
f 235 234 233
f 236 234 235
f 237 236 235
f 238 236 237
f 239 238 237
f 240 238 239
f 241 240 239
f 242 241 243
f 242 240 241
f 244 242 243
f 244 243 245
f 246 247 248
f 249 248 247
f 250 251 247
f 250 247 246
f 252 249 247
f 253 251 250
f 254 252 247
f 255 251 253
f 256 254 247
f 257 251 255
f 258 256 247
f 259 251 257
f 260 258 247
f 261 260 247
f 262 261 247
f 263 247 264
f 263 262 247
f 265 263 264
f 266 265 264
f 267 266 264
f 268 244 245
f 268 245 269
f 270 267 264
f 271 270 264
f 272 251 259
f 272 273 251
f 274 271 264
f 275 274 264
f 276 275 264
f 277 268 269
f 277 269 278
f 279 276 264
f 280 273 272
f 280 281 273
f 282 264 283
f 282 279 264
f 284 282 283
f 285 277 278
f 285 278 286
f 287 284 283
f 288 281 280
f 288 289 281
f 290 287 283
f 291 285 286
f 291 286 292
f 293 294 289
f 293 289 288
f 295 290 283
f 296 291 292
f 296 292 297
f 298 296 297
f 298 297 294
f 298 294 293
f 299 295 283
f 300 299 283
f 301 300 283
f 302 283 303
f 302 301 283
f 304 302 303
f 305 304 303
f 306 305 303
f 307 306 303
f 307 303 308
f 309 307 308
f 310 309 308
f 311 310 308
f 311 308 312
f 6 311 312
f 6 313 311
f 6 314 313
f 6 315 314
f 6 224 213
f 6 316 315
f 6 317 316
f 6 318 224
f 6 319 318
f 6 320 319
f 6 312 320
f 5 213 321
f 5 6 213
f 322 323 324
f 325 326 327
f 328 326 329
f 330 326 331
f 329 326 330
f 331 326 325
f 332 333 334
f 335 333 328
f 336 333 335
f 328 333 326
f 334 333 336
f 326 333 327
f 257 337 259
f 257 255 337
f 255 338 337
f 255 253 338
f 253 250 338
f 322 339 323
f 323 339 331
f 340 341 342
f 331 343 330
f 339 343 331
f 322 343 339
f 250 344 338
f 250 246 344
f 246 248 344
f 248 249 344
f 340 345 341
f 346 347 322
f 330 347 329
f 322 347 343
f 343 347 330
f 329 348 328
f 347 348 329
f 346 348 347
f 349 350 340
f 340 350 345
f 345 350 351
f 340 352 349
f 342 352 340
f 349 352 311
f 310 352 309
f 311 352 310
f 328 353 335
f 348 353 328
f 346 353 348
f 346 354 353
f 353 354 335
f 355 356 346
f 335 356 336
f 346 356 354
f 354 356 335
f 357 358 349
f 349 358 350
f 350 358 351
f 351 358 359
f 334 360 332
f 355 360 356
f 336 360 334
f 356 360 336
f 355 361 360
f 360 361 332
f 361 362 332
f 355 362 361
f 358 363 359
f 357 363 358
f 364 365 355
f 355 365 362
f 362 365 332
f 359 366 367
f 368 366 357
f 363 366 359
f 357 366 363
f 333 369 327
f 370 369 371
f 371 369 372
f 373 369 370
f 374 369 375
f 372 369 374
f 327 369 373
f 364 376 365
f 365 376 332
f 364 377 376
f 376 377 332
f 378 379 368
f 366 379 367
f 368 379 366
f 380 381 364
f 382 381 383
f 383 381 380
f 364 381 377
f 367 384 385
f 379 384 367
f 378 384 379
f 384 386 385
f 387 386 378
f 378 386 384
f 386 388 385
f 389 388 387
f 387 388 386
f 390 388 391
f 392 388 390
f 393 388 392
f 394 388 395
f 395 388 393
f 385 388 394
f 391 388 389
f 382 396 381
f 397 398 399
f 400 398 401
f 399 398 402
f 402 398 400
f 375 398 374
f 374 398 397
f 398 403 401
f 404 403 405
f 405 403 375
f 406 403 404
f 407 403 406
f 401 403 407
f 375 403 398
f 408 409 410
f 411 409 408
f 412 409 413
f 413 409 411
f 410 409 414
f 415 416 412
f 412 416 409
f 414 416 417
f 409 416 414
f 418 416 415
f 417 416 418
f 419 420 421
f 422 420 419
f 421 420 423
f 424 425 426
f 427 425 422
f 428 429 427
f 430 429 428
f 431 429 430
f 425 432 426
f 427 432 425
f 429 432 427
f 431 432 429
f 426 432 433
f 433 432 431
f 434 435 436
f 437 435 438
f 423 435 437
f 438 435 434
f 439 440 424
f 436 440 439
f 423 440 435
f 435 440 436
f 436 441 434
f 438 441 442
f 434 441 438
f 443 444 445
f 439 444 436
f 441 444 443
f 436 444 441
f 444 446 445
f 445 446 447
f 426 446 439
f 439 446 444
f 307 448 433
f 442 449 450
f 443 449 441
f 450 449 451
f 441 449 442
f 451 449 452
f 445 453 443
f 443 453 449
f 449 453 452
f 452 453 454
f 447 455 445
f 445 455 453
f 454 455 456
f 453 455 454
f 447 457 455
f 456 457 458
f 455 457 456
f 459 460 461
f 323 460 459
f 461 460 325
f 325 460 331
f 331 460 323
f 452 462 351
f 345 462 341
f 351 462 345
f 454 462 452
f 456 463 454
f 341 463 342
f 462 463 341
f 454 463 462
f 309 464 458
f 456 464 463
f 352 464 309
f 463 464 342
f 458 464 456
f 342 464 352
f 381 465 377
f 396 465 381
f 377 465 332
f 405 466 396
f 375 466 405
f 333 466 369
f 332 466 333
f 369 466 375
f 396 466 465
f 465 466 332
f 382 467 396
f 405 467 404
f 396 467 405
f 468 467 382
f 469 467 468
f 404 467 469
f 422 470 420
f 420 470 423
f 425 470 422
f 423 470 440
f 424 470 425
f 440 470 424
f 426 471 446
f 448 471 433
f 433 471 426
f 471 472 446
f 448 472 471
f 447 472 457
f 446 472 447
f 457 472 448
f 458 473 309
f 307 473 448
f 457 473 458
f 448 473 457
f 309 473 307
f 474 475 476
f 474 477 475
f 478 479 480
f 249 479 344
f 481 479 478
f 344 479 481
f 252 479 249
f 254 479 252
f 256 479 254
f 258 479 256
f 258 482 479
f 260 482 258
f 261 482 260
f 480 483 484
f 482 483 479
f 479 483 480
f 482 485 483
f 261 485 482
f 262 485 261
f 262 486 485
f 262 487 486
f 263 487 262
f 263 488 487
f 265 488 263
f 266 488 265
f 267 488 266
f 485 489 483
f 483 489 484
f 484 489 490
f 486 489 485
f 488 489 487
f 487 489 486
f 488 491 489
f 488 492 491
f 267 493 488
f 488 493 492
f 490 494 495
f 491 494 489
f 489 494 490
f 492 494 491
f 493 494 492
f 493 496 494
f 493 497 496
f 497 498 496
f 495 498 499
f 500 498 501
f 501 498 497
f 496 498 494
f 494 498 495
f 500 502 498
f 500 503 502
f 502 504 498
f 505 504 503
f 498 504 499
f 503 504 502
f 505 506 504
f 505 507 506
f 504 508 499
f 509 508 510
f 499 508 509
f 507 511 506
f 512 511 507
f 504 511 508
f 506 511 504
f 511 513 508
f 512 513 511
f 513 514 508
f 510 515 516
f 508 515 510
f 514 517 518
f 513 517 514
f 512 517 513
f 507 517 512
f 518 519 514
f 514 519 508
f 508 519 515
f 516 520 521
f 515 520 516
f 517 522 518
f 518 523 519
f 519 523 515
f 522 524 518
f 525 526 523
f 523 526 515
f 523 527 525
f 518 527 523
f 524 527 518
f 526 528 515
f 515 528 520
f 521 529 530
f 528 529 520
f 520 529 521
f 527 419 525
f 531 532 533
f 532 534 533
f 533 534 535
f 528 536 529
f 534 537 535
f 536 538 529
f 535 539 540
f 537 539 535
f 539 541 540
f 327 541 539
f 541 542 540
f 327 542 541
f 540 543 544
f 542 543 540
f 327 543 542
f 543 545 544
f 327 545 543
f 544 546 547
f 545 546 544
f 327 546 545
f 538 461 529
f 546 548 547
f 549 550 551
f 547 550 549
f 548 550 547
f 552 553 554
f 554 555 474
f 474 555 477
f 477 555 556
f 553 555 554
f 557 558 552
f 552 558 553
f 558 559 553
f 556 559 560
f 555 559 556
f 553 559 555
f 560 561 562
f 559 561 560
f 558 561 559
f 563 561 558
f 551 564 565
f 550 564 551
f 562 566 567
f 561 566 562
f 563 566 561
f 568 566 563
f 569 570 564
f 571 570 569
f 567 570 572
f 566 570 567
f 564 570 568
f 568 570 566
f 571 573 570
f 572 574 575
f 570 574 572
f 576 574 573
f 573 574 570
f 397 577 576
f 576 577 574
f 574 577 575
f 397 399 577
f 575 578 579
f 577 578 575
f 399 578 577
f 399 402 578
f 579 580 581
f 402 580 578
f 578 580 579
f 400 580 402
f 580 582 581
f 400 582 580
f 581 583 584
f 400 583 582
f 582 583 581
f 585 586 587
f 587 586 406
f 585 588 586
f 588 408 586
f 588 589 408
f 589 411 408
f 267 590 493
f 501 590 500
f 497 590 501
f 270 590 267
f 271 590 270
f 274 590 271
f 275 590 274
f 493 590 497
f 275 591 590
f 590 591 500
f 276 591 275
f 279 591 276
f 500 592 503
f 279 592 591
f 591 592 500
f 503 592 505
f 279 593 592
f 592 593 505
f 282 593 279
f 593 594 505
f 505 594 507
f 507 594 517
f 284 594 282
f 282 594 593
f 284 595 594
f 594 595 517
f 287 595 284
f 290 595 287
f 595 596 517
f 290 596 595
f 295 596 290
f 596 597 517
f 295 597 596
f 597 598 517
f 598 599 517
f 599 600 517
f 517 600 522
f 600 601 522
f 602 603 531
f 604 603 602
f 530 603 604
f 531 603 532
f 529 603 530
f 461 603 529
f 526 421 528
f 419 421 525
f 525 421 526
f 528 605 536
f 421 605 528
f 423 605 421
f 536 437 538
f 605 437 536
f 423 437 605
f 532 606 534
f 603 606 532
f 461 606 603
f 607 608 557
f 609 608 607
f 565 608 609
f 557 608 558
f 558 608 563
f 564 608 565
f 563 608 568
f 568 608 564
f 538 610 461
f 606 325 534
f 534 325 537
f 461 325 606
f 539 325 327
f 537 325 539
f 610 611 461
f 611 459 461
f 564 612 569
f 550 612 564
f 550 613 612
f 327 613 546
f 546 613 548
f 548 613 550
f 614 615 616
f 351 615 614
f 359 615 351
f 616 615 324
f 612 617 569
f 613 617 612
f 327 617 613
f 359 618 615
f 615 618 324
f 569 373 571
f 617 373 569
f 327 373 617
f 367 619 359
f 324 619 322
f 359 619 618
f 618 619 324
f 373 370 571
f 367 620 619
f 619 620 322
f 370 371 571
f 322 621 346
f 620 621 322
f 367 621 620
f 311 357 349
f 571 372 573
f 371 372 571
f 385 622 367
f 346 622 355
f 367 622 621
f 621 622 346
f 622 623 355
f 385 623 622
f 576 374 397
f 573 374 576
f 372 374 573
f 311 368 357
f 313 368 311
f 385 624 623
f 355 624 364
f 394 624 385
f 623 624 355
f 394 625 624
f 364 625 380
f 624 625 364
f 313 378 368
f 394 626 625
f 625 626 380
f 394 627 626
f 395 627 394
f 380 627 383
f 626 627 380
f 313 387 378
f 627 628 383
f 395 628 627
f 383 628 382
f 628 629 382
f 395 629 628
f 313 389 387
f 314 389 313
f 629 630 382
f 395 630 629
f 393 630 395
f 630 468 382
f 393 468 630
f 631 468 393
f 314 391 389
f 314 390 391
f 314 392 390
f 315 392 314
f 392 632 393
f 315 632 392
f 393 632 631
f 632 633 631
f 315 633 632
f 633 634 631
f 315 634 633
f 315 635 634
f 634 635 631
f 316 635 315
f 317 636 316
f 6 636 317
f 316 636 635
f 635 636 631
f 631 469 468
f 469 637 404
f 587 638 585
f 404 638 406
f 637 638 404
f 406 638 587
f 586 407 406
f 586 639 407
f 401 639 400
f 407 639 401
f 400 639 583
f 6 640 636
f 636 640 631
f 631 640 469
f 637 640 638
f 469 640 637
f 6 641 640
f 640 641 638
f 585 642 588
f 638 642 585
f 588 642 589
f 641 642 638
f 6 642 641
f 408 410 586
f 586 410 639
f 639 410 583
f 583 414 584
f 643 414 417
f 644 414 643
f 584 414 644
f 410 414 583
f 415 412 645
f 412 646 645
f 646 647 645
f 412 413 646
f 642 413 589
f 646 413 647
f 4 413 6
f 589 413 411
f 6 413 642
f 413 648 647
f 647 648 645
f 649 648 4
f 650 648 649
f 651 648 650
f 652 648 651
f 645 648 652
f 4 648 413
f 601 653 654
f 597 653 598
f 598 653 599
f 599 653 600
f 600 653 601
f 295 653 597
f 299 653 295
f 300 653 299
f 522 655 524
f 654 655 601
f 656 655 657
f 601 655 522
f 658 655 654
f 657 655 658
f 300 659 653
f 654 659 658
f 653 659 654
f 301 659 300
f 659 660 658
f 301 660 659
f 658 660 657
f 655 661 524
f 656 661 655
f 662 661 656
f 657 663 656
f 301 663 660
f 660 663 657
f 302 663 301
f 661 664 524
f 662 664 661
f 524 664 527
f 663 665 656
f 302 665 663
f 662 666 664
f 667 666 662
f 527 666 419
f 664 666 527
f 302 668 665
f 665 668 656
f 304 668 302
f 304 669 668
f 656 669 662
f 668 669 656
f 667 670 666
f 666 670 419
f 671 670 667
f 669 672 662
f 304 672 669
f 662 672 667
f 673 674 671
f 670 674 419
f 671 674 670
f 672 675 667
f 304 675 672
f 667 675 671
f 305 675 304
f 673 676 674
f 427 676 673
f 674 676 419
f 305 677 675
f 675 677 671
f 305 678 677
f 671 678 673
f 677 678 671
f 427 422 676
f 676 422 419
f 305 428 678
f 678 428 673
f 673 428 427
f 306 428 305
f 306 430 428
f 306 431 430
f 307 431 306
f 610 679 442
f 538 679 610
f 437 438 538
f 679 438 442
f 538 438 679
f 307 433 431
f 426 439 424
f 442 680 610
f 610 680 611
f 611 680 459
f 616 680 614
f 442 450 680
f 680 450 614
f 450 451 614
f 614 451 351
f 451 452 351
f 680 681 459
f 616 681 680
f 324 681 616
f 681 323 459
f 324 323 681
f 321 682 3
f 321 3 5
f 4 683 649
f 2 683 4
f 649 684 650
f 683 684 649
f 650 685 651
f 684 685 650
f 651 686 652
f 685 686 651
f 652 687 645
f 686 687 652
f 645 688 415
f 687 688 645
f 415 689 418
f 418 689 417
f 688 689 415
f 689 690 417
f 417 691 643
f 690 691 417
f 643 692 644
f 644 692 584
f 691 692 643
f 692 693 584
f 584 694 581
f 581 694 579
f 693 694 584
f 694 695 579
f 695 696 579
f 579 696 575
f 696 697 575
f 575 697 572
f 572 698 567
f 697 698 572
f 698 699 567
f 567 699 562
f 562 700 560
f 699 700 562
f 560 701 556
f 700 701 560
f 556 702 477
f 701 702 556
f 477 703 475
f 702 703 477
f 475 704 476
f 703 704 475
f 705 3 682
f 706 705 707
f 708 705 706
f 709 705 708
f 710 705 709
f 711 705 710
f 712 713 714
f 715 714 716
f 715 712 714
f 717 718 713
f 717 713 712
f 719 716 720
f 719 715 716
f 721 722 718
f 721 718 717
f 723 720 724
f 723 719 720
f 725 722 721
f 725 726 722
f 727 723 724
f 727 724 728
f 729 726 725
f 729 730 726
f 731 727 728
f 731 728 732
f 733 734 735
f 733 736 734
f 733 737 736
f 733 738 737
f 733 735 730
f 733 730 729
f 739 732 740
f 739 731 732
f 741 742 738
f 741 743 742
f 741 744 743
f 741 745 744
f 741 746 745
f 741 747 746
f 741 748 747
f 741 749 748
f 741 750 749
f 741 751 750
f 741 752 751
f 741 738 733
f 753 739 740
f 754 753 740
f 755 756 752
f 755 757 756
f 755 758 757
f 755 759 758
f 755 760 759
f 755 761 760
f 755 762 761
f 755 763 762
f 755 764 763
f 755 765 764
f 755 752 741
f 766 753 754
f 767 766 754
f 768 765 755
f 768 769 765
f 768 770 769
f 768 771 770
f 768 772 771
f 768 773 772
f 768 774 773
f 768 775 774
f 768 776 775
f 777 766 767
f 778 777 767
f 779 780 776
f 779 781 780
f 779 782 781
f 779 783 782
f 779 776 768
f 784 777 778
f 785 786 783
f 785 787 786
f 785 711 787
f 785 783 779
f 788 784 778
f 789 784 788
f 790 705 711
f 790 711 785
f 791 789 788
f 792 789 791
f 793 705 790
f 794 792 791
f 795 792 794
f 796 705 793
f 797 795 794
f 798 795 797
f 799 705 796
f 800 798 797
f 801 798 800
f 802 705 799
f 803 801 800
f 804 705 802
f 805 801 803
f 806 805 803
f 807 805 806
f 808 807 806
f 809 807 808
f 810 809 808
f 811 809 810
f 812 811 810
f 813 811 812
f 814 813 812
f 815 813 814
f 816 815 814
f 817 815 816
f 1 818 819
f 1 820 818
f 1 821 820
f 1 822 821
f 1 804 822
f 1 705 804
f 1 3 705
f 823 824 1
f 825 823 1
f 826 825 1
f 827 826 1
f 828 817 816
f 829 819 830
f 829 1 819
f 829 827 1
f 831 829 830
f 832 817 828
f 833 831 830
f 834 830 835
f 834 833 830
f 836 834 835
f 837 836 835
f 838 832 828
f 839 837 835
f 840 839 835
f 840 835 841
f 842 832 838
f 843 840 841
f 844 843 841
f 845 844 841
f 846 845 841
f 847 846 841
f 848 847 841
f 849 848 841
f 850 849 841
f 851 850 841
f 851 852 850
f 853 852 851
f 854 853 851
f 855 854 851
f 856 855 851
f 857 842 838
f 858 856 851
f 859 858 851
f 860 842 857
f 861 859 851
f 862 861 851
f 863 862 851
f 864 863 851
f 864 865 866
f 864 866 867
f 864 867 868
f 864 868 869
f 864 869 863
f 870 865 864
f 871 870 864
f 872 871 864
f 873 872 864
f 874 860 857
f 875 873 864
f 876 875 864
f 877 860 874
f 878 879 880
f 878 880 881
f 878 881 882
f 878 882 876
f 878 876 864
f 883 877 874
f 884 877 883
f 885 879 878
f 886 885 878
f 887 884 883
f 888 884 887
f 889 885 886
f 890 889 886
f 891 888 887
f 892 888 891
f 893 889 890
f 894 893 890
f 895 892 891
f 896 892 895
f 897 893 894
f 898 897 894
f 899 896 895
f 900 896 899
f 901 897 898
f 902 901 898
f 903 900 899
f 904 900 903
f 905 901 902
f 906 905 902
f 907 904 903
f 908 904 907
f 909 905 906
f 910 909 906
f 911 908 907
f 911 912 908
f 913 909 910
f 914 913 910
f 915 916 912
f 915 912 911
f 917 913 914
f 918 917 914
f 919 920 916
f 919 916 915
f 921 917 918
f 922 921 918
f 923 920 919
f 923 924 920
f 925 921 922
f 926 925 922
f 927 928 924
f 927 924 923
f 929 925 926
f 929 926 930
f 931 932 928
f 931 928 927
f 933 929 930
f 933 930 934
f 935 932 931
f 935 936 932
f 937 934 938
f 937 933 934
f 939 940 936
f 939 936 935
f 941 938 942
f 941 937 938
f 943 944 940
f 943 940 939
f 945 941 942
f 945 942 946
f 947 944 943
f 947 948 944
f 949 945 946
f 949 946 950
f 951 948 947
f 951 952 948
f 953 949 950
f 953 950 954
f 955 952 951
f 955 956 952
f 957 953 954
f 957 954 958
f 959 956 955
f 959 960 956
f 961 957 958
f 961 958 962
f 963 960 959
f 963 964 960
f 965 961 962
f 965 962 966
f 967 964 963
f 968 967 963
f 969 965 966
f 969 966 970
f 971 967 968
f 972 971 968
f 973 970 974
f 973 969 970
f 975 971 972
f 976 975 972
f 977 973 974
f 977 974 978
f 979 975 976
f 980 979 976
f 981 977 978
f 981 978 982
f 983 979 980
f 984 983 980
f 985 983 984
f 986 982 987
f 986 981 982
f 988 985 984
f 989 985 988
f 990 987 991
f 990 986 987
f 992 989 988
f 993 989 992
f 994 991 995
f 994 990 991
f 996 993 992
f 997 993 996
f 998 994 995
f 998 995 999
f 1000 997 996
f 1001 997 1000
f 1002 998 999
f 1002 999 1003
f 1004 1001 1000
f 1004 1005 1001
f 1006 1002 1003
f 1006 1003 1007
f 1008 1005 1004
f 1008 1009 1005
f 1010 1006 1007
f 1010 1007 1011
f 1012 1009 1008
f 1012 1013 1009
f 1014 1010 1011
f 1014 1011 1015
f 1016 1013 1012
f 1016 1017 1013
f 1018 1014 1015
f 1018 1015 1019
f 1020 1017 1016
f 1020 1021 1017
f 1022 1018 1019
f 1022 1019 1023
f 1024 1025 1021
f 1024 1021 1020
f 1026 1023 1027
f 1026 1022 1023
f 1028 1026 1027
f 1028 1027 1025
f 1028 1025 1024
f 1029 1030 1031
f 1032 1033 1034
f 1034 1033 1035
f 1033 1036 1035
f 1035 1036 1037
f 1036 1038 1037
f 1038 1039 1037
f 1037 1040 1041
f 1039 1040 1037
f 1040 1042 1041
f 1043 1042 1040
f 1044 1045 1046
f 1047 1045 1044
f 1046 1045 1043
f 1043 1045 1042
f 1030 1048 1031
f 1049 1048 1030
f 1050 1048 1049
f 1051 1048 1050
f 1052 1053 1047
f 1041 1053 1052
f 1047 1053 1045
f 1042 1053 1041
f 1045 1053 1042
f 1031 1054 1055
f 1048 1054 1031
f 1051 1054 1048
f 1056 1057 1
f 1058 1057 1056
f 1059 1057 1058
f 1 1057 2
f 687 1060 688
f 687 1061 1060
f 1060 1061 1057
f 1061 1062 1057
f 687 1062 1061
f 1062 1063 1057
f 687 1063 1062
f 2 1063 683
f 683 1063 684
f 684 1063 685
f 685 1063 686
f 686 1063 687
f 1057 1063 2
f 1064 1065 1066
f 1066 1065 1067
f 1067 1065 1068
f 1068 1065 1069
f 1070 1065 1064
f 1052 1065 1071
f 1069 1065 1052
f 1071 1065 1070
f 693 1072 1051
f 690 1072 691
f 691 1072 692
f 692 1072 693
f 1051 1072 1054
f 1073 1074 846
f 1075 1074 1076
f 1076 1074 1073
f 1077 1074 1075
f 1078 1074 1077
f 1079 1074 1078
f 846 1074 845
f 845 1074 844
f 1079 1080 1074
f 1074 1080 844
f 1081 1080 1079
f 844 1080 843
f 1080 1082 843
f 1081 1082 1080
f 1083 1082 1081
f 1082 1084 843
f 1083 1084 1082
f 1085 1084 1083
f 843 1084 840
f 1085 1086 1084
f 1084 1086 840
f 1085 1087 1086
f 1086 1087 840
f 840 1087 839
f 1085 1088 1087
f 1087 1088 839
f 1089 1088 1085
f 1090 1091 1089
f 1089 1091 1088
f 1088 1091 839
f 1091 1092 839
f 1090 1092 1091
f 839 1092 837
f 1093 1092 1090
f 1093 1094 1092
f 1092 1094 837
f 1093 1095 1094
f 1094 1095 837
f 1096 1095 1093
f 1095 1097 837
f 1096 1097 1095
f 837 1097 836
f 1098 1097 1096
f 1097 1099 836
f 1099 1100 836
f 836 1100 834
f 1100 1101 834
f 1102 1103 1078
f 1078 1103 1079
f 1079 1103 1081
f 1104 1103 1102
f 1083 1103 1085
f 1081 1103 1083
f 1104 1105 1103
f 1085 1105 1089
f 1103 1105 1085
f 1106 1107 1104
f 1105 1107 1089
f 1104 1107 1105
f 1089 1108 1090
f 1107 1108 1089
f 1106 1108 1107
f 1109 1108 1106
f 1108 1110 1090
f 1090 1110 1093
f 1109 1110 1108
f 1109 1111 1110
f 1110 1111 1093
f 1093 1111 1096
f 1109 1112 1111
f 1111 1112 1096
f 1096 1112 1098
f 1109 1113 1112
f 1112 1113 1098
f 833 1114 831
f 831 1114 829
f 1115 1114 1116
f 829 1114 1117
f 1117 1114 1115
f 1118 1119 1120
f 1116 1121 1115
f 1121 1122 1115
f 1122 1123 1115
f 1124 1123 1122
f 1115 1123 1117
f 1124 1125 1123
f 1123 1125 1117
f 1126 1125 1124
f 1117 1125 1127
f 1125 1128 1127
f 1126 1128 1125
f 1127 1129 1130
f 1128 1129 1127
f 1126 1129 1128
f 1131 1129 1126
f 1129 1132 1130
f 1131 1132 1129
f 1130 1132 1133
f 1131 1134 1132
f 1132 1134 1133
f 1135 1134 1131
f 1134 1136 1133
f 1133 1136 1137
f 1135 1136 1134
f 1138 1139 1140
f 1137 1141 1142
f 1142 1141 1143
f 1143 1141 1144
f 1144 1141 1145
f 1145 1141 1146
f 1136 1141 1137
f 1135 1141 1136
f 1147 1141 1148
f 1146 1141 1147
f 1148 1141 1135
f 1124 1149 1150
f 1151 1149 1124
f 1152 1153 1138
f 1138 1153 1139
f 1139 1153 1154
f 1154 1153 1152
f 1149 1155 1150
f 1156 1157 1158
f 1150 1157 1159
f 1155 1157 1150
f 1152 1157 1154
f 1154 1157 1155
f 1158 1157 1152
f 1159 1160 1161
f 1156 1160 1157
f 1157 1160 1159
f 1160 1162 1161
f 1156 1162 1160
f 1161 1162 1163
f 1164 1165 1162
f 879 1166 880
f 880 1166 881
f 1162 1165 1163
f 1167 1168 1164
f 1164 1168 1165
f 1165 1168 1163
f 1169 1170 1167
f 1167 1170 1168
f 881 1171 882
f 882 1171 876
f 1168 1170 1163
f 1163 1170 1172
f 1173 1174 1169
f 1169 1174 1170
f 1170 1174 1172
f 1175 1176 1173
f 1173 1176 1174
f 1174 1176 1172
f 1166 1171 881
f 876 1177 875
f 875 1177 873
f 873 1177 872
f 1175 1178 1176
f 1176 1178 1172
f 1179 1180 1175
f 1172 1180 1181
f 1175 1180 1178
f 1178 1180 1172
f 1182 1183 1179
f 1184 1183 1182
f 1179 1183 1180
f 1180 1183 1181
f 1171 1177 876
f 1184 1185 1183
f 1183 1185 1181
f 1184 1186 1185
f 1185 1186 1181
f 1181 1187 1188
f 1184 1187 1186
f 1186 1187 1181
f 1184 1189 1187
f 1187 1189 1188
f 1189 1190 1188
f 1184 1190 1189
f 1188 1191 1192
f 1192 1191 1193
f 1193 1191 1194
f 1190 1191 1188
f 1191 1195 1194
f 1164 1196 1167
f 1167 1196 1169
f 1169 1196 1173
f 1197 1196 1164
f 1043 1196 1197
f 1043 1198 1196
f 1196 1198 1173
f 1173 1198 1175
f 1175 1198 1179
f 1179 1198 1182
f 1182 1198 1184
f 1199 1200 1201
f 1030 1200 1049
f 1202 1200 1029
f 1029 1200 1030
f 1201 1200 1202
f 1043 1203 1198
f 1033 1203 1036
f 1199 1203 1033
f 1036 1203 1038
f 1038 1203 1039
f 1040 1203 1043
f 1039 1203 1040
f 1199 1204 1200
f 1200 1204 1049
f 1050 1204 1205
f 1205 1204 1206
f 1206 1204 1032
f 1049 1204 1050
f 1033 1204 1199
f 1032 1204 1033
f 1059 1207 1057
f 1055 1207 1059
f 1072 1207 1054
f 1054 1207 1055
f 1057 1207 1060
f 1060 1208 688
f 1072 1208 1207
f 688 1208 689
f 689 1208 690
f 1207 1208 1060
f 690 1208 1072
f 1097 1209 1099
f 1098 1209 1097
f 1099 1209 1100
f 1209 1210 1100
f 1098 1210 1209
f 1100 1210 1101
f 1101 1210 1120
f 1101 1211 834
f 1098 1212 1210
f 1210 1212 1120
f 1113 1212 1098
f 1120 1212 1118
f 1213 1214 1215
f 833 1216 1114
f 1213 1216 833
f 1114 1216 1116
f 1215 1216 1213
f 1119 1217 1120
f 1218 1217 1219
f 1220 1221 1109
f 1222 1221 1220
f 1109 1221 1113
f 1219 1223 1218
f 1218 1223 1214
f 1214 1223 1215
f 1215 1223 1224
f 1119 1225 1226
f 1118 1225 1119
f 1216 1227 1116
f 1215 1227 1216
f 1224 1227 1215
f 1116 1227 1121
f 1219 1228 1229
f 1226 1228 1119
f 1217 1228 1219
f 1119 1228 1217
f 1229 1230 1219
f 1224 1230 1151
f 1223 1230 1224
f 1219 1230 1223
f 1139 1231 1140
f 1232 1231 1139
f 1140 1231 1222
f 1226 1231 1232
f 1222 1231 1225
f 1225 1231 1226
f 1121 1233 1122
f 1124 1233 1151
f 1151 1233 1224
f 1224 1233 1227
f 1227 1233 1121
f 1122 1233 1124
f 1139 1234 1232
f 1154 1234 1139
f 1232 1234 1226
f 1226 1234 1228
f 1228 1234 1229
f 1229 1235 1230
f 1151 1235 1149
f 1149 1235 1155
f 1155 1235 1154
f 1230 1235 1151
f 1234 1235 1229
f 1154 1235 1234
f 1236 1237 1156
f 1162 1237 1164
f 1197 1237 1236
f 1164 1237 1197
f 1156 1237 1162
f 1238 1239 1202
f 1240 1239 1238
f 1201 1239 1195
f 1195 1239 1194
f 1202 1239 1201
f 1194 1239 1240
f 1184 1241 1190
f 1190 1241 1191
f 1191 1241 1195
f 1201 1242 1199
f 1184 1242 1241
f 1195 1242 1201
f 1203 1242 1198
f 1199 1242 1203
f 1198 1242 1184
f 1241 1242 1195
f 1213 1243 1214
f 834 1243 833
f 1211 1243 834
f 1214 1243 1211
f 833 1243 1213
f 1120 1244 1101
f 1101 1244 1211
f 1217 1244 1120
f 1217 1245 1244
f 1214 1245 1218
f 1218 1245 1217
f 1244 1245 1211
f 1211 1245 1214
f 1221 1246 1113
f 1222 1246 1221
f 1225 1246 1222
f 1118 1246 1225
f 1212 1246 1118
f 1113 1246 1212
f 1247 703 702
f 1247 704 703
f 866 1248 867
f 867 1248 868
f 866 1249 1248
f 1250 1249 1251
f 1251 1249 1252
f 1252 1249 1177
f 872 1249 871
f 871 1249 870
f 870 1249 865
f 865 1249 866
f 1177 1249 872
f 863 1253 862
f 862 1253 861
f 861 1253 859
f 863 1254 1253
f 869 1254 863
f 869 1255 1254
f 1248 1256 868
f 869 1256 1255
f 868 1256 869
f 1257 1258 1250
f 1248 1258 1256
f 1249 1258 1248
f 1250 1258 1249
f 1254 1259 1253
f 1256 1259 1255
f 1260 1259 1257
f 1255 1259 1254
f 1258 1259 1256
f 1257 1259 1258
f 1259 1261 1253
f 1261 1262 1253
f 1253 1263 859
f 1262 1263 1253
f 1264 1265 1260
f 1262 1265 1263
f 1261 1265 1262
f 1259 1265 1261
f 1260 1265 1259
f 1265 1266 1263
f 1266 1267 1263
f 1267 1268 1269
f 1265 1268 1266
f 1264 1268 1265
f 1270 1268 1264
f 1269 1268 1271
f 1266 1268 1267
f 1268 1272 1271
f 1272 1273 1271
f 1273 1274 1275
f 1268 1274 1272
f 1272 1274 1273
f 1270 1274 1268
f 1274 1276 1275
f 1276 1277 1275
f 1277 1278 1279
f 1277 1280 1278
f 1274 1280 1276
f 1276 1280 1277
f 1280 1281 1278
f 1278 1281 1279
f 1281 1282 1279
f 1104 1283 1106
f 1279 1283 1102
f 1102 1283 1104
f 1282 1283 1279
f 1282 1284 1283
f 1283 1285 1106
f 1284 1285 1283
f 1285 1286 1106
f 1106 1286 1109
f 1285 1287 1286
f 1282 1288 1284
f 1289 1288 1290
f 1290 1288 1270
f 1280 1288 1281
f 1274 1288 1280
f 1270 1288 1274
f 1281 1288 1282
f 1287 1291 1292
f 1284 1291 1285
f 1289 1291 1288
f 1293 1291 1289
f 1285 1291 1287
f 1288 1291 1284
f 1293 1294 1291
f 1291 1294 1292
f 1295 1294 1293
f 1296 1297 1295
f 1292 1297 1298
f 1298 1297 1138
f 1295 1297 1294
f 1294 1297 1292
f 1297 1236 1138
f 1299 1300 1301
f 1299 1302 1300
f 1303 1302 1299
f 1303 1304 1302
f 1305 1306 1303
f 1303 1306 1304
f 1305 1307 1306
f 1306 1307 1043
f 1307 1308 1043
f 1305 1308 1307
f 1308 1309 1043
f 1310 1309 1305
f 1305 1309 1308
f 1309 1311 1043
f 1310 1311 1309
f 1310 1046 1311
f 1312 1046 1310
f 1311 1046 1043
f 1312 1044 1046
f 1312 1047 1044
f 1313 1047 1314
f 1314 1047 1312
f 1315 1055 1058
f 1058 1055 1059
f 1029 1031 1316
f 1316 1031 1317
f 1315 1031 1055
f 1317 1031 1315
f 1069 1052 1313
f 1313 1052 1047
f 693 1051 694
f 1051 1318 694
f 1050 1318 1051
f 1205 1319 1050
f 1050 1319 1318
f 1318 1319 694
f 694 1319 695
f 1205 1320 1319
f 1206 1320 1205
f 1319 1320 695
f 695 1320 696
f 1032 1321 1206
f 1034 1321 1032
f 1206 1321 1320
f 1320 1321 696
f 1034 1322 1321
f 1035 1322 1034
f 1321 1322 696
f 696 1322 697
f 1035 1323 1322
f 1041 1323 1037
f 1052 1323 1041
f 1322 1323 697
f 1037 1323 1035
f 697 1323 698
f 1052 1071 1323
f 1071 1324 1323
f 1323 1324 698
f 698 1324 699
f 1071 1070 1324
f 1070 1325 1324
f 699 1325 700
f 1324 1325 699
f 1326 1064 1066
f 1070 1064 1325
f 1325 1327 700
f 1064 1327 1325
f 700 1327 701
f 1326 1328 1064
f 1329 1328 1326
f 1064 1328 1327
f 1247 1330 1329
f 1329 1330 1328
f 1327 1330 701
f 1328 1330 1327
f 702 1330 1247
f 701 1330 702
f 1269 1331 1267
f 859 1331 858
f 1263 1331 859
f 858 1331 856
f 856 1331 855
f 855 1331 854
f 1271 1331 1269
f 1267 1331 1263
f 1271 1332 1331
f 854 1332 853
f 853 1332 852
f 1331 1332 854
f 849 1333 848
f 848 1333 847
f 1333 1334 847
f 847 1334 846
f 1279 1334 1333
f 1279 1073 1334
f 1334 1073 846
f 1279 1076 1073
f 1332 1335 852
f 1275 1335 1273
f 1271 1335 1332
f 1273 1335 1271
f 1275 1336 1335
f 1335 1336 852
f 852 1336 850
f 1279 1075 1076
f 1277 1337 1275
f 1275 1337 1336
f 1336 1337 850
f 1279 1337 1277
f 850 1337 849
f 849 1337 1333
f 1333 1337 1279
f 1102 1077 1279
f 1279 1077 1075
f 1102 1078 1077
f 1117 1127 829
f 1292 1220 1287
f 1287 1220 1286
f 1286 1220 1109
f 829 1130 827
f 1127 1130 829
f 1130 1133 827
f 1133 1137 827
f 1292 1338 1220
f 1298 1338 1292
f 1220 1338 1222
f 1137 1142 827
f 827 1142 826
f 1142 1143 826
f 1143 1144 826
f 1144 1145 826
f 826 1145 825
f 1339 1340 1146
f 1146 1340 1145
f 1145 1340 825
f 1339 1341 1340
f 1340 1341 825
f 1339 1342 1341
f 1341 1342 825
f 1339 1343 1342
f 1342 1343 825
f 825 1343 823
f 1339 1344 1343
f 1343 1344 823
f 823 1344 824
f 824 1344 1
f 1338 1140 1222
f 1298 1140 1338
f 1138 1140 1298
f 1124 1345 1126
f 1150 1345 1124
f 1161 1345 1159
f 1159 1345 1150
f 1236 1152 1138
f 1345 1346 1126
f 1161 1346 1345
f 1126 1347 1131
f 1346 1347 1126
f 1161 1347 1346
f 1163 1347 1161
f 1347 1348 1131
f 1163 1348 1347
f 1348 1349 1131
f 1163 1349 1348
f 1172 1349 1163
f 1131 1350 1135
f 1349 1350 1131
f 1172 1350 1349
f 1181 1350 1172
f 1350 1351 1135
f 1181 1351 1350
f 1351 1352 1135
f 1181 1352 1351
f 1188 1352 1181
f 1135 1352 1148
f 1192 1353 1188
f 1352 1353 1148
f 1188 1353 1352
f 1353 1354 1148
f 1192 1354 1353
f 1148 1355 1147
f 1354 1355 1148
f 1193 1355 1192
f 1192 1355 1354
f 1355 1356 1147
f 1194 1356 1193
f 1193 1356 1355
f 1356 1357 1147
f 1194 1357 1356
f 1147 1358 1146
f 1357 1358 1147
f 1194 1358 1357
f 1146 1240 1339
f 1358 1240 1146
f 1194 1240 1358
f 1236 1158 1152
f 1236 1156 1158
f 1344 1359 1
f 1339 1359 1344
f 1359 1360 1
f 1360 1056 1
f 1058 1056 1315
f 1315 1056 1317
f 1300 1361 1301
f 1301 1361 1362
f 1362 1361 1363
f 1363 1361 1296
f 1296 1361 1297
f 1297 1361 1236
f 1316 1364 1029
f 1317 1364 1316
f 1056 1364 1317
f 1360 1364 1056
f 1359 1364 1360
f 1359 1365 1364
f 1359 1238 1365
f 1240 1238 1339
f 1339 1238 1359
f 1361 1366 1236
f 1302 1366 1300
f 1300 1366 1361
f 1365 1202 1364
f 1238 1202 1365
f 1364 1202 1029
f 1306 1197 1304
f 1302 1197 1366
f 1366 1197 1236
f 1043 1197 1306
f 1304 1197 1302
f 213 1367 321
f 321 1367 682
f 1367 705 682
f 1368 155 154
f 156 155 1368
f 157 156 1368
f 1369 157 1368
f 1370 1371 1372
f 1370 1372 1373
f 1374 1369 1375
f 1374 1375 1376
f 1374 1376 1377
f 1378 1377 1379
f 1378 1379 1380
f 1378 1374 1377
f 1381 1374 1378
f 1381 1382 1374
f 1383 1378 1380
f 1383 1380 1384
f 1383 1384 1385
f 1386 1387 1382
f 1386 1382 1381
f 1388 1378 1383
f 1388 1381 1378
f 1389 1388 1383
f 1389 1383 1385
f 1389 1385 1390
f 1389 1390 1391
f 1392 1393 1387
f 1392 1394 1393
f 1392 1387 1386
f 1395 1381 1388
f 1395 1386 1381
f 1396 1388 1389
f 1397 1389 1391
f 1397 1391 1398
f 1397 1398 1399
f 1400 1394 1392
f 1401 1386 1395
f 1401 1392 1386
f 1402 1388 1396
f 1402 1395 1388
f 1403 1396 1389
f 1403 1389 1397
f 1404 1397 1399
f 1404 1399 1405
f 1404 1405 1406
f 1407 1394 1400
f 1407 1408 1394
f 1409 1400 1392
f 1409 1392 1401
f 1410 1409 1401
f 1410 1401 1395
f 1410 1395 1402
f 1411 1396 1403
f 1411 1402 1396
f 1412 1397 1404
f 1412 1403 1397
f 1413 1404 1406
f 1413 1406 1414
f 1413 1414 1415
f 1416 1407 1400
f 1416 1400 1409
f 1417 1409 1410
f 1417 1416 1409
f 1418 1402 1411
f 1418 1410 1402
f 1419 1411 1403
f 1419 1403 1412
f 1420 1412 1404
f 1420 1404 1413
f 1421 1415 1422
f 1421 1422 1423
f 1421 1413 1415
f 1424 1408 1407
f 1424 1425 1408
f 1426 1416 1417
f 1427 1410 1418
f 1427 1417 1410
f 1428 1411 1419
f 1428 1418 1411
f 1429 1412 1420
f 1429 1419 1412
f 1430 1420 1413
f 1430 1413 1421
f 1431 1421 1423
f 1431 1423 1432
f 1431 1432 1433
f 1434 1424 1407
f 1434 1407 1416
f 1435 1417 1427
f 1435 1426 1417
f 1436 1427 1418
f 1436 1418 1428
f 1437 1428 1419
f 1437 1419 1429
f 1438 1429 1420
f 1438 1420 1430
f 1439 1430 1421
f 1439 1421 1431
f 1440 1431 1433
f 1440 1433 1441
f 1440 1441 1442
f 1443 1434 1416
f 1443 1416 1426
f 1443 1426 1435
f 1444 1435 1427
f 1444 1427 1436
f 1445 1428 1437
f 1445 1436 1428
f 1446 1429 1438
f 1446 1437 1429
f 1447 1430 1439
f 1447 1438 1430
f 1448 1439 1431
f 1448 1431 1440
f 1449 1448 1440
f 1449 1440 1442
f 1449 1442 1450
f 1449 1450 1451
f 1449 1451 1452
f 1453 1443 1435
f 1454 1444 1436
f 1454 1436 1445
f 1455 1445 1437
f 1455 1437 1446
f 1456 1438 1447
f 1456 1446 1438
f 1456 1455 1446
f 1457 1439 1448
f 1457 1447 1439
f 1458 1448 1449
f 1459 1453 1435
f 1459 1435 1444
f 1460 1454 1445
f 1460 1445 1455
f 1461 1455 1456
f 1462 1456 1447
f 1462 1447 1457
f 1463 1448 1458
f 1463 1457 1448
f 1463 1462 1457
f 1464 1449 1452
f 1464 1452 1465
f 1464 1465 1466
f 1464 1466 1467
f 1464 1467 1468
f 1469 1459 1444
f 1469 1444 1454
f 1470 1460 1455
f 1470 1455 1461
f 1471 1461 1456
f 1471 1456 1462
f 1472 1462 1463
f 1473 1454 1460
f 1473 1469 1454
f 1473 1460 1470
f 1474 1470 1461
f 1474 1461 1471
f 1475 1471 1462
f 1475 1462 1472
f 1476 1473 1470
f 1477 1474 1471
f 1477 1471 1475
f 1478 1479 1480
f 1478 1480 1481
f 1482 1476 1470
f 1482 1474 1477
f 1482 1470 1474
f 1483 1472 1484
f 1483 1475 1472
f 1485 1478 1481
f 1485 1481 1486
f 1487 1482 1477
f 1488 1477 1475
f 1488 1475 1483
f 1489 1478 1485
f 1490 1486 1491
f 1490 1485 1486
f 1492 1485 1490
f 1492 1489 1485
f 1493 1491 1494
f 1493 1490 1491
f 1495 1487 1477
f 1495 1477 1488
f 1496 1492 1490
f 1497 1494 1498
f 1497 1493 1494
f 1497 1498 1499
f 1500 1489 1492
f 1500 1501 1489
f 1502 1490 1493
f 1502 1496 1490
f 1502 1493 1497
f 1503 1497 1499
f 1504 1492 1496
f 1504 1500 1492
f 1505 1502 1497
f 1506 1499 1507
f 1506 1503 1499
f 1508 1509 1501
f 1508 1501 1500
f 1510 1496 1502
f 1510 1504 1496
f 1511 1505 1497
f 1511 1497 1503
f 1512 1507 1513
f 1512 1506 1507
f 1514 1504 1510
f 1514 1508 1500
f 1514 1500 1504
f 1515 1502 1505
f 1515 1510 1502
f 1516 1511 1503
f 1516 1503 1506
f 1516 1506 1512
f 1517 1512 1513
f 1517 1513 1518
f 1517 1518 1519
f 1520 1521 1509
f 1520 1509 1508
f 1522 1514 1510
f 1523 1505 1511
f 1523 1515 1505
f 1524 1512 1517
f 1524 1516 1512
f 1525 1517 1519
f 1526 1527 1528
f 1526 1528 1529
f 1530 1521 1520
f 1531 1520 1508
f 1531 1508 1514
f 1532 1510 1515
f 1532 1522 1510
f 1533 1511 1516
f 1533 1523 1511
f 1534 1524 1517
f 1535 1530 1520
f 1536 1514 1522
f 1536 1531 1514
f 1537 1515 1523
f 1537 1532 1515
f 1538 1516 1524
f 1538 1533 1516
f 1539 1534 1517
f 1539 1517 1525
f 1540 1526 1529
f 1540 1519 1526
f 1540 1525 1519
f 1540 1539 1525
f 1540 1529 1541
f 1542 1520 1531
f 1542 1535 1520
f 1543 1522 1532
f 1543 1536 1522
f 1544 1537 1523
f 1544 1523 1533
f 1545 1538 1524
f 1545 1524 1534
f 1545 1534 1539
f 1546 1530 1535
f 1546 1547 1530
f 1548 1531 1536
f 1548 1542 1531
f 1549 1543 1532
f 1549 1532 1537
f 1549 1537 1544
f 1550 1544 1533
f 1550 1533 1538
f 1551 1545 1539
f 1552 1539 1540
f 1552 1540 1541
f 1552 1541 1553
f 1552 1553 1554
f 1555 213 1556
f 1557 1542 1548
f 1557 1535 1542
f 1557 1546 1535
f 1558 1536 1543
f 1558 1548 1536
f 1559 1544 1550
f 1559 1549 1544
f 1560 1545 1551
f 1560 1550 1538
f 1560 1538 1545
f 1561 1555 1547
f 1561 1546 1557
f 1561 213 1555
f 1561 1547 1546
f 1562 1557 1548
f 1563 1543 1549
f 1563 1558 1543
f 1564 1559 1550
f 1565 1560 1551
f 1566 1551 1539
f 1566 1552 1554
f 1566 1539 1552
f 1566 1554 1567
f 1568 1561 1557
f 1568 213 1561
f 1569 1548 1558
f 1569 1562 1548
f 1570 1563 1549
f 1570 1549 1559
f 1570 1559 1564
f 1571 1560 1565
f 1571 1550 1560
f 1571 1564 1550
f 1572 1557 1562
f 1572 1568 1557
f 1572 213 1568
f 1573 1558 1563
f 1573 1569 1558
f 1574 1570 1564
f 1575 1571 1565
f 1576 1551 1566
f 1576 1565 1551
f 1576 1566 1567
f 1576 1567 1577
f 1576 1577 1578
f 1579 1562 1569
f 1579 1572 1562
f 1579 1569 1573
f 1579 213 1572
f 1580 1573 1563
f 1580 1563 1570
f 1581 1564 1571
f 1581 1574 1564
f 1582 213 1579
f 1582 1579 1573
f 1583 1580 1570
f 1583 1570 1574
f 1584 1581 1571
f 1584 1571 1575
f 1585 1576 1578
f 1585 1575 1565
f 1585 1565 1576
f 1585 1578 1586
f 1587 1582 1573
f 1587 213 1582
f 1587 1573 1580
f 1588 1583 1574
f 1588 1574 1581
f 1589 213 1587
f 1589 1583 1588
f 1589 1587 1580
f 1589 1580 1583
f 1590 1581 1584
f 1590 1588 1581
f 1591 1584 1575
f 1591 1585 1586
f 1591 1575 1585
f 1591 1586 1592
f 1591 1592 1593
f 1594 1589 1588
f 1594 213 1589
f 1595 1588 1590
f 1595 1594 1588
f 1595 213 1594
f 1596 1584 1591
f 1596 1590 1584
f 1596 1591 1593
f 1596 1593 1597
f 1598 1590 1596
f 1598 1595 1590
f 1598 213 1595
f 1598 1596 1597
f 1598 1597 1599
f 1598 1599 1600
f 1598 1600 213
f 1601 157 1369
f 1601 159 157
f 1601 162 159
f 1601 163 162
f 1601 1369 1374
f 1601 164 163
f 1601 1374 1382
f 1602 1601 1382
f 1602 165 164
f 1602 164 1601
f 1603 165 1602
f 1603 1602 1382
f 1604 166 165
f 1604 165 1603
f 1604 1603 1382
f 1605 167 166
f 1605 1382 1387
f 1605 166 1604
f 1605 1604 1382
f 1606 168 167
f 1606 167 1605
f 1606 1605 1387
f 1607 169 168
f 1607 168 1606
f 1607 1606 1387
f 1608 169 1607
f 1608 1607 1387
f 1609 169 1608
f 1609 170 169
f 1609 1608 1387
f 1610 171 170
f 1610 170 1609
f 1610 1609 1387
f 1611 172 171
f 1611 1387 1393
f 1611 171 1610
f 1611 1610 1387
f 1612 173 172
f 1612 172 1611
f 1612 1611 1393
f 1613 173 1612
f 1613 1612 1393
f 1614 177 173
f 1614 173 1613
f 1614 1613 1393
f 1615 178 177
f 1615 177 1614
f 1615 1614 1393
f 1616 179 178
f 1616 180 179
f 1616 1393 1394
f 1616 178 1615
f 1616 1615 1393
f 1617 1616 1394
f 1617 180 1616
f 1618 181 180
f 1618 1617 1394
f 1618 180 1617
f 1619 181 1618
f 1619 1618 1394
f 1620 181 1619
f 1620 182 181
f 1620 1619 1394
f 1621 182 1620
f 1621 1620 1394
f 1621 183 182
f 1621 1394 1408
f 1622 1621 1408
f 1622 183 1621
f 1623 1622 1408
f 1624 1623 1408
f 1625 1624 1408
f 1626 1625 1408
f 1626 1408 1425
f 1627 1626 1425
f 1628 1627 1425
f 1629 1628 1425
f 1630 1629 1425
f 1631 1425 1424
f 1631 1632 1630
f 1631 1630 1425
f 1633 1634 1635
f 1636 1637 1434
f 1636 1486 1637
f 1638 1434 1443
f 1638 1491 1486
f 1638 1636 1434
f 1638 1486 1636
f 1639 1484 1472
f 1639 1640 1484
f 1639 1458 1449
f 1639 1463 1458
f 1639 1464 1641
f 1639 1449 1464
f 1639 1641 1640
f 1639 1472 1463
f 1642 1638 1443
f 1642 1491 1638
f 1643 1494 1491
f 1643 1443 1453
f 1643 1642 1443
f 1643 1491 1642
f 1644 1371 1370
f 1644 1641 1464
f 1644 1468 1371
f 1644 1464 1468
f 1645 1498 1494
f 1645 1453 1459
f 1645 1643 1453
f 1645 1494 1643
f 1646 1644 1370
f 1646 1370 1647
f 1646 1641 1644
f 1646 1640 1641
f 1648 1484 1640
f 1648 1646 1647
f 1648 1640 1646
f 1649 1645 1459
f 1649 1498 1645
f 1650 1484 1648
f 1650 1648 1647
f 1651 1650 1647
f 1651 1483 1484
f 1651 1647 1652
f 1651 1484 1650
f 1653 1651 1652
f 1653 1483 1651
f 1654 1483 1653
f 1654 1488 1483
f 1654 1653 1652
f 1654 1652 1655
f 1656 1488 1654
f 1656 1654 1655
f 1657 1656 1655
f 1657 1495 1488
f 1657 1488 1656
f 1657 1655 1658
f 1659 1495 1657
f 1659 1657 1658
f 1659 1658 1660
f 1661 1495 1659
f 1662 1663 1664
f 1665 1662 1664
f 1665 1526 1519
f 1665 1527 1526
f 1665 1664 1527
f 1666 1622 1623
f 1666 1623 1624
f 1666 184 183
f 1666 1624 1625
f 1666 185 184
f 1666 183 1622
f 1667 186 185
f 1667 1666 1625
f 1667 185 1666
f 1668 190 186
f 1668 1625 1626
f 1668 186 1667
f 1668 1667 1625
f 1669 190 1668
f 1669 1668 1626
f 1670 190 1669
f 1670 1669 1626
f 1670 1626 1627
f 1671 191 190
f 1671 1627 1628
f 1671 190 1670
f 1671 1670 1627
f 1672 191 1671
f 1672 1671 1628
f 1673 1628 1629
f 1673 191 1672
f 1673 1672 1628
f 1674 1629 1630
f 1674 192 191
f 1674 1673 1629
f 1674 191 1673
f 1675 192 1674
f 1675 1674 1630
f 1676 193 192
f 1676 1630 1632
f 1676 192 1675
f 1676 1675 1630
f 1677 193 1676
f 1677 1676 1632
f 1678 193 1677
f 1679 1677 1632
f 1679 1678 1677
f 1680 1631 1424
f 1680 1434 1637
f 1680 1637 1681
f 1680 1424 1434
f 1682 1683 1684
f 1685 1682 1634
f 1685 1634 1633
f 1686 1685 1633
f 1687 1686 1633
f 1687 1633 1688
f 1689 1633 1635
f 1689 1688 1633
f 1690 1480 1689
f 1690 1486 1481
f 1690 1637 1486
f 1690 1481 1480
f 1690 1635 1681
f 1690 1689 1635
f 1690 1681 1637
f 1691 1689 1480
f 1691 1688 1689
f 1691 1692 1688
f 1693 1691 1480
f 1693 1692 1691
f 1693 1480 1479
f 1694 1459 1469
f 1694 1649 1459
f 1694 1469 1473
f 1694 1473 1476
f 1695 1649 1694
f 1695 1513 1507
f 1695 1507 1499
f 1695 1499 1498
f 1695 1498 1649
f 1696 1495 1661
f 1696 1661 1662
f 1696 1487 1495
f 1697 1698 1699
f 1700 1701 1697
f 1702 1700 1703
f 1704 1702 1703
f 1705 1696 1662
f 1706 1659 1660
f 1706 1662 1661
f 1706 1663 1662
f 1706 1661 1659
f 1706 1660 1663
f 1707 1665 1519
f 1707 1705 1662
f 1707 1662 1665
f 1707 1519 1705
f 1708 1709 1710
f 1711 1708 1710
f 1712 1713 1714
f 1715 1712 1714
f 1716 1556 213
f 1717 194 193
f 1717 1678 1679
f 1717 193 1678
f 1718 1684 1683
f 1718 194 1717
f 1718 198 194
f 1718 1683 198
f 1719 1679 1632
f 1719 1631 1680
f 1719 1632 1631
f 1720 1680 1681
f 1720 1681 1635
f 1720 1719 1680
f 1721 198 1683
f 1721 1683 1682
f 1722 198 1721
f 1722 1721 1682
f 1722 1682 1685
f 1723 198 1722
f 1723 1722 1685
f 1724 1720 1635
f 1724 1634 1682
f 1724 1635 1634
f 1724 1682 1684
f 1725 198 1723
f 1725 1686 1687
f 1725 1723 1685
f 1725 1685 1686
f 1726 1687 1688
f 1726 1688 1692
f 1727 202 198
f 1727 1725 1687
f 1727 198 1725
f 1728 1729 1479
f 1728 1479 1478
f 1728 1489 1730
f 1728 1478 1489
f 1731 1487 1696
f 1731 1482 1487
f 1731 1694 1476
f 1731 1476 1482
f 1732 1727 1733
f 1732 202 1727
f 1734 1694 1731
f 1734 1696 1705
f 1734 1695 1694
f 1734 1731 1696
f 1735 1736 1701
f 1735 1737 1736
f 1738 1737 1739
f 1738 1732 1737
f 1738 202 1732
f 1740 1739 1737
f 1740 1737 1735
f 1740 1735 1701
f 1741 1738 1739
f 1741 1739 1742
f 1741 202 1738
f 1743 1741 1742
f 1743 202 1741
f 1744 1739 1740
f 1744 1742 1739
f 1745 202 1743
f 1745 1743 1742
f 1745 1742 1746
f 1747 1744 1748
f 1747 1742 1744
f 1749 1518 1513
f 1749 1519 1518
f 1749 1705 1519
f 1749 1734 1705
f 1749 1695 1734
f 1749 1513 1695
f 1750 1742 1747
f 1750 1746 1742
f 1751 1745 1746
f 1751 202 1745
f 1752 1501 1509
f 1752 1697 1699
f 1752 1703 1700
f 1752 1700 1697
f 1752 1699 1501
f 1752 1509 1703
f 1753 1748 1702
f 1753 1702 1704
f 1754 1746 1750
f 1755 1754 1756
f 1757 1756 1704
f 1757 1704 1758
f 1759 1756 1757
f 1759 1755 1756
f 1760 202 1751
f 1760 208 202
f 1760 1751 1761
f 1762 1758 1704
f 1762 1509 1521
f 1762 1521 1763
f 1762 1704 1703
f 1762 1763 1758
f 1762 1703 1509
f 1764 208 1760
f 1765 208 1764
f 1766 1767 1768
f 1766 1768 1709
f 1769 208 1765
f 1770 1771 1772
f 1773 1709 1708
f 1773 1766 1709
f 1774 1773 1708
f 1775 209 208
f 1775 208 1769
f 1776 1768 1763
f 1776 1763 1521
f 1776 1521 1530
f 1776 1530 1710
f 1776 1710 1709
f 1776 1709 1768
f 1777 1708 1711
f 1777 1774 1708
f 1777 1772 1774
f 1778 1777 1711
f 1779 209 1775
f 1780 1714 1713
f 1781 209 1779
f 1782 213 209
f 1782 209 1781
f 1783 1780 1711
f 1783 1714 1780
f 1783 1711 1710
f 1783 1710 1530
f 1783 1530 1547
f 1783 1547 1714
f 1784 1785 1786
f 1787 1712 1715
f 1787 1784 1712
f 1787 1785 1784
f 1788 1715 1716
f 1788 1787 1715
f 1789 1716 213
f 1789 1788 1716
f 1789 1790 1788
f 1789 213 1790
f 1791 1555 1556
f 1791 1556 1716
f 1791 1716 1715
f 1791 1547 1555
f 1791 1715 1714
f 1791 1714 1547
f 1792 1718 1717
f 1792 1679 1719
f 1792 1719 1720
f 1792 1717 1679
f 1793 1720 1724
f 1793 1718 1792
f 1793 1792 1720
f 1793 1724 1684
f 1793 1684 1718
f 1794 1687 1726
f 1794 1726 1692
f 1794 1727 1687
f 1795 1794 1692
f 1795 1727 1794
f 1796 1795 1692
f 1796 1692 1693
f 1797 1796 1693
f 1798 1733 1727
f 1799 1800 1801
f 1799 1733 1798
f 1799 1798 1800
f 1802 1728 1730
f 1802 1729 1728
f 1803 1801 1800
f 1803 1800 1802
f 1803 1730 1801
f 1803 1802 1730
f 1804 1799 1801
f 1804 1733 1799
f 1805 1806 1733
f 1805 1807 1806
f 1805 1733 1804
f 1808 1732 1733
f 1808 1733 1806
f 1809 1801 1730
f 1810 1811 1736
f 1812 1737 1732
f 1812 1736 1737
f 1812 1810 1736
f 1813 1698 1811
f 1813 1699 1698
f 1813 1811 1807
f 1814 1811 1698
f 1814 1698 1697
f 1814 1736 1811
f 1814 1697 1701
f 1814 1701 1736
f 1815 1701 1700
f 1815 1740 1701
f 1816 1740 1815
f 1816 1748 1744
f 1816 1815 1700
f 1816 1702 1748
f 1816 1744 1740
f 1816 1700 1702
f 1817 1747 1748
f 1817 1750 1747
f 1817 1748 1753
f 1818 1746 1754
f 1818 1751 1746
f 1819 1817 1753
f 1819 1754 1750
f 1819 1704 1756
f 1819 1753 1704
f 1819 1756 1754
f 1819 1750 1817
f 1820 1818 1754
f 1820 1751 1818
f 1820 1754 1755
f 1820 1755 1761
f 1820 1761 1751
f 1821 1761 1755
f 1821 1755 1759
f 1822 1821 1759
f 1822 1761 1821
f 1822 1823 1761
f 1822 1824 1823
f 1822 1759 1824
f 1825 1757 1758
f 1825 1759 1757
f 1825 1824 1759
f 1826 1761 1823
f 1827 1825 1758
f 1827 1824 1825
f 1827 1763 1768
f 1827 1758 1763
f 1828 1827 1768
f 1828 1824 1827
f 1828 1768 1767
f 1829 1764 1760
f 1830 1764 1829
f 1830 1829 1831
f 1832 1767 1766
f 1833 1764 1830
f 1833 1765 1764
f 1834 1832 1766
f 1834 1835 1832
f 1834 1766 1773
f 1836 1837 1771
f 1836 1771 1770
f 1838 1833 1839
f 1838 1765 1833
f 1838 1769 1765
f 1840 1834 1773
f 1840 1772 1771
f 1840 1774 1772
f 1840 1773 1774
f 1841 1839 1836
f 1841 1836 1770
f 1841 1770 1842
f 1843 1769 1838
f 1844 1841 1842
f 1845 1769 1843
f 1845 1843 1846
f 1845 1775 1769
f 1847 1770 1772
f 1847 1842 1770
f 1847 1772 1777
f 1848 1846 1844
f 1849 1777 1778
f 1849 1847 1777
f 1850 1779 1775
f 1851 1852 1853
f 1854 1853 1778
f 1854 1711 1780
f 1854 1780 1713
f 1854 1713 1853
f 1854 1778 1711
f 1855 1851 1856
f 1857 1850 1858
f 1857 1779 1850
f 1859 1860 1861
f 1862 1851 1853
f 1862 1853 1713
f 1862 1856 1851
f 1863 1781 1779
f 1864 1860 1859
f 1865 1866 1863
f 1867 1781 1863
f 1867 1863 1866
f 1868 1786 1856
f 1868 1856 1862
f 1868 1862 1713
f 1868 1713 1712
f 1869 1786 1785
f 1869 1860 1864
f 1869 1864 1786
f 1870 1866 1865
f 1871 1786 1868
f 1871 1868 1712
f 1871 1712 1784
f 1871 1784 1786
f 1872 1869 1785
f 1873 1781 1867
f 1873 1782 1781
f 1874 1866 1870
f 1875 1876 213
f 1875 213 1782
f 1875 1782 1873
f 1877 1785 1787
f 1877 1872 1785
f 1878 1879 1880
f 1878 1874 1879
f 1881 1880 213
f 1881 213 1876
f 1881 1878 1880
f 1881 1876 1878
f 1882 1787 1788
f 1882 1877 1787
f 1883 1880 1879
f 1884 1882 1788
f 1884 1788 1790
f 1884 1790 1883
f 1885 213 1880
f 1885 1790 213
f 1885 1880 1883
f 1885 1883 1790
f 1886 1727 1795
f 1886 1795 1796
f 1887 1727 1886
f 1887 1798 1727
f 1887 1796 1797
f 1887 1797 1798
f 1887 1886 1796
f 1888 1479 1729
f 1888 1693 1479
f 1888 1797 1693
f 1889 1888 1729
f 1889 1802 1800
f 1889 1800 1798
f 1889 1798 1797
f 1889 1729 1802
f 1889 1797 1888
f 1890 1801 1809
f 1890 1804 1801
f 1890 1805 1804
f 1891 1805 1890
f 1891 1807 1805
f 1891 1890 1809
f 1891 1813 1807
f 1891 1809 1813
f 1892 1807 1811
f 1892 1806 1807
f 1892 1808 1806
f 1892 1811 1810
f 1892 1810 1808
f 1893 1732 1808
f 1893 1808 1810
f 1893 1812 1732
f 1893 1810 1812
f 1894 1730 1489
f 1894 1501 1699
f 1894 1489 1501
f 1894 1809 1730
f 1894 1699 1813
f 1894 1813 1809
f 1895 1760 1761
f 1895 1761 1826
f 1896 1824 1828
f 1896 1823 1824
f 1897 1760 1895
f 1897 1898 1899
f 1900 1760 1897
f 1900 1897 1899
f 1900 1829 1760
f 1900 1899 1829
f 1901 1832 1835
f 1901 1767 1832
f 1902 1901 1835
f 1902 1899 1898
f 1902 1898 1901
f 1903 1899 1902
f 1903 1902 1835
f 1903 1829 1899
f 1903 1831 1829
f 1904 1830 1831
f 1904 1831 1837
f 1904 1837 1836
f 1904 1833 1830
f 1904 1839 1833
f 1904 1836 1839
f 1905 1771 1837
f 1905 1835 1834
f 1905 1840 1771
f 1905 1834 1840
f 1906 1838 1839
f 1906 1843 1838
f 1906 1846 1843
f 1906 1844 1846
f 1906 1841 1844
f 1906 1839 1841
f 1907 1845 1846
f 1907 1908 1845
f 1907 1846 1848
f 1909 1844 1842
f 1909 1842 1847
f 1909 1847 1849
f 1910 1775 1845
f 1910 1845 1908
f 1911 1912 1913
f 1911 1848 1844
f 1911 1913 1848
f 1911 1909 1849
f 1911 1844 1909
f 1914 1907 1848
f 1914 1908 1907
f 1914 1848 1913
f 1915 1916 1850
f 1915 1850 1775
f 1915 1775 1910
f 1917 1908 1914
f 1918 1778 1853
f 1918 1912 1911
f 1918 1911 1849
f 1918 1849 1778
f 1918 1852 1912
f 1918 1853 1852
f 1919 1917 1912
f 1919 1912 1852
f 1920 1921 1922
f 1923 1858 1850
f 1923 1924 1858
f 1925 1926 1924
f 1925 1921 1855
f 1927 1924 1926
f 1927 1858 1924
f 1927 1926 1859
f 1928 1861 1858
f 1928 1859 1861
f 1928 1858 1927
f 1928 1927 1859
f 1929 1855 1856
f 1929 1926 1925
f 1929 1925 1855
f 1930 1857 1858
f 1930 1858 1861
f 1930 1931 1857
f 1932 1779 1857
f 1932 1857 1931
f 1932 1931 1865
f 1933 1856 1786
f 1933 1929 1856
f 1933 1859 1926
f 1933 1926 1929
f 1934 1779 1932
f 1934 1863 1779
f 1934 1865 1863
f 1934 1932 1865
f 1935 1861 1860
f 1935 1930 1861
f 1935 1931 1930
f 1936 1933 1786
f 1936 1786 1864
f 1936 1864 1859
f 1936 1859 1933
f 1937 1931 1935
f 1937 1865 1931
f 1938 1865 1937
f 1938 1870 1865
f 1938 1939 1870
f 1940 1867 1866
f 1940 1866 1874
f 1941 1940 1874
f 1941 1867 1940
f 1941 1873 1867
f 1941 1874 1878
f 1942 1939 1872
f 1942 1872 1877
f 1943 1873 1941
f 1943 1876 1875
f 1943 1941 1878
f 1943 1878 1876
f 1943 1875 1873
f 1944 1942 1877
f 1944 1874 1870
f 1944 1870 1939
f 1944 1939 1942
f 1944 1877 1882
f 1945 1944 1882
f 1945 1879 1874
f 1945 1874 1944
f 1946 1945 1882
f 1946 1879 1945
f 1946 1882 1884
f 1947 1879 1946
f 1947 1946 1884
f 1947 1883 1879
f 1947 1884 1883
f 1948 1826 1823
f 1949 1826 1948
f 1950 1903 1835
f 1950 1831 1903
f 1950 1837 1831
f 1950 1835 1905
f 1950 1905 1837
f 1951 1914 1913
f 1951 1917 1914
f 1951 1912 1917
f 1951 1913 1912
f 1952 1917 1919
f 1952 1919 1920
f 1953 1922 1916
f 1953 1952 1920
f 1953 1916 1952
f 1953 1920 1922
f 1954 1916 1922
f 1954 1850 1916
f 1954 1923 1850
f 1955 1852 1851
f 1955 1920 1919
f 1955 1919 1852
f 1956 1923 1954
f 1956 1922 1921
f 1956 1921 1925
f 1956 1954 1922
f 1957 1851 1855
f 1957 1955 1851
f 1957 1920 1955
f 1957 1921 1920
f 1957 1855 1921
f 1958 1925 1924
f 1958 1924 1923
f 1958 1956 1925
f 1958 1923 1956
f 1959 1935 1860
f 1959 1860 1869
f 1960 1935 1959
f 1960 1937 1935
f 1960 1869 1872
f 1960 1959 1869
f 1961 1938 1937
f 1961 1939 1938
f 1961 1872 1939
f 1961 1937 1960
f 1961 1960 1872
f 1962 1949 1898
f 1962 1898 1897
f 1962 1895 1826
f 1962 1897 1895
f 1962 1826 1949
f 1963 1896 1828
f 1963 1823 1896
f 1963 1948 1823
f 1964 1828 1767
f 1964 1963 1828
f 1964 1949 1948
f 1964 1948 1963
f 1965 1898 1949
f 1965 1767 1901
f 1965 1901 1898
f 1965 1964 1767
f 1965 1949 1964
f 1966 1910 1908
f 1966 1917 1952
f 1966 1916 1915
f 1966 1915 1910
f 1966 1908 1917
f 1966 1952 1916
f 272 259 337
f 1372 1967 1373
f 1968 474 476
f 1968 476 1969
f 1970 554 474
f 1970 474 1968
f 1971 552 554
f 1971 554 1970
f 1972 557 552
f 1972 552 1971
f 1973 607 557
f 1973 557 1972
f 1974 609 607
f 1974 607 1973
f 1975 1968 1969
f 1975 1969 1976
f 1977 565 609
f 1977 609 1974
f 1978 1970 1968
f 1978 1968 1975
f 1979 551 565
f 1979 565 1977
f 1980 1970 1978
f 1980 1971 1970
f 1981 549 551
f 1981 551 1979
f 1982 1971 1980
f 1982 1972 1971
f 1983 547 549
f 1983 549 1981
f 1984 1973 1972
f 1984 1972 1982
f 1985 544 547
f 1985 547 1983
f 1986 1974 1973
f 1986 1973 1984
f 1987 1976 1988
f 1987 1975 1976
f 1989 540 544
f 1989 544 1985
f 1990 1977 1974
f 1990 1974 1986
f 1991 1975 1987
f 1991 1978 1975
f 1991 1980 1978
f 1992 535 540
f 1992 540 1989
f 1993 1979 1977
f 1993 1977 1990
f 1994 1980 1991
f 1995 535 1992
f 1995 533 535
f 1996 1981 1979
f 1996 1979 1993
f 1997 1980 1994
f 1997 1982 1980
f 1998 531 533
f 1998 533 1995
f 1999 1983 1981
f 1999 1981 1996
f 2000 1982 1997
f 2000 1984 1982
f 2001 602 531
f 2001 531 1998
f 2002 1985 1983
f 2002 1983 1999
f 2003 1986 1984
f 2003 1990 1986
f 2003 1984 2000
f 2004 1987 1988
f 2004 1988 2005
f 2006 604 602
f 2006 602 2001
f 2007 1985 2002
f 2007 1989 1985
f 2008 1990 2003
f 2009 1991 1987
f 2009 1987 2004
f 2010 530 604
f 2010 604 2006
f 2011 1995 1992
f 2011 1989 2007
f 2011 1992 1989
f 2012 1990 2008
f 2012 1993 1990
f 2013 1991 2009
f 2013 1994 1991
f 2014 530 2010
f 2014 521 530
f 2015 1995 2011
f 2016 1996 1993
f 2016 1993 2012
f 2017 1997 1994
f 2017 2000 1997
f 2017 1994 2013
f 2018 516 521
f 2018 521 2014
f 2019 2001 1998
f 2019 1998 1995
f 2019 1995 2015
f 2020 1999 1996
f 2020 1996 2016
f 2021 2000 2017
f 2022 510 516
f 2022 516 2018
f 2023 2006 2001
f 2023 2001 2019
f 2024 1999 2020
f 2024 2002 1999
f 2025 2003 2000
f 2025 2000 2021
f 2026 2009 2004
f 2026 2005 2027
f 2026 2004 2005
f 2028 509 510
f 2028 510 2022
f 2029 2006 2023
f 2030 2002 2024
f 2030 2007 2002
f 2030 2011 2007
f 2031 2008 2003
f 2031 2003 2025
f 2032 2009 2026
f 2033 499 509
f 2033 509 2028
f 2034 2006 2029
f 2034 2010 2006
f 2035 2011 2030
f 2036 2008 2031
f 2036 2016 2012
f 2036 2012 2008
f 2037 2013 2009
f 2037 2009 2032
f 2037 2017 2013
f 2038 495 499
f 2038 499 2033
f 2039 2010 2034
f 2039 2014 2010
f 2040 2011 2035
f 2040 2015 2011
f 2041 2016 2036
f 2042 2017 2037
f 2043 490 495
f 2043 495 2038
f 2044 2018 2014
f 2044 2014 2039
f 2045 2015 2040
f 2045 2019 2015
f 2046 2020 2016
f 2046 2016 2041
f 2047 2025 2021
f 2047 2021 2017
f 2047 2017 2042
f 2048 484 490
f 2048 490 2043
f 2049 2018 2044
f 2049 2022 2018
f 2050 2019 2045
f 2050 2023 2019
f 2051 2020 2046
f 2051 2024 2020
f 2052 2025 2047
f 2053 2026 2027
f 2053 2027 2054
f 2055 484 2048
f 2055 480 484
f 2056 2028 2022
f 2056 2022 2049
f 2057 2029 2023
f 2057 2023 2050
f 2058 2024 2051
f 2058 2030 2024
f 2059 2025 2052
f 2059 2031 2025
f 2060 2032 2026
f 2060 2026 2053
f 2061 480 2055
f 2061 478 480
f 2062 2033 2028
f 2062 2028 2056
f 2063 2034 2029
f 2063 2029 2057
f 2064 2030 2058
f 2064 2035 2030
f 2065 2036 2031
f 2065 2031 2059
f 2066 2042 2037
f 2066 2032 2060
f 2066 2037 2032
f 2067 481 478
f 2067 478 2061
f 2068 2033 2062
f 2068 2038 2033
f 2068 2043 2038
f 2069 2044 2039
f 2069 2034 2063
f 2069 2039 2034
f 2070 2040 2035
f 2070 2035 2064
f 2071 2041 2036
f 2071 2036 2065
f 2071 2046 2041
f 2072 2042 2066
f 2073 344 481
f 2073 481 2067
f 2074 2043 2068
f 2075 2044 2069
f 2076 2045 2040
f 2076 2040 2070
f 2077 2046 2071
f 2078 2042 2072
f 2078 2047 2042
f 2079 344 2073
f 2079 338 344
f 2080 2043 2074
f 2080 2048 2043
f 2081 2044 2075
f 2081 2056 2049
f 2081 2049 2044
f 2082 2045 2076
f 2082 2050 2045
f 2083 2051 2046
f 2083 2046 2077
f 2084 2047 2078
f 2084 2052 2047
f 2085 2053 2054
f 2085 2060 2053
f 2085 2054 2086
f 2087 272 337
f 2087 337 338
f 2087 338 2079
f 2088 2048 2080
f 2088 2055 2048
f 2089 2056 2081
f 2090 2057 2050
f 2090 2063 2057
f 2090 2050 2082
f 2091 2058 2051
f 2091 2051 2083
f 2092 2052 2084
f 2092 2059 2052
f 2093 2060 2085
f 2094 2061 2055
f 2094 2055 2088
f 2095 2062 2056
f 2095 2068 2062
f 2095 2056 2089
f 2096 2063 2090
f 2097 2064 2058
f 2097 2058 2091
f 2098 2059 2092
f 2098 2065 2059
f 2099 2072 2066
f 2099 2066 2060
f 2099 2060 2093
f 2100 2067 2061
f 2100 2061 2094
f 2101 2068 2095
f 2102 2069 2063
f 2102 2063 2096
f 2103 2070 2064
f 2103 2064 2097
f 2104 2071 2065
f 2104 2065 2098
f 2105 2072 2099
f 2106 2073 2067
f 2106 2067 2100
f 2107 2068 2101
f 2107 2074 2068
f 2108 2069 2102
f 2108 2075 2069
f 2109 2070 2103
f 2109 2076 2070
f 2110 2083 2077
f 2110 2071 2104
f 2110 2077 2071
f 2111 2078 2072
f 2111 2072 2105
f 2111 2084 2078
f 2112 2073 2106
f 2112 2079 2073
f 2112 2087 2079
f 2113 2080 2074
f 2113 2074 2107
f 2113 2088 2080
f 2114 2075 2108
f 2114 2081 2075
f 2115 2082 2076
f 2115 2090 2082
f 2115 2076 2109
f 2116 2091 2083
f 2116 2083 2110
f 2117 2084 2111
f 2118 2086 2119
f 2118 2119 2120
f 2118 2085 2086
f 2121 272 2087
f 2121 2087 2112
f 2121 280 272
f 2122 2094 2088
f 2122 2088 2113
f 2123 2081 2114
f 2123 2089 2081
f 2124 2090 2115
f 2125 2091 2116
f 2126 2084 2117
f 2126 2092 2084
f 2127 2093 2085
f 2127 2085 2118
f 2128 2094 2122
f 2129 2095 2089
f 2129 2089 2123
f 2130 2096 2090
f 2130 2090 2124
f 2131 2091 2125
f 2131 2097 2091
f 2132 2098 2092
f 2132 2092 2126
f 2133 2099 2093
f 2133 2093 2127
f 2134 2100 2094
f 2134 2094 2128
f 2135 2095 2129
f 2135 2101 2095
f 2136 2108 2102
f 2136 2102 2096
f 2136 2096 2130
f 2137 2103 2097
f 2137 2097 2131
f 2138 2098 2132
f 2138 2104 2098
f 2138 2110 2104
f 2139 2099 2133
f 2139 2105 2099
f 2139 2111 2105
f 2140 2106 2100
f 2140 2100 2134
f 2141 2107 2101
f 2141 2101 2135
f 2142 2108 2136
f 2143 2103 2137
f 2143 2109 2103
f 2144 2110 2138
f 2145 2111 2139
f 2146 2112 2106
f 2146 2106 2140
f 2147 2107 2141
f 2147 2113 2107
f 2148 2108 2142
f 2148 2114 2108
f 2148 2123 2114
f 2149 2115 2109
f 2149 2109 2143
f 2150 2116 2110
f 2150 2125 2116
f 2150 2110 2144
f 2151 2117 2111
f 2151 2111 2145
f 2152 2118 2120
f 2153 2112 2146
f 2153 288 280
f 2153 2121 2112
f 2153 280 2121
f 2154 2122 2113
f 2154 2113 2147
f 2155 2123 2148
f 2156 2124 2115
f 2156 2115 2149
f 2157 2125 2150
f 2158 2117 2151
f 2158 2126 2117
f 2159 2133 2127
f 2159 2118 2152
f 2159 2127 2118
f 2160 2134 2128
f 2160 2122 2154
f 2160 2128 2122
f 2161 2123 2155
f 2161 2129 2123
f 2162 2124 2156
f 2162 2130 2124
f 2163 2125 2157
f 2163 2131 2125
f 2164 2126 2158
f 2164 2132 2126
f 2165 2133 2159
f 2166 2134 2160
f 2167 2141 2135
f 2167 2129 2161
f 2167 2135 2129
f 2168 2130 2162
f 2168 2142 2136
f 2168 2136 2130
f 2169 2131 2163
f 2169 2137 2131
f 2170 2132 2164
f 2170 2138 2132
f 2171 2139 2133
f 2171 2133 2165
f 2172 2140 2134
f 2172 2134 2166
f 2173 2141 2167
f 2174 2142 2168
f 2175 2137 2169
f 2175 2143 2137
f 2176 2138 2170
f 2176 2150 2144
f 2176 2144 2138
f 2177 2145 2139
f 2177 2139 2171
f 2178 2146 2140
f 2178 2140 2172
f 2178 2153 2146
f 2179 2147 2141
f 2179 2141 2173
f 2180 2148 2142
f 2180 2142 2174
f 2181 2149 2143
f 2181 2143 2175
f 2182 2150 2176
f 2183 2145 2177
f 2183 2151 2145
f 2183 2158 2151
f 2184 2120 2185
f 2184 2152 2120
f 2186 2153 2178
f 2186 288 2153
f 2186 293 288
f 2187 2154 2147
f 2187 2147 2179
f 2188 2148 2180
f 2188 2155 2148
f 2189 2156 2149
f 2189 2149 2181
f 2190 2150 2182
f 2190 2157 2150
f 2190 2163 2157
f 2191 2164 2158
f 2191 2158 2183
f 2192 2165 2159
f 2192 2152 2184
f 2192 2159 2152
f 2193 2160 2154
f 2193 2154 2187
f 2194 2155 2188
f 2194 2167 2161
f 2194 2161 2155
f 2195 2156 2189
f 2195 2162 2156
f 2196 2163 2190
f 2197 2170 2164
f 2197 2164 2191
f 2198 2165 2192
f 2199 2166 2160
f 2199 2160 2193
f 2200 2167 2194
f 2201 2168 2162
f 2201 2162 2195
f 2202 2169 2163
f 2202 2163 2196
f 2202 2175 2169
f 2203 2170 2197
f 2204 2165 2198
f 2204 2171 2165
f 2204 2177 2171
f 2205 2166 2199
f 2205 2172 2166
f 2206 2167 2200
f 2206 2179 2173
f 2206 2173 2167
f 2207 2174 2168
f 2207 2168 2201
f 2208 2175 2202
f 2208 2181 2175
f 2209 2170 2203
f 2209 2176 2170
f 2210 2177 2204
f 2211 2172 2205
f 2211 2178 2172
f 2211 2186 2178
f 2212 2179 2206
f 2213 2180 2174
f 2213 2174 2207
f 2214 2181 2208
f 2214 2189 2181
f 2215 2182 2176
f 2215 2190 2182
f 2215 2176 2209
f 2216 2177 2210
f 2216 2191 2183
f 2216 2183 2177
f 2217 2185 2218
f 2217 2218 2219
f 2217 2184 2185
f 2220 2186 2211
f 2220 293 2186
f 2220 298 293
f 2221 2179 2212
f 2221 2187 2179
f 2221 2193 2187
f 2222 2180 2213
f 2222 2188 2180
f 2223 2189 2214
f 2224 2190 2215
f 2225 2191 2216
f 2225 2197 2191
f 2226 2192 2184
f 2226 2184 2217
f 2227 2193 2221
f 2228 2194 2188
f 2228 2188 2222
f 2229 2189 2223
f 2229 2195 2189
f 2230 2190 2224
f 2230 2196 2190
f 2231 2197 2225
f 2232 2192 2226
f 2232 2198 2192
f 2233 2199 2193
f 2233 2205 2199
f 2233 2193 2227
f 2234 2194 2228
f 2234 2200 2194
f 2235 2201 2195
f 2235 2195 2229
f 2236 2202 2196
f 2236 2196 2230
f 2236 2208 2202
f 2237 2203 2197
f 2237 2197 2231
f 2238 2204 2198
f 2238 2198 2232
f 2239 2211 2205
f 2239 2205 2233
f 2240 2206 2200
f 2240 2200 2234
f 2241 2207 2201
f 2241 2201 2235
f 2242 2208 2236
f 2243 2203 2237
f 2243 2215 2209
f 2243 2209 2203
f 2244 2210 2204
f 2244 2204 2238
f 2245 2211 2239
f 2246 2212 2206
f 2246 2206 2240
f 2247 2213 2207
f 2247 2207 2241
f 2248 2214 2208
f 2248 2208 2242
f 2249 2215 2243
f 2250 2210 2244
f 2250 2216 2210
f 2251 2217 2219
f 2252 2211 2245
f 2252 2220 2211
f 2252 298 2220
f 2252 296 298
f 2253 2221 2212
f 2253 2212 2246
f 2254 2213 2247
f 2254 2222 2213
f 2255 2214 2248
f 2255 2223 2214
f 2256 2224 2215
f 2256 2215 2249
f 2257 2216 2250
f 2257 2225 2216
f 2258 2217 2251
f 2258 2226 2217
f 2259 2221 2253
f 2259 2227 2221
f 2260 2222 2254
f 2260 2228 2222
f 2261 2223 2255
f 2261 2235 2229
f 2261 2229 2223
f 2262 2230 2224
f 2262 2224 2256
f 2263 2225 2257
f 2263 2231 2225
f 2264 2226 2258
f 2264 2232 2226
f 2265 2233 2227
f 2265 2227 2259
f 2266 2234 2228
f 2266 2228 2260
f 2267 2235 2261
f 2268 2236 2230
f 2268 2230 2262
f 2269 2237 2231
f 2269 2231 2263
f 2270 2238 2232
f 2270 2232 2264
f 2271 2239 2233
f 2271 2233 2265
f 2272 2234 2266
f 2272 2240 2234
f 2273 2235 2267
f 2273 2241 2235
f 2274 2236 2268
f 2274 2242 2236
f 2275 2237 2269
f 2275 2243 2237
f 2276 2238 2270
f 2276 2244 2238
f 2277 2239 2271
f 2277 2245 2239
f 2278 2246 2240
f 2278 2240 2272
f 2279 2247 2241
f 2279 2241 2273
f 2280 2248 2242
f 2280 2242 2274
f 2280 2255 2248
f 2281 2249 2243
f 2281 2243 2275
f 2282 2244 2276
f 2282 2250 2244
f 2283 2258 2251
f 2283 2251 2219
f 2283 2219 2284
f 2285 2252 2245
f 2285 2245 2277
f 2285 296 2252
f 2285 291 296
f 2286 2246 2278
f 2286 2253 2246
f 2287 2247 2279
f 2287 2254 2247
f 2288 2255 2280
f 2289 2256 2249
f 2289 2249 2281
f 2289 2262 2256
f 2290 2257 2250
f 2290 2250 2282
f 2291 2258 2283
f 2291 2264 2258
f 2292 2253 2286
f 2292 2259 2253
f 2293 2254 2287
f 2293 2260 2254
f 2294 2255 2288
f 2294 2261 2255
f 2295 2262 2289
f 2296 2269 2263
f 2296 2263 2257
f 2296 2257 2290
f 2297 2264 2291
f 2298 2259 2292
f 2298 2265 2259
f 2299 2272 2266
f 2299 2260 2293
f 2299 2266 2260
f 2300 2261 2294
f 2300 2267 2261
f 2301 2262 2295
f 2301 2268 2262
f 2302 2269 2296
f 2303 2270 2264
f 2303 2264 2297
f 2304 2271 2265
f 2304 2265 2298
f 2305 2272 2299
f 2306 2273 2267
f 2306 2267 2300
f 2307 2274 2268
f 2307 2268 2301
f 2308 2269 2302
f 2308 2281 2275
f 2308 2275 2269
f 2309 2270 2303
f 2309 2276 2270
f 2309 2282 2276
f 2310 2277 2271
f 2310 2271 2304
f 2311 2278 2272
f 2311 2272 2305
f 2312 2273 2306
f 2312 2279 2273
f 2313 2274 2307
f 2313 2280 2274
f 2314 2281 2308
f 2315 2282 2309
f 2316 2284 2317
f 2316 2317 2318
f 2316 2283 2284
f 2319 2277 2310
f 2319 2310 285
f 2319 2285 2277
f 2319 291 2285
f 2319 285 291
f 2320 2278 2311
f 2320 2286 2278
f 2321 2279 2312
f 2321 2287 2279
f 2322 2280 2313
f 2322 2288 2280
f 2323 2281 2314
f 2323 2289 2281
f 2324 2282 2315
f 2324 2290 2282
f 2325 2283 2316
f 2325 2291 2283
f 2326 2292 2286
f 2326 2286 2320
f 2327 2293 2287
f 2327 2287 2321
f 2327 2299 2293
f 2328 2294 2288
f 2328 2288 2322
f 2329 2301 2295
f 2329 2289 2323
f 2329 2295 2289
f 2330 2296 2290
f 2330 2302 2296
f 2330 2290 2324
f 2331 2291 2325
f 2331 2297 2291
f 2332 2298 2292
f 2332 2292 2326
f 2333 2299 2327
f 2334 2294 2328
f 2334 2300 2294
f 2335 2307 2301
f 2335 2301 2329
f 2336 2308 2302
f 2336 2302 2330
f 2337 2303 2297
f 2337 2297 2331
f 2338 2304 2298
f 2338 2298 2332
f 2339 2305 2299
f 2339 2299 2333
f 2340 2306 2300
f 2340 2300 2334
f 2341 2307 2335
f 2342 2308 2336
f 2343 2303 2337
f 2343 2309 2303
f 2344 2310 2304
f 2344 285 2310
f 2344 2304 2338
f 2345 2311 2305
f 2345 2305 2339
f 2346 2306 2340
f 2346 2312 2306
f 2347 2313 2307
f 2347 2322 2313
f 2347 2307 2341
f 2348 2314 2308
f 2348 2308 2342
f 2349 2309 2343
f 2349 2315 2309
f 2350 2316 2318
f 2351 285 2344
f 2351 2344 277
f 2351 277 285
f 2352 2320 2311
f 2352 2311 2345
f 2353 2327 2321
f 2353 2312 2346
f 2353 2321 2312
f 2354 2322 2347
f 2355 2323 2314
f 2355 2314 2348
f 2355 2329 2323
f 2356 2315 2349
f 2356 2324 2315
f 2356 2330 2324
f 2357 2316 2350
f 2357 2325 2316
f 2358 2326 2320
f 2358 2320 2352
f 2359 2327 2353
f 2359 2333 2327
f 2360 2328 2322
f 2360 2322 2354
f 2360 2334 2328
f 2361 2329 2355
f 2362 2330 2356
f 2362 2336 2330
f 2363 2331 2325
f 2363 2325 2357
f 2364 2326 2358
f 2364 2332 2326
f 2365 2333 2359
f 2366 2334 2360
f 2367 2341 2335
f 2367 2329 2361
f 2367 2335 2329
f 2368 2342 2336
f 2368 2336 2362
f 2369 2343 2337
f 2369 2331 2363
f 2369 2337 2331
f 2370 2338 2332
f 2370 2332 2364
f 2371 2333 2365
f 2371 2339 2333
f 2372 2340 2334
f 2372 2334 2366
f 2373 2341 2367
f 2374 2342 2368
f 2375 2343 2369
f 2376 2344 2338
f 2376 277 2344
f 2376 2338 2370
f 2377 2345 2339
f 2377 2339 2371
f 2378 2346 2340
f 2378 2340 2372
f 2379 2341 2373
f 2379 2347 2341
f 2380 2342 2374
f 2380 2348 2342
f 2381 2343 2375
f 2381 2349 2343
f 2382 2350 2318
f 2382 2318 2383
f 2382 2383 2384
f 2385 277 2376
f 2385 2376 268
f 2385 268 277
f 2386 2345 2377
f 2386 2352 2345
f 2387 2353 2346
f 2387 2346 2378
f 2388 2347 2379
f 2388 2354 2347
f 2389 2355 2348
f 2389 2348 2380
f 2390 2356 2349
f 2390 2349 2381
f 2391 2350 2382
f 2391 2357 2350
f 2391 2363 2357
f 2392 2352 2386
f 2392 2358 2352
f 2393 2359 2353
f 2393 2353 2387
f 2394 2360 2354
f 2394 2354 2388
f 2395 2367 2361
f 2395 2355 2389
f 2395 2361 2355
f 2396 2362 2356
f 2396 2356 2390
f 2397 2363 2391
f 2398 2358 2392
f 2398 2364 2358
f 2399 2359 2393
f 2399 2365 2359
f 2400 2360 2394
f 2400 2366 2360
f 2401 2367 2395
f 2402 2368 2362
f 2402 2362 2396
f 2403 2363 2397
f 2403 2369 2363
f 2404 2364 2398
f 2404 2370 2364
f 2404 2376 2370
f 2405 2377 2371
f 2405 2365 2399
f 2405 2371 2365
f 2406 2378 2372
f 2406 2372 2366
f 2406 2366 2400
f 2407 2367 2401
f 2407 2373 2367
f 2407 2379 2373
f 2408 2374 2368
f 2408 2380 2374
f 2408 2368 2402
f 2409 2369 2403
f 2409 2375 2369
f 2410 268 2376
f 2410 2376 2404
f 2411 2377 2405
f 2412 2378 2406
f 2413 2388 2379
f 2413 2379 2407
f 2414 2380 2408
f 2415 2375 2409
f 2415 2381 2375
f 2416 2382 2384
f 2417 2410 244
f 2417 244 268
f 2417 268 2410
f 2418 2392 2386
f 2418 2386 2377
f 2418 2377 2411
f 2419 2387 2378
f 2419 2393 2387
f 2419 2378 2412
f 2420 2388 2413
f 2421 2389 2380
f 2421 2380 2414
f 2422 2390 2381
f 2422 2396 2390
f 2422 2381 2415
f 2423 2382 2416
f 2423 2391 2382
f 2424 2392 2418
f 2425 2393 2419
f 2425 2399 2393
f 2426 2388 2420
f 2426 2394 2388
f 2427 2389 2421
f 2427 2395 2389
f 2428 2396 2422
f 2429 2391 2423
f 2429 2397 2391
f 2430 2392 2424
f 2430 2398 2392
f 2431 2399 2425
f 2432 2394 2426
f 2432 2400 2394
f 2433 2401 2395
f 2433 2395 2427
f 2434 2402 2396
f 2434 2396 2428
f 2435 2397 2429
f 2435 2409 2403
f 2435 2403 2397
f 2436 2410 2404
f 2436 2404 2398
f 2436 2398 2430
f 2437 2399 2431
f 2437 2411 2405
f 2437 2405 2399
f 2438 2412 2406
f 2438 2400 2432
f 2438 2406 2400
f 2439 2407 2401
f 2439 2401 2433
f 2440 2408 2402
f 2440 2402 2434
f 2441 2409 2435
f 2442 244 2410
f 2442 2410 2436
f 2443 2411 2437
f 2444 2412 2438
f 2445 2413 2407
f 2445 2407 2439
f 2446 2414 2408
f 2446 2408 2440
f 2446 2421 2414
f 2447 2409 2441
f 2447 2422 2415
f 2447 2415 2409
f 2448 2384 2449
f 2448 2416 2384
f 2448 2423 2416
f 2450 2442 242
f 2450 242 244
f 2450 244 2442
f 2451 2411 2443
f 2451 2418 2411
f 2452 2419 2412
f 2452 2425 2419
f 2452 2412 2444
f 2453 2420 2413
f 2453 2413 2445
f 2454 2421 2446
f 2454 2427 2421
f 2455 2422 2447
f 2456 2423 2448
f 2457 2418 2451
f 2457 2424 2418
f 2458 2425 2452
f 2459 2420 2453
f 2459 2426 2420
f 2460 2427 2454
f 2461 2428 2422
f 2461 2422 2455
f 2462 2429 2423
f 2462 2423 2456
f 2463 2436 2430
f 2463 2424 2457
f 2463 2430 2424
f 2464 2425 2458
f 2464 2431 2425
f 2465 2426 2459
f 2465 2432 2426
f 2466 2433 2427
f 2466 2427 2460
f 2467 2428 2461
f 2467 2434 2428
f 2468 2435 2429
f 2468 2429 2462
f 2469 2436 2463
f 2470 2437 2431
f 2470 2431 2464
f 2471 2432 2465
f 2471 2438 2432
f 2472 2433 2466
f 2472 2445 2439
f 2472 2439 2433
f 2473 2446 2440
f 2473 2440 2434
f 2473 2434 2467
f 2474 2435 2468
f 2474 2441 2435
f 2475 2442 2436
f 2475 242 2442
f 2475 2436 2469
f 2476 2451 2443
f 2476 2443 2437
f 2476 2437 2470
f 2477 2444 2438
f 2477 2438 2471
f 2478 2445 2472
f 2478 2453 2445
f 2479 2446 2473
f 2480 2447 2441
f 2480 2441 2474
f 2481 2448 2449
f 2481 2449 2482
f 2483 2475 240
f 2483 242 2475
f 2483 240 242
f 2484 2451 2476
f 2485 2452 2444
f 2485 2444 2477
f 2486 2459 2453
f 2486 2453 2478
f 2487 2454 2446
f 2487 2446 2479
f 2487 2460 2454
f 2488 2455 2447
f 2488 2447 2480
f 2489 2456 2448
f 2489 2448 2481
f 2490 2457 2451
f 2490 2451 2484
f 2491 2452 2485
f 2491 2458 2452
f 2492 2459 2486
f 2493 2460 2487
f 2494 2461 2455
f 2494 2455 2488
f 2495 2456 2489
f 2495 2462 2456
f 2496 2463 2457
f 2496 2457 2490
f 2497 2464 2458
f 2497 2458 2491
f 2497 2470 2464
f 2498 2465 2459
f 2498 2459 2492
f 2499 2466 2460
f 2499 2460 2493
f 2500 2461 2494
f 2500 2467 2461
f 2501 2468 2462
f 2501 2462 2495
f 2502 2475 2469
f 2502 2463 2496
f 2502 2469 2463
f 2503 2470 2497
f 2504 2465 2498
f 2504 2471 2465
f 2505 2466 2499
f 2505 2478 2472
f 2505 2472 2466
f 2506 2467 2500
f 2506 2473 2467
f 2507 2474 2468
f 2507 2480 2474
f 2507 2468 2501
f 2508 240 2475
f 2508 2475 2502
f 2509 2470 2503
f 2509 2476 2470
f 2510 2485 2477
f 2510 2471 2504
f 2510 2477 2471
f 2511 2486 2478
f 2511 2478 2505
f 2512 2479 2473
f 2512 2473 2506
f 2513 2488 2480
f 2513 2480 2507
f 2514 2481 2482
f 2514 2482 2515
f 2516 240 2508
f 2516 238 240
f 2516 2508 238
f 2517 2484 2476
f 2517 2476 2509
f 2518 2485 2510
f 2518 2491 2485
f 2519 2492 2486
f 2519 2486 2511
f 2520 2479 2512
f 2520 2487 2479
f 2521 2488 2513
f 2521 2494 2488
f 2522 2481 2514
f 2522 2489 2481
f 2523 2484 2517
f 2523 2490 2484
f 2524 2491 2518
f 2525 2492 2519
f 2526 2493 2487
f 2526 2487 2520
f 2527 2494 2521
f 2528 2495 2489
f 2528 2489 2522
f 2529 2490 2523
f 2529 2496 2490
f 2530 2491 2524
f 2530 2497 2491
f 2531 2498 2492
f 2531 2492 2525
f 2532 2499 2493
f 2532 2493 2526
f 2532 2505 2499
f 2533 2494 2527
f 2533 2500 2494
f 2534 2495 2528
f 2534 2501 2495
f 2535 2502 2496
f 2535 2496 2529
f 2536 2503 2497
f 2536 2509 2503
f 2536 2497 2530
f 2537 2504 2498
f 2537 2498 2531
f 2538 2505 2532
f 2539 2500 2533
f 2539 2506 2500
f 2539 2512 2506
f 2540 2501 2534
f 2540 2507 2501
f 2541 2502 2535
f 2541 2508 2502
f 2541 238 2508
f 2542 2509 2536
f 2543 2504 2537
f 2543 2510 2504
f 2544 2511 2505
f 2544 2505 2538
f 2545 2520 2512
f 2545 2512 2539
f 2546 2513 2507
f 2546 2507 2540
f 2547 2514 2515
f 2547 2515 2548
f 2549 2541 236
f 2549 236 238
f 2549 238 2541
f 2550 2517 2509
f 2550 2523 2517
f 2550 2509 2542
f 2551 2518 2510
f 2551 2510 2543
f 2552 2519 2511
f 2552 2511 2544
f 2553 2526 2520
f 2553 2520 2545
f 2554 2521 2513
f 2554 2513 2546
f 2555 2514 2547
f 2555 2522 2514
f 2556 2523 2550
f 2557 2524 2518
f 2557 2518 2551
f 2557 2530 2524
f 2558 2525 2519
f 2558 2519 2552
f 2559 2526 2553
f 2560 2527 2521
f 2560 2521 2554
f 2561 2522 2555
f 2561 2528 2522
f 2562 2529 2523
f 2562 2535 2529
f 2562 2523 2556
f 2563 2530 2557
f 2564 2525 2558
f 2564 2531 2525
f 2565 2526 2559
f 2565 2532 2526
f 2566 2527 2560
f 2566 2533 2527
f 2567 2528 2561
f 2567 2534 2528
f 2567 2540 2534
f 2568 2535 2562
f 2569 2530 2563
f 2569 2536 2530
f 2570 2531 2564
f 2570 2537 2531
f 2570 2543 2537
f 2571 2544 2538
f 2571 2532 2565
f 2571 2538 2532
f 2572 2533 2566
f 2572 2539 2533
f 2573 2540 2567
f 2574 2535 2568
f 2574 236 2541
f 2574 2541 2535
f 2575 2536 2569
f 2575 2542 2536
f 2576 2543 2570
f 2577 2552 2544
f 2577 2544 2571
f 2578 2545 2539
f 2578 2539 2572
f 2579 2540 2573
f 2579 2546 2540
f 2580 2547 2548
f 2580 2548 2581
f 2582 236 2574
f 2582 234 236
f 2582 2574 234
f 2583 2542 2575
f 2583 2550 2542
f 2584 2551 2543
f 2584 2543 2576
f 2585 2558 2552
f 2585 2552 2577
f 2586 2553 2545
f 2586 2545 2578
f 2587 2546 2579
f 2587 2554 2546
f 2587 2560 2554
f 2588 2555 2547
f 2588 2561 2555
f 2588 2547 2580
f 2589 2556 2550
f 2589 2550 2583
f 2590 2557 2551
f 2590 2551 2584
f 2591 2558 2585
f 2592 2553 2586
f 2592 2559 2553
f 2593 2560 2587
f 2594 2561 2588
f 2595 2556 2589
f 2595 2562 2556
f 2596 2563 2557
f 2596 2557 2590
f 2597 2564 2558
f 2597 2558 2591
f 2598 2559 2592
f 2598 2565 2559
f 2599 2572 2566
f 2599 2566 2560
f 2599 2560 2593
f 2600 2561 2594
f 2600 2567 2561
f 2601 2562 2595
f 2601 2568 2562
f 2602 2563 2596
f 2602 2569 2563
f 2603 2564 2597
f 2603 2570 2564
f 2603 2576 2570
f 2604 2571 2565
f 2604 2565 2598
f 2605 2578 2572
f 2605 2572 2599
f 2606 2567 2600
f 2606 2573 2567
f 2607 2574 2568
f 2607 234 2574
f 2607 2568 2601
f 2608 2575 2569
f 2608 2569 2602
f 2609 2576 2603
f 2609 2584 2576
f 2610 2577 2571
f 2610 2571 2604
f 2611 2578 2605
f 2612 2579 2573
f 2612 2573 2606
f 2613 2580 2581
f 2613 2581 2614
f 2615 234 2607
f 2615 2607 232
f 2615 232 234
f 2616 2583 2575
f 2616 2575 2608
f 2617 2584 2609
f 2618 2591 2585
f 2618 2577 2610
f 2618 2585 2577
f 2619 2586 2578
f 2619 2592 2586
f 2619 2578 2611
f 2620 2587 2579
f 2620 2579 2612
f 2620 2593 2587
f 2621 2588 2580
f 2621 2580 2613
f 2622 2589 2583
f 2622 2583 2616
f 2623 2590 2584
f 2623 2596 2590
f 2623 2584 2617
f 2624 2597 2591
f 2624 2591 2618
f 2625 2592 2619
f 2626 2593 2620
f 2627 2594 2588
f 2627 2588 2621
f 2628 2595 2589
f 2628 2589 2622
f 2629 2596 2623
f 2630 2597 2624
f 2631 2598 2592
f 2631 2592 2625
f 2632 2593 2626
f 2632 2605 2599
f 2632 2599 2593
f 2633 2594 2627
f 2633 2600 2594
f 2634 2601 2595
f 2634 2595 2628
f 2635 2596 2629
f 2635 2602 2596
f 2636 2597 2630
f 2636 2603 2597
f 2637 2598 2631
f 2637 2604 2598
f 2638 2605 2632
f 2639 2600 2633
f 2639 2606 2600
f 2640 2601 2634
f 2640 2607 2601
f 2640 232 2607
f 2641 2608 2602
f 2641 2602 2635
f 2642 2609 2603
f 2642 2603 2636
f 2643 2604 2637
f 2643 2610 2604
f 2644 2605 2638
f 2644 2611 2605
f 2645 2606 2639
f 2645 2612 2606
f 2646 2613 2614
f 2646 2614 2647
f 2648 232 2640
f 2648 2640 230
f 2648 230 232
f 2649 2616 2608
f 2649 2608 2641
f 2650 2609 2642
f 2650 2617 2609
f 2651 2618 2610
f 2651 2610 2643
f 2652 2611 2644
f 2652 2619 2611
f 2652 2625 2619
f 2653 2620 2612
f 2653 2612 2645
f 2654 2613 2646
f 2654 2621 2613
f 2655 2622 2616
f 2655 2616 2649
f 2656 2623 2617
f 2656 2617 2650
f 2657 2624 2618
f 2657 2618 2651
f 2658 2625 2652
f 2659 2626 2620
f 2659 2620 2653
f 2660 2627 2621
f 2660 2621 2654
f 2661 2628 2622
f 2661 2634 2628
f 2661 2622 2655
f 2662 2623 2656
f 2662 2635 2629
f 2662 2629 2623
f 2663 2624 2657
f 2663 2630 2624
f 2664 2625 2658
f 2664 2631 2625
f 2664 2637 2631
f 2665 2626 2659
f 2665 2632 2626
f 2666 2627 2660
f 2666 2633 2627
f 2666 2639 2633
f 2667 2634 2661
f 2668 2635 2662
f 2669 2630 2663
f 2669 2642 2636
f 2669 2636 2630
f 2670 2637 2664
f 2670 2643 2637
f 2671 2638 2632
f 2671 2632 2665
f 2672 2639 2666
f 2673 2634 2667
f 2673 2640 2634
f 2673 230 2640
f 2674 2641 2635
f 2674 2635 2668
f 2675 2642 2669
f 2675 2650 2642
f 2676 2643 2670
f 2677 2644 2638
f 2677 2638 2671
f 2678 2653 2645
f 2678 2639 2672
f 2678 2645 2639
f 2679 2647 2680
f 2679 2646 2647
f 2681 2673 228
f 2681 230 2673
f 2681 228 230
f 2682 2655 2649
f 2682 2641 2674
f 2682 2649 2641
f 2683 2650 2675
f 2684 2657 2651
f 2684 2651 2643
f 2684 2643 2676
f 2685 2644 2677
f 2685 2652 2644
f 2686 2659 2653
f 2686 2653 2678
f 2687 2654 2646
f 2687 2646 2679
f 2688 2655 2682
f 2689 2656 2650
f 2689 2650 2683
f 2690 2657 2684
f 2691 2658 2652
f 2691 2652 2685
f 2692 2659 2686
f 2693 2660 2654
f 2693 2654 2687
f 2694 2655 2688
f 2694 2661 2655
f 2695 2662 2656
f 2695 2656 2689
f 2696 2669 2663
f 2696 2663 2657
f 2696 2657 2690
f 2697 2664 2658
f 2697 2658 2691
f 2698 2659 2692
f 2698 2671 2665
f 2698 2665 2659
f 2699 2666 2660
f 2699 2660 2693
f 2700 2661 2694
f 2700 2667 2661
f 2700 2673 2667
f 2701 2662 2695
f 2701 2668 2662
f 2702 2669 2696
f 2703 2664 2697
f 2703 2670 2664
f 2704 2671 2698
f 2704 2677 2671
f 2705 2666 2699
f 2705 2672 2666
f 2706 2673 2700
f 2706 228 2673
f 2707 2668 2701
f 2707 2674 2668
f 2708 2669 2702
f 2708 2675 2669
f 2709 2670 2703
f 2709 2676 2670
f 2710 2677 2704
f 2711 2672 2705
f 2711 2678 2672
f 2712 2680 2713
f 2712 2679 2680
f 2714 2706 226
f 2714 228 2706
f 2714 226 228
f 2715 2674 2707
f 2715 2682 2674
f 2716 2675 2708
f 2716 2683 2675
f 2717 2684 2676
f 2717 2676 2709
f 2717 2690 2684
f 2718 2677 2710
f 2718 2685 2677
f 2719 2678 2711
f 2719 2686 2678
f 2719 2692 2686
f 2720 2687 2679
f 2720 2679 2712
f 2721 2694 2688
f 2721 2688 2682
f 2721 2682 2715
f 2722 2689 2683
f 2722 2683 2716
f 2723 2690 2717
f 2724 2685 2718
f 2724 2691 2685
f 2725 2692 2719
f 2726 2693 2687
f 2726 2687 2720
f 2727 2694 2721
f 2728 2695 2689
f 2728 2689 2722
f 2729 2696 2690
f 2729 2690 2723
f 2730 2691 2724
f 2730 2703 2697
f 2730 2697 2691
f 2731 2692 2725
f 2731 2704 2698
f 2731 2698 2692
f 2732 2693 2726
f 2732 2699 2693
f 2733 2700 2694
f 2733 2694 2727
f 2734 2707 2701
f 2734 2701 2695
f 2734 2695 2728
f 2735 2696 2729
f 2735 2702 2696
f 2735 2708 2702
f 2736 2703 2730
f 2737 2704 2731
f 2738 2699 2732
f 2738 2705 2699
f 2739 2700 2733
f 2739 2706 2700
f 2739 226 2706
f 2740 2707 2734
f 2741 2708 2735
f 2742 2709 2703
f 2742 2703 2736
f 2743 2710 2704
f 2743 2704 2737
f 2744 2705 2738
f 2744 2711 2705
f 2745 2713 2746
f 2745 2712 2713
f 2747 2739 223
f 2747 226 2739
f 2747 223 226
f 2748 2721 2715
f 2748 2707 2740
f 2748 2715 2707
f 2749 2722 2716
f 2749 2708 2741
f 2749 2716 2708
f 2750 2717 2709
f 2750 2709 2742
f 2751 2718 2710
f 2751 2710 2743
f 2751 2724 2718
f 2752 2719 2711
f 2752 2711 2744
f 2753 2726 2720
f 2753 2712 2745
f 2753 2720 2712
f 2754 2721 2748
f 2755 2722 2749
f 2756 2717 2750
f 2756 2723 2717
f 2757 2724 2751
f 2758 2725 2719
f 2758 2719 2752
f 2759 2732 2726
f 2759 2726 2753
f 2760 2727 2721
f 2760 2721 2754
f 2761 2728 2722
f 2761 2722 2755
f 2762 2729 2723
f 2762 2723 2756
f 2763 2724 2757
f 2763 2730 2724
f 2764 2731 2725
f 2764 2725 2758
f 2765 2732 2759
f 2765 2738 2732
f 2766 2733 2727
f 2766 2727 2760
f 2767 2728 2761
f 2767 2734 2728
f 2768 2729 2762
f 2768 2735 2729
f 2769 2736 2730
f 2769 2742 2736
f 2769 2730 2763
f 2770 2731 2764
f 2770 2737 2731
f 2771 2738 2765
f 2772 2733 2766
f 2772 2739 2733
f 2772 223 2739
f 2773 2740 2734
f 2773 2734 2767
f 2774 2741 2735
f 2774 2735 2768
f 2775 2742 2769
f 2776 2737 2770
f 2776 2743 2737
f 2777 2738 2771
f 2777 2744 2738
f 2778 2745 2746
f 2778 2746 2779
f 2780 2772 220
f 2780 223 2772
f 2780 220 223
f 2781 2740 2773
f 2781 2748 2740
f 2782 2741 2774
f 2782 2749 2741
f 2783 2742 2775
f 2783 2750 2742
f 2784 2743 2776
f 2784 2751 2743
f 2785 2744 2777
f 2785 2758 2752
f 2785 2752 2744
f 2786 2753 2745
f 2786 2759 2753
f 2786 2745 2778
f 2787 2754 2748
f 2787 2748 2781
f 2788 2755 2749
f 2788 2749 2782
f 2789 2756 2750
f 2789 2750 2783
f 2790 2757 2751
f 2790 2751 2784
f 2791 2758 2785
f 2792 2759 2786
f 2793 2760 2754
f 2793 2754 2787
f 2794 2761 2755
f 2794 2755 2788
f 2795 2756 2789
f 2795 2768 2762
f 2795 2762 2756
f 2796 2757 2790
f 2796 2763 2757
f 2797 2770 2764
f 2797 2764 2758
f 2797 2758 2791
f 2798 2765 2759
f 2798 2759 2792
f 2799 2760 2793
f 2799 2766 2760
f 2800 2761 2794
f 2800 2767 2761
f 2800 2773 2767
f 2801 2768 2795
f 2801 2774 2768
f 2802 2763 2796
f 2802 2769 2763
f 2803 2770 2797
f 2803 2776 2770
f 2804 2771 2765
f 2804 2765 2798
f 2805 220 2772
f 2805 2766 2799
f 2805 2772 2766
f 2806 2773 2800
f 2807 2774 2801
f 2807 2782 2774
f 2808 2775 2769
f 2808 2769 2802
f 2809 2776 2803
f 2810 2771 2804
f 2810 2777 2771
f 2811 2779 2812
f 2811 2812 2813
f 2811 2778 2779
f 2814 2805 217
f 2814 220 2805
f 2814 217 220
f 2815 2773 2806
f 2815 2781 2773
f 2816 2788 2782
f 2816 2782 2807
f 2817 2775 2808
f 2817 2783 2775
f 2818 2790 2784
f 2818 2784 2776
f 2818 2776 2809
f 2819 2777 2810
f 2819 2785 2777
f 2820 2778 2811
f 2820 2786 2778
f 2821 2781 2815
f 2821 2787 2781
f 2822 2788 2816
f 2823 2783 2817
f 2823 2789 2783
f 2824 2790 2818
f 2825 2791 2785
f 2825 2785 2819
f 2826 2798 2792
f 2826 2786 2820
f 2826 2792 2786
f 2827 2793 2787
f 2827 2787 2821
f 2828 2788 2822
f 2828 2794 2788
f 2829 2795 2789
f 2829 2789 2823
f 2830 2802 2796
f 2830 2790 2824
f 2830 2796 2790
f 2831 2797 2791
f 2831 2791 2825
f 2832 2798 2826
f 2833 2799 2793
f 2833 2793 2827
f 2834 2794 2828
f 2834 2800 2794
f 2834 2806 2800
f 2835 2795 2829
f 2835 2801 2795
f 2836 2802 2830
f 2836 2808 2802
f 2837 2803 2797
f 2837 2797 2831
f 2838 2798 2832
f 2838 2804 2798
f 2839 2805 2799
f 2839 217 2805
f 2839 2799 2833
f 2840 2815 2806
f 2840 2806 2834
f 2841 2801 2835
f 2841 2807 2801
f 2842 2808 2836
f 2843 2803 2837
f 2843 2809 2803
f 2844 2804 2838
f 2844 2810 2804
f 2845 2811 2813
f 2845 2820 2811
f 2846 217 2839
f 2846 214 217
f 2846 2839 214
f 2847 2815 2840
f 2848 2816 2807
f 2848 2807 2841
f 2849 2808 2842
f 2849 2817 2808
f 2849 2823 2817
f 2850 2809 2843
f 2850 2818 2809
f 2851 2810 2844
f 2851 2825 2819
f 2851 2819 2810
f 2852 2820 2845
f 2852 2826 2820
f 2853 2815 2847
f 2853 2821 2815
f 2854 2822 2816
f 2854 2816 2848
f 2855 2823 2849
f 2856 2818 2850
f 2856 2830 2824
f 2856 2824 2818
f 2857 2825 2851
f 2858 2826 2852
f 2859 2827 2821
f 2859 2833 2827
f 2859 2821 2853
f 2860 2828 2822
f 2860 2822 2854
f 2861 2829 2823
f 2861 2823 2855
f 2862 2830 2856
f 2863 2831 2825
f 2863 2825 2857
f 2864 2826 2858
f 2864 2832 2826
f 2865 2833 2859
f 2866 2834 2828
f 2866 2828 2860
f 2867 2835 2829
f 2867 2841 2835
f 2867 2829 2861
f 2868 2830 2862
f 2868 2836 2830
f 2869 2837 2831
f 2869 2831 2863
f 2870 2832 2864
f 2870 2838 2832
f 2871 2839 2833
f 2871 2833 2865
f 2871 214 2839
f 2872 2840 2834
f 2872 2834 2866
f 2873 2841 2867
f 2873 2848 2841
f 2874 2842 2836
f 2874 2836 2868
f 2875 2837 2869
f 2875 2843 2837
f 2875 2850 2843
f 2876 2844 2838
f 2876 2838 2870
f 2876 2851 2844
f 2877 2813 2878
f 2877 2845 2813
f 2877 2852 2845
f 2879 2871 210
f 2879 214 2871
f 2879 210 214
f 2880 2840 2872
f 2880 2853 2847
f 2880 2847 2840
f 2881 2848 2873
f 2881 2854 2848
f 2882 2849 2842
f 2882 2842 2874
f 2883 2850 2875
f 2884 2851 2876
f 2885 2852 2877
f 2886 2853 2880
f 2887 2854 2881
f 2888 2849 2882
f 2888 2855 2849
f 2889 2856 2850
f 2889 2850 2883
f 2890 2857 2851
f 2890 2851 2884
f 2891 2858 2852
f 2891 2864 2858
f 2891 2852 2885
f 2892 2853 2886
f 2892 2859 2853
f 2893 2860 2854
f 2893 2854 2887
f 2894 2861 2855
f 2894 2867 2861
f 2894 2855 2888
f 2895 2862 2856
f 2895 2856 2889
f 2896 2857 2890
f 2896 2863 2857
f 2897 2864 2891
f 2898 2865 2859
f 2898 2859 2892
f 2899 2866 2860
f 2899 2860 2893
f 2900 2867 2894
f 2901 2868 2862
f 2901 2862 2895
f 2902 2869 2863
f 2902 2875 2869
f 2902 2863 2896
f 2903 2864 2897
f 2903 2870 2864
f 2904 210 2871
f 2904 2871 2865
f 2904 2865 2898
f 2905 2880 2872
f 2905 2866 2899
f 2905 2872 2866
f 2906 2867 2900
f 2906 2873 2867
f 2907 2868 2901
f 2907 2874 2868
f 2908 2875 2902
f 2909 2876 2870
f 2909 2870 2903
f 2910 2877 2878
f 2910 2878 2911
f 2912 2904 205
f 2912 210 2904
f 2912 205 210
f 2913 2886 2880
f 2913 2880 2905
f 2914 2873 2906
f 2914 2881 2873
f 2915 2882 2874
f 2915 2874 2907
f 2916 2875 2908
f 2916 2883 2875
f 2917 2876 2909
f 2917 2884 2876
f 2918 2891 2885
f 2918 2877 2910
f 2918 2885 2877
f 2919 2886 2913
f 2920 2881 2914
f 2920 2887 2881
f 2921 2882 2915
f 2921 2888 2882
f 2922 2895 2889
f 2922 2883 2916
f 2922 2889 2883
f 2923 2890 2884
f 2923 2884 2917
f 2924 2897 2891
f 2924 2891 2918
f 2925 2892 2886
f 2925 2886 2919
f 2926 2893 2887
f 2926 2887 2920
f 2927 2894 2888
f 2927 2888 2921
f 2928 2895 2922
f 2929 2890 2923
f 2929 2902 2896
f 2929 2896 2890
f 2930 2897 2924
f 2931 2898 2892
f 2931 2904 2898
f 2931 2892 2925
f 2932 2899 2893
f 2932 2893 2926
f 2933 2894 2927
f 2933 2900 2894
f 2934 2907 2901
f 2934 2895 2928
f 2934 2901 2895
f 2935 2902 2929
f 2935 2908 2902
f 2936 2897 2930
f 2936 2903 2897
f 2937 205 2904
f 2937 2904 2931
f 2938 2905 2899
f 2938 2899 2932
f 2939 2900 2933
f 2939 2906 2900
f 2940 2915 2907
f 2940 2907 2934
f 2941 2908 2935
f 2942 2903 2936
f 2942 2917 2909
f 2942 2909 2903
f 2943 2910 2911
f 2943 2911 2944
f 2945 2937 200
f 2945 205 2937
f 2945 200 205
f 2946 2905 2938
f 2946 2913 2905
f 2947 2906 2939
f 2947 2914 2906
f 2948 2915 2940
f 2949 2916 2908
f 2949 2908 2941
f 2950 2917 2942
f 2951 2918 2910
f 2951 2910 2943
f 2952 2913 2946
f 2952 2919 2913
f 2953 2920 2914
f 2953 2914 2947
f 2954 2915 2948
f 2954 2921 2915
f 2955 2922 2916
f 2955 2916 2949
f 2956 2917 2950
f 2956 2923 2917
f 2957 2924 2918
f 2957 2918 2951
f 2958 2943 2944
f 2958 2944 2959
f 2960 2951 2943
f 2960 2957 2951
f 2960 2943 2958
f 2961 2919 2952
f 2961 2925 2919
f 2962 2920 2953
f 2962 2926 2920
f 2963 2927 2921
f 2963 2921 2954
f 2963 2933 2927
f 2964 2922 2955
f 2964 2928 2922
f 2965 2923 2956
f 2965 2935 2929
f 2965 2929 2923
f 2966 2930 2924
f 2966 2924 2957
f 2967 2957 2960
f 2968 2931 2925
f 2968 2925 2961
f 2969 2926 2962
f 2969 2932 2926
f 2970 2933 2963
f 2971 2934 2928
f 2971 2928 2964
f 2972 2935 2965
f 2973 2930 2966
f 2973 2936 2930
f 2974 2957 2967
f 2974 2966 2957
f 2975 200 2937
f 2975 2931 2968
f 2975 2937 2931
f 2976 2932 2969
f 2976 2946 2938
f 2976 2938 2932
f 2977 2933 2970
f 2977 2939 2933
f 2978 2940 2934
f 2978 2934 2971
f 2979 2941 2935
f 2979 2935 2972
f 2980 2936 2973
f 2980 2942 2936
f 2981 2960 2958
f 2981 2958 2959
f 2982 2966 2974
f 2982 2973 2966
f 2983 200 2975
f 2983 2975 196
f 2983 196 200
f 2984 2946 2976
f 2985 2939 2977
f 2985 2947 2939
f 2986 2940 2978
f 2986 2948 2940
f 2987 2941 2979
f 2987 2949 2941
f 2988 2942 2980
f 2988 2950 2942
f 2989 2960 2981
f 2990 2988 2980
f 2990 2973 2982
f 2990 2980 2973
f 2991 2946 2984
f 2991 2952 2946
f 2992 2953 2947
f 2992 2947 2985
f 2993 2954 2948
f 2993 2948 2986
f 2994 2955 2949
f 2994 2949 2987
f 2995 2950 2988
f 2995 2956 2950
f 2996 2967 2960
f 2996 2960 2989
f 2997 2981 2959
f 2997 2959 2998
f 2999 2988 2990
f 3000 2981 2997
f 3000 2989 2981
f 3001 2961 2952
f 3001 2952 2991
f 3002 2962 2953
f 3002 2953 2992
f 3003 2963 2954
f 3003 2954 2993
f 3004 2964 2955
f 3004 2955 2994
f 3005 2965 2956
f 3005 2956 2995
f 3006 2974 2967
f 3006 2967 2996
f 3007 2988 2999
f 3007 2995 2988
f 3008 3006 2996
f 3008 2989 3000
f 3008 2996 2989
f 3009 2968 2961
f 3009 2961 3001
f 3010 2969 2962
f 3010 2976 2969
f 3010 2962 3002
f 3011 2970 2963
f 3011 2963 3003
f 3012 2964 3004
f 3012 2971 2964
f 3013 2972 2965
f 3013 2979 2972
f 3013 2965 3005
f 3014 2974 3006
f 3014 2982 2974
f 3015 2995 3007
f 3015 3005 2995
f 3016 3006 3008
f 3017 2968 3009
f 3017 2975 2968
f 3017 196 2975
f 3018 2976 3010
f 3019 2977 2970
f 3019 2970 3011
f 3020 2971 3012
f 3020 2978 2971
f 3021 2979 3013
f 3022 2982 3014
f 3022 2990 2982
f 3023 2997 2998
f 3024 3013 3005
f 3024 3005 3015
f 3024 3021 3013
f 3025 3022 3014
f 3025 3006 3016
f 3025 3014 3006
f 3026 188 196
f 3026 3017 188
f 3026 196 3017
f 3027 2976 3018
f 3027 2984 2976
f 3028 2985 2977
f 3028 2992 2985
f 3028 2977 3019
f 3029 2986 2978
f 3029 2978 3020
f 3030 2987 2979
f 3030 2979 3021
f 3031 2999 2990
f 3031 2990 3022
f 3032 3000 2997
f 3032 2997 3023
f 3033 3021 3024
f 3034 3022 3025
f 3035 2991 2984
f 3035 2984 3027
f 3035 3001 2991
f 3036 2992 3028
f 3037 2993 2986
f 3037 2986 3029
f 3038 3004 2994
f 3038 2987 3030
f 3038 2994 2987
f 3039 3007 2999
f 3039 2999 3031
f 3040 3008 3000
f 3040 3000 3032
f 3041 2998 3042
f 3041 3023 2998
f 3043 3030 3021
f 3043 3021 3033
f 3044 3022 3034
f 3044 3031 3022
f 3045 3001 3035
f 3046 3032 3023
f 3046 3023 3041
f 3047 3002 2992
f 3047 2992 3036
f 3048 3003 2993
f 3048 2993 3037
f 3049 3004 3038
f 3050 3007 3039
f 3050 3015 3007
f 3050 3024 3015
f 3051 3008 3040
f 3051 3016 3008
f 3051 3025 3016
f 3052 3030 3043
f 3052 3038 3030
f 3053 3039 3031
f 3053 3031 3044
f 3054 3009 3001
f 3054 3001 3045
f 3055 3032 3046
f 3055 3040 3032
f 3056 3002 3047
f 3056 3010 3002
f 3057 3003 3048
f 3057 3011 3003
f 3058 3012 3004
f 3058 3020 3012
f 3058 3004 3049
f 3059 3024 3050
f 3060 3025 3051
f 3061 3038 3052
f 3061 3049 3038
f 3062 3039 3053
f 3062 3050 3039
f 3062 3059 3050
f 3063 188 3017
f 3063 3017 3009
f 3063 3009 3054
f 3064 3051 3040
f 3064 3040 3055
f 3065 3018 3010
f 3065 3010 3056
f 3066 3019 3011
f 3066 3011 3057
f 3067 3020 3058
f 3067 3029 3020
f 3068 3024 3059
f 3068 3033 3024
f 3069 3034 3025
f 3069 3044 3034
f 3069 3025 3060
f 3070 3041 3042
f 3070 3046 3041
f 3071 3058 3049
f 3071 3049 3061
f 3072 3068 3059
f 3072 3059 3062
f 3073 175 188
f 3073 3063 175
f 3073 188 3063
f 3074 3060 3051
f 3074 3051 3064
f 3075 3018 3065
f 3075 3027 3018
f 3076 3019 3066
f 3076 3036 3028
f 3076 3028 3019
f 3077 3029 3067
f 3078 3043 3033
f 3078 3033 3068
f 3079 3044 3069
f 3080 3046 3070
f 3080 3055 3046
f 3081 3067 3058
f 3081 3058 3071
f 3082 3078 3068
f 3082 3068 3072
f 3083 3069 3060
f 3083 3060 3074
f 3083 3079 3069
f 3084 3035 3027
f 3084 3027 3075
f 3084 3045 3035
f 3085 3036 3076
f 3086 3029 3077
f 3086 3037 3029
f 3087 3052 3043
f 3087 3043 3078
f 3087 3061 3052
f 3088 3044 3079
f 3088 3053 3044
f 3089 3055 3080
f 3090 3042 3091
f 3090 3070 3042
f 3092 3077 3067
f 3092 3067 3081
f 3093 3078 3082
f 3094 3079 3083
f 3095 3045 3084
f 3096 3047 3036
f 3096 3036 3085
f 3097 3037 3086
f 3097 3057 3048
f 3097 3048 3037
f 3098 3061 3087
f 3099 3070 3090
f 3099 3080 3070
f 3099 3089 3080
f 3100 3062 3053
f 3100 3053 3088
f 3101 3055 3089
f 3101 3074 3064
f 3101 3064 3055
f 3102 3086 3077
f 3102 3077 3092
f 3103 3087 3078
f 3103 3078 3093
f 3104 3079 3094
f 3104 3088 3079
f 3105 3054 3045
f 3105 3045 3095
f 3106 3065 3056
f 3106 3056 3047
f 3106 3047 3096
f 3107 3057 3097
f 3108 3071 3061
f 3108 3081 3071
f 3108 3061 3098
f 3109 3089 3099
f 3110 3072 3062
f 3110 3062 3100
f 3111 3074 3101
f 3112 3086 3102
f 3112 3097 3086
f 3113 3087 3103
f 3113 3098 3087
f 3114 3100 3088
f 3114 3088 3104
f 3115 3054 3105
f 3115 175 3063
f 3115 3063 3054
f 3116 3065 3106
f 3116 3075 3065
f 3117 3066 3057
f 3117 3057 3107
f 3118 3081 3108
f 3119 3101 3089
f 3119 3089 3109
f 3119 3111 3101
f 3120 3072 3110
f 3120 3082 3072
f 3121 3074 3111
f 3121 3083 3074
f 3121 3094 3083
f 3122 3090 3091
f 3122 3099 3090
f 3123 3107 3097
f 3123 3097 3112
f 3124 3108 3098
f 3124 3098 3113
f 3125 3110 3100
f 3125 3100 3114
f 3126 160 175
f 3126 175 3115
f 3126 3115 160
f 3127 3075 3116
f 3128 3066 3117
f 3128 3076 3066
f 3128 3085 3076
f 3129 3102 3092
f 3129 3081 3118
f 3129 3092 3081
f 3130 3111 3119
f 3131 3082 3120
f 3131 3093 3082
f 3132 3094 3121
f 3133 3099 3122
f 3134 3107 3123
f 3134 3117 3107
f 3135 3108 3124
f 3135 3118 3108
f 3136 3120 3110
f 3136 3110 3125
f 3137 3075 3127
f 3137 3084 3075
f 3137 3095 3084
f 3138 3085 3128
f 3139 3102 3129
f 3140 3111 3130
f 3140 3121 3111
f 3141 3103 3093
f 3141 3113 3103
f 3141 3093 3131
f 3142 3104 3094
f 3142 3094 3132
f 3143 3099 3133
f 3143 3109 3099
f 3144 3122 3091
f 3144 3091 3145
f 3146 3117 3134
f 3146 3128 3117
f 3147 3118 3135
f 3147 3129 3118
f 3148 3120 3136
f 3148 3131 3120
f 3149 3095 3137
f 3150 3085 3138
f 3150 3096 3085
f 3151 3102 3139
f 3151 3123 3112
f 3151 3112 3102
f 3152 3121 3140
f 3152 3132 3121
f 3153 3113 3141
f 3154 3104 3142
f 3154 3114 3104
f 3155 3109 3143
f 3155 3119 3109
f 3156 3143 3133
f 3156 3122 3144
f 3156 3133 3122
f 3157 3128 3146
f 3157 3138 3128
f 3158 3151 3139
f 3158 3129 3147
f 3158 3139 3129
f 3159 3131 3148
f 3159 3153 3141
f 3159 3141 3131
f 3160 3095 3149
f 3160 3105 3095
f 3161 3096 3150
f 3161 3106 3096
f 3161 3116 3106
f 3162 3123 3151
f 3163 3142 3132
f 3163 3132 3152
f 3164 3113 3153
f 3164 3124 3113
f 3165 3136 3125
f 3165 3114 3154
f 3165 3125 3114
f 3166 3130 3119
f 3166 3119 3155
f 3167 3143 3156
f 3168 3150 3138
f 3168 3138 3157
f 3169 3151 3158
f 3170 3153 3159
f 3171 3115 3105
f 3171 160 3115
f 3171 3105 3160
f 3172 3116 3161
f 3172 3127 3116
f 3173 3134 3123
f 3173 3123 3162
f 3174 3154 3142
f 3174 3142 3163
f 3175 3135 3124
f 3175 3147 3135
f 3175 3124 3164
f 3176 3148 3136
f 3176 3136 3165
f 3177 3140 3130
f 3177 3130 3166
f 3178 3155 3143
f 3178 3143 3167
f 3179 3144 3145
f 3179 3156 3144
f 3180 3161 3150
f 3180 3150 3168
f 3181 3151 3169
f 3181 3162 3151
f 3182 3153 3170
f 3182 3164 3153
f 3183 152 160
f 3183 3171 152
f 3183 160 3171
f 3184 3127 3172
f 3185 3134 3173
f 3185 3146 3134
f 3186 3154 3174
f 3186 3165 3154
f 3187 3147 3175
f 3187 3158 3147
f 3188 3148 3176
f 3189 3152 3140
f 3189 3140 3177
f 3189 3163 3152
f 3190 3156 3179
f 3191 3166 3155
f 3191 3155 3178
f 3192 3161 3180
f 3192 3172 3161
f 3193 3173 3162
f 3193 3162 3181
f 3194 3175 3164
f 3194 3164 3182
f 3194 3187 3175
f 3195 3137 3127
f 3195 3127 3184
f 3196 3157 3146
f 3196 3146 3185
f 3197 3165 3186
f 3197 3176 3165
f 3198 3158 3187
f 3199 3170 3159
f 3199 3148 3188
f 3199 3159 3148
f 3200 3163 3189
f 3201 3156 3190
f 3201 3167 3156
f 3202 3177 3166
f 3202 3166 3191
f 3202 3189 3177
f 3203 3179 3145
f 3203 3145 3204
f 3205 3184 3172
f 3205 3172 3192
f 3206 3185 3173
f 3206 3173 3193
f 3207 3198 3187
f 3207 3187 3194
f 3208 3149 3137
f 3208 3137 3195
f 3209 3168 3157
f 3209 3157 3196
f 3210 3188 3176
f 3210 3176 3197
f 3211 3169 3158
f 3211 3181 3169
f 3211 3158 3198
f 3212 3170 3199
f 3213 3174 3163
f 3213 3163 3200
f 3214 3178 3167
f 3214 3167 3201
f 3215 3189 3202
f 3216 3179 3203
f 3216 3190 3179
f 3217 3184 3205
f 3217 3208 3195
f 3217 3195 3184
f 3218 3185 3206
f 3218 3196 3185
f 3219 3211 3198
f 3219 3198 3207
f 3220 3149 3208
f 3220 3160 3149
f 3221 3180 3168
f 3221 3168 3209
f 3221 3192 3180
f 3222 3188 3210
f 3222 3199 3188
f 3223 3181 3211
f 3224 3182 3170
f 3224 3170 3212
f 3224 3194 3182
f 3225 3186 3174
f 3225 3174 3213
f 3226 3191 3178
f 3226 3178 3214
f 3227 3189 3215
f 3227 3200 3189
f 3227 3213 3200
f 3228 3214 3201
f 3228 3190 3216
f 3228 3201 3190
f 3229 3220 3208
f 3229 3208 3217
f 3230 3196 3218
f 3230 3209 3196
f 3230 3221 3209
f 3231 3223 3211
f 3231 3211 3219
f 3232 3171 3160
f 3232 3160 3220
f 3232 152 3171
f 3233 3192 3221
f 3234 3212 3199
f 3234 3199 3222
f 3234 3224 3212
f 3235 3181 3223
f 3235 3193 3181
f 3236 3194 3224
f 3237 3197 3186
f 3237 3186 3225
f 3238 3202 3191
f 3238 3191 3226
f 3239 3213 3227
f 3240 3214 3228
f 3241 3203 3204
f 3242 3220 3229
f 3243 3221 3230
f 3244 3223 3231
f 3245 148 152
f 3245 152 3232
f 3246 3205 3192
f 3246 3192 3233
f 3247 3224 3234
f 3248 3206 3193
f 3248 3218 3206
f 3248 3193 3235
f 3249 3207 3194
f 3249 3219 3207
f 3249 3194 3236
f 3250 3197 3237
f 3250 3210 3197
f 3251 3215 3202
f 3251 3202 3238
f 3251 3227 3215
f 3252 3237 3225
f 3252 3213 3239
f 3252 3225 3213
f 3253 3203 3241
f 3253 3216 3203
f 3254 3238 3226
f 3254 3214 3240
f 3254 3226 3214
f 3255 3220 3242
f 3255 3232 3220
f 3256 3221 3243
f 3256 3233 3221
f 3257 3223 3244
f 3257 3235 3223
f 3258 3217 3205
f 3258 3205 3246
f 3259 3224 3247
f 3259 3236 3224
f 3260 3218 3248
f 3261 3219 3249
f 3262 3222 3210
f 3262 3210 3250
f 3263 3227 3251
f 3264 3237 3252
f 3265 3228 3216
f 3265 3216 3253
f 3266 3238 3254
f 3267 3241 3204
f 3267 3204 3268
f 3269 3245 3232
f 3269 148 3245
f 3269 3232 3255
f 3270 3246 3233
f 3270 3233 3256
f 3271 3248 3235
f 3271 3235 3257
f 3271 3260 3248
f 3272 3217 3258
f 3272 3229 3217
f 3273 3249 3236
f 3273 3236 3259
f 3274 3230 3218
f 3274 3218 3260
f 3275 3219 3261
f 3275 3231 3219
f 3276 3234 3222
f 3276 3222 3262
f 3277 3239 3227
f 3277 3252 3239
f 3277 3227 3263
f 3278 3250 3237
f 3278 3237 3264
f 3279 3240 3228
f 3279 3228 3265
f 3280 3251 3238
f 3280 3238 3266
f 3281 3241 3267
f 3281 3253 3241
f 3282 3246 3270
f 3282 3258 3246
f 3283 3260 3271
f 3283 3274 3260
f 3284 3242 3229
f 3284 3229 3272
f 3284 3255 3242
f 3285 3249 3273
f 3285 3275 3261
f 3285 3261 3249
f 3286 3230 3274
f 3286 3243 3230
f 3286 3256 3243
f 3287 3244 3231
f 3287 3231 3275
f 3288 3247 3234
f 3288 3234 3276
f 3289 3252 3277
f 3290 3276 3262
f 3290 3262 3250
f 3290 3250 3278
f 3291 3254 3240
f 3291 3240 3279
f 3292 3263 3251
f 3292 3251 3280
f 3293 3279 3265
f 3293 3253 3281
f 3293 3265 3253
f 3294 3272 3258
f 3294 3258 3282
f 3295 3274 3283
f 3296 3255 3284
f 3297 3275 3285
f 3298 3256 3286
f 3299 3244 3287
f 3299 3257 3244
f 3300 3247 3288
f 3300 3259 3247
f 3301 3252 3289
f 3301 3264 3252
f 3302 3276 3290
f 3303 3254 3291
f 3303 3266 3254
f 3304 3277 3263
f 3304 3263 3292
f 3304 3289 3277
f 3305 3279 3293
f 3305 3291 3279
f 3306 3281 3267
f 3306 3267 3268
f 3307 3284 3272
f 3307 3272 3294
f 3308 3286 3274
f 3308 3274 3295
f 3308 3298 3286
f 3309 144 148
f 3309 148 3269
f 3309 3255 3296
f 3309 3269 3255
f 3310 3287 3275
f 3310 3275 3297
f 3311 3256 3298
f 3311 3270 3256
f 3312 3271 3257
f 3312 3257 3299
f 3313 3273 3259
f 3313 3259 3300
f 3314 3278 3264
f 3314 3264 3301
f 3315 3288 3276
f 3315 3276 3302
f 3316 3280 3266
f 3316 3266 3303
f 3317 3281 3306
f 3318 3289 3304
f 3319 3303 3291
f 3319 3291 3305
f 3320 3284 3307
f 3320 3296 3284
f 3321 3298 3308
f 3321 3311 3298
f 3322 3312 3299
f 3322 3287 3310
f 3322 3299 3287
f 3323 3270 3311
f 3323 3282 3270
f 3324 3295 3283
f 3324 3271 3312
f 3324 3283 3271
f 3325 3285 3273
f 3325 3297 3285
f 3325 3273 3313
f 3326 3278 3314
f 3326 3290 3278
f 3326 3302 3290
f 3327 3300 3288
f 3327 3288 3315
f 3328 3280 3316
f 3328 3292 3280
f 3328 3304 3292
f 3329 3293 3281
f 3329 3281 3317
f 3330 3301 3289
f 3330 3314 3301
f 3330 3289 3318
f 3331 3303 3319
f 3332 3306 3268
f 3332 3268 3333
f 3334 144 3309
f 3334 3296 3320
f 3334 3309 3296
f 3335 3311 3321
f 3336 3312 3322
f 3336 3324 3312
f 3337 3307 3294
f 3337 3282 3323
f 3337 3294 3282
f 3338 3295 3324
f 3339 3310 3297
f 3339 3297 3325
f 3340 3302 3326
f 3341 3313 3300
f 3341 3300 3327
f 3342 3304 3328
f 3343 3305 3293
f 3343 3293 3329
f 3344 3314 3330
f 3345 3316 3303
f 3345 3303 3331
f 3345 3328 3316
f 3346 3317 3306
f 3346 3306 3332
f 3347 3323 3311
f 3347 3311 3335
f 3347 3337 3323
f 3348 3324 3336
f 3349 3307 3337
f 3350 3308 3295
f 3350 3321 3308
f 3350 3295 3338
f 3351 3310 3339
f 3352 3302 3340
f 3352 3315 3302
f 3353 3313 3341
f 3353 3325 3313
f 3354 3304 3342
f 3354 3318 3304
f 3355 3319 3305
f 3355 3305 3343
f 3356 3314 3344
f 3356 3326 3314
f 3357 3342 3328
f 3357 3328 3345
f 3358 3343 3329
f 3358 3329 3317
f 3358 3317 3346
f 3359 3337 3347
f 3359 3349 3337
f 3360 3324 3348
f 3360 3338 3324
f 3361 3320 3307
f 3361 3307 3349
f 3362 3321 3350
f 3363 3310 3351
f 3363 3322 3310
f 3364 3315 3352
f 3364 3341 3327
f 3364 3327 3315
f 3365 3339 3325
f 3365 3325 3353
f 3365 3351 3339
f 3366 3318 3354
f 3366 3330 3318
f 3367 3319 3355
f 3367 3331 3319
f 3368 3340 3326
f 3368 3326 3356
f 3368 3352 3340
f 3369 3354 3342
f 3369 3342 3357
f 3370 3343 3358
f 3371 3332 3333
f 3372 3349 3359
f 3373 3350 3338
f 3373 3338 3360
f 3374 140 144
f 3374 3320 3361
f 3374 144 3334
f 3374 3334 3320
f 3375 3321 3362
f 3375 3335 3321
f 3376 3322 3363
f 3376 3336 3322
f 3377 3353 3341
f 3377 3341 3364
f 3378 3351 3365
f 3379 3344 3330
f 3379 3330 3366
f 3380 3345 3331
f 3380 3331 3367
f 3381 3358 3346
f 3381 3346 3332
f 3381 3332 3371
f 3382 3352 3368
f 3383 3354 3369
f 3384 3355 3343
f 3384 3367 3355
f 3384 3343 3370
f 3385 3374 3361
f 3385 3361 3349
f 3385 3349 3372
f 3386 3350 3373
f 3386 3375 3362
f 3386 3362 3350
f 3387 3347 3335
f 3387 3335 3375
f 3388 3336 3376
f 3388 3360 3348
f 3388 3348 3336
f 3389 3353 3377
f 3390 3363 3351
f 3390 3351 3378
f 3391 3356 3344
f 3391 3344 3379
f 3392 3345 3380
f 3392 3357 3345
f 3393 3358 3381
f 3393 3370 3358
f 3394 3352 3382
f 3394 3364 3352
f 3395 3379 3366
f 3395 3354 3383
f 3395 3366 3354
f 3396 3367 3384
f 3397 3333 3398
f 3397 3371 3333
f 3399 3374 3385
f 3399 140 3374
f 3400 3375 3386
f 3401 3347 3387
f 3401 3359 3347
f 3402 3360 3388
f 3403 3378 3365
f 3403 3353 3389
f 3403 3365 3353
f 3404 3376 3363
f 3404 3363 3390
f 3405 3356 3391
f 3405 3368 3356
f 3406 3369 3357
f 3406 3357 3392
f 3407 3370 3393
f 3408 3377 3364
f 3408 3364 3394
f 3409 3379 3395
f 3409 3391 3379
f 3410 3380 3367
f 3410 3392 3380
f 3410 3367 3396
f 3411 3371 3397
f 3411 3381 3371
f 3412 3387 3375
f 3412 3375 3400
f 3413 3359 3401
f 3413 3372 3359
f 3414 3373 3360
f 3414 3360 3402
f 3415 3378 3403
f 3416 3388 3376
f 3416 3376 3404
f 3417 3382 3368
f 3417 3368 3405
f 3417 3394 3382
f 3418 3383 3369
f 3418 3369 3406
f 3419 3384 3370
f 3419 3370 3407
f 3419 3396 3384
f 3420 3389 3377
f 3420 3377 3408
f 3421 3391 3409
f 3422 3392 3410
f 3422 3406 3392
f 3423 3407 3393
f 3423 3381 3411
f 3423 3393 3381
f 3424 3387 3412
f 3424 3401 3387
f 3425 3372 3413
f 3425 3385 3372
f 3426 3373 3414
f 3426 3386 3373
f 3427 3378 3415
f 3427 3390 3378
f 3428 3388 3416
f 3428 3402 3388
f 3429 3408 3394
f 3429 3394 3417
f 3430 3383 3418
f 3430 3395 3383
f 3431 3396 3419
f 3432 3403 3389
f 3432 3389 3420
f 3433 3405 3391
f 3433 3391 3421
f 3434 3406 3422
f 3435 3407 3423
f 3435 3419 3407
f 3436 3397 3398
f 3437 3413 3401
f 3437 3401 3424
f 3437 3425 3413
f 3438 136 140
f 3438 3385 3425
f 3438 3399 3385
f 3438 140 3399
f 3439 3386 3426
f 3439 3400 3386
f 3440 3416 3404
f 3440 3390 3427
f 3440 3404 3390
f 3441 3414 3402
f 3441 3402 3428
f 3441 3426 3414
f 3442 3408 3429
f 3443 3409 3395
f 3443 3395 3430
f 3444 3410 3396
f 3444 3396 3431
f 3445 3423 3411
f 3445 3397 3436
f 3445 3411 3397
f 3446 3403 3432
f 3446 3415 3403
f 3447 3417 3405
f 3447 3405 3433
f 3448 3406 3434
f 3448 3418 3406
f 3449 3419 3435
f 3450 3425 3437
f 3450 3438 3425
f 3451 3412 3400
f 3451 3400 3439
f 3452 3416 3440
f 3452 3428 3416
f 3453 3426 3441
f 3453 3439 3426
f 3454 3420 3408
f 3454 3408 3442
f 3455 3421 3409
f 3455 3409 3443
f 3456 3422 3410
f 3456 3410 3444
f 3457 3423 3445
f 3458 3415 3446
f 3458 3427 3415
f 3459 3442 3429
f 3459 3429 3417
f 3459 3417 3447
f 3460 3443 3430
f 3460 3418 3448
f 3460 3430 3418
f 3461 3444 3431
f 3461 3419 3449
f 3461 3431 3419
f 3462 3398 3463
f 3462 3436 3398
f 3464 3438 3450
f 3464 136 3438
f 3465 3412 3451
f 3465 3424 3412
f 3466 3428 3452
f 3466 3441 3428
f 3467 3439 3453
f 3468 3432 3420
f 3468 3420 3454
f 3469 3421 3455
f 3469 3433 3421
f 3470 3422 3456
f 3470 3434 3422
f 3471 3435 3423
f 3471 3423 3457
f 3472 3427 3458
f 3472 3440 3427
f 3473 3442 3459
f 3474 3443 3460
f 3474 3455 3443
f 3475 3444 3461
f 3476 3445 3436
f 3476 3436 3462
f 3477 3424 3465
f 3477 3437 3424
f 3478 3441 3466
f 3479 3451 3439
f 3479 3439 3467
f 3480 3432 3468
f 3480 3446 3432
f 3481 3447 3433
f 3481 3433 3469
f 3482 3448 3434
f 3482 3434 3470
f 3483 3435 3471
f 3483 3449 3435
f 3484 3452 3440
f 3484 3440 3472
f 3485 3454 3442
f 3485 3442 3473
f 3486 3455 3474
f 3487 3456 3444
f 3487 3444 3475
f 3488 3471 3457
f 3488 3457 3445
f 3488 3445 3476
f 3489 3450 3437
f 3489 3437 3477
f 3490 3441 3478
f 3490 3453 3441
f 3491 3465 3451
f 3491 3451 3479
f 3492 3446 3480
f 3492 3458 3446
f 3493 3459 3447
f 3493 3447 3481
f 3494 3460 3448
f 3494 3474 3460
f 3494 3448 3482
f 3495 3449 3483
f 3495 3461 3449
f 3496 3466 3452
f 3496 3452 3484
f 3497 3454 3485
f 3497 3468 3454
f 3498 3481 3469
f 3498 3455 3486
f 3498 3469 3455
f 3499 3470 3456
f 3499 3456 3487
f 3500 3462 3463
f 3501 3471 3488
f 3502 132 136
f 3502 3450 3489
f 3502 136 3464
f 3502 3464 3450
f 3503 3453 3490
f 3503 3467 3453
f 3504 3465 3491
f 3504 3477 3465
f 3505 3458 3492
f 3505 3472 3458
f 3506 3459 3493
f 3506 3473 3459
f 3507 3474 3494
f 3508 3461 3495
f 3508 3475 3461
f 3509 3490 3478
f 3509 3466 3496
f 3509 3478 3466
f 3510 3476 3462
f 3510 3462 3500
f 3511 3480 3468
f 3511 3468 3497
f 3511 3492 3480
f 3512 3481 3498
f 3513 3482 3470
f 3513 3470 3499
f 3514 3495 3483
f 3514 3483 3471
f 3514 3471 3501
f 3515 3491 3479
f 3515 3479 3467
f 3515 3467 3503
f 3516 3477 3504
f 3516 3489 3477
f 3517 3484 3472
f 3517 3472 3505
f 3518 3485 3473
f 3518 3473 3506
f 3519 3486 3474
f 3519 3474 3507
f 3519 3498 3486
f 3520 3475 3508
f 3520 3487 3475
f 3520 3499 3487
f 3521 3490 3509
f 3522 3488 3476
f 3522 3476 3510
f 3523 3492 3511
f 3524 3493 3481
f 3524 3481 3512
f 3524 3506 3493
f 3525 3494 3482
f 3525 3482 3513
f 3526 3495 3514
f 3527 3510 3500
f 3527 3500 3463
f 3527 3463 3528
f 3529 3491 3515
f 3530 3489 3516
f 3530 132 3502
f 3530 3502 3489
f 3531 3484 3517
f 3531 3496 3484
f 3532 3485 3518
f 3532 3497 3485
f 3533 3498 3519
f 3534 3499 3520
f 3535 3515 3503
f 3535 3490 3521
f 3535 3503 3490
f 3536 3501 3488
f 3536 3488 3522
f 3537 3492 3523
f 3537 3517 3505
f 3537 3505 3492
f 3538 3506 3524
f 3538 3518 3506
f 3539 3494 3525
f 3539 3507 3494
f 3540 3520 3508
f 3540 3495 3526
f 3540 3508 3495
f 3541 3510 3527
f 3541 3522 3510
f 3542 3504 3491
f 3542 3491 3529
f 3543 3496 3531
f 3543 3509 3496
f 3544 3511 3497
f 3544 3497 3532
f 3545 3512 3498
f 3545 3498 3533
f 3546 3499 3534
f 3546 3513 3499
f 3547 3515 3535
f 3548 3526 3514
f 3548 3501 3536
f 3548 3514 3501
f 3549 3531 3517
f 3549 3517 3537
f 3550 3518 3538
f 3551 3519 3507
f 3551 3507 3539
f 3552 3520 3540
f 3553 3536 3522
f 3553 3522 3541
f 3554 3516 3504
f 3554 3504 3542
f 3555 3521 3509
f 3555 3509 3543
f 3556 3523 3511
f 3556 3511 3544
f 3557 3524 3512
f 3557 3512 3545
f 3557 3538 3524
f 3558 3525 3513
f 3558 3513 3546
f 3559 3529 3515
f 3559 3515 3547
f 3560 3526 3548
f 3561 3531 3549
f 3562 3518 3550
f 3562 3532 3518
f 3562 3544 3532
f 3563 3533 3519
f 3563 3519 3551
f 3564 3520 3552
f 3564 3534 3520
f 3565 3527 3528
f 3566 3536 3553
f 3567 132 3530
f 3567 128 132
f 3567 3516 3554
f 3567 3530 3516
f 3568 3535 3521
f 3568 3521 3555
f 3569 3523 3556
f 3569 3537 3523
f 3570 3538 3557
f 3571 3525 3558
f 3571 3539 3525
f 3572 3529 3559
f 3572 3542 3529
f 3573 3526 3560
f 3573 3540 3526
f 3573 3552 3540
f 3574 3527 3565
f 3574 3541 3527
f 3575 3531 3561
f 3575 3555 3543
f 3575 3543 3531
f 3576 3556 3544
f 3576 3544 3562
f 3577 3533 3563
f 3577 3545 3533
f 3578 3546 3534
f 3578 3534 3564
f 3579 3548 3536
f 3579 3536 3566
f 3580 3535 3568
f 3580 3547 3535
f 3581 3537 3569
f 3581 3549 3537
f 3582 3538 3570
f 3582 3550 3538
f 3583 3539 3571
f 3583 3551 3539
f 3584 3542 3572
f 3584 3554 3542
f 3585 3552 3573
f 3585 3564 3552
f 3586 3553 3541
f 3586 3541 3574
f 3587 3555 3575
f 3588 3556 3576
f 3589 3557 3545
f 3589 3545 3577
f 3590 3558 3546
f 3590 3546 3578
f 3590 3571 3558
f 3591 3560 3548
f 3591 3573 3560
f 3591 3548 3579
f 3592 3565 3528
f 3592 3528 3593
f 3594 3547 3580
f 3594 3559 3547
f 3595 3549 3581
f 3595 3561 3549
f 3596 3550 3582
f 3596 3562 3550
f 3597 3551 3583
f 3597 3563 3551
f 3598 3554 3584
f 3598 128 3567
f 3598 3567 3554
f 3599 3564 3585
f 3600 3566 3553
f 3600 3553 3586
f 3601 3568 3555
f 3601 3555 3587
f 3601 3580 3568
f 3602 3556 3588
f 3602 3569 3556
f 3603 3570 3557
f 3603 3557 3589
f 3604 3571 3590
f 3605 3573 3591
f 3606 3565 3592
f 3606 3574 3565
f 3607 3559 3594
f 3607 3572 3559
f 3608 3561 3595
f 3608 3575 3561
f 3609 3562 3596
f 3609 3576 3562
f 3610 3563 3597
f 3610 3577 3563
f 3611 3578 3564
f 3611 3564 3599
f 3612 3579 3566
f 3612 3566 3600
f 3613 3594 3580
f 3613 3580 3601
f 3614 3595 3581
f 3614 3569 3602
f 3614 3581 3569
f 3615 3582 3570
f 3615 3570 3603
f 3616 3583 3571
f 3616 3571 3604
f 3617 3599 3585
f 3617 3585 3573
f 3617 3573 3605
f 3618 3586 3574
f 3618 3574 3606
f 3618 3600 3586
f 3619 3584 3572
f 3619 3572 3607
f 3620 3587 3575
f 3620 3575 3608
f 3621 3588 3576
f 3621 3576 3609
f 3622 3603 3589
f 3622 3589 3577
f 3622 3577 3610
f 3623 3590 3578
f 3623 3604 3590
f 3623 3578 3611
f 3624 3579 3612
f 3624 3591 3579
f 3625 3594 3613
f 3625 3607 3594
f 3626 3595 3614
f 3627 3582 3615
f 3627 3596 3582
f 3628 3597 3583
f 3628 3583 3616
f 3629 3592 3593
f 3630 3599 3617
f 3630 3611 3599
f 3631 3600 3618
f 3632 124 128
f 3632 3584 3619
f 3632 3598 3584
f 3632 128 3598
f 3633 3587 3620
f 3633 3601 3587
f 3634 3588 3621
f 3634 3602 3588
f 3635 3603 3622
f 3636 3616 3604
f 3636 3604 3623
f 3637 3591 3624
f 3637 3605 3591
f 3638 3592 3629
f 3638 3606 3592
f 3639 3607 3625
f 3639 3619 3607
f 3640 3595 3626
f 3640 3620 3608
f 3640 3608 3595
f 3641 3596 3627
f 3641 3621 3609
f 3641 3609 3596
f 3642 3597 3628
f 3642 3610 3597
f 3643 3611 3630
f 3644 3624 3612
f 3644 3600 3631
f 3644 3612 3600
f 3645 3613 3601
f 3645 3601 3633
f 3646 3614 3602
f 3646 3626 3614
f 3646 3602 3634
f 3647 3615 3603
f 3647 3603 3635
f 3648 3616 3636
f 3649 3617 3605
f 3649 3605 3637
f 3650 3618 3606
f 3650 3606 3638
f 3651 3619 3639
f 3652 3620 3640
f 3653 3621 3641
f 3654 3622 3610
f 3654 3610 3642
f 3655 3623 3611
f 3655 3636 3623
f 3655 3611 3643
f 3656 3624 3644
f 3657 3629 3593
f 3657 3593 3658
f 3659 3625 3613
f 3659 3613 3645
f 3660 3626 3646
f 3661 3627 3615
f 3661 3615 3647
f 3662 3628 3616
f 3662 3616 3648
f 3663 3630 3617
f 3663 3617 3649
f 3664 3618 3650
f 3664 3631 3618
f 3665 124 3632
f 3665 3619 3651
f 3665 3632 3619
f 3666 3620 3652
f 3666 3633 3620
f 3666 3645 3633
f 3667 3621 3653
f 3667 3634 3621
f 3668 3622 3654
f 3668 3635 3622
f 3669 3636 3655
f 3670 3624 3656
f 3670 3637 3624
f 3671 3629 3657
f 3671 3638 3629
f 3672 3639 3625
f 3672 3625 3659
f 3673 3652 3640
f 3673 3626 3660
f 3673 3640 3626
f 3674 3641 3627
f 3674 3627 3661
f 3675 3628 3662
f 3675 3642 3628
f 3676 3630 3663
f 3676 3643 3630
f 3677 3631 3664
f 3677 3644 3631
f 3678 3659 3645
f 3678 3645 3666
f 3679 3646 3634
f 3679 3634 3667
f 3680 3647 3635
f 3680 3635 3668
f 3681 3636 3669
f 3681 3648 3636
f 3682 3649 3637
f 3682 3637 3670
f 3683 3650 3638
f 3683 3638 3671
f 3684 3651 3639
f 3684 3639 3672
f 3685 3652 3673
f 3686 3653 3641
f 3686 3641 3674
f 3687 3654 3642
f 3687 3668 3654
f 3687 3642 3675
f 3688 3643 3676
f 3688 3655 3643
f 3689 3656 3644
f 3689 3644 3677
f 3690 3672 3659
f 3690 3659 3678
f 3691 3646 3679
f 3691 3660 3646
f 3692 3647 3680
f 3692 3661 3647
f 3693 3657 3658
f 3694 3662 3648
f 3694 3675 3662
f 3694 3648 3681
f 3695 3663 3649
f 3695 3676 3663
f 3695 3649 3682
f 3696 3664 3650
f 3696 3650 3683
f 3697 120 124
f 3697 3665 3651
f 3697 124 3665
f 3697 3651 3684
f 3698 3652 3685
f 3698 3666 3652
f 3698 3678 3666
f 3699 3667 3653
f 3699 3653 3686
f 3700 3668 3687
f 3700 3680 3668
f 3701 3655 3688
f 3701 3681 3669
f 3701 3669 3655
f 3702 3656 3689
f 3702 3682 3670
f 3702 3670 3656
f 3703 3657 3693
f 3703 3671 3657
f 3704 3672 3690
f 3704 3684 3672
f 3705 3685 3673
f 3705 3660 3691
f 3705 3673 3660
f 3706 3661 3692
f 3706 3674 3661
f 3707 3675 3694
f 3708 3676 3695
f 3709 3664 3696
f 3709 3677 3664
f 3710 3678 3698
f 3711 3679 3667
f 3711 3667 3699
f 3711 3691 3679
f 3712 3680 3700
f 3713 3681 3701
f 3714 3695 3682
f 3714 3682 3702
f 3715 3671 3703
f 3715 3683 3671
f 3716 3684 3704
f 3717 3685 3705
f 3718 3686 3674
f 3718 3674 3706
f 3719 3675 3707
f 3719 3687 3675
f 3720 3701 3688
f 3720 3688 3676
f 3720 3676 3708
f 3721 3677 3709
f 3721 3689 3677
f 3722 3693 3658
f 3722 3658 3723
f 3724 3690 3678
f 3724 3678 3710
f 3725 3691 3711
f 3726 3692 3680
f 3726 3680 3712
f 3727 3694 3681
f 3727 3681 3713
f 3728 3708 3695
f 3728 3695 3714
f 3729 3683 3715
f 3729 3696 3683
f 3730 3684 3716
f 3730 3697 3684
f 3730 120 3697
f 3731 3685 3717
f 3731 3698 3685
f 3732 3699 3686
f 3732 3686 3718
f 3733 3687 3719
f 3733 3700 3687
f 3734 3701 3720
f 3735 3702 3689
f 3735 3689 3721
f 3736 3715 3703
f 3736 3693 3722
f 3736 3703 3693
f 3737 3716 3704
f 3737 3704 3690
f 3737 3690 3724
f 3738 3717 3705
f 3738 3691 3725
f 3738 3705 3691
f 3739 3706 3692
f 3739 3692 3726
f 3739 3718 3706
f 3740 3719 3707
f 3740 3694 3727
f 3740 3707 3694
f 3741 3708 3728
f 3742 3709 3696
f 3742 3696 3729
f 3743 3710 3698
f 3743 3724 3710
f 3743 3698 3731
f 3744 3699 3732
f 3744 3711 3699
f 3745 3712 3700
f 3745 3700 3733
f 3746 3701 3734
f 3746 3713 3701
f 3747 3714 3702
f 3747 3702 3735
f 3747 3728 3714
f 3748 3715 3736
f 3748 3729 3715
f 3749 3716 3737
f 3750 3717 3738
f 3751 3718 3739
f 3752 3719 3740
f 3752 3733 3719
f 3753 3720 3708
f 3753 3708 3741
f 3754 3721 3709
f 3754 3709 3742
f 3755 3724 3743
f 3756 3725 3711
f 3756 3711 3744
f 3757 3726 3712
f 3757 3712 3745
f 3758 3722 3723
f 3758 3736 3722
f 3759 3727 3713
f 3759 3740 3727
f 3759 3713 3746
f 3760 3728 3747
f 3761 3729 3748
f 3761 3742 3729
f 3762 3716 3749
f 3762 116 120
f 3762 3730 3716
f 3762 120 3730
f 3763 3717 3750
f 3763 3731 3717
f 3763 3743 3731
f 3764 3718 3751
f 3764 3732 3718
f 3764 3744 3732
f 3765 3733 3752
f 3766 3720 3753
f 3766 3734 3720
f 3767 3735 3721
f 3767 3721 3754
f 3768 3736 3758
f 3769 3724 3755
f 3769 3737 3724
f 3769 3749 3737
f 3770 3725 3756
f 3770 3738 3725
f 3771 3739 3726
f 3771 3726 3757
f 3772 3740 3759
f 3773 3728 3760
f 3773 3741 3728
f 3774 3742 3761
f 3775 3743 3763
f 3776 3756 3744
f 3776 3744 3764
f 3777 3733 3765
f 3777 3745 3733
f 3778 3746 3734
f 3778 3734 3766
f 3779 3747 3735
f 3779 3735 3767
f 3780 3761 3748
f 3780 3736 3768
f 3780 3748 3736
f 3781 3749 3769
f 3782 3750 3738
f 3782 3738 3770
f 3783 3751 3739
f 3783 3739 3771
f 3784 3752 3740
f 3784 3740 3772
f 3785 3753 3741
f 3785 3741 3773
f 3786 3754 3742
f 3786 3742 3774
f 3787 3758 3723
f 3787 3723 3788
f 3789 3755 3743
f 3789 3743 3775
f 3790 3756 3776
f 3791 3757 3745
f 3791 3745 3777
f 3792 3759 3746
f 3792 3746 3778
f 3793 3760 3747
f 3793 3747 3779
f 3794 3761 3780
f 3795 116 3762
f 3795 3762 3749
f 3795 3749 3781
f 3796 3763 3750
f 3796 3750 3782
f 3797 3764 3751
f 3797 3751 3783
f 3798 3777 3765
f 3798 3752 3784
f 3798 3765 3752
f 3799 3766 3753
f 3799 3753 3785
f 3800 3767 3754
f 3800 3754 3786
f 3800 3779 3767
f 3801 3768 3758
f 3801 3758 3787
f 3802 3769 3755
f 3802 3755 3789
f 3803 3770 3756
f 3803 3756 3790
f 3803 3782 3770
f 3804 3757 3791
f 3804 3771 3757
f 3805 3759 3792
f 3805 3772 3759
f 3806 3760 3793
f 3806 3773 3760
f 3807 3761 3794
f 3807 3786 3774
f 3807 3774 3761
f 3808 3763 3796
f 3808 3775 3763
f 3809 3764 3797
f 3809 3776 3764
f 3810 3777 3798
f 3811 3792 3778
f 3811 3766 3799
f 3811 3778 3766
f 3812 3779 3800
f 3813 3768 3801
f 3813 3780 3768
f 3813 3794 3780
f 3814 3769 3802
f 3814 3781 3769
f 3815 3782 3803
f 3816 3783 3771
f 3816 3771 3804
f 3817 3784 3772
f 3817 3772 3805
f 3818 3785 3773
f 3818 3773 3806
f 3819 3786 3807
f 3820 3789 3775
f 3820 3775 3808
f 3821 3790 3776
f 3821 3776 3809
f 3822 3787 3788
f 3823 3804 3791
f 3823 3791 3777
f 3823 3777 3810
f 3824 3792 3811
f 3825 3793 3779
f 3825 3779 3812
f 3826 3794 3813
f 3827 116 3795
f 3827 112 116
f 3827 3795 3781
f 3827 3781 3814
f 3828 3796 3782
f 3828 3782 3815
f 3829 3797 3783
f 3829 3783 3816
f 3830 3784 3817
f 3830 3798 3784
f 3831 3799 3785
f 3831 3811 3799
f 3831 3785 3818
f 3832 3800 3786
f 3832 3786 3819
f 3833 3787 3822
f 3833 3801 3787
f 3834 3789 3820
f 3834 3802 3789
f 3835 3803 3790
f 3835 3790 3821
f 3835 3815 3803
f 3836 3804 3823
f 3837 3792 3824
f 3837 3817 3805
f 3837 3805 3792
f 3838 3806 3793
f 3838 3793 3825
f 3839 3794 3826
f 3839 3819 3807
f 3839 3807 3794
f 3840 3820 3808
f 3840 3796 3828
f 3840 3808 3796
f 3841 3797 3829
f 3841 3821 3809
f 3841 3809 3797
f 3842 3798 3830
f 3842 3810 3798
f 3843 3811 3831
f 3844 3800 3832
f 3844 3812 3800
f 3845 3813 3801
f 3845 3801 3833
f 3846 3802 3834
f 3846 3814 3802
f 3847 3815 3835
f 3848 3816 3804
f 3848 3804 3836
f 3849 3817 3837
f 3850 3831 3818
f 3850 3806 3838
f 3850 3818 3806
f 3851 3819 3839
f 3852 3822 3788
f 3852 3788 3853
f 3854 3834 3820
f 3854 3820 3840
f 3855 3821 3841
f 3856 3823 3810
f 3856 3810 3842
f 3857 3824 3811
f 3857 3811 3843
f 3858 3812 3844
f 3858 3825 3812
f 3859 3826 3813
f 3859 3813 3845
f 3860 112 3827
f 3860 3827 3814
f 3860 3814 3846
f 3861 3828 3815
f 3861 3840 3828
f 3861 3815 3847
f 3862 3816 3848
f 3862 3829 3816
f 3863 3830 3817
f 3863 3817 3849
f 3863 3842 3830
f 3864 3831 3850
f 3865 3832 3819
f 3865 3819 3851
f 3866 3822 3852
f 3866 3833 3822
f 3867 3834 3854
f 3867 3846 3834
f 3868 3821 3855
f 3868 3835 3821
f 3869 3836 3823
f 3869 3823 3856
f 3869 3848 3836
f 3870 3837 3824
f 3870 3824 3857
f 3870 3849 3837
f 3871 3838 3825
f 3871 3825 3858
f 3872 3826 3859
f 3872 3839 3826
f 3873 3854 3840
f 3873 3840 3861
f 3874 3829 3862
f 3874 3841 3829
f 3875 3842 3863
f 3876 3857 3843
f 3876 3831 3864
f 3876 3843 3831
f 3877 3858 3844
f 3877 3832 3865
f 3877 3844 3832
f 3878 3833 3866
f 3878 3845 3833
f 3879 3846 3867
f 3880 3835 3868
f 3880 3847 3835
f 3881 3848 3869
f 3882 3863 3849
f 3882 3849 3870
f 3883 3850 3838
f 3883 3864 3850
f 3883 3838 3871
f 3884 3851 3839
f 3884 3839 3872
f 3885 3854 3873
f 3886 3852 3853
f 3887 3855 3841
f 3887 3841 3874
f 3888 3842 3875
f 3888 3856 3842
f 3889 3857 3876
f 3890 3858 3877
f 3891 3845 3878
f 3891 3859 3845
f 3892 3860 3846
f 3892 108 112
f 3892 112 3860
f 3892 3846 3879
f 3893 3861 3847
f 3893 3847 3880
f 3894 3874 3862
f 3894 3848 3881
f 3894 3862 3848
f 3895 3863 3882
f 3896 3876 3864
f 3896 3864 3883
f 3897 3851 3884
f 3897 3865 3851
f 3898 3852 3886
f 3898 3866 3852
f 3899 3867 3854
f 3899 3854 3885
f 3900 3880 3868
f 3900 3868 3855
f 3900 3855 3887
f 3901 3856 3888
f 3901 3869 3856
f 3902 3857 3889
f 3902 3870 3857
f 3903 3858 3890
f 3903 3871 3858
f 3904 3872 3859
f 3904 3859 3891
f 3905 3861 3893
f 3905 3873 3861
f 3906 3874 3894
f 3907 3863 3895
f 3907 3875 3863
f 3908 3876 3896
f 3909 3877 3865
f 3909 3865 3897
f 3909 3890 3877
f 3910 3866 3898
f 3910 3878 3866
f 3911 3892 3879
f 3911 3867 3899
f 3911 3879 3867
f 3912 3880 3900
f 3913 3881 3869
f 3913 3869 3901
f 3914 3895 3882
f 3914 3870 3902
f 3914 3882 3870
f 3915 3896 3883
f 3915 3871 3903
f 3915 3883 3871
f 3916 3872 3904
f 3916 3884 3872
f 3917 3885 3873
f 3917 3873 3905
f 3918 3887 3874
f 3918 3874 3906
f 3919 3875 3907
f 3919 3888 3875
f 3920 3886 3853
f 3920 3853 3921
f 3922 3889 3876
f 3922 3876 3908
f 3923 3890 3909
f 3924 3878 3910
f 3924 3891 3878
f 3925 108 3892
f 3925 3892 3911
f 3926 3893 3880
f 3926 3880 3912
f 3927 3894 3881
f 3927 3881 3913
f 3928 3907 3895
f 3928 3895 3914
f 3929 3896 3915
f 3929 3908 3896
f 3930 3897 3884
f 3930 3884 3916
f 3930 3909 3897
f 3931 3886 3920
f 3931 3898 3886
f 3932 3885 3917
f 3932 3899 3885
f 3933 3887 3918
f 3933 3900 3887
f 3934 3901 3888
f 3934 3888 3919
f 3934 3913 3901
f 3935 3889 3922
f 3935 3902 3889
f 3936 3890 3923
f 3936 3903 3890
f 3937 3904 3891
f 3937 3891 3924
f 3938 3905 3893
f 3938 3893 3926
f 3939 3894 3927
f 3939 3906 3894
f 3939 3918 3906
f 3940 3907 3928
f 3941 3922 3908
f 3941 3908 3929
f 3942 3909 3930
f 3943 3898 3931
f 3943 3910 3898
f 3943 3924 3910
f 3944 3920 3921
f 3945 3899 3932
f 3945 3911 3899
f 3946 3900 3933
f 3946 3912 3900
f 3947 3913 3934
f 3948 3902 3935
f 3948 3914 3902
f 3949 3903 3936
f 3949 3915 3903
f 3950 3916 3904
f 3950 3904 3937
f 3951 3905 3938
f 3951 3917 3905
f 3952 3918 3939
f 3952 3933 3918
f 3953 3907 3940
f 3953 3919 3907
f 3954 3922 3941
f 3955 3943 3931
f 3955 3920 3944
f 3955 3931 3920
f 3956 3923 3909
f 3956 3909 3942
f 3957 3924 3943
f 3958 108 3925
f 3958 3925 3911
f 3958 104 108
f 3958 3911 3945
f 3959 3926 3912
f 3959 3912 3946
f 3960 3927 3913
f 3960 3939 3927
f 3960 3913 3947
f 3961 3928 3914
f 3961 3914 3948
f 3962 3929 3915
f 3962 3915 3949
f 3963 3930 3916
f 3963 3916 3950
f 3964 3932 3917
f 3964 3945 3932
f 3964 3917 3951
f 3965 3946 3933
f 3965 3933 3952
f 3966 3934 3919
f 3966 3919 3953
f 3967 3922 3954
f 3967 3935 3922
f 3968 3943 3955
f 3968 3957 3943
f 3969 3923 3956
f 3969 3936 3923
f 3970 3937 3924
f 3970 3924 3957
f 3971 3951 3938
f 3971 3938 3926
f 3971 3926 3959
f 3972 3939 3960
f 3973 3940 3928
f 3973 3928 3961
f 3974 3929 3962
f 3974 3941 3929
f 3975 3956 3942
f 3975 3930 3963
f 3975 3942 3930
f 3976 3945 3964
f 3977 3946 3965
f 3978 3934 3966
f 3978 3947 3934
f 3979 3961 3948
f 3979 3935 3967
f 3979 3948 3935
f 3980 3957 3968
f 3981 3936 3969
f 3981 3949 3936
f 3982 3950 3937
f 3982 3937 3970
f 3983 3951 3971
f 3984 3939 3972
f 3984 3952 3939
f 3985 3940 3973
f 3985 3953 3940
f 3986 3941 3974
f 3986 3954 3941
f 3987 3956 3975
f 3988 3944 3921
f 3988 3921 3989
f 3990 104 3958
f 3990 3958 3945
f 3990 3945 3976
f 3991 3959 3946
f 3991 3971 3959
f 3991 3946 3977
f 3992 3960 3947
f 3992 3947 3978
f 3992 3972 3960
f 3993 3961 3979
f 3993 3973 3961
f 3994 3957 3980
f 3994 3970 3957
f 3994 3982 3970
f 3995 3962 3949
f 3995 3949 3981
f 3996 3963 3950
f 3996 3950 3982
f 3997 3955 3944
f 3997 3988 3989
f 3997 3944 3988
f 3998 3951 3983
f 3998 3964 3951
f 3999 3965 3952
f 3999 3952 3984
f 4000 3953 3985
f 4000 3966 3953
f 4001 3954 3986
f 4001 3967 3954
f 4001 3979 3967
f 4002 3969 3956
f 4002 3956 3987
f 4003 3971 3991
f 4004 3972 3992
f 4004 3984 3972
f 4005 3973 3993
f 4006 3982 3994
f 4007 3974 3962
f 4007 3962 3995
f 4008 3963 3996
f 4008 3975 3963
f 4009 3968 3955
f 4009 3955 3997
f 4009 3997 3989
f 4010 3964 3998
f 4010 3976 3964
f 4011 3965 3999
f 4011 3977 3965
f 4012 3966 4000
f 4012 3978 3966
f 4013 3979 4001
f 4013 3993 3979
f 4014 3981 3969
f 4014 3969 4002
f 4015 3971 4003
f 4015 3983 3971
f 4016 3984 4004
f 4017 3985 3973
f 4017 3973 4005
f 4017 4000 3985
f 4018 3996 3982
f 4018 4008 3996
f 4018 3982 4006
f 4019 3974 4007
f 4019 3986 3974
f 4020 3975 4008
f 4020 3987 3975
f 4021 3980 3968
f 4021 3968 4009
f 4022 3990 3976
f 4022 100 104
f 4022 3976 4010
f 4022 104 3990
f 4023 3991 3977
f 4023 3977 4011
f 4024 3992 3978
f 4024 3978 4012
f 4025 3993 4013
f 4026 3995 3981
f 4026 3981 4014
f 4027 3998 3983
f 4027 3983 4015
f 4028 3999 3984
f 4028 3984 4016
f 4028 4011 3999
f 4029 4000 4017
f 4030 4008 4018
f 4030 4020 4008
f 4031 4001 3986
f 4031 3986 4019
f 4032 4002 3987
f 4032 3987 4020
f 4033 3994 3980
f 4033 3980 4021
f 4034 3991 4023
f 4034 4003 3991
f 4035 3992 4024
f 4035 4004 3992
f 4036 3993 4025
f 4036 4005 3993
f 4036 4017 4005
f 4037 3995 4026
f 4037 4007 3995
f 4038 4022 4010
f 4038 4010 3998
f 4038 3998 4027
f 4039 4011 4028
f 4040 4000 4029
f 4040 4024 4012
f 4040 4012 4000
f 4041 4020 4030
f 4042 4013 4001
f 4042 4001 4031
f 4043 4002 4032
f 4043 4026 4014
f 4043 4014 4002
f 4044 3994 4033
f 4044 4006 3994
f 4044 4018 4006
f 4045 4003 4034
f 4045 4015 4003
f 4046 4004 4035
f 4046 4016 4004
f 4047 4017 4036
f 4048 4007 4037
f 4048 4019 4007
f 4049 3989 4050
f 4051 4022 4038
f 4051 100 4022
f 4052 4023 4011
f 4052 4011 4039
f 4052 4034 4023
f 4053 4024 4040
f 4054 4020 4041
f 4054 4032 4020
f 4055 4025 4013
f 4055 4013 4042
f 4056 4026 4043
f 4057 4018 4044
f 4058 3989 4049
f 4058 4049 4050
f 4059 4015 4045
f 4059 4027 4015
f 4060 4028 4016
f 4060 4016 4046
f 4061 4040 4029
f 4061 4017 4047
f 4061 4029 4017
f 4062 4031 4019
f 4062 4019 4048
f 4063 4045 4034
f 4063 4034 4052
f 4064 4046 4035
f 4064 4035 4024
f 4064 4024 4053
f 4065 4043 4032
f 4065 4032 4054
f 4065 4056 4043
f 4066 4036 4025
f 4066 4025 4055
f 4067 4037 4026
f 4067 4026 4056
f 4068 4030 4018
f 4068 4018 4057
f 4069 3989 4058
f 4069 4009 3989
f 4070 4038 4027
f 4070 4027 4059
f 4071 4028 4060
f 4071 4039 4028
f 4072 4040 4061
f 4073 4031 4062
f 4073 4042 4031
f 4074 4045 4063
f 4075 4046 4064
f 4076 4056 4065
f 4077 4047 4036
f 4077 4036 4066
f 4078 4037 4067
f 4078 4048 4037
f 4079 4041 4030
f 4079 4030 4068
f 4080 4021 4009
f 4080 4009 4069
f 4081 96 100
f 4081 4038 4070
f 4081 4051 4038
f 4081 100 4051
f 4082 4052 4039
f 4082 4039 4071
f 4083 4040 4072
f 4083 4064 4053
f 4083 4053 4040
f 4084 4042 4073
f 4084 4055 4042
f 4085 4045 4074
f 4085 4059 4045
f 4086 4046 4075
f 4086 4060 4046
f 4086 4071 4060
f 4087 4067 4056
f 4087 4056 4076
f 4088 4061 4047
f 4088 4047 4077
f 4089 4062 4048
f 4089 4048 4078
f 4090 4041 4079
f 4090 4054 4041
f 4091 4033 4021
f 4091 4021 4080
f 4092 4063 4052
f 4092 4052 4082
f 4093 4064 4083
f 4094 4055 4084
f 4094 4066 4055
f 4095 4070 4059
f 4095 4059 4085
f 4096 4071 4086
f 4097 4078 4067
f 4097 4067 4087
f 4097 4089 4078
f 4098 4061 4088
f 4098 4072 4061
f 4099 4073 4062
f 4099 4084 4073
f 4099 4062 4089
f 4100 4054 4090
f 4100 4065 4054
f 4101 4044 4033
f 4101 4033 4091
f 4101 4057 4044
f 4102 4074 4063
f 4102 4063 4092
f 4103 4075 4064
f 4103 4064 4093
f 4103 4086 4075
f 4104 4066 4094
f 4104 4077 4066
f 4105 4050 4106
f 4107 4081 4070
f 4107 4070 4095
f 4107 96 4081
f 4108 4092 4082
f 4108 4082 4071
f 4108 4071 4096
f 4109 4089 4097
f 4110 4072 4098
f 4110 4083 4072
f 4111 4084 4099
f 4111 4094 4084
f 4112 4065 4100
f 4112 4076 4065
f 4112 4087 4076
f 4113 4057 4101
f 4114 4058 4050
f 4114 4050 4105
f 4114 4105 4106
f 4115 4074 4102
f 4115 4085 4074
f 4116 4086 4103
f 4117 4088 4077
f 4117 4077 4104
f 4118 4092 4108
f 4119 4099 4089
f 4119 4089 4109
f 4120 4093 4083
f 4120 4083 4110
f 4121 4094 4111
f 4122 4087 4112
f 4123 4057 4113
f 4123 4079 4068
f 4123 4068 4057
f 4124 4069 4058
f 4124 4058 4114
f 4125 4095 4085
f 4125 4085 4115
f 4126 4096 4086
f 4126 4086 4116
f 4127 4098 4088
f 4127 4088 4117
f 4128 4115 4102
f 4128 4092 4118
f 4128 4102 4092
f 4129 4099 4119
f 4129 4111 4099
f 4129 4121 4111
f 4130 4103 4093
f 4130 4093 4120
f 4131 4104 4094
f 4131 4117 4104
f 4131 4094 4121
f 4132 4097 4087
f 4132 4087 4122
f 4133 4079 4123
f 4134 4069 4124
f 4134 4080 4069
f 4135 92 96
f 4135 96 4107
f 4135 4107 4095
f 4135 4095 4125
f 4136 4108 4096
f 4136 4096 4126
f 4137 4110 4098
f 4137 4098 4127
f 4138 4115 4128
f 4138 4125 4115
f 4139 4121 4129
f 4140 4103 4130
f 4140 4116 4103
f 4141 4117 4131
f 4142 4097 4132
f 4142 4109 4097
f 4143 4090 4079
f 4143 4079 4133
f 4144 4101 4091
f 4144 4091 4080
f 4144 4080 4134
f 4145 4118 4108
f 4145 4128 4118
f 4145 4108 4136
f 4146 4110 4137
f 4146 4120 4110
f 4147 4125 4138
f 4148 4121 4139
f 4148 4131 4121
f 4149 4126 4116
f 4149 4116 4140
f 4150 4117 4141
f 4150 4127 4117
f 4150 4137 4127
f 4151 4119 4109
f 4151 4129 4119
f 4151 4109 4142
f 4152 4100 4090
f 4152 4090 4143
f 4153 4101 4144
f 4154 4128 4145
f 4155 4106 4156
f 4157 4120 4146
f 4157 4130 4120
f 4158 4135 4125
f 4158 4125 4147
f 4158 92 4135
f 4159 4150 4141
f 4159 4141 4131
f 4159 4131 4148
f 4160 4136 4126
f 4160 4126 4149
f 4161 4137 4150
f 4162 4106 4155
f 4162 4114 4106
f 4163 4129 4151
f 4163 4139 4129
f 4164 4112 4100
f 4164 4100 4152
f 4165 4113 4101
f 4165 4101 4153
f 4165 4123 4113
f 4166 4128 4154
f 4166 4138 4128
f 4167 4140 4130
f 4167 4149 4140
f 4167 4130 4157
f 4168 4150 4159
f 4169 4145 4136
f 4169 4136 4160
f 4170 4137 4161
f 4170 4157 4146
f 4170 4146 4137
f 4171 4114 4162
f 4171 4124 4114
f 4172 4139 4163
f 4172 4148 4139
f 4173 4112 4164
f 4173 4122 4112
f 4174 4123 4165
f 4175 4138 4166
f 4175 4147 4138
f 4176 4149 4167
f 4177 4161 4150
f 4177 4150 4168
f 4178 4145 4169
f 4178 4154 4145
f 4179 4157 4170
f 4179 4167 4157
f 4180 4124 4171
f 4180 4134 4124
f 4181 4148 4172
f 4182 4132 4122
f 4182 4122 4173
f 4183 4133 4123
f 4183 4123 4174
f 4184 88 92
f 4184 92 4158
f 4184 4147 4175
f 4184 4158 4147
f 4185 4160 4149
f 4185 4149 4176
f 4186 4170 4161
f 4186 4179 4170
f 4186 4161 4177
f 4187 4166 4154
f 4187 4154 4178
f 4188 4167 4179
f 4189 4144 4134
f 4189 4134 4180
f 4190 4168 4159
f 4190 4148 4181
f 4190 4159 4148
f 4191 4132 4182
f 4191 4142 4132
f 4192 4133 4183
f 4192 4143 4133
f 4193 4160 4185
f 4193 4178 4169
f 4193 4169 4160
f 4194 4156 4195
f 4194 4155 4156
f 4196 4179 4186
f 4197 4175 4166
f 4197 4166 4187
f 4198 4167 4188
f 4198 4176 4167
f 4199 4144 4189
f 4199 4153 4144
f 4200 4168 4190
f 4201 4151 4142
f 4201 4142 4191
f 4202 4164 4152
f 4202 4152 4143
f 4202 4143 4192
f 4203 4187 4178
f 4203 4178 4193
f 4204 4155 4194
f 4204 4171 4162
f 4204 4162 4155
f 4205 4179 4196
f 4205 4188 4179
f 4206 4175 4197
f 4206 4184 4175
f 4206 88 4184
f 4207 4176 4198
f 4207 4185 4176
f 4207 4193 4185
f 4208 4153 4199
f 4208 4165 4153
f 4209 4177 4168
f 4209 4186 4177
f 4209 4168 4200
f 4210 4151 4201
f 4210 4163 4151
f 4211 4164 4202
f 4212 4197 4187
f 4212 4187 4203
f 4213 4171 4204
f 4214 4207 4198
f 4214 4188 4205
f 4214 4198 4188
f 4215 4193 4207
f 4215 4203 4193
f 4216 4165 4208
f 4216 4174 4165
f 4217 4196 4186
f 4217 4186 4209
f 4218 4163 4210
f 4218 4172 4163
f 4219 4173 4164
f 4219 4164 4211
f 4220 4197 4212
f 4221 4171 4213
f 4221 4180 4171
f 4222 4207 4214
f 4223 4212 4203
f 4223 4203 4215
f 4224 4174 4216
f 4224 4183 4174
f 4225 4205 4196
f 4225 4196 4217
f 4226 4181 4172
f 4226 4172 4218
f 4227 4182 4173
f 4227 4173 4219
f 4228 84 88
f 4228 88 4206
f 4228 4206 4197
f 4228 4197 4220
f 4229 4180 4221
f 4229 4189 4180
f 4230 4207 4222
f 4230 4215 4207
f 4230 4223 4215
f 4231 4212 4223
f 4232 4183 4224
f 4232 4192 4183
f 4233 4205 4225
f 4234 4200 4190
f 4234 4181 4226
f 4234 4190 4181
f 4235 4191 4182
f 4235 4182 4227
f 4236 4194 4195
f 4236 4195 4237
f 4238 4189 4229
f 4238 4199 4189
f 4239 4223 4230
f 4239 4231 4223
f 4240 4212 4231
f 4240 4220 4212
f 4241 4202 4192
f 4241 4192 4232
f 4242 4205 4233
f 4242 4214 4205
f 4243 4194 4236
f 4243 4204 4194
f 4244 4209 4200
f 4244 4200 4234
f 4245 4201 4191
f 4245 4191 4235
f 4246 4199 4238
f 4246 4208 4199
f 4247 4231 4239
f 4248 4220 4240
f 4248 84 4228
f 4248 4228 4220
f 4249 4202 4241
f 4249 4211 4202
f 4250 4222 4214
f 4250 4214 4242
f 4251 4204 4243
f 4251 4213 4204
f 4252 4209 4244
f 4252 4217 4209
f 4253 4210 4201
f 4253 4201 4245
f 4254 4216 4208
f 4254 4224 4216
f 4254 4208 4246
f 4255 4240 4231
f 4255 4231 4247
f 4256 4211 4249
f 4256 4219 4211
f 4257 4230 4222
f 4257 4239 4230
f 4257 4222 4250
f 4258 4229 4221
f 4258 4221 4213
f 4258 4213 4251
f 4259 4217 4252
f 4260 4210 4253
f 4260 4218 4210
f 4261 4224 4254
f 4261 4232 4224
f 4262 80 84
f 4262 4248 4240
f 4262 4240 4255
f 4262 84 4248
f 4263 4219 4256
f 4263 4227 4219
f 4264 4239 4257
f 4264 4247 4239
f 4265 4238 4229
f 4265 4229 4258
f 4266 4217 4259
f 4266 4225 4217
f 4267 4218 4260
f 4267 4226 4218
f 4268 4232 4261
f 4269 4236 4237
f 4269 4237 4270
f 4271 4227 4263
f 4271 4235 4227
f 4272 4247 4264
f 4273 4238 4265
f 4274 4233 4225
f 4274 4225 4266
f 4275 4226 4267
f 4275 4234 4226
f 4276 4232 4268
f 4276 4241 4232
f 4277 4243 4236
f 4277 4236 4269
f 4278 4235 4271
f 4278 4245 4235
f 4279 4247 4272
f 4279 4255 4247
f 4280 4246 4238
f 4280 4238 4273
f 4281 4233 4274
f 4281 4242 4233
f 4282 4234 4275
f 4282 4244 4234
f 4283 4241 4276
f 4283 4256 4249
f 4283 4249 4241
f 4284 4243 4277
f 4284 4251 4243
f 4285 4269 4270
f 4285 4277 4269
f 4285 4270 4286
f 4287 4245 4278
f 4287 4253 4245
f 4288 4255 4279
f 4288 4262 4255
f 4288 80 4262
f 4289 4246 4280
f 4289 4254 4246
f 4290 4242 4281
f 4290 4250 4242
f 4291 4252 4244
f 4291 4244 4282
f 4292 4284 4277
f 4292 4277 4285
f 4293 4263 4256
f 4293 4256 4283
f 4294 4251 4284
f 4294 4258 4251
f 4295 4260 4253
f 4295 4253 4287
f 4296 4254 4289
f 4296 4261 4254
f 4297 4250 4290
f 4297 4257 4250
f 4298 4259 4252
f 4298 4252 4291
f 4299 4284 4292
f 4300 4263 4293
f 4301 4265 4258
f 4301 4258 4294
f 4302 4267 4260
f 4302 4275 4267
f 4302 4260 4295
f 4303 4276 4268
f 4303 4268 4261
f 4303 4261 4296
f 4304 4264 4257
f 4304 4272 4264
f 4304 4257 4297
f 4305 4266 4259
f 4305 4259 4298
f 4306 4285 4286
f 4307 4284 4299
f 4307 4294 4284
f 4307 4301 4294
f 4308 4271 4263
f 4308 4278 4271
f 4308 4263 4300
f 4309 4273 4265
f 4309 4265 4301
f 4310 4275 4302
f 4311 4276 4303
f 4312 4279 4272
f 4312 4272 4304
f 4313 4285 4306
f 4313 4292 4285
f 4314 4274 4266
f 4314 4266 4305
f 4315 4301 4307
f 4316 4278 4308
f 4317 4280 4273
f 4317 4273 4309
f 4318 4275 4310
f 4318 4282 4275
f 4319 4276 4311
f 4319 4283 4276
f 4320 4279 4312
f 4321 4299 4292
f 4321 4292 4313
f 4322 4281 4274
f 4322 4274 4314
f 4323 4309 4301
f 4323 4301 4315
f 4323 4317 4309
f 4324 4278 4316
f 4324 4295 4287
f 4324 4287 4278
f 4325 4280 4317
f 4325 4289 4280
f 4326 4306 4286
f 4326 4286 4327
f 4328 4291 4282
f 4328 4282 4318
f 4328 4298 4291
f 4329 4283 4319
f 4329 4293 4283
f 4330 80 4288
f 4330 76 80
f 4330 4279 4320
f 4330 4288 4279
f 4331 4307 4299
f 4331 4299 4321
f 4332 4290 4281
f 4332 4281 4322
f 4333 4317 4323
f 4334 4302 4295
f 4334 4295 4324
f 4335 4306 4326
f 4335 4313 4306
f 4336 4289 4325
f 4336 4296 4289
f 4337 4298 4328
f 4338 4293 4329
f 4338 4300 4293
f 4339 4307 4331
f 4339 4315 4307
f 4340 4297 4290
f 4340 4304 4297
f 4340 4290 4332
f 4341 4317 4333
f 4341 4325 4317
f 4342 4302 4334
f 4343 4321 4313
f 4343 4313 4335
f 4344 4303 4296
f 4344 4296 4336
f 4345 4298 4337
f 4345 4305 4298
f 4346 4300 4338
f 4346 4308 4300
f 4347 4315 4339
f 4347 4323 4315
f 4348 4304 4340
f 4349 4326 4327
f 4350 4336 4325
f 4350 4344 4336
f 4350 4325 4341
f 4351 4302 4342
f 4351 4310 4302
f 4352 4321 4343
f 4352 4331 4321
f 4353 4303 4344
f 4353 4311 4303
f 4354 4322 4314
f 4354 4305 4345
f 4354 4314 4305
f 4355 4308 4346
f 4355 4316 4308
f 4356 4323 4347
f 4356 4333 4323
f 4357 4326 4349
f 4357 4335 4326
f 4358 4312 4304
f 4358 4304 4348
f 4359 4344 4350
f 4359 4353 4344
f 4360 4318 4310
f 4360 4310 4351
f 4360 4328 4318
f 4361 4331 4352
f 4361 4339 4331
f 4362 4319 4311
f 4362 4311 4353
f 4363 4322 4354
f 4364 4316 4355
f 4364 4324 4316
f 4365 4333 4356
f 4365 4341 4333
f 4366 4343 4335
f 4366 4335 4357
f 4367 4320 4312
f 4367 4312 4358
f 4368 4353 4359
f 4369 4328 4360
f 4369 4337 4328
f 4370 4347 4339
f 4370 4339 4361
f 4371 4329 4319
f 4371 4319 4362
f 4372 4349 4327
f 4372 4327 4373
f 4374 4322 4363
f 4374 4332 4322
f 4375 4334 4324
f 4375 4324 4364
f 4376 4359 4350
f 4376 4350 4341
f 4376 4341 4365
f 4377 4343 4366
f 4377 4352 4343
f 4378 71 76
f 4378 76 4330
f 4378 4330 4320
f 4378 4320 4367
f 4379 4353 4368
f 4379 4371 4362
f 4379 4362 4353
f 4380 4337 4369
f 4381 4356 4347
f 4381 4347 4370
f 4382 4338 4329
f 4382 4329 4371
f 4383 4357 4349
f 4383 4349 4372
f 4384 4332 4374
f 4384 4340 4332
f 4385 4342 4334
f 4385 4334 4375
f 4386 4359 4376
f 4387 4352 4377
f 4387 4361 4352
f 4388 4382 4371
f 4388 4371 4379
f 4389 4345 4337
f 4389 4354 4345
f 4389 4337 4380
f 4390 4356 4381
f 4390 4365 4356
f 4391 4338 4382
f 4391 4346 4338
f 4392 4366 4357
f 4392 4357 4383
f 4393 4348 4340
f 4393 4340 4384
f 4394 4351 4342
f 4394 4342 4385
f 4395 4368 4359
f 4395 4379 4368
f 4395 4359 4386
f 4396 4370 4361
f 4396 4361 4387
f 4397 4372 4373
f 4398 4382 4388
f 4399 4354 4389
f 4400 4365 4390
f 4400 4376 4365
f 4401 4355 4346
f 4401 4346 4391
f 4402 4377 4366
f 4402 4366 4392
f 4403 4358 4348
f 4403 4348 4393
f 4404 4369 4360
f 4404 4351 4394
f 4404 4360 4351
f 4405 4379 4395
f 4406 4381 4370
f 4406 4370 4396
f 4407 4383 4372
f 4407 4372 4397
f 4408 4391 4382
f 4408 4382 4398
f 4408 4401 4391
f 4409 4374 4363
f 4409 4363 4354
f 4409 4354 4399
f 4410 4386 4376
f 4410 4376 4400
f 4411 4364 4355
f 4411 4355 4401
f 4412 4377 4402
f 4412 4387 4377
f 4413 4367 4358
f 4413 4358 4403
f 4414 4369 4404
f 4415 4379 4405
f 4415 4388 4379
f 4416 4381 4406
f 4416 4390 4381
f 4417 4392 4383
f 4417 4383 4407
f 4418 4401 4408
f 4418 4411 4401
f 4419 4374 4409
f 4420 4386 4410
f 4420 4395 4386
f 4421 4375 4364
f 4421 4364 4411
f 4422 4387 4412
f 4422 4396 4387
f 4423 4397 4373
f 4423 4373 4424
f 4425 71 4378
f 4425 4367 4413
f 4425 67 71
f 4425 4378 4367
f 4426 4369 4414
f 4426 4380 4369
f 4427 4388 4415
f 4427 4398 4388
f 4428 4390 4416
f 4428 4400 4390
f 4429 4412 4402
f 4429 4392 4417
f 4429 4402 4392
f 4430 4411 4418
f 4431 4393 4384
f 4431 4374 4419
f 4431 4384 4374
f 4432 4405 4395
f 4432 4395 4420
f 4433 4375 4421
f 4433 4385 4375
f 4434 4406 4396
f 4434 4396 4422
f 4435 4407 4397
f 4435 4417 4407
f 4435 4397 4423
f 4436 4389 4380
f 4436 4380 4426
f 4437 4398 4427
f 4437 4408 4398
f 4438 4420 4410
f 4438 4400 4428
f 4438 4410 4400
f 4439 4412 4429
f 4440 4433 4421
f 4440 4421 4411
f 4440 4411 4430
f 4441 4393 4431
f 4442 4415 4405
f 4442 4405 4432
f 4443 4394 4385
f 4443 4385 4433
f 4444 4406 4434
f 4444 4416 4406
f 4445 4417 4435
f 4446 4399 4389
f 4446 4389 4436
f 4447 4408 4437
f 4447 4418 4408
f 4448 4420 4438
f 4449 4422 4412
f 4449 4412 4439
f 4450 4433 4440
f 4451 4423 4424
f 4452 4403 4393
f 4452 4393 4441
f 4453 4415 4442
f 4453 4427 4415
f 4454 4404 4394
f 4454 4394 4443
f 4455 4428 4416
f 4455 4416 4444
f 4456 4429 4417
f 4456 4417 4445
f 4457 4409 4399
f 4457 4399 4446
f 4457 4419 4409
f 4458 4418 4447
f 4458 4430 4418
f 4459 4420 4448
f 4459 4432 4420
f 4460 4434 4422
f 4460 4422 4449
f 4461 4423 4451
f 4461 4435 4423
f 4462 4443 4433
f 4462 4433 4450
f 4462 4454 4443
f 4463 4403 4452
f 4463 4413 4403
f 4464 4437 4427
f 4464 4427 4453
f 4465 4414 4404
f 4465 4404 4454
f 4466 4438 4428
f 4466 4428 4455
f 4467 4439 4429
f 4467 4429 4456
f 4468 4419 4457
f 4469 4440 4430
f 4469 4430 4458
f 4470 4442 4432
f 4470 4432 4459
f 4470 4453 4442
f 4471 4444 4434
f 4471 4434 4460
f 4472 4445 4435
f 4472 4435 4461
f 4473 4454 4462
f 4474 63 67
f 4474 4463 63
f 4474 4425 4413
f 4474 67 4425
f 4474 4413 4463
f 4475 4447 4437
f 4475 4437 4464
f 4476 4426 4414
f 4476 4414 4465
f 4477 4438 4466
f 4477 4448 4438
f 4478 4439 4467
f 4478 4449 4439
f 4479 4451 4424
f 4479 4424 4480
f 4481 4431 4419
f 4481 4419 4468
f 4482 4440 4469
f 4482 4450 4440
f 4483 4453 4470
f 4484 4455 4444
f 4484 4444 4471
f 4485 4456 4445
f 4485 4467 4456
f 4485 4445 4472
f 4486 4476 4465
f 4486 4454 4473
f 4486 4465 4454
f 4487 4447 4475
f 4487 4458 4447
f 4488 4426 4476
f 4488 4436 4426
f 4489 4448 4477
f 4489 4459 4448
f 4490 4449 4478
f 4490 4460 4449
f 4491 4472 4461
f 4491 4451 4479
f 4491 4461 4451
f 4492 4441 4431
f 4492 4431 4481
f 4493 4450 4482
f 4493 4462 4450
f 4494 4475 4464
f 4494 4453 4483
f 4494 4464 4453
f 4495 4455 4484
f 4495 4477 4466
f 4495 4466 4455
f 4496 4467 4485
f 4497 4476 4486
f 4498 4482 4469
f 4498 4458 4487
f 4498 4469 4458
f 4499 4436 4488
f 4499 4446 4436
f 4500 4470 4459
f 4500 4459 4489
f 4501 4471 4460
f 4501 4460 4490
f 4502 4485 4472
f 4502 4472 4491
f 4503 4452 4441
f 4503 4441 4492
f 4504 4473 4462
f 4504 4462 4493
f 4505 4487 4475
f 4505 4475 4494
f 4506 4477 4495
f 4507 4478 4467
f 4507 4467 4496
f 4508 4488 4476
f 4508 4476 4497
f 4508 4499 4488
f 4509 4479 4480
f 4510 4482 4498
f 4511 4446 4499
f 4511 4457 4446
f 4512 4483 4470
f 4512 4470 4500
f 4513 4471 4501
f 4513 4484 4471
f 4514 4485 4502
f 4515 63 4463
f 4515 4463 4452
f 4515 4452 4503
f 4516 4486 4473
f 4516 4473 4504
f 4517 4487 4505
f 4518 4477 4506
f 4518 4500 4489
f 4518 4489 4477
f 4519 4490 4478
f 4519 4478 4507
f 4520 4491 4479
f 4520 4502 4491
f 4520 4479 4509
f 4521 4499 4508
f 4522 4482 4510
f 4522 4493 4482
f 4523 4457 4511
f 4523 4468 4457
f 4524 4483 4512
f 4524 4494 4483
f 4525 4484 4513
f 4525 4495 4484
f 4526 4507 4496
f 4526 4485 4514
f 4526 4496 4485
f 4527 59 63
f 4527 4515 59
f 4527 63 4515
f 4528 4486 4516
f 4528 4497 4486
f 4529 4487 4517
f 4529 4498 4487
f 4530 4500 4518
f 4530 4512 4500
f 4531 4490 4519
f 4531 4501 4490
f 4532 4502 4520
f 4533 4499 4521
f 4533 4511 4499
f 4533 4523 4511
f 4534 4493 4522
f 4534 4516 4504
f 4534 4504 4493
f 4535 4468 4523
f 4535 4481 4468
f 4536 4505 4494
f 4536 4494 4524
f 4537 4506 4495
f 4537 4495 4525
f 4538 4507 4526
f 4539 4509 4480
f 4539 4480 4540
f 4541 4508 4497
f 4541 4497 4528
f 4542 4498 4529
f 4542 4510 4498
f 4543 4512 4530
f 4544 4501 4531
f 4544 4513 4501
f 4545 4514 4502
f 4545 4502 4532
f 4546 4523 4533
f 4547 4516 4534
f 4548 4481 4535
f 4548 4492 4481
f 4549 4505 4536
f 4549 4517 4505
f 4550 4518 4506
f 4550 4506 4537
f 4551 4531 4519
f 4551 4519 4507
f 4551 4507 4538
f 4552 4509 4539
f 4552 4520 4509
f 4553 4521 4508
f 4553 4508 4541
f 4554 4522 4510
f 4554 4510 4542
f 4555 4512 4543
f 4555 4524 4512
f 4556 4513 4544
f 4556 4525 4513
f 4556 4537 4525
f 4557 4526 4514
f 4557 4514 4545
f 4558 4523 4546
f 4558 4535 4523
f 4559 4516 4547
f 4559 4528 4516
f 4560 4492 4548
f 4560 4503 4492
f 4561 4529 4517
f 4561 4517 4549
f 4562 4518 4550
f 4562 4530 4518
f 4563 4531 4551
f 4564 4532 4520
f 4564 4520 4552
f 4565 4533 4521
f 4565 4521 4553
f 4565 4546 4533
f 4566 4534 4522
f 4566 4547 4534
f 4566 4522 4554
f 4567 4524 4555
f 4567 4536 4524
f 4568 4537 4556
f 4569 4538 4526
f 4569 4526 4557
f 4570 4560 4548
f 4570 4535 4558
f 4570 4548 4535
f 4571 4552 4539
f 4571 4539 4540
f 4572 4541 4528
f 4572 4528 4559
f 4572 4553 4541
f 4573 59 4515
f 4573 4515 4503
f 4573 4503 4560
f 4574 4542 4529
f 4574 4529 4561
f 4575 4530 4562
f 4575 4543 4530
f 4576 4544 4531
f 4576 4531 4563
f 4577 4545 4532
f 4577 4532 4564
f 4578 4546 4565
f 4579 4547 4566
f 4580 4549 4536
f 4580 4561 4549
f 4580 4536 4567
f 4581 4537 4568
f 4581 4550 4537
f 4582 4551 4538
f 4582 4538 4569
f 4583 4552 4571
f 4584 4560 4570
f 4585 4553 4572
f 4586 55 59
f 4586 59 4573
f 4587 4554 4542
f 4587 4542 4574
f 4588 4543 4575
f 4588 4555 4543
f 4589 4556 4544
f 4589 4544 4576
f 4589 4568 4556
f 4590 4557 4545
f 4590 4545 4577
f 4591 4546 4578
f 4591 4558 4546
f 4592 4547 4579
f 4592 4559 4547
f 4593 4561 4580
f 4593 4574 4561
f 4594 4550 4581
f 4594 4562 4550
f 4595 4551 4582
f 4595 4563 4551
f 4596 4564 4552
f 4596 4552 4583
f 4597 4573 4560
f 4597 4586 4573
f 4597 4560 4584
f 4598 4553 4585
f 4598 4565 4553
f 4599 4554 4587
f 4599 4566 4554
f 4600 4555 4588
f 4600 4567 4555
f 4601 4581 4568
f 4601 4568 4589
f 4602 4557 4590
f 4602 4569 4557
f 4603 4570 4558
f 4603 4558 4591
f 4604 4559 4592
f 4604 4572 4559
f 4605 4574 4593
f 4605 4587 4574
f 4606 4571 4540
f 4606 4540 4607
f 4608 4575 4562
f 4608 4562 4594
f 4609 4576 4563
f 4609 4563 4595
f 4610 4577 4564
f 4610 4564 4596
f 4611 55 4586
f 4611 4586 4597
f 4612 4578 4565
f 4612 4565 4598
f 4613 4566 4599
f 4613 4579 4566
f 4614 4580 4567
f 4614 4567 4600
f 4615 4581 4601
f 4616 4569 4602
f 4616 4582 4569
f 4617 4583 4571
f 4617 4596 4583
f 4617 4571 4606
f 4618 4584 4570
f 4618 4570 4603
f 4619 4585 4572
f 4619 4572 4604
f 4620 4587 4605
f 4621 4588 4575
f 4621 4575 4608
f 4622 4589 4576
f 4622 4576 4609
f 4623 4590 4577
f 4623 4577 4610
f 4623 4602 4590
f 4624 4591 4578
f 4624 4603 4591
f 4624 4578 4612
f 4625 4592 4579
f 4625 4579 4613
f 4626 4593 4580
f 4626 4580 4614
f 4627 4581 4615
f 4627 4608 4594
f 4627 4594 4581
f 4628 4582 4616
f 4628 4595 4582
f 4629 4596 4617
f 4630 4584 4618
f 4630 4597 4584
f 4631 4585 4619
f 4631 4612 4598
f 4631 4598 4585
f 4632 4587 4620
f 4632 4599 4587
f 4633 4588 4621
f 4633 4600 4588
f 4634 4589 4622
f 4634 4601 4589
f 4635 4602 4623
f 4636 4606 4607
f 4637 4603 4624
f 4637 4618 4603
f 4638 4604 4592
f 4638 4592 4625
f 4639 4605 4593
f 4639 4593 4626
f 4640 4608 4627
f 4641 4609 4595
f 4641 4595 4628
f 4642 4596 4629
f 4642 4610 4596
f 4642 4623 4610
f 4643 4611 4597
f 4643 49 55
f 4643 4597 4630
f 4643 55 4611
f 4644 4612 4631
f 4645 4613 4599
f 4645 4599 4632
f 4646 4614 4600
f 4646 4600 4633
f 4647 4615 4601
f 4647 4601 4634
f 4648 4602 4635
f 4648 4616 4602
f 4648 4628 4616
f 4649 4617 4606
f 4649 4606 4636
f 4650 4618 4637
f 4651 4619 4604
f 4651 4604 4638
f 4652 4605 4639
f 4652 4620 4605
f 4653 4621 4608
f 4653 4633 4621
f 4653 4608 4640
f 4654 4622 4609
f 4654 4609 4641
f 4655 4623 4642
f 4656 4612 4644
f 4656 4624 4612
f 4657 4613 4645
f 4657 4625 4613
f 4658 4626 4614
f 4658 4614 4646
f 4659 4627 4615
f 4659 4615 4647
f 4659 4640 4627
f 4660 4628 4648
f 4661 4617 4649
f 4661 4629 4617
f 4662 4618 4650
f 4662 4630 4618
f 4663 4619 4651
f 4663 4631 4619
f 4664 4620 4652
f 4664 4632 4620
f 4665 4633 4653
f 4666 4634 4622
f 4666 4622 4654
f 4667 4623 4655
f 4667 4648 4635
f 4667 4635 4623
f 4668 4624 4656
f 4668 4637 4624
f 4669 4651 4638
f 4669 4625 4657
f 4669 4638 4625
f 4670 4626 4658
f 4670 4639 4626
f 4671 4640 4659
f 4672 4641 4628
f 4672 4628 4660
f 4672 4654 4641
f 4673 4636 4607
f 4673 4607 4674
f 4675 4655 4642
f 4675 4629 4661
f 4675 4642 4629
f 4676 4643 4630
f 4676 49 4643
f 4676 4630 4662
f 4677 4644 4631
f 4677 4631 4663
f 4678 4645 4632
f 4678 4632 4664
f 4679 4646 4633
f 4679 4633 4665
f 4679 4658 4646
f 4680 4634 4666
f 4680 4647 4634
f 4681 4648 4667
f 4682 4661 4649
f 4682 4649 4636
f 4682 4636 4673
f 4683 4650 4637
f 4683 4637 4668
f 4684 4651 4669
f 4685 4652 4639
f 4685 4664 4652
f 4685 4639 4670
f 4686 4653 4640
f 4686 4640 4671
f 4687 4666 4654
f 4687 4654 4672
f 4688 4655 4675
f 4689 4656 4644
f 4689 4644 4677
f 4690 4657 4645
f 4690 4645 4678
f 4691 4658 4679
f 4691 4670 4658
f 4692 4647 4680
f 4692 4659 4647
f 4693 4648 4681
f 4693 4660 4648
f 4693 4672 4660
f 4694 4661 4682
f 4695 4650 4683
f 4695 4662 4650
f 4696 4651 4684
f 4696 4663 4651
f 4697 4664 4685
f 4698 4653 4686
f 4698 4665 4653
f 4699 4666 4687
f 4700 4655 4688
f 4700 4667 4655
f 4701 4673 4674
f 4702 4668 4656
f 4702 4656 4689
f 4703 4657 4690
f 4703 4669 4657
f 4704 4685 4670
f 4704 4670 4691
f 4705 4659 4692
f 4705 4671 4659
f 4706 4672 4693
f 4707 4661 4694
f 4707 4675 4661
f 4708 45 49
f 4708 49 4676
f 4708 4662 4695
f 4708 4676 4662
f 4709 4677 4663
f 4709 4663 4696
f 4710 4690 4678
f 4710 4678 4664
f 4710 4664 4697
f 4711 4691 4679
f 4711 4679 4665
f 4711 4665 4698
f 4712 4680 4666
f 4712 4666 4699
f 4713 4681 4667
f 4713 4667 4700
f 4714 4682 4673
f 4714 4673 4701
f 4715 4668 4702
f 4715 4683 4668
f 4716 4684 4669
f 4716 4669 4703
f 4717 4685 4704
f 4718 4686 4671
f 4718 4671 4705
f 4719 4687 4672
f 4719 4699 4687
f 4719 4672 4706
f 4720 4688 4675
f 4720 4675 4707
f 4720 4700 4688
f 4721 4677 4709
f 4721 4689 4677
f 4722 4690 4710
f 4723 4691 4711
f 4723 4704 4691
f 4724 4692 4680
f 4724 4680 4712
f 4724 4705 4692
f 4725 4693 4681
f 4725 4681 4713
f 4725 4706 4693
f 4726 4694 4682
f 4726 4682 4714
f 4727 4683 4715
f 4727 4695 4683
f 4728 4684 4716
f 4728 4696 4684
f 4729 4685 4717
f 4729 4697 4685
f 4729 4710 4697
f 4730 4698 4686
f 4730 4686 4718
f 4731 4699 4719
f 4732 4700 4720
f 4733 4689 4721
f 4733 4702 4689
f 4734 4690 4722
f 4734 4716 4703
f 4734 4703 4690
f 4735 4704 4723
f 4736 4705 4724
f 4736 4718 4705
f 4737 4706 4725
f 4738 4707 4694
f 4738 4694 4726
f 4739 4701 4674
f 4739 4674 4740
f 4741 4695 4727
f 4741 4708 4695
f 4741 45 4708
f 4742 4696 4728
f 4742 4709 4696
f 4743 4710 4729
f 4744 4711 4698
f 4744 4698 4730
f 4745 4712 4699
f 4745 4699 4731
f 4746 4713 4700
f 4746 4700 4732
f 4747 4714 4701
f 4747 4701 4739
f 4748 4715 4702
f 4748 4702 4733
f 4749 4716 4734
f 4750 4717 4704
f 4750 4704 4735
f 4751 4718 4736
f 4752 4719 4706
f 4752 4731 4719
f 4752 4706 4737
f 4753 4707 4738
f 4753 4720 4707
f 4754 4721 4709
f 4754 4709 4742
f 4755 4722 4710
f 4755 4734 4722
f 4755 4710 4743
f 4756 4723 4711
f 4756 4711 4744
f 4757 4724 4712
f 4757 4712 4745
f 4758 4713 4746
f 4758 4725 4713
f 4759 4738 4726
f 4759 4726 4714
f 4759 4714 4747
f 4760 4727 4715
f 4760 4715 4748
f 4761 4716 4749
f 4761 4728 4716
f 4761 4742 4728
f 4762 4729 4717
f 4762 4743 4729
f 4762 4717 4750
f 4763 4718 4751
f 4763 4730 4718
f 4764 4731 4752
f 4765 4720 4753
f 4765 4732 4720
f 4766 4739 4740
f 4767 4721 4754
f 4767 4733 4721
f 4768 4734 4755
f 4768 4749 4734
f 4769 4723 4756
f 4769 4735 4723
f 4770 4724 4757
f 4770 4736 4724
f 4771 4725 4758
f 4771 4737 4725
f 4772 4738 4759
f 4773 41 45
f 4773 4727 4760
f 4773 4741 4727
f 4773 45 4741
f 4774 4742 4761
f 4775 4743 4762
f 4775 4755 4743
f 4776 4730 4763
f 4776 4744 4730
f 4776 4756 4744
f 4777 4745 4731
f 4777 4757 4745
f 4777 4731 4764
f 4778 4746 4732
f 4778 4732 4765
f 4779 4739 4766
f 4779 4747 4739
f 4780 4748 4733
f 4780 4733 4767
f 4781 4749 4768
f 4782 4750 4735
f 4782 4735 4769
f 4783 4736 4770
f 4783 4751 4736
f 4784 4737 4771
f 4784 4752 4737
f 4785 4753 4738
f 4785 4738 4772
f 4786 4767 4754
f 4786 4742 4774
f 4786 4754 4742
f 4787 4755 4775
f 4788 4756 4776
f 4789 4757 4777
f 4789 4770 4757
f 4790 4746 4778
f 4790 4758 4746
f 4791 4759 4747
f 4791 4747 4779
f 4792 4748 4780
f 4792 4760 4748
f 4793 4761 4749
f 4793 4749 4781
f 4794 4762 4750
f 4794 4750 4782
f 4795 4751 4783
f 4795 4763 4751
f 4796 4764 4752
f 4796 4752 4784
f 4797 4765 4753
f 4797 4753 4785
f 4798 4767 4786
f 4799 4755 4787
f 4799 4768 4755
f 4799 4781 4768
f 4800 4756 4788
f 4800 4769 4756
f 4800 4782 4769
f 4801 4770 4789
f 4802 4771 4758
f 4802 4758 4790
f 4803 4759 4791
f 4803 4772 4759
f 4804 4766 4740
f 4804 4740 4805
f 4806 41 4773
f 4806 4760 4792
f 4806 4773 4760
f 4807 4761 4793
f 4807 4774 4761
f 4808 4762 4794
f 4808 4775 4762
f 4809 4763 4795
f 4809 4776 4763
f 4810 4764 4796
f 4810 4777 4764
f 4811 4765 4797
f 4811 4778 4765
f 4812 4791 4779
f 4812 4779 4766
f 4812 4766 4804
f 4813 4792 4780
f 4813 4767 4798
f 4813 4780 4767
f 4814 4781 4799
f 4815 4782 4800
f 4816 4795 4783
f 4816 4783 4770
f 4816 4770 4801
f 4817 4784 4771
f 4817 4771 4802
f 4818 4772 4803
f 4818 4785 4772
f 4819 4786 4774
f 4819 4798 4786
f 4819 4774 4807
f 4820 4787 4775
f 4820 4775 4808
f 4821 4788 4776
f 4821 4776 4809
f 4822 4789 4777
f 4822 4777 4810
f 4823 4790 4778
f 4823 4778 4811
f 4824 4791 4812
f 4825 4792 4813
f 4826 4781 4814
f 4826 4807 4793
f 4826 4793 4781
f 4827 4782 4815
f 4827 4794 4782
f 4828 4795 4816
f 4828 4809 4795
f 4829 4796 4784
f 4829 4784 4817
f 4830 4785 4818
f 4830 4797 4785
f 4831 4804 4805
f 4832 4798 4819
f 4833 4799 4787
f 4833 4787 4820
f 4834 4800 4788
f 4834 4788 4821
f 4835 4789 4822
f 4835 4801 4789
f 4836 4802 4790
f 4836 4790 4823
f 4837 4791 4824
f 4837 4803 4791
f 4838 37 41
f 4838 4792 4825
f 4838 41 4806
f 4838 4806 4792
f 4839 4807 4826
f 4840 4794 4827
f 4840 4808 4794
f 4841 4821 4809
f 4841 4809 4828
f 4842 4796 4829
f 4842 4810 4796
f 4843 4797 4830
f 4843 4811 4797
f 4844 4804 4831
f 4844 4812 4804
f 4845 4798 4832
f 4845 4813 4798
f 4846 4814 4799
f 4846 4799 4833
f 4847 4800 4834
f 4847 4815 4800
f 4848 4816 4801
f 4848 4828 4816
f 4848 4801 4835
f 4849 4817 4802
f 4849 4829 4817
f 4849 4802 4836
f 4850 4818 4803
f 4850 4803 4837
f 4851 4832 4819
f 4851 4819 4807
f 4851 4807 4839
f 4852 4820 4808
f 4852 4808 4840
f 4853 4834 4821
f 4853 4821 4841
f 4854 4810 4842
f 4854 4822 4810
f 4855 4823 4811
f 4855 4811 4843
f 4856 4812 4844
f 4856 4824 4812
f 4857 4825 4813
f 4857 4813 4845
f 4858 4814 4846
f 4858 4826 4814
f 4859 4827 4815
f 4859 4840 4827
f 4859 4815 4847
f 4860 4828 4848
f 4860 4841 4828
f 4861 4829 4849
f 4862 4818 4850
f 4862 4843 4830
f 4862 4830 4818
f 4863 4832 4851
f 4864 4833 4820
f 4864 4820 4852
f 4865 4834 4853
f 4866 4822 4854
f 4866 4848 4835
f 4866 4835 4822
f 4867 4823 4855
f 4867 4836 4823
f 4868 4850 4837
f 4868 4824 4856
f 4868 4837 4824
f 4869 4805 4870
f 4869 4831 4805
f 4871 4825 4857
f 4871 4838 4825
f 4871 37 4838
f 4872 4826 4858
f 4872 4839 4826
f 4873 4852 4840
f 4873 4840 4859
f 4874 4841 4860
f 4875 4829 4861
f 4875 4842 4829
f 4876 4843 4862
f 4877 4831 4869
f 4877 4844 4831
f 4878 4832 4863
f 4878 4845 4832
f 4879 4833 4864
f 4879 4846 4833
f 4880 4847 4834
f 4880 4834 4865
f 4881 4848 4866
f 4882 4849 4836
f 4882 4836 4867
f 4883 4850 4868
f 4884 4851 4839
f 4884 4839 4872
f 4885 4852 4873
f 4886 4853 4841
f 4886 4841 4874
f 4887 4854 4842
f 4887 4842 4875
f 4888 4843 4876
f 4888 4855 4843
f 4889 4856 4844
f 4889 4844 4877
f 4890 4857 4845
f 4890 4871 4857
f 4890 4845 4878
f 4891 4858 4846
f 4891 4872 4858
f 4891 4846 4879
f 4892 4859 4847
f 4892 4847 4880
f 4893 4860 4848
f 4893 4848 4881
f 4894 4849 4882
f 4894 4861 4849
f 4895 4850 4883
f 4895 4862 4850
f 4896 4869 4870
f 4897 4851 4884
f 4897 4863 4851
f 4898 4852 4885
f 4898 4879 4864
f 4898 4864 4852
f 4899 4865 4853
f 4899 4853 4886
f 4900 4854 4887
f 4900 4866 4854
f 4901 4855 4888
f 4901 4867 4855
f 4902 4856 4889
f 4902 4868 4856
f 4903 4871 4890
f 4903 33 37
f 4903 37 4871
f 4904 4872 4891
f 4905 4859 4892
f 4905 4873 4859
f 4906 4874 4860
f 4906 4860 4893
f 4907 4861 4894
f 4907 4875 4861
f 4908 4862 4895
f 4908 4888 4876
f 4908 4876 4862
f 4909 4869 4896
f 4909 4877 4869
f 4910 4863 4897
f 4910 4878 4863
f 4911 4879 4898
f 4912 4865 4899
f 4912 4880 4865
f 4913 4893 4881
f 4913 4866 4900
f 4913 4881 4866
f 4914 4882 4867
f 4914 4867 4901
f 4914 4894 4882
f 4915 4868 4902
f 4915 4883 4868
f 4916 4884 4872
f 4916 4872 4904
f 4917 4885 4873
f 4917 4873 4905
f 4918 4874 4906
f 4918 4886 4874
f 4919 4887 4875
f 4919 4875 4907
f 4920 4888 4908
f 4921 4889 4877
f 4921 4877 4909
f 4922 4890 4878
f 4922 4878 4910
f 4923 4879 4911
f 4923 4891 4879
f 4924 4905 4892
f 4924 4880 4912
f 4924 4892 4880
f 4925 4893 4913
f 4926 4894 4914
f 4927 4895 4883
f 4927 4883 4915
f 4928 4897 4884
f 4928 4884 4916
f 4929 4898 4885
f 4929 4911 4898
f 4929 4885 4917
f 4930 4899 4886
f 4930 4886 4918
f 4931 4900 4887
f 4931 4887 4919
f 4932 4888 4920
f 4932 4901 4888
f 4932 4914 4901
f 4933 4902 4889
f 4933 4889 4921
f 4934 4870 4935
f 4934 4896 4870
f 4936 4890 4922
f 4936 4903 4890
f 4936 33 4903
f 4937 4891 4923
f 4937 4904 4891
f 4938 4917 4905
f 4938 4905 4924
f 4939 4906 4893
f 4939 4893 4925
f 4940 4919 4907
f 4940 4894 4926
f 4940 4907 4894
f 4941 4895 4927
f 4941 4908 4895
f 4942 4897 4928
f 4942 4910 4897
f 4943 4911 4929
f 4944 4896 4934
f 4944 4909 4896
f 4945 4912 4899
f 4945 4899 4930
f 4946 4900 4931
f 4946 4913 4900
f 4947 4926 4914
f 4947 4914 4932
f 4948 4915 4902
f 4948 4902 4933
f 4949 4916 4904
f 4949 4928 4916
f 4949 4904 4937
f 4950 4917 4938
f 4951 4918 4906
f 4951 4906 4939
f 4952 4919 4940
f 4952 4931 4919
f 4953 4920 4908
f 4953 4908 4941
f 4954 4936 4922
f 4954 4922 4910
f 4954 4910 4942
f 4955 4923 4911
f 4955 4911 4943
f 4955 4937 4923
f 4956 4921 4909
f 4956 4909 4944
f 4957 4924 4912
f 4957 4912 4945
f 4958 4925 4913
f 4958 4913 4946
f 4959 4926 4947
f 4960 4927 4915
f 4960 4915 4948
f 4961 4934 4935
f 4962 4928 4949
f 4963 4929 4917
f 4963 4917 4950
f 4964 4930 4918
f 4964 4918 4951
f 4965 4931 4952
f 4966 4932 4920
f 4966 4920 4953
f 4967 29 33
f 4967 4936 4954
f 4967 33 4936
f 4968 4937 4955
f 4969 4921 4956
f 4969 4933 4921
f 4970 4924 4957
f 4970 4938 4924
f 4971 4925 4958
f 4971 4951 4939
f 4971 4939 4925
f 4972 4940 4926
f 4972 4926 4959
f 4973 4941 4927
f 4973 4927 4960
f 4974 4934 4961
f 4974 4944 4934
f 4975 4942 4928
f 4975 4928 4962
f 4976 4929 4963
f 4976 4943 4929
f 4977 4930 4964
f 4977 4945 4930
f 4978 4958 4946
f 4978 4931 4965
f 4978 4946 4931
f 4979 4947 4932
f 4979 4932 4966
f 4980 4949 4937
f 4980 4937 4968
f 4981 4933 4969
f 4981 4948 4933
f 4982 4938 4970
f 4982 4950 4938
f 4983 4951 4971
f 4984 4940 4972
f 4984 4952 4940
f 4984 4965 4952
f 4985 4941 4973
f 4985 4953 4941
f 4986 4956 4944
f 4986 4944 4974
f 4987 4954 4942
f 4987 4942 4975
f 4988 4943 4976
f 4988 4955 4943
f 4989 4957 4945
f 4989 4945 4977
f 4990 4958 4978
f 4991 4959 4947
f 4991 4947 4979
f 4992 4949 4980
f 4992 4962 4949
f 4993 4973 4960
f 4993 4960 4948
f 4993 4948 4981
f 4994 4963 4950
f 4994 4950 4982
f 4995 4964 4951
f 4995 4951 4983
f 4996 4965 4984
f 4997 4966 4953
f 4997 4953 4985
f 4998 4969 4956
f 4998 4956 4986
f 4999 4935 5000
f 4999 4961 4935
f 5001 4967 4954
f 5001 29 4967
f 5001 4954 4987
f 5002 4955 4988
f 5002 4968 4955
f 5003 4970 4957
f 5003 4957 4989
f 5004 4971 4958
f 5004 4958 4990
f 5004 4983 4971
f 5005 4959 4991
f 5005 4972 4959
f 5006 4987 4975
f 5006 4962 4992
f 5006 4975 4962
f 5007 4973 4993
f 5008 4963 4994
f 5008 4976 4963
f 5009 4964 4995
f 5009 4977 4964
f 5010 4978 4965
f 5010 4990 4978
f 5010 4965 4996
f 5011 4966 4997
f 5011 4979 4966
f 5012 4961 4999
f 5012 4974 4961
f 5013 4969 4998
f 5013 4981 4969
f 5014 4968 5002
f 5014 4980 4968
f 5015 4970 5003
f 5015 4982 4970
f 5016 4995 4983
f 5016 4983 5004
f 5017 4984 4972
f 5017 4972 5005
f 5018 4987 5006
f 5018 5001 4987
f 5019 4973 5007
f 5019 4985 4973
f 5020 5002 4988
f 5020 4976 5008
f 5020 4988 4976
f 5021 4989 4977
f 5021 4977 5009
f 5022 4990 5010
f 5023 4979 5011
f 5023 4991 4979
f 5024 4986 4974
f 5024 4974 5012
f 5025 4993 4981
f 5025 4981 5013
f 5026 4999 5000
f 5027 5006 4992
f 5027 4980 5014
f 5027 4992 4980
f 5028 4994 4982
f 5028 4982 5015
f 5028 5008 4994
f 5029 4995 5016
f 5030 4996 4984
f 5030 4984 5017
f 5031 5001 5018
f 5031 25 29
f 5031 29 5001
f 5032 4997 4985
f 5032 4985 5019
f 5033 5002 5020
f 5034 5003 4989
f 5034 4989 5021
f 5035 4990 5022
f 5035 5004 4990
f 5035 5016 5004
f 5036 5005 4991
f 5036 4991 5023
f 5037 4998 4986
f 5037 4986 5024
f 5038 4993 5025
f 5038 5007 4993
f 5039 4999 5026
f 5039 5012 4999
f 5039 5024 5012
f 5040 5006 5027
f 5041 5008 5028
f 5042 5009 4995
f 5042 4995 5029
f 5043 4996 5030
f 5043 5010 4996
f 5044 4997 5032
f 5044 5011 4997
f 5045 5002 5033
f 5045 5014 5002
f 5046 5015 5003
f 5046 5003 5034
f 5047 5016 5035
f 5048 5005 5036
f 5048 5017 5005
f 5049 5013 4998
f 5049 4998 5037
f 5050 5019 5007
f 5050 5007 5038
f 5051 5024 5039
f 5052 5006 5040
f 5052 5018 5006
f 5053 5020 5008
f 5053 5008 5041
f 5053 5033 5020
f 5054 5021 5009
f 5054 5009 5042
f 5054 5034 5021
f 5055 5022 5010
f 5055 5010 5043
f 5056 5036 5023
f 5056 5011 5044
f 5056 5023 5011
f 5057 5027 5014
f 5057 5014 5045
f 5058 5028 5015
f 5058 5015 5046
f 5059 5016 5047
f 5059 5029 5016
f 5060 5030 5017
f 5060 5017 5048
f 5061 5025 5013
f 5061 5013 5049
f 5062 5032 5019
f 5062 5019 5050
f 5063 5037 5024
f 5063 5024 5051
f 5064 5000 5065
f 5064 5026 5000
f 5066 5031 5018
f 5066 25 5031
f 5066 5018 5052
f 5067 5033 5053
f 5068 5034 5054
f 5069 5035 5022
f 5069 5022 5055
f 5070 5036 5056
f 5071 5040 5027
f 5071 5027 5057
f 5072 5028 5058
f 5072 5041 5028
f 5073 5029 5059
f 5073 5042 5029
f 5073 5054 5042
f 5074 5030 5060
f 5074 5043 5030
f 5075 5025 5061
f 5075 5038 5025
f 5076 5044 5032
f 5076 5032 5062
f 5077 5037 5063
f 5077 5049 5037
f 5078 5026 5064
f 5078 5039 5026
f 5079 5033 5067
f 5079 5045 5033
f 5080 5034 5068
f 5080 5058 5046
f 5080 5046 5034
f 5081 5047 5035
f 5081 5035 5069
f 5082 5036 5070
f 5082 5048 5036
f 5083 5052 5040
f 5083 5040 5071
f 5084 5041 5072
f 5084 5053 5041
f 5085 5054 5073
f 5086 5055 5043
f 5086 5043 5074
f 5087 5062 5050
f 5087 5038 5075
f 5087 5050 5038
f 5088 5056 5044
f 5088 5044 5076
f 5089 5049 5077
f 5089 5061 5049
f 5090 5051 5039
f 5090 5039 5078
f 5091 5064 5065
f 5092 5045 5079
f 5092 5057 5045
f 5093 5058 5080
f 5094 5059 5047
f 5094 5047 5081
f 5095 5060 5048
f 5095 5048 5082
f 5096 21 25
f 5096 25 5066
f 5096 5066 5052
f 5096 5052 5083
f 5097 5067 5053
f 5097 5053 5084
f 5098 5080 5068
f 5098 5068 5054
f 5098 5054 5085
f 5099 5055 5086
f 5099 5069 5055
f 5100 5062 5087
f 5100 5076 5062
f 5101 5070 5056
f 5101 5056 5088
f 5102 5061 5089
f 5102 5075 5061
f 5103 5064 5091
f 5103 5078 5064
f 5104 5063 5051
f 5104 5051 5090
f 5105 5057 5092
f 5105 5071 5057
f 5106 5072 5058
f 5106 5058 5093
f 5107 5073 5059
f 5107 5059 5094
f 5108 5060 5095
f 5108 5074 5060
f 5109 5067 5097
f 5109 5079 5067
f 5110 5080 5098
f 5111 5081 5069
f 5111 5069 5099
f 5112 5076 5100
f 5113 5095 5082
f 5113 5070 5101
f 5113 5082 5070
f 5114 5075 5102
f 5114 5087 5075
f 5115 5090 5078
f 5115 5078 5103
f 5116 5063 5104
f 5116 5077 5063
f 5117 5096 5083
f 5117 5083 5071
f 5117 5071 5105
f 5118 5072 5106
f 5118 5084 5072
f 5119 5073 5107
f 5119 5085 5073
f 5120 5074 5108
f 5120 5086 5074
f 5121 5092 5079
f 5121 5079 5109
f 5122 5093 5080
f 5122 5106 5093
f 5122 5080 5110
f 5123 5094 5081
f 5123 5081 5111
f 5124 5088 5076
f 5124 5076 5112
f 5125 5095 5113
f 5126 5100 5087
f 5126 5087 5114
f 5127 5090 5115
f 5127 5104 5090
f 5128 5089 5077
f 5128 5077 5116
f 5129 5065 5130
f 5129 5103 5091
f 5129 5091 5065
f 5131 5096 5117
f 5131 21 5096
f 5132 5097 5084
f 5132 5084 5118
f 5133 5098 5085
f 5133 5085 5119
f 5134 5099 5086
f 5134 5086 5120
f 5134 5111 5099
f 5135 5105 5092
f 5135 5092 5121
f 5136 5106 5122
f 5137 5094 5123
f 5137 5107 5094
f 5138 5088 5124
f 5138 5101 5088
f 5139 5095 5125
f 5139 5108 5095
f 5140 5124 5112
f 5140 5100 5126
f 5140 5112 5100
f 5141 5104 5127
f 5141 5128 5116
f 5141 5116 5104
f 5142 5102 5089
f 5142 5089 5128
f 5143 5103 5129
f 5144 5121 5109
f 5144 5109 5097
f 5144 5097 5132
f 5145 5098 5133
f 5145 5110 5098
f 5146 5111 5134
f 5146 5123 5111
f 5147 5105 5135
f 5147 5117 5105
f 5148 5132 5118
f 5148 5106 5136
f 5148 5118 5106
f 5149 5107 5137
f 5149 5119 5107
f 5150 5101 5138
f 5150 5113 5101
f 5151 5120 5108
f 5151 5108 5139
f 5152 5124 5140
f 5153 5128 5141
f 5154 5102 5142
f 5154 5114 5102
f 5155 5103 5143
f 5155 5115 5103
f 5156 5129 5130
f 5157 5121 5144
f 5158 5122 5110
f 5158 5110 5145
f 5159 5123 5146
f 5160 5117 5147
f 5160 21 5131
f 5160 5131 5117
f 5160 17 21
f 5161 5132 5148
f 5162 5133 5119
f 5162 5119 5149
f 5163 5113 5150
f 5163 5125 5113
f 5164 5134 5120
f 5164 5120 5151
f 5165 5138 5124
f 5165 5124 5152
f 5166 5142 5128
f 5166 5128 5153
f 5167 5129 5156
f 5167 5143 5129
f 5168 5126 5114
f 5168 5114 5154
f 5169 5127 5115
f 5169 5115 5155
f 5169 5141 5127
f 5170 5121 5157
f 5170 5135 5121
f 5171 5136 5122
f 5171 5122 5158
f 5172 5137 5123
f 5172 5123 5159
f 5173 5132 5161
f 5173 5157 5144
f 5173 5144 5132
f 5174 5145 5133
f 5174 5133 5162
f 5175 5139 5125
f 5175 5151 5139
f 5175 5125 5163
f 5176 5134 5164
f 5176 5146 5134
f 5177 5138 5165
f 5177 5150 5138
f 5178 5142 5166
f 5178 5168 5154
f 5178 5154 5142
f 5179 5155 5143
f 5179 5143 5167
f 5180 5140 5126
f 5180 5126 5168
f 5181 5141 5169
f 5181 5153 5141
f 5182 5135 5170
f 5182 5147 5135
f 5183 5136 5171
f 5183 5148 5136
f 5184 5137 5172
f 5184 5162 5149
f 5184 5149 5137
f 5185 5170 5157
f 5185 5157 5173
f 5186 5158 5145
f 5186 5145 5174
f 5187 5151 5175
f 5188 5146 5176
f 5188 5159 5146
f 5188 5172 5159
f 5189 5150 5177
f 5189 5163 5150
f 5190 5168 5178
f 5191 5169 5155
f 5191 5155 5179
f 5192 5152 5140
f 5192 5140 5180
f 5193 5153 5181
f 5194 5156 5130
f 5194 5130 5195
f 5196 17 5160
f 5196 5160 5147
f 5196 5147 5182
f 5197 5161 5148
f 5197 5148 5183
f 5198 5162 5184
f 5199 5170 5185
f 5200 5158 5186
f 5200 5171 5158
f 5201 5164 5151
f 5201 5151 5187
f 5201 5176 5164
f 5202 5172 5188
f 5203 5175 5163
f 5203 5163 5189
f 5204 5168 5190
f 5204 5180 5168
f 5205 5169 5191
f 5205 5181 5169
f 5205 5193 5181
f 5206 5165 5152
f 5206 5152 5192
f 5206 5177 5165
f 5207 5153 5193
f 5207 5166 5153
f 5208 5167 5156
f 5208 5156 5194
f 5209 5161 5197
f 5209 5173 5161
f 5210 5162 5198
f 5210 5174 5162
f 5211 5170 5199
f 5211 5196 5182
f 5211 5182 5170
f 5212 5171 5200
f 5212 5183 5171
f 5212 5197 5183
f 5213 5176 5201
f 5214 5172 5202
f 5214 5184 5172
f 5215 5175 5203
f 5215 5187 5175
f 5216 5180 5204
f 5216 5192 5180
f 5217 5193 5205
f 5218 5189 5177
f 5218 5177 5206
f 5219 5166 5207
f 5219 5178 5166
f 5220 5167 5208
f 5220 5179 5167
f 5221 5194 5195
f 5222 5173 5209
f 5222 5185 5173
f 5223 5174 5210
f 5223 5186 5174
f 5223 5200 5186
f 5224 13 17
f 5224 17 5196
f 5224 5196 5211
f 5225 5197 5212
f 5226 5176 5213
f 5226 5188 5176
f 5227 5198 5184
f 5227 5184 5214
f 5228 5201 5187
f 5228 5187 5215
f 5229 5192 5216
f 5229 5206 5192
f 5230 5207 5193
f 5230 5193 5217
f 5231 5189 5218
f 5232 5208 5194
f 5232 5194 5221
f 5233 5190 5178
f 5233 5178 5219
f 5234 5191 5179
f 5234 5179 5220
f 5235 5199 5185
f 5235 5185 5222
f 5236 5200 5223
f 5237 5197 5225
f 5237 5209 5197
f 5238 5202 5188
f 5238 5188 5226
f 5239 5198 5227
f 5239 5210 5198
f 5240 5201 5228
f 5240 5226 5213
f 5240 5213 5201
f 5241 5206 5229
f 5241 5218 5206
f 5242 5219 5207
f 5242 5207 5230
f 5243 5189 5231
f 5243 5203 5189
f 5243 5215 5203
f 5244 5234 5220
f 5244 5208 5232
f 5244 5220 5208
f 5245 5204 5190
f 5245 5190 5233
f 5245 5216 5204
f 5246 5205 5191
f 5246 5191 5234
f 5247 5211 5199
f 5247 5199 5235
f 5248 5212 5200
f 5248 5200 5236
f 5249 5209 5237
f 5249 5222 5209
f 5250 5214 5202
f 5250 5202 5238
f 5251 5223 5210
f 5251 5210 5239
f 5252 5226 5240
f 5253 5231 5218
f 5253 5218 5241
f 5254 5219 5242
f 5254 5233 5219
f 5255 5215 5243
f 5256 5234 5244
f 5257 5216 5245
f 5258 5217 5205
f 5258 5205 5246
f 5259 5195 5260
f 5259 5221 5195
f 5261 13 5224
f 5261 5211 5247
f 5261 5224 5211
f 5262 5212 5248
f 5262 5225 5212
f 5263 5235 5222
f 5263 5222 5249
f 5264 5227 5214
f 5264 5214 5250
f 5265 5223 5251
f 5265 5236 5223
f 5266 5238 5226
f 5266 5226 5252
f 5267 5243 5231
f 5267 5231 5253
f 5268 5245 5233
f 5268 5233 5254
f 5269 5228 5215
f 5269 5215 5255
f 5269 5240 5228
f 5270 5258 5246
f 5270 5246 5234
f 5270 5234 5256
f 5271 5229 5216
f 5271 5241 5229
f 5271 5216 5257
f 5272 5217 5258
f 5272 5230 5217
f 5273 5221 5259
f 5273 5232 5221
f 5273 5244 5232
f 5274 5225 5262
f 5274 5237 5225
f 5274 5249 5237
f 5275 5235 5263
f 5275 5247 5235
f 5276 5227 5264
f 5276 5239 5227
f 5276 5251 5239
f 5277 5262 5248
f 5277 5236 5265
f 5277 5248 5236
f 5278 5264 5250
f 5278 5250 5238
f 5278 5238 5266
f 5279 5243 5267
f 5279 5255 5243
f 5280 5257 5245
f 5280 5271 5257
f 5280 5245 5268
f 5281 5240 5269
f 5282 5258 5270
f 5283 5241 5271
f 5283 5253 5241
f 5284 5242 5230
f 5284 5230 5272
f 5285 5244 5273
f 5286 5273 5259
f 5286 5259 5260
f 5287 5249 5274
f 5288 5261 5247
f 5288 5247 5275
f 5288 8 13
f 5288 13 5261
f 5289 5251 5276
f 5290 5262 5277
f 5291 5264 5278
f 5292 5269 5255
f 5292 5255 5279
f 5293 5271 5280
f 5294 5240 5281
f 5294 5266 5252
f 5294 5252 5240
f 5295 5258 5282
f 5295 5272 5258
f 5295 5284 5272
f 5296 5273 5286
f 5297 5253 5283
f 5298 5242 5284
f 5298 5254 5242
f 5299 5270 5256
f 5299 5244 5285
f 5299 5256 5244
f 5300 5263 5249
f 5300 5249 5287
f 5301 5251 5289
f 5301 5265 5251
f 5302 5274 5262
f 5302 5262 5290
f 5303 5276 5264
f 5303 5264 5291
f 5304 5281 5269
f 5304 5269 5292
f 5305 5271 5293
f 5305 5283 5271
f 5306 5266 5294
f 5307 5284 5295
f 5308 5273 5296
f 5308 5285 5273
f 5309 5253 5297
f 5309 5267 5253
f 5309 5279 5267
f 5310 5268 5254
f 5310 5254 5298
f 5311 5270 5299
f 5312 5275 5263
f 5312 5263 5300
f 5312 5288 5275
f 5313 5265 5301
f 5313 5277 5265
f 5314 5287 5274
f 5314 5300 5287
f 5314 5274 5302
f 5315 5289 5276
f 5315 5276 5303
f 5315 5301 5289
f 5316 5281 5304
f 5316 5294 5281
f 5317 5309 5297
f 5317 5297 5283
f 5317 5283 5305
f 5318 5266 5306
f 5318 5278 5266
f 5319 5298 5284
f 5319 5284 5307
f 5320 5299 5285
f 5320 5285 5308
f 5320 5311 5299
f 5321 5279 5309
f 5322 5280 5268
f 5322 5268 5310
f 5323 5270 5311
f 5323 5282 5270
f 5324 5260 5325
f 5324 5296 5286
f 5324 5286 5260
f 5326 5288 5312
f 5326 8 5288
f 5327 5277 5313
f 5327 5290 5277
f 5328 5300 5314
f 5329 5301 5315
f 5330 5306 5294
f 5330 5294 5316
f 5331 5309 5317
f 5332 5291 5278
f 5332 5278 5318
f 5333 5310 5298
f 5333 5298 5319
f 5333 5322 5310
f 5334 5311 5320
f 5335 5304 5292
f 5335 5279 5321
f 5335 5292 5279
f 5336 5280 5322
f 5336 5293 5280
f 5337 5295 5282
f 5337 5282 5323
f 5338 5324 5325
f 5338 5296 5324
f 5339 5290 5327
f 5339 5302 5290
f 5340 5300 5328
f 5340 5312 5300
f 5340 5326 5312
f 5341 5301 5329
f 5341 5313 5301
f 5341 5327 5313
f 5342 5306 5330
f 5342 5318 5306
f 5343 5309 5331
f 5343 5335 5321
f 5343 5321 5309
f 5344 5291 5332
f 5344 5303 5291
f 5345 5322 5333
f 5346 5311 5334
f 5346 5323 5311
f 5347 5304 5335
f 5348 5317 5305
f 5348 5293 5336
f 5348 5305 5293
f 5349 5307 5295
f 5349 5319 5307
f 5349 5295 5337
f 5350 5338 5325
f 5350 5296 5338
f 5350 5308 5296
f 5351 5302 5339
f 5351 5314 5302
f 5352 8 5326
f 5352 5326 5340
f 5352 9 8
f 5353 5327 5341
f 5354 5318 5342
f 5354 5332 5318
f 5355 5335 5343
f 5356 5303 5344
f 5356 5315 5303
f 5357 5336 5322
f 5357 5322 5345
f 5357 5348 5336
f 5358 5337 5323
f 5358 5323 5346
f 5359 5330 5316
f 5359 5304 5347
f 5359 5316 5304
f 5360 5317 5348
f 5361 5319 5349
f 5362 5308 5350
f 5362 5320 5308
f 5363 5328 5314
f 5363 5314 5351
f 5364 5327 5353
f 5364 5339 5327
f 5364 5351 5339
f 5365 5344 5332
f 5365 5332 5354
f 5366 5347 5335
f 5366 5335 5355
f 5366 5359 5347
f 5367 5329 5315
f 5367 5315 5356
f 5368 5348 5357
f 5369 5337 5358
f 5369 5349 5337
f 5370 5330 5359
f 5371 5331 5317
f 5371 5343 5331
f 5371 5317 5360
f 5372 5333 5319
f 5372 5345 5333
f 5372 5319 5361
f 5373 5334 5320
f 5373 5320 5362
f 5373 5346 5334
f 5374 5340 5328
f 5374 5328 5363
f 5375 5363 5351
f 5375 5351 5364
f 5376 5356 5344
f 5376 5344 5365
f 5377 5359 5366
f 5378 5341 5329
f 5378 5329 5367
f 5379 5360 5348
f 5379 5348 5368
f 5380 5361 5349
f 5380 5349 5369
f 5381 5354 5342
f 5381 5330 5370
f 5381 5342 5330
f 5382 5343 5371
f 5383 5345 5372
f 5384 5346 5373
f 5385 5325 5386
f 5387 5340 5374
f 5387 5352 5340
f 5387 9 5352
f 5388 5363 5375
f 5389 5356 5376
f 5389 5367 5356
f 5390 5359 5377
f 5390 5370 5359
f 5391 5341 5378
f 5391 5353 5341
f 5392 5371 5360
f 5392 5360 5379
f 5393 5372 5361
f 5393 5361 5380
f 5393 5383 5372
f 5394 5365 5354
f 5394 5354 5381
f 5395 5366 5355
f 5395 5343 5382
f 5395 5355 5343
f 5396 5345 5383
f 5396 5357 5345
f 5397 5346 5384
f 5397 5358 5346
f 5398 5325 5385
f 5398 5385 5386
f 5399 5374 5363
f 5399 5387 5374
f 5399 5363 5388
f 5400 5367 5389
f 5400 5378 5367
f 5401 5381 5370
f 5401 5370 5390
f 5402 5364 5353
f 5402 5353 5391
f 5403 5382 5371
f 5403 5371 5392
f 5403 5395 5382
f 5404 5383 5393
f 5405 5365 5394
f 5406 5366 5395
f 5407 5368 5357
f 5407 5357 5396
f 5408 5358 5397
f 5408 5369 5358
f 5409 5398 5386
f 5409 5350 5325
f 5409 5325 5398
f 5410 5387 5399
f 5410 11 9
f 5410 9 5387
f 5411 5378 5400
f 5411 5391 5378
f 5412 5394 5381
f 5412 5381 5401
f 5413 5364 5402
f 5413 5375 5364
f 5414 5395 5403
f 5415 5383 5404
f 5415 5396 5383
f 5416 5365 5405
f 5416 5376 5365
f 5416 5389 5376
f 5417 5366 5406
f 5417 5390 5377
f 5417 5377 5366
f 5418 5379 5368
f 5418 5368 5407
f 5418 5392 5379
f 5419 5380 5369
f 5419 5393 5380
f 5419 5369 5408
f 5420 5362 5350
f 5420 5350 5409
f 5421 5402 5391
f 5421 5391 5411
f 5422 5405 5394
f 5422 5394 5412
f 5423 5375 5413
f 5423 5388 5375
f 5424 5406 5395
f 5424 5417 5406
f 5424 5395 5414
f 5425 5407 5396
f 5425 5396 5415
f 5425 5418 5407
f 5426 5389 5416
f 5427 5390 5417
f 5428 5392 5418
f 5429 5393 5419
f 5430 5373 5362
f 5430 5362 5420
f 5430 5384 5373
f 5431 5413 5402
f 5431 5402 5421
f 5432 5405 5422
f 5432 5416 5405
f 5432 5426 5416
f 5433 5399 5388
f 5433 5388 5423
f 5434 5417 5424
f 5435 5418 5425
f 5436 5400 5389
f 5436 5389 5426
f 5437 5401 5390
f 5437 5390 5427
f 5437 5412 5401
f 5438 5392 5428
f 5438 5403 5392
f 5439 5393 5429
f 5439 5404 5393
f 5440 5384 5430
f 5441 5386 5442
f 5443 5413 5431
f 5443 5423 5413
f 5444 5426 5432
f 5445 5410 5399
f 5445 11 5410
f 5445 5399 5433
f 5446 5417 5434
f 5446 5427 5417
f 5447 5428 5418
f 5447 5418 5435
f 5447 5438 5428
f 5448 5411 5400
f 5448 5400 5436
f 5449 5412 5437
f 5450 5414 5403
f 5450 5403 5438
f 5451 5404 5439
f 5451 5415 5404
f 5452 5397 5384
f 5452 5384 5440
f 5453 5386 5441
f 5453 5441 5442
f 5454 5423 5443
f 5454 5433 5423
f 5455 5436 5426
f 5455 5448 5436
f 5455 5426 5444
f 5456 5449 5437
f 5456 5427 5446
f 5456 5437 5427
f 5457 5438 5447
f 5458 5411 5448
f 5458 5431 5421
f 5458 5421 5411
f 5459 5412 5449
f 5459 5422 5412
f 5459 5432 5422
f 5460 5424 5414
f 5460 5414 5450
f 5461 5425 5415
f 5461 5415 5451
f 5462 5397 5452
f 5462 5408 5397
f 5463 5453 5442
f 5463 5386 5453
f 5463 5409 5386
f 5464 11 5445
f 5464 15 11
f 5464 5445 5433
f 5464 5433 5454
f 5465 5458 5448
f 5465 5448 5455
f 5466 5449 5456
f 5467 5438 5457
f 5467 5460 5450
f 5467 5450 5438
f 5468 5431 5458
f 5469 5432 5459
f 5470 5434 5424
f 5470 5424 5460
f 5471 5435 5425
f 5471 5425 5461
f 5472 5408 5462
f 5472 5419 5408
f 5473 5420 5409
f 5473 5430 5420
f 5473 5409 5463
f 5474 5458 5465
f 5475 5459 5449
f 5475 5469 5459
f 5475 5449 5466
f 5476 5460 5467
f 5477 5443 5431
f 5477 5431 5468
f 5478 5444 5432
f 5478 5432 5469
f 5479 5446 5434
f 5479 5434 5470
f 5480 5435 5471
f 5480 5447 5435
f 5481 5419 5472
f 5481 5429 5419
f 5482 5430 5473
f 5483 5468 5458
f 5483 5458 5474
f 5484 5469 5475
f 5485 5470 5460
f 5485 5460 5476
f 5485 5479 5470
f 5486 5443 5477
f 5486 5454 5443
f 5487 5455 5444
f 5487 5444 5478
f 5488 5466 5456
f 5488 5456 5446
f 5488 5446 5479
f 5489 5447 5480
f 5489 5457 5447
f 5490 5439 5429
f 5490 5429 5481
f 5491 5430 5482
f 5491 5440 5430
f 5492 5442 5493
f 5494 5468 5483
f 5494 5477 5468
f 5495 5469 5484
f 5495 5478 5469
f 5496 5479 5485
f 5497 15 5464
f 5497 5464 5454
f 5497 5454 5486
f 5498 5465 5455
f 5498 5455 5487
f 5499 5475 5466
f 5499 5466 5488
f 5500 5457 5489
f 5500 5467 5457
f 5500 5476 5467
f 5501 5451 5439
f 5501 5439 5490
f 5502 5440 5491
f 5502 5452 5440
f 5503 5492 5493
f 5503 5442 5492
f 5504 5497 5486
f 5504 5486 5477
f 5504 5477 5494
f 5505 5478 5495
f 5505 5487 5478
f 5506 5488 5479
f 5506 5479 5496
f 5507 5474 5465
f 5507 5483 5474
f 5507 5465 5498
f 5508 5475 5499
f 5509 5476 5500
f 5510 5451 5501
f 5510 5461 5451
f 5511 5462 5452
f 5511 5452 5502
f 5512 5442 5503
f 5512 5463 5442
f 5512 5503 5493
f 5513 15 5497
f 5513 19 15
f 5513 5497 5504
f 5514 5498 5487
f 5514 5507 5498
f 5514 5487 5505
f 5515 5488 5506
f 5515 5499 5488
f 5516 5483 5507
f 5517 5484 5475
f 5517 5475 5508
f 5518 5476 5509
f 5518 5485 5476
f 5519 5471 5461
f 5519 5461 5510
f 5520 5462 5511
f 5520 5472 5462
f 5521 5473 5463
f 5521 5463 5512
f 5522 5507 5514
f 5523 5508 5499
f 5523 5499 5515
f 5524 5483 5516
f 5524 5494 5483
f 5525 5505 5495
f 5525 5484 5517
f 5525 5495 5484
f 5526 5485 5518
f 5526 5496 5485
f 5527 5480 5471
f 5527 5471 5519
f 5528 5481 5472
f 5528 5490 5481
f 5528 5472 5520
f 5529 5473 5521
f 5529 5482 5473
f 5530 5516 5507
f 5530 5507 5522
f 5531 5517 5508
f 5531 5525 5517
f 5531 5508 5523
f 5532 5504 5494
f 5532 5494 5524
f 5533 5505 5525
f 5534 5515 5506
f 5534 5506 5496
f 5534 5496 5526
f 5535 5489 5480
f 5535 5480 5527
f 5536 5490 5528
f 5537 5491 5482
f 5537 5482 5529
f 5538 5493 5539
f 5540 5532 5524
f 5540 5524 5516
f 5540 5516 5530
f 5541 5525 5531
f 5542 19 5513
f 5542 5504 5532
f 5542 5513 5504
f 5543 5514 5505
f 5543 5505 5533
f 5544 5515 5534
f 5545 5500 5489
f 5545 5489 5535
f 5546 5501 5490
f 5546 5490 5536
f 5547 5502 5491
f 5547 5491 5537
f 5548 5493 5538
f 5548 5538 5539
f 5549 5532 5540
f 5550 5525 5541
f 5550 5533 5525
f 5551 5514 5543
f 5551 5522 5514
f 5551 5530 5522
f 5552 5515 5544
f 5552 5523 5515
f 5553 5509 5500
f 5553 5500 5545
f 5554 5510 5501
f 5554 5519 5510
f 5554 5501 5546
f 5555 5511 5502
f 5555 5502 5547
f 5556 5493 5548
f 5556 5548 5539
f 5556 5512 5493
f 5557 19 5542
f 5557 5542 5532
f 5557 23 19
f 5557 5532 5549
f 5558 5533 5550
f 5558 5543 5533
f 5559 5530 5551
f 5559 5540 5530
f 5560 5523 5552
f 5560 5531 5523
f 5561 5518 5509
f 5561 5509 5553
f 5562 5519 5554
f 5563 5511 5555
f 5563 5520 5511
f 5564 5521 5512
f 5564 5512 5556
f 5565 5551 5543
f 5565 5543 5558
f 5566 5540 5559
f 5567 5541 5531
f 5567 5531 5560
f 5568 5526 5518
f 5568 5518 5561
f 5569 5535 5527
f 5569 5527 5519
f 5569 5519 5562
f 5570 5528 5520
f 5570 5520 5563
f 5571 5521 5564
f 5571 5529 5521
f 5572 5551 5565
f 5572 5559 5551
f 5573 5549 5540
f 5573 5557 5549
f 5573 5540 5566
f 5574 5541 5567
f 5574 5558 5550
f 5574 5550 5541
f 5575 5534 5526
f 5575 5526 5568
f 5576 5535 5569
f 5577 5536 5528
f 5577 5528 5570
f 5578 5537 5529
f 5578 5529 5571
f 5579 5539 5580
f 5581 5559 5572
f 5581 5566 5559
f 5582 5557 5573
f 5582 23 5557
f 5583 5558 5574
f 5584 5544 5534
f 5584 5534 5575
f 5585 5545 5535
f 5585 5553 5545
f 5585 5535 5576
f 5586 5536 5577
f 5586 5546 5536
f 5587 5547 5537
f 5587 5537 5578
f 5588 5539 5579
f 5588 5579 5580
f 5589 5573 5566
f 5589 5566 5581
f 5590 5558 5583
f 5590 5572 5565
f 5590 5565 5558
f 5591 5552 5544
f 5591 5544 5584
f 5592 5553 5585
f 5593 5554 5546
f 5593 5562 5554
f 5593 5546 5586
f 5594 5547 5587
f 5594 5555 5547
f 5595 5588 5580
f 5595 5539 5588
f 5595 5556 5539
f 5596 5582 5573
f 5596 27 23
f 5596 5573 5589
f 5596 23 5582
f 5597 5581 5572
f 5597 5572 5590
f 5598 5552 5591
f 5598 5560 5552
f 5599 5553 5592
f 5599 5561 5553
f 5600 5562 5593
f 5601 5563 5555
f 5601 5555 5594
f 5602 5556 5595
f 5602 5564 5556
f 5603 5581 5597
f 5604 5567 5560
f 5604 5560 5598
f 5605 5568 5561
f 5605 5561 5599
f 5606 5569 5562
f 5606 5562 5600
f 5607 5563 5601
f 5607 5570 5563
f 5608 5571 5564
f 5608 5578 5571
f 5608 5564 5602
f 5609 5581 5603
f 5609 5589 5581
f 5609 5596 5589
f 5610 5583 5574
f 5610 5567 5604
f 5610 5574 5567
f 5611 5584 5575
f 5611 5575 5568
f 5611 5568 5605
f 5612 5576 5569
f 5612 5585 5576
f 5612 5569 5606
f 5613 5570 5607
f 5613 5577 5570
f 5614 5587 5578
f 5614 5578 5608
f 5615 5580 5616
f 5617 5596 5609
f 5617 27 5596
f 5618 5583 5610
f 5619 5584 5611
f 5620 5585 5612
f 5621 5586 5577
f 5621 5577 5613
f 5622 5587 5614
f 5623 5580 5615
f 5623 5615 5616
f 5624 5590 5583
f 5624 5583 5618
f 5625 5591 5584
f 5625 5584 5619
f 5626 5585 5620
f 5626 5592 5585
f 5627 5586 5621
f 5627 5593 5586
f 5628 5587 5622
f 5628 5594 5587
f 5629 5580 5623
f 5629 5623 5616
f 5629 5595 5580
f 5630 5590 5624
f 5630 5597 5590
f 5631 5591 5625
f 5631 5598 5591
f 5632 5605 5599
f 5632 5599 5592
f 5632 5592 5626
f 5633 5606 5600
f 5633 5593 5627
f 5633 5600 5593
f 5634 5601 5594
f 5634 5594 5628
f 5634 5607 5601
f 5635 5595 5629
f 5635 5608 5602
f 5635 5602 5595
f 5636 5603 5597
f 5636 5597 5630
f 5637 5604 5598
f 5637 5598 5631
f 5638 5605 5632
f 5639 5606 5633
f 5640 5607 5634
f 5641 5608 5635
f 5642 5609 5603
f 5642 5603 5636
f 5643 5610 5604
f 5643 5604 5637
f 5644 5605 5638
f 5644 5611 5605
f 5645 5612 5606
f 5645 5606 5639
f 5646 5607 5640
f 5646 5621 5613
f 5646 5613 5607
f 5647 5608 5641
f 5647 5614 5608
f 5648 5616 5649
f 5650 5609 5642
f 5650 31 27
f 5650 5617 5609
f 5650 27 5617
f 5651 5618 5610
f 5651 5610 5643
f 5652 5619 5611
f 5652 5611 5644
f 5653 5612 5645
f 5653 5620 5612
f 5654 5621 5646
f 5655 5614 5647
f 5655 5622 5614
f 5656 5648 5649
f 5656 5616 5648
f 5657 5618 5651
f 5657 5630 5624
f 5657 5624 5618
f 5658 5625 5619
f 5658 5619 5652
f 5659 5620 5653
f 5659 5626 5620
f 5660 5627 5621
f 5660 5621 5654
f 5660 5633 5627
f 5661 5622 5655
f 5661 5628 5622
f 5661 5634 5628
f 5662 5629 5616
f 5662 5616 5656
f 5662 5656 5649
f 5663 5630 5657
f 5664 5625 5658
f 5664 5631 5625
f 5665 5626 5659
f 5665 5632 5626
f 5666 5633 5660
f 5667 5634 5661
f 5668 5629 5662
f 5668 5635 5629
f 5669 5636 5630
f 5669 5642 5636
f 5669 5630 5663
f 5670 5637 5631
f 5670 5631 5664
f 5671 5638 5632
f 5671 5632 5665
f 5671 5644 5638
f 5672 5645 5639
f 5672 5639 5633
f 5672 5633 5666
f 5673 5640 5634
f 5673 5634 5667
f 5674 5641 5635
f 5674 5635 5668
f 5675 5642 5669
f 5676 5643 5637
f 5676 5637 5670
f 5677 5644 5671
f 5678 5645 5672
f 5679 5640 5673
f 5679 5646 5640
f 5680 5647 5641
f 5680 5655 5647
f 5680 5641 5674
f 5681 5649 5682
f 5683 5642 5675
f 5683 31 5650
f 5683 35 31
f 5683 5650 5642
f 5684 5651 5643
f 5684 5643 5676
f 5685 5652 5644
f 5685 5644 5677
f 5686 5645 5678
f 5686 5653 5645
f 5687 5646 5679
f 5687 5654 5646
f 5688 5655 5680
f 5689 5649 5681
f 5689 5681 5682
f 5690 5657 5651
f 5690 5651 5684
f 5691 5658 5652
f 5691 5652 5685
f 5692 5653 5686
f 5692 5659 5653
f 5693 5654 5687
f 5693 5660 5654
f 5694 5655 5688
f 5694 5661 5655
f 5695 5662 5649
f 5695 5649 5689
f 5695 5689 5682
f 5696 5657 5690
f 5696 5663 5657
f 5697 5670 5664
f 5697 5664 5658
f 5697 5658 5691
f 5698 5671 5665
f 5698 5659 5692
f 5698 5665 5659
f 5699 5666 5660
f 5699 5660 5693
f 5700 5661 5694
f 5700 5667 5661
f 5701 5662 5695
f 5701 5668 5662
f 5702 5669 5663
f 5702 5663 5696
f 5703 5670 5697
f 5704 5671 5698
f 5705 5672 5666
f 5705 5666 5699
f 5706 5673 5667
f 5706 5667 5700
f 5707 5674 5668
f 5707 5680 5674
f 5707 5668 5701
f 5708 5675 5669
f 5708 5669 5702
f 5709 5676 5670
f 5709 5670 5703
f 5710 5677 5671
f 5710 5671 5704
f 5711 5678 5672
f 5711 5672 5705
f 5712 5679 5673
f 5712 5673 5706
f 5713 5680 5707
f 5713 5688 5680
f 5714 5682 5715
f 5716 5683 5675
f 5716 5675 5708
f 5716 35 5683
f 5716 39 35
f 5717 5684 5676
f 5717 5676 5709
f 5718 5685 5677
f 5718 5677 5710
f 5719 5678 5711
f 5719 5686 5678
f 5720 5687 5679
f 5720 5679 5712
f 5721 5688 5713
f 5722 5714 5715
f 5722 5682 5714
f 5723 5684 5717
f 5723 5690 5684
f 5724 5691 5685
f 5724 5685 5718
f 5724 5697 5691
f 5725 5692 5686
f 5725 5686 5719
f 5726 5687 5720
f 5726 5693 5687
f 5726 5699 5693
f 5727 5694 5688
f 5727 5688 5721
f 5728 5722 5715
f 5728 5695 5682
f 5728 5682 5722
f 5729 5690 5723
f 5729 5696 5690
f 5730 5697 5724
f 5731 5692 5725
f 5731 5698 5692
f 5732 5705 5699
f 5732 5699 5726
f 5733 5706 5700
f 5733 5694 5727
f 5733 5700 5694
f 5734 5695 5728
f 5734 5701 5695
f 5735 5696 5729
f 5735 5702 5696
f 5736 5703 5697
f 5736 5697 5730
f 5737 5704 5698
f 5737 5710 5704
f 5737 5698 5731
f 5738 5705 5732
f 5739 5706 5733
f 5740 5707 5701
f 5740 5701 5734
f 5741 5708 5702
f 5741 5702 5735
f 5742 5709 5703
f 5742 5703 5736
f 5743 5710 5737
f 5744 5711 5705
f 5744 5705 5738
f 5744 5719 5711
f 5745 5712 5706
f 5745 5720 5712
f 5745 5706 5739
f 5746 5713 5707
f 5746 5721 5713
f 5746 5707 5740
f 5747 5715 5748
f 5749 5716 5708
f 5749 39 5716
f 5749 5708 5741
f 5749 43 39
f 5750 5717 5709
f 5750 5709 5742
f 5751 5724 5718
f 5751 5710 5743
f 5751 5718 5710
f 5752 5719 5744
f 5753 5720 5745
f 5754 5721 5746
f 5755 5715 5747
f 5755 5747 5748
f 5756 5717 5750
f 5756 5723 5717
f 5757 5724 5751
f 5758 5719 5752
f 5758 5725 5719
f 5759 5720 5753
f 5759 5732 5726
f 5759 5726 5720
f 5760 5721 5754
f 5760 5727 5721
f 5761 5755 5748
f 5761 5715 5755
f 5761 5728 5715
f 5762 5723 5756
f 5762 5729 5723
f 5763 5724 5757
f 5763 5736 5730
f 5763 5730 5724
f 5764 5731 5725
f 5764 5737 5731
f 5764 5725 5758
f 5765 5732 5759
f 5766 5727 5760
f 5766 5733 5727
f 5767 5734 5728
f 5767 5728 5761
f 5768 5729 5762
f 5768 5735 5729
f 5769 5736 5763
f 5770 5737 5764
f 5770 5743 5737
f 5771 5738 5732
f 5771 5732 5765
f 5772 5739 5733
f 5772 5733 5766
f 5773 5740 5734
f 5773 5734 5767
f 5774 5741 5735
f 5774 5735 5768
f 5775 5742 5736
f 5775 5736 5769
f 5776 5743 5770
f 5777 5744 5738
f 5777 5752 5744
f 5777 5738 5771
f 5778 5745 5739
f 5778 5739 5772
f 5779 5746 5740
f 5779 5740 5773
f 5780 5748 5781
f 5782 43 5749
f 5782 5741 5774
f 5782 5749 5741
f 5782 47 43
f 5783 5750 5742
f 5783 5742 5775
f 5784 5751 5743
f 5784 5743 5776
f 5785 5752 5777
f 5786 5753 5745
f 5786 5745 5778
f 5787 5754 5746
f 5787 5746 5779
f 5788 5748 5780
f 5788 5780 5781
f 5789 5756 5750
f 5789 5750 5783
f 5790 5763 5757
f 5790 5757 5751
f 5790 5751 5784
f 5791 5758 5752
f 5791 5752 5785
f 5792 5759 5753
f 5792 5753 5786
f 5793 5754 5787
f 5793 5760 5754
f 5793 5766 5760
f 5794 5748 5788
f 5794 5788 5781
f 5794 5761 5748
f 5795 5756 5789
f 5795 5762 5756
f 5795 5768 5762
f 5796 5769 5763
f 5796 5763 5790
f 5797 5764 5758
f 5797 5758 5791
f 5798 5771 5765
f 5798 5759 5792
f 5798 5765 5759
f 5799 5766 5793
f 5800 5761 5794
f 5800 5767 5761
f 5801 5768 5795
f 5802 5769 5796
f 5803 5764 5797
f 5803 5770 5764
f 5804 5771 5798
f 5805 5766 5799
f 5805 5772 5766
f 5806 5773 5767
f 5806 5767 5800
f 5807 5774 5768
f 5807 5768 5801
f 5808 5775 5769
f 5808 5769 5802
f 5809 5776 5770
f 5809 5770 5803
f 5810 5777 5771
f 5810 5771 5804
f 5811 5778 5772
f 5811 5772 5805
f 5812 5779 5773
f 5812 5787 5779
f 5812 5773 5806
f 5813 5781 5814
f 5815 5774 5807
f 5815 5782 5774
f 5815 47 5782
f 5815 51 47
f 5816 5783 5775
f 5816 5775 5808
f 5816 5789 5783
f 5817 5784 5776
f 5817 5776 5809
f 5818 5785 5777
f 5818 5777 5810
f 5819 5778 5811
f 5819 5786 5778
f 5820 5787 5812
f 5821 5813 5814
f 5821 5781 5813
f 5822 5789 5816
f 5823 5784 5817
f 5823 5790 5784
f 5824 5791 5785
f 5824 5785 5818
f 5825 5786 5819
f 5825 5798 5792
f 5825 5792 5786
f 5826 5787 5820
f 5826 5793 5787
f 5827 5781 5821
f 5827 5821 5814
f 5827 5794 5781
f 5828 5789 5822
f 5828 5795 5789
f 5829 5796 5790
f 5829 5790 5823
f 5829 5802 5796
f 5830 5791 5824
f 5830 5797 5791
f 5831 5798 5825
f 5832 5793 5826
f 5832 5799 5793
f 5833 5794 5827
f 5833 5800 5794
f 5834 5795 5828
f 5834 5801 5795
f 5834 5807 5801
f 5835 5802 5829
f 5836 5797 5830
f 5836 5803 5797
f 5836 5809 5803
f 5837 5798 5831
f 5837 5804 5798
f 5837 5810 5804
f 5838 5799 5832
f 5838 5805 5799
f 5839 5806 5800
f 5839 5800 5833
f 5840 5807 5834
f 5841 5808 5802
f 5841 5802 5835
f 5842 5809 5836
f 5843 5810 5837
f 5843 5818 5810
f 5844 5811 5805
f 5844 5805 5838
f 5845 5812 5806
f 5845 5806 5839
f 5846 5814 5847
f 5848 51 5815
f 5848 5815 5807
f 5848 54 51
f 5848 5807 5840
f 5849 5808 5841
f 5849 5822 5816
f 5849 5816 5808
f 5850 5817 5809
f 5850 5809 5842
f 5851 5818 5843
f 5852 5819 5811
f 5852 5811 5844
f 5853 5812 5845
f 5853 5820 5812
f 5854 5846 5847
f 5854 5814 5846
f 5855 5822 5849
f 5856 5823 5817
f 5856 5817 5850
f 5857 5818 5851
f 5857 5824 5818
f 5858 5825 5819
f 5858 5819 5852
f 5859 5826 5820
f 5859 5820 5853
f 5860 5827 5814
f 5860 5814 5854
f 5860 5854 5847
f 5861 5828 5822
f 5861 5822 5855
f 5862 5823 5856
f 5862 5829 5823
f 5862 5835 5829
f 5863 5824 5857
f 5863 5836 5830
f 5863 5830 5824
f 5864 5825 5858
f 5864 5831 5825
f 5865 5826 5859
f 5865 5832 5826
f 5866 5827 5860
f 5866 5833 5827
f 5867 5828 5861
f 5867 5834 5828
f 5867 5840 5834
f 5868 5835 5862
f 5869 5842 5836
f 5869 5836 5863
f 5870 5831 5864
f 5870 5837 5831
f 5871 5832 5865
f 5871 5838 5832
f 5872 5845 5839
f 5872 5839 5833
f 5872 5833 5866
f 5873 5840 5867
f 5874 5849 5841
f 5874 5835 5868
f 5874 5841 5835
f 5875 5842 5869
f 5876 5837 5870
f 5876 5843 5837
f 5877 5838 5871
f 5877 5844 5838
f 5878 5853 5845
f 5878 5845 5872
f 5879 5847 5880
f 5881 54 5848
f 5881 5848 5840
f 5881 58 54
f 5881 5840 5873
f 5882 5849 5874
f 5883 5850 5842
f 5883 5842 5875
f 5884 5843 5876
f 5884 5851 5843
f 5885 5852 5844
f 5885 5844 5877
f 5886 5853 5878
f 5887 5879 5880
f 5887 5847 5879
f 5888 5855 5849
f 5888 5849 5882
f 5889 5856 5850
f 5889 5850 5883
f 5890 5851 5884
f 5890 5857 5851
f 5891 5852 5885
f 5891 5858 5852
f 5892 5853 5886
f 5892 5859 5853
f 5893 5887 5880
f 5893 5860 5847
f 5893 5847 5887
f 5894 5861 5855
f 5894 5855 5888
f 5895 5862 5856
f 5895 5856 5889
f 5896 5863 5857
f 5896 5857 5890
f 5897 5858 5891
f 5897 5864 5858
f 5897 5870 5864
f 5898 5865 5859
f 5898 5859 5892
f 5898 5871 5865
f 5899 5860 5893
f 5899 5866 5860
f 5900 5861 5894
f 5900 5867 5861
f 5901 5862 5895
f 5901 5868 5862
f 5901 5874 5868
f 5902 5869 5863
f 5902 5863 5896
f 5903 5870 5897
f 5903 5876 5870
f 5904 5871 5898
f 5905 5866 5899
f 5905 5872 5866
f 5906 5867 5900
f 5906 5873 5867
f 5907 5874 5901
f 5908 5869 5902
f 5908 5875 5869
f 5909 5876 5903
f 5909 5884 5876
f 5910 5885 5877
f 5910 5871 5904
f 5910 5877 5871
f 5911 5878 5872
f 5911 5872 5905
f 5912 5880 5913
f 5914 58 5881
f 5914 5881 5873
f 5914 62 58
f 5914 5873 5906
f 5915 5888 5882
f 5915 5882 5874
f 5915 5874 5907
f 5916 5883 5875
f 5916 5875 5908
f 5917 5884 5909
f 5918 5885 5910
f 5919 5886 5878
f 5919 5878 5911
f 5920 5880 5912
f 5920 5912 5913
f 5921 5888 5915
f 5922 5889 5883
f 5922 5883 5916
f 5923 5890 5884
f 5923 5884 5917
f 5924 5885 5918
f 5924 5891 5885
f 5925 5892 5886
f 5925 5886 5919
f 5926 5880 5920
f 5926 5893 5880
f 5926 5920 5913
f 5927 5894 5888
f 5927 5888 5921
f 5927 5900 5894
f 5928 5889 5922
f 5928 5895 5889
f 5929 5896 5890
f 5929 5902 5896
f 5929 5890 5923
f 5930 5891 5924
f 5930 5897 5891
f 5931 5892 5925
f 5931 5898 5892
f 5932 5893 5926
f 5932 5899 5893
f 5933 5906 5900
f 5933 5900 5927
f 5934 5895 5928
f 5934 5901 5895
f 5935 5908 5902
f 5935 5902 5929
f 5936 5897 5930
f 5936 5903 5897
f 5937 5898 5931
f 5937 5904 5898
f 5938 5911 5905
f 5938 5899 5932
f 5938 5905 5899
f 5939 5906 5933
f 5940 5901 5934
f 5940 5907 5901
f 5941 5916 5908
f 5941 5908 5935
f 5942 5903 5936
f 5942 5909 5903
f 5943 5918 5910
f 5943 5904 5937
f 5943 5910 5904
f 5944 5919 5911
f 5944 5911 5938
f 5945 5913 5946
f 5947 62 5914
f 5947 5914 5906
f 5947 66 62
f 5947 5906 5939
f 5948 5915 5907
f 5948 5907 5940
f 5949 5916 5941
f 5950 5917 5909
f 5950 5909 5942
f 5951 5918 5943
f 5952 5919 5944
f 5953 5913 5945
f 5953 5945 5946
f 5954 5921 5915
f 5954 5915 5948
f 5955 5922 5916
f 5955 5916 5949
f 5956 5923 5917
f 5956 5917 5950
f 5957 5924 5918
f 5957 5918 5951
f 5957 5930 5924
f 5958 5919 5952
f 5958 5925 5919
f 5959 5926 5913
f 5959 5953 5946
f 5959 5913 5953
f 5960 5927 5921
f 5960 5921 5954
f 5961 5928 5922
f 5961 5934 5928
f 5961 5922 5955
f 5962 5923 5956
f 5962 5929 5923
f 5963 5930 5957
f 5964 5931 5925
f 5964 5925 5958
f 5965 5926 5959
f 5965 5932 5926
f 5966 5927 5960
f 5966 5933 5927
f 5967 5940 5934
f 5967 5934 5961
f 5968 5941 5935
f 5968 5929 5962
f 5968 5935 5929
f 5969 5936 5930
f 5969 5930 5963
f 5970 5931 5964
f 5970 5937 5931
f 5971 5932 5965
f 5971 5938 5932
f 5971 5944 5938
f 5972 5939 5933
f 5972 5933 5966
f 5973 5940 5967
f 5974 5941 5968
f 5974 5949 5941
f 5975 5936 5969
f 5975 5950 5942
f 5975 5942 5936
f 5976 5937 5970
f 5976 5943 5937
f 5977 5944 5971
f 5978 5946 5979
f 5980 70 66
f 5980 5939 5972
f 5980 66 5947
f 5980 5947 5939
f 5981 5948 5940
f 5981 5940 5973
f 5982 5949 5974
f 5983 5950 5975
f 5984 5943 5976
f 5984 5951 5943
f 5985 5952 5944
f 5985 5958 5952
f 5985 5944 5977
f 5986 5978 5979
f 5986 5946 5978
f 5987 5954 5948
f 5987 5948 5981
f 5988 5955 5949
f 5988 5949 5982
f 5989 5956 5950
f 5989 5950 5983
f 5990 5951 5984
f 5990 5957 5951
f 5991 5958 5985
f 5992 5959 5946
f 5992 5946 5986
f 5993 5960 5954
f 5993 5966 5960
f 5993 5954 5987
f 5994 5961 5955
f 5994 5955 5988
f 5994 5967 5961
f 5995 5956 5989
f 5995 5968 5962
f 5995 5962 5956
f 5996 5957 5990
f 5996 5963 5957
f 5997 5958 5991
f 5997 5964 5958
f 5998 5959 5992
f 5998 5965 5959
f 5999 5966 5993
f 5999 5972 5966
f 6000 5973 5967
f 6000 5967 5994
f 6001 5968 5995
f 6002 5963 5996
f 6002 5969 5963
f 6003 5964 5997
f 6003 5970 5964
f 6003 5976 5970
f 6004 5965 5998
f 6004 5971 5965
f 6005 5972 5999
f 6006 5973 6000
f 6007 5968 6001
f 6007 5974 5968
f 6008 5975 5969
f 6008 5969 6002
f 6009 5984 5976
f 6009 5976 6003
f 6010 5985 5977
f 6010 5977 5971
f 6010 5971 6004
f 6011 5979 6012
f 6013 74 70
f 6013 5972 6005
f 6013 70 5980
f 6013 5980 5972
f 6014 5973 6006
f 6014 5981 5973
f 6015 5982 5974
f 6015 5974 6007
f 6016 5983 5975
f 6016 5975 6008
f 6017 5984 6009
f 6018 5985 6010
f 6019 5986 5979
f 6019 6011 6012
f 6019 5992 5986
f 6019 5979 6011
f 6020 5981 6014
f 6020 5987 5981
f 6021 5988 5982
f 6021 5982 6015
f 6022 5983 6016
f 6022 5989 5983
f 6023 5990 5984
f 6023 5984 6017
f 6024 5991 5985
f 6024 5997 5991
f 6024 5985 6018
f 6025 5992 6019
f 6026 5993 5987
f 6026 5999 5993
f 6026 5987 6020
f 6027 5994 5988
f 6027 6000 5994
f 6027 5988 6021
f 6028 5995 5989
f 6028 5989 6022
f 6029 5990 6023
f 6029 6002 5996
f 6029 5996 5990
f 6030 5997 6024
f 6031 5992 6025
f 6031 5998 5992
f 6032 5999 6026
f 6032 6005 5999
f 6033 6000 6027
f 6034 5995 6028
f 6034 6007 6001
f 6034 6001 5995
f 6035 6002 6029
f 6036 5997 6030
f 6036 6003 5997
f 6037 5998 6031
f 6037 6004 5998
f 6038 6005 6032
f 6039 6006 6000
f 6039 6000 6033
f 6040 6015 6007
f 6040 6007 6034
f 6041 6008 6002
f 6041 6002 6035
f 6042 6003 6036
f 6042 6009 6003
f 6043 6010 6004
f 6043 6004 6037
f 6044 6012 6045
f 6046 6005 6038
f 6046 78 74
f 6046 6013 6005
f 6046 74 6013
f 6047 6014 6006
f 6047 6006 6039
f 6048 6015 6040
f 6049 6016 6008
f 6049 6008 6041
f 6050 6009 6042
f 6050 6017 6009
f 6051 6010 6043
f 6051 6018 6010
f 6052 6044 6045
f 6052 6012 6044
f 6052 6019 6012
f 6053 6020 6014
f 6053 6014 6047
f 6054 6021 6015
f 6054 6015 6048
f 6055 6022 6016
f 6055 6016 6049
f 6056 6029 6023
f 6056 6023 6017
f 6056 6017 6050
f 6057 6024 6018
f 6057 6018 6051
f 6058 6025 6019
f 6058 6019 6052
f 6059 6026 6020
f 6059 6020 6053
f 6060 6027 6021
f 6060 6021 6054
f 6061 6028 6022
f 6061 6022 6055
f 6061 6034 6028
f 6062 6035 6029
f 6062 6029 6056
f 6063 6030 6024
f 6063 6024 6057
f 6064 6031 6025
f 6064 6025 6058
f 6065 6032 6026
f 6065 6026 6059
f 6066 6027 6060
f 6066 6033 6027
f 6067 6034 6061
f 6067 6040 6034
f 6068 6035 6062
f 6069 6036 6030
f 6069 6030 6063
f 6070 6031 6064
f 6070 6037 6031
f 6070 6043 6037
f 6071 6038 6032
f 6071 6032 6065
f 6072 6033 6066
f 6072 6039 6033
f 6073 6040 6067
f 6074 6035 6068
f 6074 6041 6035
f 6074 6049 6041
f 6075 6042 6036
f 6075 6036 6069
f 6075 6050 6042
f 6076 6043 6070
f 6076 6051 6043
f 6077 6045 6078
f 6079 6038 6071
f 6079 82 78
f 6079 6046 6038
f 6079 78 6046
f 6080 6039 6072
f 6080 6047 6039
f 6081 6048 6040
f 6081 6040 6073
f 6082 6049 6074
f 6083 6050 6075
f 6084 6057 6051
f 6084 6051 6076
f 6085 6045 6077
f 6085 6058 6052
f 6085 6077 6078
f 6085 6052 6045
f 6086 6053 6047
f 6086 6047 6080
f 6087 6054 6048
f 6087 6048 6081
f 6088 6049 6082
f 6088 6055 6049
f 6089 6056 6050
f 6089 6050 6083
f 6090 6057 6084
f 6091 6058 6085
f 6092 6053 6086
f 6092 6059 6053
f 6092 6065 6059
f 6093 6060 6054
f 6093 6066 6060
f 6093 6054 6087
f 6094 6067 6061
f 6094 6061 6055
f 6094 6055 6088
f 6095 6062 6056
f 6095 6056 6089
f 6096 6057 6090
f 6096 6063 6057
f 6097 6058 6091
f 6097 6064 6058
f 6098 6065 6092
f 6099 6066 6093
f 6100 6067 6094
f 6101 6068 6062
f 6101 6062 6095
f 6102 6075 6069
f 6102 6069 6063
f 6102 6063 6096
f 6103 6064 6097
f 6103 6070 6064
f 6104 6065 6098
f 6104 6071 6065
f 6105 6080 6072
f 6105 6066 6099
f 6105 6072 6066
f 6106 6067 6100
f 6106 6073 6067
f 6107 6068 6101
f 6107 6074 6068
f 6108 6083 6075
f 6108 6075 6102
f 6109 6076 6070
f 6109 6070 6103
f 6110 6078 6111
f 6112 6071 6104
f 6112 6079 6071
f 6112 86 82
f 6112 82 6079
f 6113 6080 6105
f 6114 6073 6106
f 6114 6081 6073
f 6115 6082 6074
f 6115 6074 6107
f 6116 6083 6108
f 6117 6084 6076
f 6117 6076 6109
f 6118 6110 6111
f 6118 6085 6078
f 6118 6078 6110
f 6119 6086 6080
f 6119 6080 6113
f 6120 6087 6081
f 6120 6081 6114
f 6121 6088 6082
f 6121 6082 6115
f 6122 6089 6083
f 6122 6083 6116
f 6123 6090 6084
f 6123 6084 6117
f 6124 6085 6118
f 6124 6091 6085
f 6125 6086 6119
f 6125 6092 6086
f 6126 6093 6087
f 6126 6087 6120
f 6127 6094 6088
f 6127 6088 6121
f 6128 6101 6095
f 6128 6095 6089
f 6128 6089 6122
f 6129 6096 6090
f 6129 6090 6123
f 6130 6091 6124
f 6130 6097 6091
f 6131 6098 6092
f 6131 6092 6125
f 6131 6104 6098
f 6132 6099 6093
f 6132 6093 6126
f 6133 6100 6094
f 6133 6106 6100
f 6133 6094 6127
f 6134 6101 6128
f 6134 6107 6101
f 6135 6096 6129
f 6135 6102 6096
f 6136 6097 6130
f 6136 6109 6103
f 6136 6103 6097
f 6137 6104 6131
f 6138 6105 6099
f 6138 6099 6132
f 6139 6106 6133
f 6140 6107 6134
f 6141 6102 6135
f 6141 6108 6102
f 6142 6109 6136
f 6143 6111 6144
f 6145 6104 6137
f 6145 6112 6104
f 6145 90 86
f 6145 86 6112
f 6146 6105 6138
f 6146 6113 6105
f 6147 6106 6139
f 6147 6114 6106
f 6147 6120 6114
f 6148 6115 6107
f 6148 6107 6140
f 6149 6108 6141
f 6149 6116 6108
f 6150 6117 6109
f 6150 6109 6142
f 6151 6111 6143
f 6151 6143 6144
f 6151 6118 6111
f 6151 6124 6118
f 6152 6113 6146
f 6152 6119 6113
f 6153 6120 6147
f 6154 6115 6148
f 6154 6121 6115
f 6155 6116 6149
f 6155 6122 6116
f 6156 6117 6150
f 6156 6123 6117
f 6157 6124 6151
f 6158 6119 6152
f 6158 6125 6119
f 6159 6126 6120
f 6159 6132 6126
f 6159 6120 6153
f 6160 6127 6121
f 6160 6121 6154
f 6160 6133 6127
f 6161 6128 6122
f 6161 6122 6155
f 6162 6129 6123
f 6162 6123 6156
f 6163 6124 6157
f 6163 6130 6124
f 6164 6131 6125
f 6164 6125 6158
f 6165 6132 6159
f 6166 6139 6133
f 6166 6133 6160
f 6167 6134 6128
f 6167 6128 6161
f 6168 6129 6162
f 6168 6135 6129
f 6168 6141 6135
f 6169 6130 6163
f 6169 6136 6130
f 6170 6131 6164
f 6170 6137 6131
f 6171 6132 6165
f 6171 6138 6132
f 6172 6139 6166
f 6173 6140 6134
f 6173 6134 6167
f 6174 6141 6168
f 6175 6136 6169
f 6175 6142 6136
f 6176 6144 6177
f 6178 6137 6170
f 6178 6145 6137
f 6178 94 90
f 6178 90 6145
f 6179 6138 6171
f 6179 6146 6138
f 6180 6139 6172
f 6180 6147 6139
f 6181 6140 6173
f 6181 6148 6140
f 6182 6149 6141
f 6182 6141 6174
f 6183 6142 6175
f 6183 6150 6142
f 6184 6151 6144
f 6184 6176 6177
f 6184 6144 6176
f 6185 6146 6179
f 6185 6152 6146
f 6186 6159 6153
f 6186 6147 6180
f 6186 6153 6147
f 6187 6148 6181
f 6187 6154 6148
f 6188 6149 6182
f 6188 6155 6149
f 6189 6150 6183
f 6189 6156 6150
f 6190 6157 6151
f 6190 6151 6184
f 6191 6164 6158
f 6191 6152 6185
f 6191 6158 6152
f 6192 6159 6186
f 6193 6160 6154
f 6193 6154 6187
f 6194 6161 6155
f 6194 6155 6188
f 6195 6162 6156
f 6195 6156 6189
f 6196 6163 6157
f 6196 6157 6190
f 6197 6164 6191
f 6198 6159 6192
f 6198 6165 6159
f 6199 6166 6160
f 6199 6160 6193
f 6200 6167 6161
f 6200 6161 6194
f 6201 6168 6162
f 6201 6162 6195
f 6202 6169 6163
f 6202 6175 6169
f 6202 6163 6196
f 6203 6164 6197
f 6203 6170 6164
f 6204 6165 6198
f 6204 6171 6165
f 6204 6179 6171
f 6205 6172 6166
f 6205 6166 6199
f 6206 6173 6167
f 6206 6167 6200
f 6207 6168 6201
f 6207 6174 6168
f 6208 6175 6202
f 6208 6183 6175
f 6209 6177 6210
f 6211 6170 6203
f 6211 6178 6170
f 6211 98 94
f 6211 94 6178
f 6212 6179 6204
f 6213 6172 6205
f 6213 6180 6172
f 6214 6173 6206
f 6214 6181 6173
f 6215 6174 6207
f 6215 6182 6174
f 6216 6183 6208
f 6216 6189 6183
f 6217 6209 6210
f 6217 6184 6177
f 6217 6177 6209
f 6218 6179 6212
f 6218 6185 6179
f 6219 6186 6180
f 6219 6180 6213
f 6220 6181 6214
f 6220 6187 6181
f 6221 6194 6188
f 6221 6182 6215
f 6221 6188 6182
f 6222 6189 6216
f 6223 6184 6217
f 6223 6190 6184
f 6224 6191 6185
f 6224 6185 6218
f 6225 6192 6186
f 6225 6186 6219
f 6226 6193 6187
f 6226 6187 6220
f 6226 6199 6193
f 6227 6194 6221
f 6228 6195 6189
f 6228 6189 6222
f 6229 6196 6190
f 6229 6190 6223
f 6230 6197 6191
f 6230 6191 6224
f 6231 6192 6225
f 6231 6198 6192
f 6232 6199 6226
f 6233 6206 6200
f 6233 6200 6194
f 6233 6194 6227
f 6234 6201 6195
f 6234 6207 6201
f 6234 6195 6228
f 6235 6196 6229
f 6235 6202 6196
f 6236 6203 6197
f 6236 6197 6230
f 6237 6204 6198
f 6237 6198 6231
f 6238 6205 6199
f 6238 6199 6232
f 6239 6206 6233
f 6240 6215 6207
f 6240 6207 6234
f 6241 6202 6235
f 6241 6208 6202
f 6242 6210 6243
f 6244 6203 6236
f 6244 6211 6203
f 6244 98 6211
f 6244 102 98
f 6245 6212 6204
f 6245 6204 6237
f 6246 6205 6238
f 6246 6213 6205
f 6247 6206 6239
f 6247 6214 6206
f 6248 6215 6240
f 6249 6208 6241
f 6249 6216 6208
f 6250 6210 6242
f 6250 6242 6243
f 6250 6217 6210
f 6251 6212 6245
f 6251 6218 6212
f 6252 6219 6213
f 6252 6213 6246
f 6253 6214 6247
f 6253 6220 6214
f 6254 6215 6248
f 6254 6221 6215
f 6255 6216 6249
f 6255 6222 6216
f 6256 6223 6217
f 6256 6217 6250
f 6257 6218 6251
f 6257 6224 6218
f 6258 6225 6219
f 6258 6219 6252
f 6259 6226 6220
f 6259 6220 6253
f 6260 6221 6254
f 6260 6227 6221
f 6261 6228 6222
f 6261 6222 6255
f 6262 6229 6223
f 6262 6223 6256
f 6263 6230 6224
f 6263 6224 6257
f 6264 6225 6258
f 6264 6231 6225
f 6265 6232 6226
f 6265 6226 6259
f 6266 6233 6227
f 6266 6227 6260
f 6267 6234 6228
f 6267 6228 6261
f 6268 6235 6229
f 6268 6229 6262
f 6269 6236 6230
f 6269 6230 6263
f 6270 6237 6231
f 6270 6231 6264
f 6271 6232 6265
f 6271 6238 6232
f 6272 6233 6266
f 6272 6247 6239
f 6272 6239 6233
f 6273 6234 6267
f 6273 6240 6234
f 6274 6235 6268
f 6274 6249 6241
f 6274 6241 6235
f 6275 6243 6276
f 6277 6244 6236
f 6277 102 6244
f 6277 6236 6269
f 6277 106 102
f 6278 6237 6270
f 6278 6245 6237
f 6279 6238 6271
f 6279 6246 6238
f 6280 6247 6272
f 6281 6248 6240
f 6281 6240 6273
f 6282 6249 6274
f 6283 6256 6250
f 6283 6275 6276
f 6283 6250 6243
f 6283 6243 6275
f 6284 6245 6278
f 6284 6251 6245
f 6285 6252 6246
f 6285 6246 6279
f 6286 6247 6280
f 6286 6253 6247
f 6287 6254 6248
f 6287 6248 6281
f 6288 6249 6282
f 6288 6255 6249
f 6289 6256 6283
f 6290 6251 6284
f 6290 6257 6251
f 6291 6264 6258
f 6291 6258 6252
f 6291 6252 6285
f 6292 6253 6286
f 6292 6259 6253
f 6292 6265 6259
f 6293 6266 6260
f 6293 6254 6287
f 6293 6260 6254
f 6294 6261 6255
f 6294 6255 6288
f 6295 6256 6289
f 6295 6262 6256
f 6296 6269 6263
f 6296 6263 6257
f 6296 6257 6290
f 6297 6264 6291
f 6298 6265 6292
f 6299 6266 6293
f 6300 6267 6261
f 6300 6261 6294
f 6301 6268 6262
f 6301 6262 6295
f 6301 6274 6268
f 6302 6269 6296
f 6303 6270 6264
f 6303 6264 6297
f 6304 6265 6298
f 6304 6271 6265
f 6305 6272 6266
f 6305 6266 6299
f 6306 6267 6300
f 6306 6273 6267
f 6307 6274 6301
f 6308 6276 6309
f 6310 6269 6302
f 6310 6277 6269
f 6310 106 6277
f 6310 110 106
f 6311 6270 6303
f 6311 6278 6270
f 6312 6271 6304
f 6312 6279 6271
f 6313 6272 6305
f 6313 6280 6272
f 6314 6273 6306
f 6314 6281 6273
f 6315 6274 6307
f 6315 6282 6274
f 6316 6308 6309
f 6316 6283 6276
f 6316 6276 6308
f 6317 6284 6278
f 6317 6278 6311
f 6318 6285 6279
f 6318 6279 6312
f 6319 6286 6280
f 6319 6280 6313
f 6320 6281 6314
f 6320 6287 6281
f 6321 6282 6315
f 6321 6288 6282
f 6322 6283 6316
f 6322 6289 6283
f 6323 6284 6317
f 6323 6290 6284
f 6324 6285 6318
f 6324 6291 6285
f 6325 6286 6319
f 6325 6292 6286
f 6326 6287 6320
f 6326 6293 6287
f 6327 6288 6321
f 6327 6294 6288
f 6328 6295 6289
f 6328 6289 6322
f 6329 6296 6290
f 6329 6290 6323
f 6330 6297 6291
f 6330 6291 6324
f 6331 6298 6292
f 6331 6292 6325
f 6331 6304 6298
f 6332 6293 6326
f 6332 6299 6293
f 6333 6300 6294
f 6333 6306 6300
f 6333 6294 6327
f 6334 6301 6295
f 6334 6295 6328
f 6335 6302 6296
f 6335 6296 6329
f 6336 6303 6297
f 6336 6297 6330
f 6337 6304 6331
f 6338 6313 6305
f 6338 6305 6299
f 6338 6299 6332
f 6339 6306 6333
f 6340 6315 6307
f 6340 6307 6301
f 6340 6301 6334
f 6341 6309 6342
f 6343 6310 6302
f 6343 6302 6335
f 6343 110 6310
f 6343 114 110
f 6344 6303 6336
f 6344 6311 6303
f 6345 6318 6312
f 6345 6304 6337
f 6345 6312 6304
f 6346 6313 6338
f 6347 6306 6339
f 6347 6314 6306
f 6348 6315 6340
f 6349 6309 6341
f 6349 6316 6309
f 6349 6341 6342
f 6350 6311 6344
f 6350 6317 6311
f 6351 6318 6345
f 6352 6313 6346
f 6352 6319 6313
f 6353 6314 6347
f 6353 6320 6314
f 6354 6315 6348
f 6354 6321 6315
f 6355 6316 6349
f 6355 6322 6316
f 6356 6317 6350
f 6356 6323 6317
f 6357 6318 6351
f 6357 6324 6318
f 6358 6319 6352
f 6358 6331 6325
f 6358 6325 6319
f 6359 6320 6353
f 6359 6332 6326
f 6359 6326 6320
f 6360 6327 6321
f 6360 6321 6354
f 6361 6328 6322
f 6361 6322 6355
f 6362 6323 6356
f 6362 6329 6323
f 6363 6330 6324
f 6363 6324 6357
f 6364 6331 6358
f 6365 6332 6359
f 6366 6333 6327
f 6366 6327 6360
f 6367 6334 6328
f 6367 6328 6361
f 6368 6335 6329
f 6368 6329 6362
f 6369 6344 6336
f 6369 6336 6330
f 6369 6330 6363
f 6370 6331 6364
f 6370 6337 6331
f 6371 6338 6332
f 6371 6332 6365
f 6372 6339 6333
f 6372 6347 6339
f 6372 6333 6366
f 6373 6340 6334
f 6373 6334 6367
f 6374 6342 6375
f 6376 114 6343
f 6376 6343 6335
f 6376 118 114
f 6376 6335 6368
f 6377 6344 6369
f 6378 6337 6370
f 6378 6345 6337
f 6379 6338 6371
f 6379 6346 6338
f 6380 6347 6372
f 6381 6340 6373
f 6381 6348 6340
f 6382 6349 6342
f 6382 6342 6374
f 6383 6350 6344
f 6383 6344 6377
f 6384 6345 6378
f 6384 6351 6345
f 6385 6346 6379
f 6385 6352 6346
f 6386 6353 6347
f 6386 6359 6353
f 6386 6347 6380
f 6387 6348 6381
f 6387 6354 6348
f 6388 6355 6349
f 6388 6349 6382
f 6389 6356 6350
f 6389 6362 6356
f 6389 6350 6383
f 6390 6351 6384
f 6390 6357 6351
f 6391 6358 6352
f 6391 6352 6385
f 6392 6359 6386
f 6393 6354 6387
f 6393 6360 6354
f 6394 6355 6388
f 6394 6361 6355
f 6395 6368 6362
f 6395 6362 6389
f 6396 6357 6390
f 6396 6363 6357
f 6397 6358 6391
f 6397 6364 6358
f 6398 6371 6365
f 6398 6365 6359
f 6398 6359 6392
f 6399 6366 6360
f 6399 6360 6393
f 6400 6373 6367
f 6400 6367 6361
f 6400 6361 6394
f 6401 6368 6395
f 6402 6369 6363
f 6402 6363 6396
f 6403 6370 6364
f 6403 6364 6397
f 6404 6379 6371
f 6404 6371 6398
f 6405 6366 6399
f 6405 6372 6366
f 6406 6373 6400
f 6406 6381 6373
f 6407 6374 6375
f 6407 6375 6408
f 6409 6368 6401
f 6409 118 6376
f 6409 122 118
f 6409 6376 6368
f 6410 6377 6369
f 6410 6369 6402
f 6411 6378 6370
f 6411 6370 6403
f 6412 6379 6404
f 6413 6380 6372
f 6413 6372 6405
f 6414 6381 6406
f 6414 6387 6381
f 6415 6374 6407
f 6415 6382 6374
f 6416 6377 6410
f 6416 6383 6377
f 6417 6378 6411
f 6417 6384 6378
f 6418 6379 6412
f 6418 6385 6379
f 6419 6380 6413
f 6419 6386 6380
f 6420 6387 6414
f 6421 6382 6415
f 6421 6388 6382
f 6422 6383 6416
f 6422 6389 6383
f 6423 6396 6390
f 6423 6390 6384
f 6423 6384 6417
f 6424 6385 6418
f 6424 6397 6391
f 6424 6391 6385
f 6425 6392 6386
f 6425 6386 6419
f 6426 6387 6420
f 6426 6393 6387
f 6427 6388 6421
f 6427 6394 6388
f 6428 6389 6422
f 6428 6395 6389
f 6429 6396 6423
f 6430 6403 6397
f 6430 6397 6424
f 6431 6392 6425
f 6431 6398 6392
f 6432 6399 6393
f 6432 6405 6399
f 6432 6393 6426
f 6433 6400 6394
f 6433 6394 6427
f 6434 6401 6395
f 6434 6395 6428
f 6435 6410 6402
f 6435 6396 6429
f 6435 6402 6396
f 6436 6403 6430
f 6437 6404 6398
f 6437 6398 6431
f 6438 6413 6405
f 6438 6405 6432
f 6439 6406 6400
f 6439 6400 6433
f 6440 6407 6408
f 6440 6408 1967
f 6440 1967 1372
f 6441 6409 6401
f 6441 122 6409
f 6441 6401 6434
f 6441 126 122
f 6442 6410 6435
f 6443 6411 6403
f 6443 6403 6436
f 6444 6404 6437
f 6444 6412 6404
f 6445 6413 6438
f 6446 6406 6439
f 6446 6414 6406
f 6447 6440 1372
f 6447 6407 6440
f 6447 1371 1468
f 6447 1372 1371
f 6447 6415 6407
f 6448 6410 6442
f 6448 6416 6410
f 6449 6411 6443
f 6449 6417 6411
f 6450 6418 6412
f 6450 6412 6444
f 6451 6419 6413
f 6451 6413 6445
f 6452 6420 6414
f 6452 6414 6446
f 6453 6447 1468
f 6453 6415 6447
f 6453 6421 6415
f 6454 6422 6416
f 6454 6416 6448
f 6455 6417 6449
f 6455 6423 6417
f 6456 6418 6450
f 6456 6424 6418
f 6457 6419 6451
f 6457 6431 6425
f 6457 6425 6419
f 6458 6426 6420
f 6458 6420 6452
f 6459 6453 1468
f 6459 6421 6453
f 6459 6427 6421
f 6459 1468 1467
f 6460 6422 6454
f 6460 6428 6422
f 6461 6429 6423
f 6461 6423 6455
f 6462 6424 6456
f 6462 6430 6424
f 6463 6437 6431
f 6463 6431 6457
f 6464 6426 6458
f 6464 6432 6426
f 6465 6427 6459
f 6465 1467 1466
f 6465 6459 1467
f 6465 6433 6427
f 6465 6439 6433
f 6466 6434 6428
f 6466 6428 6460
f 6467 6435 6429
f 6467 6429 6461
f 6468 6436 6430
f 6468 6430 6462
f 6469 6437 6463
f 6470 6438 6432
f 6470 6432 6464
f 6471 6465 1466
f 6471 1466 1465
f 6471 6439 6465
f 6472 6434 6466
f 6472 126 6441
f 6472 130 126
f 6472 6441 6434
f 6473 6442 6435
f 6473 6435 6467
f 6474 6443 6436
f 6474 6436 6468
f 6475 6437 6469
f 6475 6444 6437
f 6476 6445 6438
f 6476 6438 6470
f 6477 6471 1465
f 6477 6446 6439
f 6477 6439 6471
f 6477 1465 1452
f 6478 6448 6442
f 6478 6442 6473
f 6479 6443 6474
f 6479 6449 6443
f 6480 6450 6444
f 6480 6444 6475
f 6481 6451 6445
f 6481 6445 6476
f 6482 6477 1452
f 6482 6452 6446
f 6482 1452 1451
f 6482 6446 6477
f 6483 6448 6478
f 6483 6454 6448
f 6483 6460 6454
f 6484 6455 6449
f 6484 6449 6479
f 6485 6456 6450
f 6485 6462 6456
f 6485 6450 6480
f 6486 6451 6481
f 6486 6463 6457
f 6486 6457 6451
f 6487 6452 6482
f 6487 6482 1451
f 6487 1451 1450
f 6487 6458 6452
f 6488 6460 6483
f 6489 6455 6484
f 6489 6461 6455
f 6490 6468 6462
f 6490 6462 6485
f 6491 6463 6486
f 6492 6487 1450
f 6492 6458 6487
f 6492 1450 1442
f 6492 6464 6458
f 6493 6460 6488
f 6493 6466 6460
f 6494 6467 6461
f 6494 6461 6489
f 6495 6468 6490
f 6496 6463 6491
f 6496 6469 6463
f 6497 6470 6464
f 6497 1441 1433
f 6497 1442 1441
f 6497 6476 6470
f 6497 6492 1442
f 6497 6464 6492
f 6498 130 6472
f 6498 6472 6466
f 6498 134 130
f 6498 6466 6493
f 6499 6473 6467
f 6499 6467 6494
f 6500 6468 6495
f 6500 6474 6468
f 6501 6475 6469
f 6501 6469 6496
f 6502 6497 1433
f 6502 6476 6497
f 6503 6478 6473
f 6503 6473 6499
f 6504 6474 6500
f 6504 6479 6474
f 6505 6480 6475
f 6505 6475 6501
f 6506 6481 6476
f 6506 6502 1433
f 6506 1433 1432
f 6506 6476 6502
f 6507 6483 6478
f 6507 6488 6483
f 6507 6478 6503
f 6508 6484 6479
f 6508 6489 6484
f 6508 6479 6504
f 6509 6480 6505
f 6509 6485 6480
f 6510 6506 1432
f 6510 1423 1422
f 6510 1432 1423
f 6510 6481 6506
f 6510 6486 6481
f 6511 6488 6507
f 6512 6489 6508
f 6512 6494 6489
f 6513 6490 6485
f 6513 6485 6509
f 6514 6486 6510
f 6514 6510 1422
f 6514 6491 6486
f 6515 6488 6511
f 6515 6493 6488
f 6516 6494 6512
f 6517 6490 6513
f 6517 6495 6490
f 6518 6514 1422
f 6518 6491 6514
f 6518 1422 1415
f 6518 6496 6491
f 6519 6493 6515
f 6519 138 134
f 6519 134 6498
f 6519 6498 6493
f 6520 6494 6516
f 6520 6499 6494
f 6521 6495 6517
f 6521 6500 6495
f 6522 6501 6496
f 6522 6496 6518
f 6522 6518 1415
f 6522 1415 1414
f 6523 6503 6499
f 6523 6499 6520
f 6524 6508 6504
f 6524 6500 6521
f 6524 6504 6500
f 6525 1414 1406
f 6525 6522 1414
f 6525 6505 6501
f 6525 6501 6522
f 6526 6503 6523
f 6526 6507 6503
f 6527 6508 6524
f 6528 6525 1406
f 6528 1406 1405
f 6528 6505 6525
f 6528 6509 6505
f 6529 6511 6507
f 6529 6515 6511
f 6529 6507 6526
f 6530 6512 6508
f 6530 6508 6527
f 6531 6528 1405
f 6531 6509 6528
f 6531 1405 1399
f 6531 6513 6509
f 6532 6515 6529
f 6533 6512 6530
f 6533 6516 6512
f 6533 6520 6516
f 6534 6517 6513
f 6534 1399 1398
f 6534 6531 1399
f 6534 6513 6531
f 6535 6519 6515
f 6535 138 6519
f 6535 142 138
f 6535 6515 6532
f 6536 6520 6533
f 6537 6534 1398
f 6537 6521 6517
f 6537 1398 1391
f 6537 6517 6534
f 6538 6523 6520
f 6538 6520 6536
f 6539 1391 1390
f 6539 6524 6521
f 6539 6537 1391
f 6539 6521 6537
f 6540 6523 6538
f 6540 6526 6523
f 6541 1390 1385
f 6541 6539 1390
f 6541 6527 6524
f 6541 6524 6539
f 6542 6526 6540
f 6542 6529 6526
f 6543 6541 1385
f 6543 6527 6541
f 6543 1385 1384
f 6543 6530 6527
f 6544 6529 6542
f 6544 6532 6529
f 6545 6543 1384
f 6545 6530 6543
f 6545 1380 1379
f 6545 1384 1380
f 6545 6533 6530
f 6546 142 6535
f 6546 6535 6532
f 6546 146 142
f 6546 6532 6544
f 6547 6545 1379
f 6547 6533 6545
f 6547 6536 6533
f 6548 6538 6536
f 6548 6536 6547
f 6548 6547 1379
f 6548 1379 1377
f 6549 6540 6538
f 6549 6542 6540
f 6549 6538 6548
f 6549 6548 1377
f 6549 1377 1376
f 6550 1376 1375
f 6550 6549 1376
f 6550 6542 6549
f 6551 6544 6542
f 6551 1375 1369
f 6551 6542 6550
f 6551 6550 1375
f 6552 6546 6544
f 6552 146 6546
f 6552 1368 154
f 6552 1369 1368
f 6552 6551 1369
f 6552 150 146
f 6552 154 150
f 6552 6544 6551
f 804 222 224
f 822 224 318
f 822 804 224
f 821 318 319
f 821 822 318
f 820 319 320
f 820 821 319
f 818 320 312
f 818 820 320
f 819 312 308
f 819 818 312
f 830 308 303
f 830 819 308
f 835 303 283
f 835 830 303
f 841 835 283
f 851 283 264
f 851 841 283
f 864 264 247
f 864 851 264
f 878 247 251
f 878 864 247
f 886 878 251
f 886 251 273
f 890 886 273
f 890 273 281
f 894 890 281
f 894 281 289
f 898 894 289
f 898 289 294
f 902 898 294
f 902 294 297
f 906 902 297
f 906 297 292
f 910 906 292
f 910 292 286
f 914 910 286
f 914 286 278
f 918 914 278
f 918 278 269
f 922 918 269
f 922 269 245
f 926 922 245
f 926 245 243
f 930 243 241
f 930 926 243
f 934 241 239
f 934 930 241
f 938 239 237
f 938 934 239
f 942 237 235
f 942 235 233
f 942 938 237
f 946 942 233
f 950 233 231
f 950 231 229
f 950 946 233
f 954 229 227
f 954 950 229
f 958 954 227
f 962 227 225
f 962 225 221
f 962 958 227
f 966 221 218
f 966 962 221
f 970 966 218
f 974 218 215
f 974 215 211
f 974 970 218
f 978 974 211
f 982 211 206
f 982 206 203
f 982 978 211
f 987 982 203
f 991 987 203
f 991 203 199
f 991 199 195
f 995 991 195
f 995 195 187
f 999 995 187
f 999 187 174
f 1003 999 174
f 1003 174 158
f 1007 1003 158
f 1011 1007 158
f 1011 158 151
f 1011 151 147
f 1015 1011 147
f 1015 147 143
f 1019 1015 143
f 1023 1019 143
f 1023 143 139
f 1023 139 135
f 1027 1023 135
f 1027 135 131
f 1025 1027 131
f 1025 131 127
f 1021 1025 127
f 1017 1021 127
f 1017 127 123
f 1017 123 119
f 1013 1017 119
f 1013 119 115
f 1009 1013 115
f 1005 1009 115
f 1005 115 111
f 1005 111 107
f 1001 1005 107
f 1001 107 103
f 997 1001 103
f 997 103 99
f 993 99 95
f 993 997 99
f 989 95 91
f 989 993 95
f 985 989 91
f 983 91 87
f 983 87 83
f 983 985 91
f 979 983 83
f 975 979 83
f 975 83 79
f 971 975 79
f 971 79 75
f 971 75 72
f 967 971 72
f 967 72 68
f 964 967 68
f 960 964 68
f 960 68 64
f 956 960 64
f 956 64 60
f 952 956 60
f 952 60 56
f 952 56 52
f 948 952 52
f 948 52 48
f 944 948 48
f 940 944 48
f 940 48 44
f 940 44 40
f 936 940 40
f 932 936 40
f 932 40 36
f 932 36 32
f 928 32 28
f 928 932 32
f 924 28 24
f 924 928 28
f 920 924 24
f 916 24 20
f 916 20 16
f 916 920 24
f 912 916 16
f 908 16 12
f 908 12 7
f 908 912 16
f 904 7 10
f 904 908 7
f 900 10 14
f 900 904 10
f 896 900 14
f 892 14 18
f 892 896 14
f 888 18 22
f 888 22 26
f 888 892 18
f 884 888 26
f 877 26 30
f 877 884 26
f 860 30 34
f 860 877 30
f 842 860 34
f 842 34 38
f 842 38 42
f 832 842 42
f 817 832 42
f 817 42 46
f 815 817 46
f 815 46 50
f 813 50 53
f 813 815 50
f 811 53 57
f 811 57 61
f 811 813 53
f 809 811 61
f 809 61 65
f 807 809 65
f 805 65 69
f 805 807 65
f 801 69 73
f 801 73 77
f 801 805 69
f 798 801 77
f 795 77 81
f 795 798 77
f 792 81 85
f 792 795 81
f 789 85 89
f 789 89 93
f 789 792 85
f 784 789 93
f 777 93 97
f 777 97 101
f 777 784 93
f 766 777 101
f 753 101 105
f 753 105 109
f 753 766 101
f 739 753 109
f 731 109 113
f 731 739 109
f 727 113 117
f 727 731 113
f 723 117 121
f 723 727 117
f 719 121 125
f 719 723 121
f 715 125 129
f 715 719 125
f 712 129 133
f 712 715 129
f 717 712 133
f 717 133 137
f 721 717 137
f 721 137 141
f 725 721 141
f 725 141 145
f 729 725 145
f 729 145 149
f 733 729 149
f 733 149 153
f 741 733 153
f 741 153 161
f 755 741 161
f 755 161 176
f 768 755 176
f 768 176 189
f 779 768 189
f 779 189 197
f 785 779 197
f 785 197 201
f 785 201 204
f 790 785 204
f 793 790 204
f 793 204 207
f 796 793 207
f 796 207 212
f 796 212 216
f 799 796 216
f 802 216 219
f 802 799 216
f 804 219 222
f 804 802 219
f 704 6553 476
f 476 6553 1969
f 6553 6554 1969
f 1969 6554 1976
f 6554 6555 1976
f 1976 6555 1988
f 6555 6556 1988
f 1988 6556 2005
f 6556 6557 2005
f 2005 6557 2027
f 2027 6557 2054
f 6557 6558 2054
f 6558 6559 2054
f 2054 6559 2086
f 6559 6560 2086
f 2086 6560 2119
f 6560 6561 2119
f 2119 6561 2120
f 2120 6561 2185
f 6561 6562 2185
f 6562 6563 2185
f 2185 6563 2218
f 6563 6564 2218
f 2218 6564 2219
f 6564 6565 2219
f 2219 6565 2284
f 6565 6566 2284
f 2284 6566 2317
f 6566 6567 2317
f 2317 6567 2318
f 2318 6568 2383
f 6567 6568 2318
f 2383 6569 2384
f 6568 6569 2383
f 2384 6570 2449
f 2449 6570 2482
f 6569 6570 2384
f 6570 6571 2482
f 2482 6572 2515
f 6571 6572 2482
f 2515 6573 2548
f 6572 6573 2515
f 2548 6574 2581
f 6573 6574 2548
f 2581 6575 2614
f 6574 6575 2581
f 2614 6576 2647
f 6575 6576 2614
f 6576 6577 2647
f 2647 6577 2680
f 2680 6577 2713
f 6577 6578 2713
f 6578 6579 2713
f 2713 6579 2746
f 6579 6580 2746
f 2746 6580 2779
f 6580 6581 2779
f 2779 6581 2812
f 6581 6582 2812
f 2812 6582 2813
f 6582 6583 2813
f 2813 6583 2878
f 6583 6584 2878
f 2878 6584 2911
f 6584 6585 2911
f 2911 6585 2944
f 6585 6586 2944
f 2944 6586 2959
f 6586 6587 2959
f 2959 6587 2998
f 6587 6588 2998
f 2998 6588 3042
f 6588 6589 3042
f 3042 6589 3091
f 6589 6590 3091
f 3091 6590 3145
f 3145 6590 3204
f 6590 6591 3204
f 6591 6592 3204
f 3204 6592 3268
f 6592 6593 3268
f 3268 6593 3333
f 6593 6594 3333
f 3333 6594 3398
f 6594 6595 3398
f 3398 6595 3463
f 6595 6596 3463
f 3463 6596 3528
f 6596 6597 3528
f 3528 6597 3593
f 3593 6597 3658
f 6597 6598 3658
f 6598 6599 3658
f 3658 6599 3723
f 6599 6600 3723
f 3723 6600 3788
f 3788 6601 3853
f 6600 6601 3788
f 6602 6603 6604
f 730 735 6605
f 1247 6606 704
f 704 6606 6553
f 1329 6607 1247
f 1247 6607 6606
f 1326 6608 1329
f 1329 6608 6607
f 1066 6609 1326
f 1326 6609 6608
f 1067 6610 1066
f 1066 6610 6609
f 1068 6611 1067
f 1067 6611 6610
f 6606 6612 6553
f 6553 6612 6554
f 1069 6613 1068
f 1068 6613 6611
f 6607 6614 6606
f 6606 6614 6612
f 1313 6615 1069
f 1069 6615 6613
f 6607 6616 6614
f 6608 6616 6607
f 1314 6617 1313
f 1312 6617 1314
f 1313 6617 6615
f 6609 6618 6608
f 6608 6618 6616
f 1312 6619 6617
f 6610 6620 6609
f 6609 6620 6618
f 1310 6621 1312
f 1312 6621 6619
f 6610 6622 6620
f 6611 6622 6610
f 6612 6623 6554
f 6554 6623 6555
f 1305 6624 1310
f 1310 6624 6621
f 6613 6625 6611
f 6611 6625 6622
f 6612 6626 6623
f 6614 6626 6612
f 1303 6627 1305
f 1305 6627 6624
f 6615 6628 6613
f 6613 6628 6625
f 6616 6629 6614
f 6614 6629 6626
f 1299 6630 1303
f 1301 6630 1299
f 1303 6630 6627
f 6615 6631 6628
f 6617 6631 6615
f 6616 6632 6629
f 6618 6632 6616
f 1301 6633 6630
f 6617 6634 6631
f 6619 6634 6617
f 6620 6635 6618
f 6618 6635 6632
f 1362 6636 1301
f 1301 6636 6633
f 6621 6637 6619
f 6619 6637 6634
f 6620 6638 6635
f 6622 6638 6620
f 6623 6639 6555
f 6555 6639 6556
f 6556 6639 6557
f 1362 6640 6636
f 1363 6640 1362
f 6624 6641 6621
f 6621 6641 6637
f 6622 6642 6638
f 6628 6642 6625
f 6625 6642 6622
f 6623 6643 6639
f 6626 6643 6623
f 1296 6644 1363
f 1363 6644 6640
f 6627 6645 6624
f 6624 6645 6641
f 6628 6646 6642
f 6626 6647 6643
f 6629 6647 6626
f 1295 6648 1296
f 1296 6648 6644
f 6627 6649 6645
f 6630 6649 6627
f 6631 6650 6628
f 6628 6650 6646
f 6629 6651 6647
f 6635 6651 6632
f 6632 6651 6629
f 1293 6652 1295
f 1295 6652 6648
f 6636 6653 6633
f 6630 6653 6649
f 6633 6653 6630
f 6631 6654 6650
f 6634 6654 6631
f 6635 6655 6651
f 1289 6656 1293
f 1293 6656 6652
f 6636 6657 6653
f 6641 6658 6637
f 6637 6658 6634
f 6634 6658 6654
f 6638 6659 6635
f 6635 6659 6655
f 6639 6660 6557
f 1290 6661 1289
f 1289 6661 6656
f 6640 6662 6636
f 6636 6662 6657
f 6641 6663 6658
f 6638 6664 6659
f 6646 6664 6642
f 6642 6664 6638
f 6647 6665 6643
f 6639 6665 6660
f 6643 6665 6639
f 1270 6666 1290
f 1290 6666 6661
f 6644 6667 6640
f 6640 6667 6662
f 6649 6668 6645
f 6645 6668 6641
f 6641 6668 6663
f 6646 6669 6664
f 6647 6670 6665
f 1270 6671 6666
f 1264 6671 1270
f 6648 6672 6644
f 6644 6672 6667
f 6649 6673 6668
f 6654 6674 6650
f 6650 6674 6646
f 6646 6674 6669
f 6651 6675 6647
f 6647 6675 6670
f 1260 6676 1264
f 1257 6676 1260
f 1264 6676 6671
f 6652 6677 6648
f 6648 6677 6672
f 6649 6678 6673
f 6653 6678 6649
f 6654 6679 6674
f 6651 6680 6675
f 6655 6680 6651
f 1257 6681 6676
f 6652 6682 6677
f 6656 6682 6652
f 6657 6683 6653
f 6653 6683 6678
f 6658 6684 6654
f 6654 6684 6679
f 6655 6685 6680
f 6659 6685 6655
f 6660 6686 6557
f 6557 6686 6558
f 6665 6686 6660
f 1250 6687 1257
f 1257 6687 6681
f 6656 6688 6682
f 6661 6688 6656
f 6657 6689 6683
f 6662 6689 6657
f 6658 6690 6684
f 6663 6690 6658
f 6659 6691 6685
f 6664 6691 6659
f 6665 6692 6686
f 1251 6693 1250
f 1252 6693 1251
f 1250 6693 6687
f 6661 6694 6688
f 6666 6694 6661
f 6662 6695 6689
f 6667 6695 6662
f 6663 6696 6690
f 6668 6696 6663
f 6674 6697 6669
f 6664 6697 6691
f 6669 6697 6664
f 6665 6698 6692
f 6670 6698 6665
f 1252 6699 6693
f 6666 6700 6694
f 6671 6700 6666
f 6667 6701 6695
f 6677 6701 6672
f 6672 6701 6667
f 6673 6702 6668
f 6668 6702 6696
f 6674 6703 6697
f 6675 6704 6670
f 6670 6704 6698
f 1177 6705 1252
f 1252 6705 6699
f 6671 6706 6700
f 6676 6706 6671
f 6677 6707 6701
f 6682 6707 6677
f 6673 6708 6702
f 6678 6708 6673
f 6679 6709 6674
f 6684 6709 6679
f 6674 6709 6703
f 6675 6710 6704
f 6680 6710 6675
f 1171 6711 1177
f 1177 6711 6705
f 6676 6712 6706
f 6681 6712 6676
f 6682 6713 6707
f 6678 6714 6708
f 6683 6714 6678
f 6684 6715 6709
f 6680 6716 6710
f 6685 6716 6680
f 6686 6717 6558
f 6558 6717 6559
f 6692 6717 6686
f 1166 6718 1171
f 879 6718 1166
f 1171 6718 6711
f 885 6718 879
f 6687 6719 6681
f 6681 6719 6712
f 6694 6720 6688
f 6682 6720 6713
f 6688 6720 6682
f 6683 6721 6714
f 6689 6721 6683
f 6690 6722 6684
f 6684 6722 6715
f 6685 6723 6716
f 6691 6723 6685
f 6692 6724 6717
f 6687 6725 6719
f 6693 6725 6687
f 6694 6726 6720
f 6701 6727 6695
f 6689 6727 6721
f 6695 6727 6689
f 6702 6728 6696
f 6690 6728 6722
f 6696 6728 6690
f 6697 6729 6691
f 6691 6729 6723
f 6704 6730 6698
f 6698 6730 6692
f 6692 6730 6724
f 6693 6731 6725
f 6699 6731 6693
f 6694 6732 6726
f 6700 6732 6694
f 6701 6733 6727
f 6702 6734 6728
f 6703 6735 6697
f 6697 6735 6729
f 6704 6736 6730
f 6699 6737 6731
f 6705 6737 6699
f 6706 6738 6700
f 6700 6738 6732
f 6707 6739 6701
f 6701 6739 6733
f 6702 6740 6734
f 6708 6740 6702
f 6709 6741 6703
f 6703 6741 6735
f 6710 6742 6704
f 6716 6742 6710
f 6704 6742 6736
f 6705 6743 6737
f 6711 6743 6705
f 6706 6744 6738
f 6712 6744 6706
f 6719 6744 6712
f 6707 6745 6739
f 6713 6745 6707
f 6714 6746 6708
f 6708 6746 6740
f 6709 6747 6741
f 6715 6747 6709
f 6716 6748 6742
f 6559 6749 6560
f 6560 6749 6561
f 6717 6749 6559
f 889 6750 885
f 6718 6750 6711
f 6711 6750 6743
f 885 6750 6718
f 6719 6751 6744
f 6720 6752 6713
f 6713 6752 6745
f 6714 6753 6746
f 6727 6753 6721
f 6721 6753 6714
f 6722 6754 6715
f 6715 6754 6747
f 6723 6755 6716
f 6729 6755 6723
f 6716 6755 6748
f 6724 6756 6717
f 6730 6756 6724
f 6717 6756 6749
f 6725 6757 6719
f 6719 6757 6751
f 6720 6758 6752
f 6726 6758 6720
f 6727 6759 6753
f 6722 6760 6754
f 6728 6760 6722
f 6735 6761 6729
f 6729 6761 6755
f 6730 6762 6756
f 6737 6763 6731
f 6725 6763 6757
f 6731 6763 6725
f 6726 6764 6758
f 6732 6764 6726
f 6733 6765 6727
f 6727 6765 6759
f 6728 6766 6760
f 6734 6766 6728
f 6741 6767 6735
f 6735 6767 6761
f 6736 6768 6730
f 6730 6768 6762
f 6737 6769 6763
f 6738 6770 6732
f 6732 6770 6764
f 6733 6771 6765
f 6739 6771 6733
f 6740 6772 6734
f 6734 6772 6766
f 6741 6773 6767
f 6736 6774 6768
f 6742 6774 6736
f 6737 6775 6769
f 6743 6775 6737
f 6744 6776 6738
f 6738 6776 6770
f 6739 6777 6771
f 6752 6777 6745
f 6745 6777 6739
f 6746 6778 6740
f 6740 6778 6772
f 6741 6779 6773
f 6747 6779 6741
f 6754 6779 6747
f 6742 6780 6774
f 6748 6780 6742
f 6749 6781 6561
f 889 6782 6750
f 6750 6782 6743
f 6743 6782 6775
f 893 6782 889
f 6744 6783 6776
f 6751 6783 6744
f 6752 6784 6777
f 6746 6785 6778
f 6753 6785 6746
f 6754 6786 6779
f 6755 6787 6748
f 6748 6787 6780
f 6756 6788 6749
f 6749 6788 6781
f 6751 6789 6783
f 6757 6789 6751
f 6764 6790 6758
f 6752 6790 6784
f 6758 6790 6752
f 6753 6791 6785
f 6759 6791 6753
f 6754 6792 6786
f 6760 6792 6754
f 6761 6793 6755
f 6755 6793 6787
f 6762 6794 6756
f 6756 6794 6788
f 6763 6795 6757
f 6769 6795 6763
f 6757 6795 6789
f 6764 6796 6790
f 6765 6797 6759
f 6771 6797 6765
f 6759 6797 6791
f 6760 6798 6792
f 6766 6798 6760
f 6761 6799 6793
f 6767 6799 6761
f 6768 6800 6762
f 6762 6800 6794
f 6769 6801 6795
f 6770 6802 6764
f 6764 6802 6796
f 6776 6802 6770
f 6771 6803 6797
f 6772 6804 6766
f 6766 6804 6798
f 6767 6805 6799
f 6773 6805 6767
f 6768 6806 6800
f 6774 6806 6768
f 6780 6806 6774
f 6769 6807 6801
f 6775 6807 6769
f 6776 6808 6802
f 6784 6809 6777
f 6777 6809 6771
f 6771 6809 6803
f 6772 6810 6804
f 6778 6810 6772
f 6773 6811 6805
f 6779 6811 6773
f 6780 6812 6806
f 6561 6813 6562
f 6781 6813 6561
f 6775 6814 6807
f 6782 6814 6775
f 893 6814 6782
f 897 6814 893
f 6776 6815 6808
f 6789 6815 6783
f 6783 6815 6776
f 6784 6816 6809
f 6785 6817 6778
f 6778 6817 6810
f 6791 6817 6785
f 6779 6818 6811
f 6786 6818 6779
f 6787 6819 6780
f 6780 6819 6812
f 6794 6820 6788
f 6781 6820 6813
f 6788 6820 6781
f 6789 6821 6815
f 6790 6822 6784
f 6784 6822 6816
f 6796 6822 6790
f 6797 6823 6791
f 6791 6823 6817
f 6786 6824 6818
f 6792 6824 6786
f 6793 6825 6787
f 6799 6825 6793
f 6787 6825 6819
f 6794 6826 6820
f 6795 6827 6789
f 6789 6827 6821
f 6796 6828 6822
f 6797 6829 6823
f 6798 6830 6792
f 6792 6830 6824
f 6799 6831 6825
f 6794 6832 6826
f 6800 6832 6794
f 6801 6833 6795
f 6795 6833 6827
f 6796 6834 6828
f 6802 6834 6796
f 6797 6835 6829
f 6803 6835 6797
f 6798 6836 6830
f 6804 6836 6798
f 6810 6836 6804
f 6799 6837 6831
f 6805 6837 6799
f 6800 6838 6832
f 6806 6838 6800
f 6807 6839 6801
f 6801 6839 6833
f 6808 6840 6802
f 6802 6840 6834
f 6803 6841 6835
f 6809 6841 6803
f 6810 6842 6836
f 6817 6842 6810
f 6805 6843 6837
f 6811 6843 6805
f 6806 6844 6838
f 6812 6844 6806
f 6819 6844 6812
f 6562 6845 6563
f 6563 6845 6564
f 6813 6845 6562
f 6807 6846 6839
f 6839 6846 901
f 6814 6846 6807
f 897 6846 6814
f 901 6846 897
f 6815 6847 6808
f 6808 6847 6840
f 6816 6848 6809
f 6822 6848 6816
f 6809 6848 6841
f 6817 6849 6842
f 6818 6850 6811
f 6811 6850 6843
f 6819 6851 6844
f 6813 6852 6845
f 6820 6852 6813
f 6815 6853 6847
f 6821 6853 6815
f 6822 6854 6848
f 6823 6855 6817
f 6817 6855 6849
f 6818 6856 6850
f 6824 6856 6818
f 6819 6857 6851
f 6825 6857 6819
f 6820 6858 6852
f 6826 6858 6820
f 6827 6859 6821
f 6821 6859 6853
f 6822 6860 6854
f 6828 6860 6822
f 6829 6861 6823
f 6823 6861 6855
f 6836 6862 6830
f 6824 6862 6856
f 6830 6862 6824
f 6837 6863 6831
f 6831 6863 6825
f 6825 6863 6857
f 6832 6864 6826
f 6826 6864 6858
f 6833 6865 6827
f 6839 6865 6833
f 6827 6865 6859
f 6828 6866 6860
f 6834 6866 6828
f 6835 6867 6829
f 6841 6867 6835
f 6829 6867 6861
f 6836 6868 6862
f 6837 6869 6863
f 6838 6870 6832
f 6832 6870 6864
f 6839 6871 6865
f 901 6871 6839
f 6840 6872 6834
f 6834 6872 6866
f 6841 6873 6867
f 6836 6874 6868
f 6842 6874 6836
f 6843 6875 6837
f 6837 6875 6869
f 6844 6876 6838
f 6838 6876 6870
f 6564 6877 6565
f 6845 6877 6564
f 901 6878 6871
f 6871 6878 905
f 905 6878 901
f 6840 6879 6872
f 6847 6879 6840
f 6848 6880 6841
f 6841 6880 6873
f 6849 6881 6842
f 6842 6881 6874
f 6855 6881 6849
f 6843 6882 6875
f 6850 6882 6843
f 6851 6883 6844
f 6844 6883 6876
f 6845 6884 6877
f 6858 6884 6852
f 6852 6884 6845
f 6847 6885 6879
f 6853 6885 6847
f 6848 6886 6880
f 6854 6886 6848
f 6855 6887 6881
f 6862 6888 6856
f 6850 6888 6882
f 6856 6888 6850
f 6851 6889 6883
f 6857 6889 6851
f 6858 6890 6884
f 6859 6891 6853
f 6865 6891 6859
f 6853 6891 6885
f 6854 6892 6886
f 6860 6892 6854
f 6855 6893 6887
f 6861 6893 6855
f 6862 6894 6888
f 6863 6895 6857
f 6857 6895 6889
f 6864 6896 6858
f 6858 6896 6890
f 6865 6897 6891
f 6860 6898 6892
f 6866 6898 6860
f 6867 6899 6861
f 6861 6899 6893
f 6862 6900 6894
f 6868 6900 6862
f 6874 6900 6868
f 6869 6901 6863
f 6863 6901 6895
f 6864 6902 6896
f 6870 6902 6864
f 6871 6903 6865
f 6865 6903 6897
f 905 6903 6871
f 6879 6904 6872
f 6866 6904 6898
f 6872 6904 6866
f 6873 6905 6867
f 6867 6905 6899
f 6874 6906 6900
f 6875 6907 6869
f 6869 6907 6901
f 6870 6908 6902
f 6876 6908 6870
f 6883 6908 6876
f 6565 6909 6566
f 6877 6909 6565
f 905 6910 6903
f 6903 6910 909
f 909 6910 905
f 6879 6911 6904
f 6873 6912 6905
f 6880 6912 6873
f 6874 6913 6906
f 6881 6913 6874
f 6887 6913 6881
f 6875 6914 6907
f 6882 6914 6875
f 6883 6915 6908
f 6877 6916 6909
f 6884 6916 6877
f 6890 6916 6884
f 6879 6917 6911
f 6885 6917 6879
f 6886 6918 6880
f 6880 6918 6912
f 6892 6918 6886
f 6887 6919 6913
f 6893 6919 6887
f 6882 6920 6914
f 6888 6920 6882
f 6895 6921 6889
f 6883 6921 6915
f 6889 6921 6883
f 6890 6922 6916
f 6885 6923 6917
f 6891 6923 6885
f 6892 6924 6918
f 6893 6925 6919
f 6888 6926 6920
f 6894 6926 6888
f 6895 6927 6921
f 6896 6928 6890
f 6890 6928 6922
f 6897 6929 6891
f 6891 6929 6923
f 6892 6930 6924
f 6898 6930 6892
f 6905 6931 6899
f 6899 6931 6893
f 6893 6931 6925
f 6900 6932 6894
f 6894 6932 6926
f 6895 6933 6927
f 6901 6933 6895
f 6902 6934 6896
f 6896 6934 6928
f 6903 6935 6897
f 909 6935 6903
f 6897 6935 6929
f 6898 6936 6930
f 6911 6936 6904
f 6904 6936 6898
f 6905 6937 6931
f 6906 6938 6900
f 6900 6938 6932
f 6901 6939 6933
f 6914 6939 6907
f 6907 6939 6901
f 6902 6940 6934
f 6908 6940 6902
f 6909 6941 6566
f 909 6942 6935
f 6935 6942 913
f 913 6942 909
f 6911 6943 6936
f 6905 6944 6937
f 6912 6944 6905
f 6918 6944 6912
f 6906 6945 6938
f 6913 6945 6906
f 6914 6946 6939
f 6915 6947 6908
f 6908 6947 6940
f 6909 6948 6941
f 6916 6948 6909
f 6922 6948 6916
f 6911 6949 6943
f 6917 6949 6911
f 6918 6950 6944
f 6913 6951 6945
f 6919 6951 6913
f 6926 6952 6920
f 6914 6952 6946
f 6920 6952 6914
f 6927 6953 6921
f 6921 6953 6915
f 6915 6953 6947
f 6922 6954 6948
f 6923 6955 6917
f 6917 6955 6949
f 6918 6956 6950
f 6924 6956 6918
f 6919 6957 6951
f 6925 6957 6919
f 6926 6958 6952
f 6927 6959 6953
f 6928 6960 6922
f 6922 6960 6954
f 6929 6961 6923
f 6935 6961 6929
f 6923 6961 6955
f 6930 6962 6924
f 6924 6962 6956
f 6936 6962 6930
f 6925 6963 6957
f 6931 6963 6925
f 6937 6963 6931
f 6938 6964 6932
f 6932 6964 6926
f 6926 6964 6958
f 6927 6965 6959
f 6933 6965 6927
f 6934 6966 6928
f 6928 6966 6960
f 913 6967 6935
f 6935 6967 6961
f 6936 6968 6962
f 6943 6968 6936
f 6937 6969 6963
f 6938 6970 6964
f 6933 6971 6965
f 6939 6971 6933
f 6934 6972 6966
f 6940 6972 6934
f 6566 6973 6567
f 6567 6973 6568
f 6941 6973 6566
f 913 6974 6967
f 6967 6974 917
f 917 6974 913
f 6943 6975 6968
f 6944 6976 6937
f 6937 6976 6969
f 6951 6977 6945
f 6945 6977 6938
f 6938 6977 6970
f 6939 6978 6971
f 6946 6978 6939
f 6940 6979 6972
f 6953 6979 6947
f 6947 6979 6940
f 6948 6980 6941
f 6941 6980 6973
f 6949 6981 6943
f 6943 6981 6975
f 6955 6981 6949
f 6944 6982 6976
f 6950 6982 6944
f 6951 6983 6977
f 6946 6984 6978
f 6952 6984 6946
f 6959 6985 6953
f 6953 6985 6979
f 6954 6986 6948
f 6948 6986 6980
f 6961 6987 6955
f 6955 6987 6981
f 6956 6988 6950
f 6950 6988 6982
f 6951 6989 6983
f 6957 6989 6951
f 6958 6990 6952
f 6952 6990 6984
f 6959 6991 6985
f 6954 6992 6986
f 6960 6992 6954
f 6961 6993 6987
f 6962 6994 6956
f 6956 6994 6988
f 6957 6995 6989
f 6963 6995 6957
f 6970 6996 6964
f 6964 6996 6958
f 6958 6996 6990
f 6965 6997 6959
f 6959 6997 6991
f 6966 6998 6960
f 6960 6998 6992
f 6967 6999 6961
f 917 6999 6967
f 6961 6999 6993
f 6968 7000 6962
f 6962 7000 6994
f 6975 7000 6968
f 6969 7001 6963
f 6963 7001 6995
f 6976 7001 6969
f 6970 7002 6996
f 6965 7003 6997
f 6971 7003 6965
f 6972 7004 6966
f 6979 7004 6972
f 6966 7004 6998
f 6973 7005 6568
f 6568 7005 6569
f 6999 7006 921
f 921 7006 917
f 917 7006 6999
f 6975 7007 7000
f 6982 7008 6976
f 6976 7008 7001
f 6983 7009 6977
f 6977 7009 6970
f 6970 7009 7002
f 6978 7010 6971
f 6971 7010 7003
f 6979 7011 7004
f 6973 7012 7005
f 6986 7012 6980
f 6980 7012 6973
f 6975 7013 7007
f 6981 7013 6975
f 6988 7014 6982
f 6982 7014 7008
f 6983 7015 7009
f 6978 7016 7010
f 6984 7016 6978
f 6979 7017 7011
f 6985 7017 6979
f 6986 7018 7012
f 6981 7019 7013
f 6987 7019 6981
f 6988 7020 7014
f 6983 7021 7015
f 6989 7021 6983
f 6984 7022 7016
f 6990 7022 6984
f 6985 7023 7017
f 6991 7023 6985
f 6986 7024 7018
f 6998 7024 6992
f 6992 7024 6986
f 6987 7025 7019
f 6993 7025 6987
f 7000 7026 6994
f 6994 7026 6988
f 6988 7026 7020
f 6995 7027 6989
f 6989 7027 7021
f 6996 7028 6990
f 6990 7028 7022
f 6997 7029 6991
f 6991 7029 7023
f 6998 7030 7024
f 6999 7031 6993
f 921 7031 6999
f 6993 7031 7025
f 7000 7032 7026
f 7001 7033 6995
f 6995 7033 7027
f 7009 7034 7002
f 7002 7034 6996
f 6996 7034 7028
f 7003 7035 6997
f 6997 7035 7029
f 6998 7036 7030
f 7004 7036 6998
f 7011 7036 7004
f 7005 7037 6569
f 7031 7038 925
f 921 7038 7031
f 925 7038 921
f 7000 7039 7032
f 7007 7039 7000
f 7008 7040 7001
f 7001 7040 7033
f 7009 7041 7034
f 7003 7042 7035
f 7010 7042 7003
f 7011 7043 7036
f 7005 7044 7037
f 7018 7044 7012
f 7012 7044 7005
f 7019 7045 7013
f 7007 7045 7039
f 7013 7045 7007
f 7008 7046 7040
f 7014 7046 7008
f 7009 7047 7041
f 7015 7047 7009
f 7010 7048 7042
f 7016 7048 7010
f 7011 7049 7043
f 7017 7049 7011
f 7018 7050 7044
f 7019 7051 7045
f 7020 7052 7014
f 7014 7052 7046
f 7015 7053 7047
f 7021 7053 7015
f 7016 7054 7048
f 7022 7054 7016
f 7029 7055 7023
f 7023 7055 7017
f 7017 7055 7049
f 7018 7056 7050
f 7024 7056 7018
f 7019 7057 7051
f 7025 7057 7019
f 7026 7058 7020
f 7020 7058 7052
f 7033 7059 7027
f 7027 7059 7021
f 7021 7059 7053
f 7028 7060 7022
f 7022 7060 7054
f 7029 7061 7055
f 7030 7062 7024
f 7024 7062 7056
f 7031 7063 7025
f 925 7063 7031
f 7025 7063 7057
f 7032 7064 7026
f 7026 7064 7058
f 7039 7064 7032
f 7033 7065 7059
f 7034 7066 7028
f 7028 7066 7060
f 7029 7067 7061
f 7035 7067 7029
f 7036 7068 7030
f 7030 7068 7062
f 7037 7069 6569
f 6569 7069 6570
f 925 7070 7063
f 7063 7070 929
f 929 7070 925
f 7039 7071 7064
f 7033 7072 7065
f 7040 7072 7033
f 7041 7073 7034
f 7034 7073 7066
f 7035 7074 7067
f 7042 7074 7035
f 7036 7075 7068
f 7043 7075 7036
f 7044 7076 7037
f 7037 7076 7069
f 7045 7077 7039
f 7039 7077 7071
f 7040 7078 7072
f 7046 7078 7040
f 7052 7078 7046
f 7041 7079 7073
f 7047 7079 7041
f 7048 7080 7042
f 7042 7080 7074
f 7043 7081 7075
f 7049 7081 7043
f 7055 7081 7049
f 7044 7082 7076
f 7050 7082 7044
f 7045 7083 7077
f 7051 7083 7045
f 7052 7084 7078
f 7053 7085 7047
f 7047 7085 7079
f 7054 7086 7048
f 7048 7086 7080
f 7055 7087 7081
f 7050 7088 7082
f 7056 7088 7050
f 7063 7089 7057
f 7051 7089 7083
f 7057 7089 7051
f 7064 7090 7058
f 7052 7090 7084
f 7058 7090 7052
f 7053 7091 7085
f 7059 7091 7053
f 7060 7092 7054
f 7054 7092 7086
f 7061 7093 7055
f 7055 7093 7087
f 7062 7094 7056
f 7056 7094 7088
f 7068 7094 7062
f 929 7095 7063
f 7063 7095 7089
f 7064 7096 7090
f 7065 7097 7059
f 7059 7097 7091
f 7066 7098 7060
f 7073 7098 7066
f 7060 7098 7092
f 7074 7099 7067
f 7067 7099 7061
f 7061 7099 7093
f 7068 7100 7094
f 7069 7101 6570
f 6570 7101 6571
f 7095 7102 933
f 929 7102 7095
f 933 7102 929
f 7071 7103 7064
f 7064 7103 7096
f 7072 7104 7065
f 7065 7104 7097
f 7079 7105 7073
f 7073 7105 7098
f 7080 7106 7074
f 7074 7106 7099
f 7075 7107 7068
f 7068 7107 7100
f 7069 7108 7101
f 7076 7108 7069
f 7071 7109 7103
f 7077 7109 7071
f 7083 7109 7077
f 7078 7110 7072
f 7072 7110 7104
f 7079 7111 7105
f 7080 7112 7106
f 7086 7112 7080
f 7075 7113 7107
f 7081 7113 7075
f 7076 7114 7108
f 7082 7114 7076
f 7083 7115 7109
f 7084 7116 7078
f 7078 7116 7110
f 7079 7117 7111
f 7085 7117 7079
f 7091 7117 7085
f 7092 7118 7086
f 7086 7118 7112
f 7087 7119 7081
f 7081 7119 7113
f 7088 7120 7082
f 7082 7120 7114
f 7095 7121 7089
f 7083 7121 7115
f 7089 7121 7083
f 7090 7122 7084
f 7084 7122 7116
f 7091 7123 7117
f 7092 7124 7118
f 7093 7125 7087
f 7087 7125 7119
f 7094 7126 7088
f 7088 7126 7120
f 933 7127 7095
f 7095 7127 7121
f 7090 7128 7122
f 7096 7128 7090
f 7097 7129 7091
f 7091 7129 7123
f 7098 7130 7092
f 7092 7130 7124
f 7099 7131 7093
f 7093 7131 7125
f 7094 7132 7126
f 7100 7132 7094
f 7101 7133 6571
f 6571 7133 6572
f 933 7134 7127
f 937 7134 933
f 7127 7134 937
f 7103 7135 7096
f 7096 7135 7128
f 7110 7136 7104
f 7097 7136 7129
f 7104 7136 7097
f 7098 7137 7130
f 7105 7137 7098
f 7106 7138 7099
f 7099 7138 7131
f 7107 7139 7100
f 7100 7139 7132
f 7101 7140 7133
f 7108 7140 7101
f 7103 7141 7135
f 7109 7141 7103
f 7110 7142 7136
f 7111 7143 7105
f 7117 7143 7111
f 7105 7143 7137
f 7112 7144 7106
f 7118 7144 7112
f 7106 7144 7138
f 7113 7145 7107
f 7107 7145 7139
f 7119 7145 7113
f 7108 7146 7140
f 7114 7146 7108
f 7109 7147 7141
f 7115 7147 7109
f 7110 7148 7142
f 7116 7148 7110
f 7122 7148 7116
f 7117 7149 7143
f 7118 7150 7144
f 7119 7151 7145
f 7125 7151 7119
f 7120 7152 7114
f 7114 7152 7146
f 7115 7153 7147
f 7121 7153 7115
f 7122 7154 7148
f 7123 7155 7117
f 7117 7155 7149
f 7118 7156 7150
f 7130 7156 7124
f 7124 7156 7118
f 7125 7157 7151
f 7120 7158 7152
f 7126 7158 7120
f 7121 7159 7153
f 7127 7159 7121
f 937 7159 7127
f 7135 7160 7128
f 7122 7160 7154
f 7128 7160 7122
f 7123 7161 7155
f 7136 7161 7129
f 7129 7161 7123
f 7137 7162 7130
f 7130 7162 7156
f 7125 7163 7157
f 7131 7163 7125
f 7132 7164 7126
f 7126 7164 7158
f 7140 7165 7133
f 7133 7165 6572
f 6572 7165 6573
f 941 7166 937
f 7159 7166 941
f 937 7166 7159
f 7135 7167 7160
f 7136 7168 7161
f 7137 7169 7162
f 7138 7170 7131
f 7131 7170 7163
f 7139 7171 7132
f 7132 7171 7164
f 7146 7172 7140
f 7140 7172 7165
f 7141 7173 7135
f 7135 7173 7167
f 7136 7174 7168
f 7142 7174 7136
f 7137 7175 7169
f 7143 7175 7137
f 7144 7176 7138
f 7150 7176 7144
f 7138 7176 7170
f 7139 7177 7171
f 7145 7177 7139
f 7146 7178 7172
f 7141 7179 7173
f 7147 7179 7141
f 7142 7180 7174
f 7148 7180 7142
f 7149 7181 7143
f 7143 7181 7175
f 7150 7182 7176
f 7156 7182 7150
f 7151 7183 7145
f 7145 7183 7177
f 7152 7184 7146
f 7146 7184 7178
f 7158 7184 7152
f 7147 7185 7179
f 7153 7185 7147
f 7148 7186 7180
f 7154 7186 7148
f 7149 7187 7181
f 7155 7187 7149
f 7156 7188 7182
f 7151 7189 7183
f 7157 7189 7151
f 7158 7190 7184
f 7185 7191 945
f 7153 7191 7185
f 7159 7191 7153
f 941 7191 7159
f 7167 7192 7160
f 7160 7192 7154
f 7154 7192 7186
f 7155 7193 7187
f 7161 7193 7155
f 7162 7194 7156
f 7169 7194 7162
f 7156 7194 7188
f 7163 7195 7157
f 7157 7195 7189
f 7164 7196 7158
f 7171 7196 7164
f 7158 7196 7190
f 7165 7197 6573
f 6573 7197 6574
f 7191 7198 945
f 945 7198 941
f 941 7198 7191
f 7167 7199 7192
f 7168 7200 7161
f 7161 7200 7193
f 7169 7201 7194
f 7170 7202 7163
f 7163 7202 7195
f 7177 7203 7171
f 7171 7203 7196
f 7172 7204 7165
f 7165 7204 7197
f 7173 7205 7167
f 7179 7205 7173
f 7167 7205 7199
f 7174 7206 7168
f 7168 7206 7200
f 7180 7206 7174
f 7175 7207 7169
f 7181 7207 7175
f 7169 7207 7201
f 7176 7208 7170
f 7170 7208 7202
f 7177 7209 7203
f 7172 7210 7204
f 7178 7210 7172
f 7179 7211 7205
f 7180 7212 7206
f 7186 7212 7180
f 7187 7213 7181
f 7181 7213 7207
f 7176 7214 7208
f 7182 7214 7176
f 7177 7215 7209
f 7183 7215 7177
f 7189 7215 7183
f 7178 7216 7210
f 7184 7216 7178
f 7179 7217 7211
f 7185 7217 7179
f 945 7217 7185
f 7186 7218 7212
f 7187 7219 7213
f 7182 7220 7214
f 7188 7220 7182
f 7189 7221 7215
f 7184 7222 7216
f 7190 7222 7184
f 945 7223 7217
f 7217 7223 949
f 7186 7224 7218
f 7199 7224 7192
f 7192 7224 7186
f 7187 7225 7219
f 7193 7225 7187
f 7188 7226 7220
f 7194 7226 7188
f 7202 7227 7195
f 7189 7227 7221
f 7195 7227 7189
f 7196 7228 7190
f 7190 7228 7222
f 7197 7229 6574
f 6574 7229 6575
f 945 7230 7223
f 7223 7230 949
f 949 7230 945
f 7199 7231 7224
f 7200 7232 7193
f 7206 7232 7200
f 7193 7232 7225
f 7201 7233 7194
f 7194 7233 7226
f 7202 7234 7227
f 7208 7234 7202
f 7196 7235 7228
f 7203 7235 7196
f 7209 7235 7203
f 7204 7236 7197
f 7197 7236 7229
f 7205 7237 7199
f 7199 7237 7231
f 7206 7238 7232
f 7207 7239 7201
f 7201 7239 7233
f 7208 7240 7234
f 7209 7241 7235
f 7210 7242 7204
f 7204 7242 7236
f 7205 7243 7237
f 7217 7243 7211
f 7211 7243 7205
f 7206 7244 7238
f 7212 7244 7206
f 7218 7244 7212
f 7213 7245 7207
f 7207 7245 7239
f 7214 7246 7208
f 7208 7246 7240
f 7215 7247 7209
f 7209 7247 7241
f 7210 7248 7242
f 7216 7248 7210
f 7217 7249 7243
f 949 7249 7217
f 7218 7250 7244
f 7213 7251 7245
f 7219 7251 7213
f 7220 7252 7214
f 7214 7252 7246
f 7226 7252 7220
f 7221 7253 7215
f 7215 7253 7247
f 7216 7254 7248
f 7222 7254 7216
f 949 7255 7249
f 7249 7255 953
f 7218 7256 7250
f 7224 7256 7218
f 7219 7257 7251
f 7225 7257 7219
f 7226 7258 7252
f 7221 7259 7253
f 7227 7259 7221
f 7228 7260 7222
f 7222 7260 7254
f 7229 7261 6575
f 6575 7261 6576
f 949 7262 7255
f 7255 7262 953
f 953 7262 949
f 7237 7263 7231
f 7224 7263 7256
f 7231 7263 7224
f 7232 7264 7225
f 7225 7264 7257
f 7239 7265 7233
f 7233 7265 7226
f 7226 7265 7258
f 7227 7266 7259
f 7234 7266 7227
f 7228 7267 7260
f 7235 7267 7228
f 7236 7268 7229
f 7242 7268 7236
f 7229 7268 7261
f 7237 7269 7263
f 7244 7270 7238
f 7232 7270 7264
f 7238 7270 7232
f 7239 7271 7265
f 7240 7272 7234
f 7234 7272 7266
f 7235 7273 7267
f 7241 7273 7235
f 7247 7273 7241
f 7242 7274 7268
f 7237 7275 7269
f 7243 7275 7237
f 7244 7276 7270
f 7239 7277 7271
f 7251 7277 7245
f 7245 7277 7239
f 7246 7278 7240
f 7240 7278 7272
f 7247 7279 7273
f 7242 7280 7274
f 7248 7280 7242
f 7249 7281 7243
f 953 7281 7249
f 7243 7281 7275
f 7250 7282 7244
f 7244 7282 7276
f 7251 7283 7277
f 7257 7283 7251
f 7246 7284 7278
f 7252 7284 7246
f 7258 7284 7252
f 7247 7285 7279
f 7253 7285 7247
f 7248 7286 7280
f 7254 7286 7248
f 953 7287 7281
f 7281 7287 957
f 7250 7288 7282
f 7256 7288 7250
f 7257 7289 7283
f 7258 7290 7284
f 7253 7291 7285
f 7259 7291 7253
f 7254 7292 7286
f 7260 7292 7254
f 6576 7293 6577
f 7261 7293 6576
f 953 7294 7287
f 7287 7294 957
f 957 7294 953
f 7256 7295 7288
f 7263 7295 7256
f 7264 7296 7257
f 7270 7296 7264
f 7257 7296 7289
f 7258 7297 7290
f 7265 7297 7258
f 7266 7298 7259
f 7259 7298 7291
f 7267 7299 7260
f 7260 7299 7292
f 7261 7300 7293
f 7268 7300 7261
f 7269 7301 7263
f 7263 7301 7295
f 7270 7302 7296
f 7276 7302 7270
f 7271 7303 7265
f 7265 7303 7297
f 7272 7304 7266
f 7266 7304 7298
f 7273 7305 7267
f 7267 7305 7299
f 7268 7306 7300
f 7274 7306 7268
f 7275 7307 7269
f 7269 7307 7301
f 7276 7308 7302
f 7271 7309 7303
f 7277 7309 7271
f 7272 7310 7304
f 7278 7310 7272
f 7273 7311 7305
f 7279 7311 7273
f 7286 7312 7280
f 7280 7312 7274
f 7274 7312 7306
f 7275 7313 7307
f 7281 7313 7275
f 957 7313 7281
f 7282 7314 7276
f 7276 7314 7308
f 7277 7315 7309
f 7283 7315 7277
f 7278 7316 7310
f 7284 7316 7278
f 7285 7317 7279
f 7279 7317 7311
f 7286 7318 7312
f 957 7319 7313
f 7313 7319 961
f 7282 7320 7314
f 7295 7320 7288
f 7288 7320 7282
f 7283 7321 7315
f 7289 7321 7283
f 7284 7322 7316
f 7290 7322 7284
f 7285 7323 7317
f 7291 7323 7285
f 7298 7323 7291
f 7286 7324 7318
f 7292 7324 7286
f 7299 7324 7292
f 6577 7325 6578
f 7293 7325 6577
f 957 7326 7319
f 7319 7326 961
f 961 7326 957
f 7301 7327 7295
f 7295 7327 7320
f 7296 7328 7289
f 7302 7328 7296
f 7289 7328 7321
f 7297 7329 7290
f 7290 7329 7322
f 7303 7329 7297
f 7298 7330 7323
f 7299 7331 7324
f 7300 7332 7293
f 7293 7332 7325
f 7301 7333 7327
f 7308 7334 7302
f 7302 7334 7328
f 7303 7335 7329
f 7304 7336 7298
f 7298 7336 7330
f 7299 7337 7331
f 7311 7337 7305
f 7305 7337 7299
f 7300 7338 7332
f 7306 7338 7300
f 7307 7339 7301
f 7301 7339 7333
f 7308 7340 7334
f 7303 7341 7335
f 7309 7341 7303
f 7310 7342 7304
f 7304 7342 7336
f 7311 7343 7337
f 7306 7344 7338
f 7312 7344 7306
f 7313 7345 7307
f 961 7345 7313
f 7307 7345 7339
f 7314 7346 7308
f 7308 7346 7340
f 7309 7347 7341
f 7315 7347 7309
f 7316 7348 7310
f 7310 7348 7342
f 7311 7349 7343
f 7317 7349 7311
f 7323 7349 7317
f 7318 7350 7312
f 7312 7350 7344
f 961 7351 7345
f 7345 7351 965
f 7327 7352 7320
f 7320 7352 7314
f 7314 7352 7346
f 7321 7353 7315
f 7315 7353 7347
f 7316 7354 7348
f 7322 7354 7316
f 7330 7355 7323
f 7323 7355 7349
f 7324 7356 7318
f 7318 7356 7350
f 7332 7357 7325
f 6578 7357 6579
f 6579 7357 6580
f 7325 7357 6578
f 961 7358 7351
f 7351 7358 965
f 965 7358 961
f 7327 7359 7352
f 7328 7360 7321
f 7321 7360 7353
f 7322 7361 7354
f 7329 7361 7322
f 7330 7362 7355
f 7331 7363 7324
f 7324 7363 7356
f 7332 7364 7357
f 7333 7365 7327
f 7327 7365 7359
f 7328 7366 7360
f 7334 7366 7328
f 7329 7367 7361
f 7335 7367 7329
f 7336 7368 7330
f 7330 7368 7362
f 7337 7369 7331
f 7331 7369 7363
f 7338 7370 7332
f 7332 7370 7364
f 7339 7371 7333
f 7333 7371 7365
f 7340 7372 7334
f 7334 7372 7366
f 7341 7373 7335
f 7335 7373 7367
f 7342 7374 7336
f 7348 7374 7342
f 7336 7374 7368
f 7337 7375 7369
f 7343 7375 7337
f 7338 7376 7370
f 7344 7376 7338
f 7350 7376 7344
f 7345 7377 7339
f 965 7377 7345
f 7339 7377 7371
f 7340 7378 7372
f 7346 7378 7340
f 7341 7379 7373
f 7347 7379 7341
f 7353 7379 7347
f 7354 7380 7348
f 7348 7380 7374
f 7349 7381 7343
f 7355 7381 7349
f 7343 7381 7375
f 7350 7382 7376
f 965 7383 7377
f 7377 7383 969
f 7346 7384 7378
f 7352 7384 7346
f 7353 7385 7379
f 7354 7386 7380
f 7355 7387 7381
f 7356 7388 7350
f 7363 7388 7356
f 7350 7388 7382
f 7357 7389 6580
f 965 7390 7383
f 7383 7390 969
f 969 7390 965
f 7359 7391 7352
f 7352 7391 7384
f 7365 7391 7359
f 7353 7392 7385
f 7360 7392 7353
f 7354 7393 7386
f 7361 7393 7354
f 7355 7394 7387
f 7362 7394 7355
f 7363 7395 7388
f 7357 7396 7389
f 7364 7396 7357
f 7365 7397 7391
f 7366 7398 7360
f 7360 7398 7392
f 7373 7399 7367
f 7367 7399 7361
f 7361 7399 7393
f 7368 7400 7362
f 7362 7400 7394
f 7375 7401 7369
f 7363 7401 7395
f 7369 7401 7363
f 7370 7402 7364
f 7364 7402 7396
f 7376 7402 7370
f 7371 7403 7365
f 7365 7403 7397
f 7372 7404 7366
f 7366 7404 7398
f 7379 7405 7373
f 7373 7405 7399
f 7374 7406 7368
f 7368 7406 7400
f 7375 7407 7401
f 7381 7407 7375
f 7376 7408 7402
f 7371 7409 7403
f 7377 7409 7371
f 969 7409 7377
f 7372 7410 7404
f 7378 7410 7372
f 7379 7411 7405
f 7380 7412 7374
f 7374 7412 7406
f 7381 7413 7407
f 7376 7414 7408
f 7382 7414 7376
f 969 7415 7409
f 7409 7415 973
f 7384 7416 7378
f 7378 7416 7410
f 7391 7416 7384
f 7379 7417 7411
f 7385 7417 7379
f 7380 7418 7412
f 7386 7418 7380
f 7387 7419 7381
f 7394 7419 7387
f 7381 7419 7413
f 7388 7420 7382
f 7382 7420 7414
f 7389 7421 6580
f 6580 7421 6581
f 6581 7421 6582
f 969 7422 7415
f 7415 7422 973
f 973 7422 969
f 7391 7423 7416
f 7398 7424 7392
f 7385 7424 7417
f 7392 7424 7385
f 7386 7425 7418
f 7393 7425 7386
f 7394 7426 7419
f 7388 7427 7420
f 7395 7427 7388
f 7389 7428 7421
f 7396 7428 7389
f 7391 7429 7423
f 7397 7429 7391
f 7398 7430 7424
f 7404 7430 7398
f 7393 7431 7425
f 7399 7431 7393
f 7400 7432 7394
f 7394 7432 7426
f 7401 7433 7395
f 7395 7433 7427
f 7402 7434 7396
f 7396 7434 7428
f 7403 7435 7397
f 7397 7435 7429
f 7404 7436 7430
f 7410 7436 7404
f 7405 7437 7399
f 7399 7437 7431
f 7406 7438 7400
f 7400 7438 7432
f 7412 7438 7406
f 7407 7439 7401
f 7401 7439 7433
f 7408 7440 7402
f 7402 7440 7434
f 973 7441 7409
f 7409 7441 7403
f 7403 7441 7435
f 7410 7442 7436
f 7405 7443 7437
f 7411 7443 7405
f 7412 7444 7438
f 7418 7444 7412
f 7413 7445 7407
f 7407 7445 7439
f 7408 7446 7440
f 7414 7446 7408
f 7420 7446 7414
f 973 7447 7441
f 7441 7447 977
f 7410 7448 7442
f 7416 7448 7410
f 7411 7449 7443
f 7417 7449 7411
f 7418 7450 7444
f 7413 7451 7445
f 7419 7451 7413
f 7426 7451 7419
f 7420 7452 7446
f 7427 7452 7420
f 7421 7453 6582
f 973 7454 7447
f 7447 7454 977
f 977 7454 973
f 7423 7455 7416
f 7416 7455 7448
f 7417 7456 7449
f 7424 7456 7417
f 7418 7457 7450
f 7425 7457 7418
f 7426 7458 7451
f 7427 7459 7452
f 7421 7460 7453
f 7428 7460 7421
f 7423 7461 7455
f 7429 7461 7423
f 7435 7461 7429
f 7430 7462 7424
f 7424 7462 7456
f 7437 7463 7431
f 7425 7463 7457
f 7431 7463 7425
f 7432 7464 7426
f 7426 7464 7458
f 7427 7465 7459
f 7433 7465 7427
f 7440 7466 7434
f 7434 7466 7428
f 7428 7466 7460
f 7435 7467 7461
f 7430 7468 7462
f 7436 7468 7430
f 7443 7469 7437
f 7437 7469 7463
f 7432 7470 7464
f 7438 7470 7432
f 7444 7470 7438
f 7439 7471 7433
f 7433 7471 7465
f 7440 7472 7466
f 7441 7473 7435
f 977 7473 7441
f 7435 7473 7467
f 7442 7474 7436
f 7436 7474 7468
f 7449 7475 7443
f 7443 7475 7469
f 7444 7476 7470
f 7451 7477 7445
f 7445 7477 7439
f 7439 7477 7471
f 7446 7478 7440
f 7440 7478 7472
f 7452 7478 7446
f 977 7479 7473
f 7473 7479 981
f 7448 7480 7442
f 7442 7480 7474
f 7449 7481 7475
f 7444 7482 7476
f 7450 7482 7444
f 7451 7483 7477
f 7459 7484 7452
f 7452 7484 7478
f 7453 7485 6582
f 6582 7485 6583
f 977 7486 7479
f 7479 7486 981
f 981 7486 977
f 7448 7487 7480
f 7455 7487 7448
f 7449 7488 7481
f 7456 7488 7449
f 7450 7489 7482
f 7457 7489 7450
f 7463 7489 7457
f 7464 7490 7458
f 7451 7490 7483
f 7458 7490 7451
f 7459 7491 7484
f 7460 7492 7453
f 7453 7492 7485
f 7455 7493 7487
f 7461 7493 7455
f 7456 7494 7488
f 7462 7494 7456
f 7468 7494 7462
f 7463 7495 7489
f 7464 7496 7490
f 7465 7497 7459
f 7459 7497 7491
f 7466 7498 7460
f 7460 7498 7492
f 7467 7499 7461
f 7461 7499 7493
f 7474 7500 7468
f 7468 7500 7494
f 7469 7501 7463
f 7463 7501 7495
f 7470 7502 7464
f 7464 7502 7496
f 7471 7503 7465
f 7465 7503 7497
f 7472 7504 7466
f 7466 7504 7498
f 7473 7505 7467
f 7467 7505 7499
f 981 7505 7473
f 7474 7506 7500
f 7475 7507 7469
f 7469 7507 7501
f 7470 7508 7502
f 7476 7508 7470
f 7477 7509 7471
f 7471 7509 7503
f 7478 7510 7472
f 7472 7510 7504
f 981 7511 7505
f 7505 7511 986
f 7487 7512 7480
f 7474 7512 7506
f 7480 7512 7474
f 7475 7513 7507
f 7481 7513 7475
f 7476 7514 7508
f 7482 7514 7476
f 7477 7515 7509
f 7490 7515 7483
f 7483 7515 7477
f 7478 7516 7510
f 7484 7516 7478
f 7485 7517 6583
f 6583 7517 6584
f 981 7518 7511
f 7511 7518 986
f 986 7518 981
f 7487 7519 7512
f 7481 7520 7513
f 7488 7520 7481
f 7482 7521 7514
f 7489 7521 7482
f 7490 7522 7515
f 7491 7523 7484
f 7484 7523 7516
f 7485 7524 7517
f 7492 7524 7485
f 7487 7525 7519
f 7493 7525 7487
f 7494 7526 7488
f 7488 7526 7520
f 7495 7527 7489
f 7489 7527 7521
f 7501 7527 7495
f 7490 7528 7522
f 7496 7528 7490
f 7503 7529 7497
f 7491 7529 7523
f 7497 7529 7491
f 7498 7530 7492
f 7492 7530 7524
f 7493 7531 7525
f 7505 7531 7499
f 7499 7531 7493
f 7500 7532 7494
f 7494 7532 7526
f 7501 7533 7527
f 7508 7534 7502
f 7496 7534 7528
f 7502 7534 7496
f 7503 7535 7529
f 7504 7536 7498
f 7498 7536 7530
f 7505 7537 7531
f 986 7537 7505
f 7506 7538 7500
f 7500 7538 7532
f 7501 7539 7533
f 7513 7539 7507
f 7507 7539 7501
f 7508 7540 7534
f 7509 7541 7503
f 7515 7541 7509
f 7503 7541 7535
f 7510 7542 7504
f 7504 7542 7536
f 986 7543 7537
f 7537 7543 990
f 7506 7544 7538
f 7512 7544 7506
f 7513 7545 7539
f 7514 7546 7508
f 7508 7546 7540
f 7515 7547 7541
f 7510 7548 7542
f 7516 7548 7510
f 7517 7549 6584
f 6584 7549 6585
f 986 7550 7543
f 7543 7550 990
f 990 7550 986
f 7512 7551 7544
f 7519 7551 7512
f 7520 7552 7513
f 7526 7552 7520
f 7513 7552 7545
f 7521 7553 7514
f 7514 7553 7546
f 7522 7554 7515
f 7515 7554 7547
f 7528 7554 7522
f 7523 7555 7516
f 7516 7555 7548
f 7524 7556 7517
f 7517 7556 7549
f 7549 7557 6585
f 6585 7557 6586
f 7525 7558 7519
f 7519 7558 7551
f 7531 7558 7525
f 7526 7559 7552
f 7533 7560 7527
f 7521 7560 7553
f 7527 7560 7521
f 7528 7561 7554
f 7523 7562 7555
f 7529 7562 7523
f 7524 7563 7556
f 7530 7563 7524
f 7563 7564 7556
f 7556 7564 7549
f 7549 7564 7557
f 7531 7565 7558
f 7532 7566 7526
f 7526 7566 7559
f 7533 7567 7560
f 7534 7568 7528
f 7540 7568 7534
f 7528 7568 7561
f 7535 7569 7529
f 7529 7569 7562
f 7536 7570 7530
f 7530 7570 7563
f 7563 7571 7564
f 7537 7572 7531
f 990 7572 7537
f 7531 7572 7565
f 7538 7573 7532
f 7532 7573 7566
f 7533 7574 7567
f 7539 7574 7533
f 7540 7575 7568
f 7535 7576 7569
f 7541 7576 7535
f 7542 7577 7536
f 7536 7577 7570
f 7570 7578 7563
f 7577 7578 7570
f 7563 7578 7571
f 990 7579 7572
f 7572 7579 994
f 7544 7580 7538
f 7538 7580 7573
f 7539 7581 7574
f 7545 7581 7539
f 7540 7582 7575
f 7546 7582 7540
f 7541 7583 7576
f 7547 7583 7541
f 7542 7584 7577
f 7548 7584 7542
f 7557 7585 6586
f 990 7586 7579
f 7579 7586 994
f 994 7586 990
f 7577 7587 7578
f 7551 7588 7544
f 7544 7588 7580
f 7545 7589 7581
f 7552 7589 7545
f 7560 7590 7553
f 7553 7590 7546
f 7546 7590 7582
f 7547 7591 7583
f 7554 7591 7547
f 7548 7592 7584
f 7555 7592 7548
f 7557 7593 7585
f 7564 7593 7557
f 7584 7594 7577
f 7577 7594 7587
f 7585 7595 6586
f 6586 7595 6587
f 7593 7595 7585
f 7551 7596 7588
f 7558 7596 7551
f 7559 7597 7552
f 7552 7597 7589
f 7567 7598 7560
f 7560 7598 7590
f 7561 7599 7554
f 7554 7599 7591
f 7562 7600 7555
f 7555 7600 7592
f 7578 7601 7571
f 7564 7601 7593
f 7571 7601 7564
f 7592 7602 7584
f 7584 7602 7594
f 7593 7603 7595
f 7558 7604 7596
f 7565 7604 7558
f 7566 7605 7559
f 7559 7605 7597
f 7573 7605 7566
f 7567 7606 7598
f 7568 7607 7561
f 7561 7607 7599
f 7562 7608 7600
f 7569 7608 7562
f 7578 7609 7601
f 7600 7610 7592
f 7592 7610 7602
f 7593 7611 7603
f 7609 7611 7601
f 7601 7611 7593
f 7565 7612 7604
f 7572 7612 7565
f 994 7612 7572
f 7580 7613 7573
f 7573 7613 7605
f 7567 7614 7606
f 7574 7614 7567
f 7575 7615 7568
f 7568 7615 7607
f 7576 7616 7569
f 7569 7616 7608
f 7578 7617 7609
f 7587 7617 7578
f 7600 7618 7610
f 7608 7618 7600
f 7609 7619 7611
f 994 7620 7612
f 7612 7620 998
f 7580 7621 7613
f 7581 7622 7574
f 7574 7622 7614
f 7575 7623 7615
f 7582 7623 7575
f 7576 7624 7616
f 7583 7624 7576
f 7602 7625 7594
f 7587 7625 7617
f 7594 7625 7587
f 7595 7626 6587
f 998 7627 994
f 7620 7627 998
f 994 7627 7620
f 7624 7628 7616
f 7616 7628 7608
f 7608 7628 7618
f 7617 7629 7609
f 7609 7629 7619
f 7580 7630 7621
f 7588 7630 7580
f 7596 7630 7588
f 7581 7631 7622
f 7589 7631 7581
f 7597 7631 7589
f 7582 7632 7623
f 7590 7632 7582
f 7591 7633 7583
f 7583 7633 7624
f 7602 7634 7625
f 7603 7635 7595
f 7595 7635 7626
f 7624 7636 7628
f 7617 7637 7629
f 7625 7637 7617
f 7596 7638 7630
f 6587 7639 6588
f 7626 7639 6587
f 7597 7640 7631
f 7598 7641 7590
f 7590 7641 7632
f 7599 7642 7591
f 7591 7642 7633
f 7610 7643 7602
f 7618 7643 7610
f 7602 7643 7634
f 7603 7644 7635
f 7611 7644 7603
f 7624 7645 7636
f 7633 7645 7624
f 7625 7646 7637
f 7634 7646 7625
f 7596 7647 7638
f 7604 7647 7596
f 7612 7647 7604
f 7635 7648 7626
f 7626 7648 7639
f 7644 7648 7635
f 7605 7649 7597
f 7597 7649 7640
f 7606 7650 7598
f 7598 7650 7641
f 7599 7651 7642
f 7607 7651 7599
f 7618 7652 7643
f 7619 7653 7611
f 7629 7653 7619
f 7611 7653 7644
f 7642 7654 7633
f 7633 7654 7645
f 7634 7655 7646
f 7643 7655 7634
f 7612 7656 7647
f 998 7656 7612
f 7644 7657 7648
f 7605 7658 7649
f 7613 7658 7605
f 7614 7659 7606
f 7606 7659 7650
f 7615 7660 7607
f 7607 7660 7651
f 7618 7661 7652
f 7628 7661 7618
f 7636 7661 7628
f 7629 7662 7653
f 7660 7663 7651
f 7651 7663 7642
f 7642 7663 7654
f 7652 7664 7643
f 7643 7664 7655
f 7656 7665 1002
f 998 7665 7656
f 7653 7666 7644
f 7644 7666 7657
f 7621 7667 7613
f 7613 7667 7658
f 7622 7668 7614
f 7631 7668 7622
f 7614 7668 7659
f 7615 7669 7660
f 7623 7669 7615
f 7636 7670 7661
f 7646 7671 7637
f 7629 7671 7662
f 7637 7671 7629
f 7639 7672 6588
f 1002 7673 998
f 7665 7673 1002
f 998 7673 7665
f 7660 7674 7663
f 7652 7675 7664
f 7661 7675 7652
f 7653 7676 7666
f 7662 7676 7653
f 7621 7677 7667
f 7638 7677 7630
f 7630 7677 7621
f 7631 7678 7668
f 7632 7679 7623
f 7641 7679 7632
f 7623 7679 7669
f 7636 7680 7670
f 7645 7680 7636
f 7646 7681 7671
f 7648 7682 7639
f 7639 7682 7672
f 7669 7683 7660
f 7660 7683 7674
f 7670 7684 7661
f 7661 7684 7675
f 7662 7685 7676
f 7671 7685 7662
f 7638 7686 7677
f 7631 7687 7678
f 7640 7687 7631
f 7641 7688 7679
f 7654 7689 7645
f 7645 7689 7680
f 7663 7689 7654
f 7672 7690 6588
f 6588 7690 6589
f 7646 7691 7681
f 7655 7691 7646
f 7664 7691 7655
f 7648 7692 7682
f 7657 7692 7648
f 7679 7693 7669
f 7669 7693 7683
f 7680 7694 7670
f 7670 7694 7684
f 7681 7695 7671
f 7671 7695 7685
f 7647 7696 7638
f 7638 7696 7686
f 7649 7697 7640
f 7640 7697 7687
f 7641 7698 7688
f 7650 7698 7641
f 7663 7699 7689
f 7692 7700 7682
f 7672 7700 7690
f 7682 7700 7672
f 7664 7701 7691
f 7666 7702 7657
f 7676 7702 7666
f 7657 7702 7692
f 7679 7703 7693
f 7688 7703 7679
f 7680 7704 7694
f 7689 7704 7680
f 7691 7705 7681
f 7701 7705 7691
f 7681 7705 7695
f 1002 7706 7656
f 7656 7706 7647
f 7647 7706 7696
f 7658 7707 7649
f 7649 7707 7697
f 7650 7708 7698
f 7659 7708 7650
f 7674 7709 7663
f 7663 7709 7699
f 7692 7710 7700
f 7675 7711 7664
f 7664 7711 7701
f 7676 7712 7702
f 7708 7713 7698
f 7698 7713 7688
f 7688 7713 7703
f 7689 7714 7704
f 7699 7714 7689
f 7701 7715 7705
f 1002 7716 7706
f 7706 7716 1006
f 7667 7717 7658
f 7658 7717 7707
f 7668 7718 7659
f 7659 7718 7708
f 7683 7719 7674
f 7693 7719 7683
f 7674 7719 7709
f 7702 7720 7692
f 7712 7720 7702
f 7692 7720 7710
f 7675 7721 7711
f 7684 7721 7675
f 7685 7722 7676
f 7676 7722 7712
f 7690 7723 6589
f 1006 7724 1002
f 7716 7724 1006
f 1002 7724 7716
f 7708 7725 7713
f 7699 7726 7714
f 7709 7726 7699
f 7721 7727 7711
f 7701 7727 7715
f 7711 7727 7701
f 7677 7728 7667
f 7667 7728 7717
f 7687 7729 7678
f 7668 7729 7718
f 7678 7729 7668
f 7703 7730 7693
f 7693 7730 7719
f 7712 7731 7720
f 7694 7732 7684
f 7684 7732 7721
f 7704 7732 7694
f 7695 7733 7685
f 7685 7733 7722
f 7690 7734 7723
f 7700 7734 7690
f 7718 7735 7708
f 7708 7735 7725
f 7719 7736 7709
f 7709 7736 7726
f 7721 7737 7727
f 7686 7738 7677
f 7677 7738 7728
f 7687 7739 7729
f 7703 7740 7730
f 7722 7741 7712
f 7712 7741 7731
f 7704 7742 7732
f 7705 7743 7695
f 7695 7743 7733
f 7700 7744 7734
f 7710 7744 7700
f 7723 7745 6589
f 6589 7745 6590
f 7718 7746 7735
f 7739 7746 7729
f 7729 7746 7718
f 7719 7747 7736
f 7730 7747 7719
f 7721 7748 7737
f 7732 7748 7721
f 7686 7749 7738
f 7696 7749 7686
f 7687 7750 7739
f 7697 7750 7687
f 7713 7751 7703
f 7703 7751 7740
f 7722 7752 7741
f 7733 7752 7722
f 7704 7753 7742
f 7714 7753 7704
f 7726 7753 7714
f 7715 7754 7705
f 7705 7754 7743
f 7720 7755 7710
f 7710 7755 7744
f 7723 7756 7745
f 7734 7756 7723
f 7739 7757 7746
f 7730 7758 7747
f 7740 7758 7730
f 7732 7759 7748
f 7742 7759 7732
f 7706 7760 7696
f 7696 7760 7749
f 1006 7760 7706
f 7697 7761 7750
f 7707 7761 7697
f 7713 7762 7751
f 7735 7762 7725
f 7725 7762 7713
f 7743 7763 7733
f 7733 7763 7752
f 7726 7764 7753
f 7715 7765 7754
f 7727 7765 7715
f 7731 7766 7720
f 7720 7766 7755
f 7734 7767 7756
f 7744 7767 7734
f 7750 7768 7739
f 7761 7768 7750
f 7739 7768 7757
f 7751 7769 7740
f 7740 7769 7758
f 7753 7770 7742
f 7742 7770 7759
f 1006 7771 7760
f 7760 7771 1010
f 7707 7772 7761
f 7717 7772 7707
f 7735 7773 7762
f 7754 7774 7743
f 7743 7774 7763
f 7736 7775 7726
f 7726 7775 7764
f 7737 7776 7727
f 7727 7776 7765
f 7741 7777 7731
f 7731 7777 7766
f 7745 7778 6590
f 7756 7778 7745
f 7744 7779 7767
f 7755 7779 7744
f 7766 7779 7755
f 1010 7780 1006
f 7771 7780 1010
f 1006 7780 7771
f 7761 7781 7768
f 7751 7782 7769
f 7762 7782 7751
f 7753 7783 7770
f 7764 7783 7753
f 7717 7784 7772
f 7728 7784 7717
f 7735 7785 7773
f 7757 7785 7746
f 7746 7785 7735
f 7776 7786 7765
f 7754 7786 7774
f 7765 7786 7754
f 7736 7787 7775
f 7747 7787 7736
f 7759 7788 7748
f 7748 7788 7737
f 7737 7788 7776
f 7741 7789 7777
f 7752 7789 7741
f 7756 7790 7778
f 7777 7791 7766
f 7766 7791 7779
f 7772 7792 7761
f 7761 7792 7781
f 7773 7793 7762
f 7762 7793 7782
f 7775 7794 7764
f 7764 7794 7783
f 7738 7795 7728
f 7728 7795 7784
f 7757 7796 7785
f 7776 7797 7786
f 7747 7798 7787
f 7758 7798 7747
f 7770 7799 7759
f 7759 7799 7788
f 7774 7800 7763
f 7752 7800 7789
f 7763 7800 7752
f 7756 7801 7790
f 7767 7801 7756
f 7777 7802 7791
f 7778 7803 6590
f 6590 7803 6591
f 7784 7804 7772
f 7772 7804 7792
f 7795 7804 7784
f 7785 7805 7773
f 7773 7805 7793
f 7787 7806 7775
f 7798 7806 7787
f 7775 7806 7794
f 7749 7807 7738
f 7738 7807 7795
f 7768 7808 7757
f 7757 7808 7796
f 7788 7809 7776
f 7776 7809 7797
f 7769 7810 7758
f 7758 7810 7798
f 7770 7811 7799
f 7774 7812 7800
f 7779 7813 7767
f 7791 7813 7779
f 7767 7813 7801
f 7777 7814 7802
f 7789 7814 7777
f 7778 7815 7803
f 7790 7815 7778
f 7795 7816 7804
f 7785 7817 7805
f 7796 7817 7785
f 7798 7818 7806
f 7810 7818 7798
f 7760 7819 7749
f 7749 7819 7807
f 1010 7819 7760
f 7781 7820 7768
f 7768 7820 7808
f 7792 7820 7781
f 7788 7821 7809
f 7811 7821 7799
f 7799 7821 7788
f 7782 7822 7769
f 7769 7822 7810
f 7783 7823 7770
f 7770 7823 7811
f 7774 7824 7812
f 7786 7824 7774
f 7791 7825 7813
f 7812 7826 7800
f 7789 7826 7814
f 7800 7826 7789
f 7801 7827 7790
f 7790 7827 7815
f 7807 7828 7795
f 7795 7828 7816
f 7808 7829 7796
f 7796 7829 7817
f 7810 7830 7818
f 1010 7831 7819
f 7792 7832 7820
f 7811 7833 7821
f 7823 7833 7811
f 7793 7834 7782
f 7782 7834 7822
f 7806 7835 7794
f 7794 7835 7783
f 7783 7835 7823
f 7786 7836 7824
f 7797 7836 7786
f 7809 7836 7797
f 7791 7837 7825
f 7802 7837 7791
f 7812 7838 7826
f 7803 7839 6591
f 7813 7840 7801
f 7801 7840 7827
f 1014 7841 1010
f 1010 7841 7831
f 7819 7842 7807
f 7807 7842 7828
f 7808 7843 7829
f 7820 7843 7808
f 7834 7844 7822
f 7822 7844 7810
f 7810 7844 7830
f 7804 7845 7792
f 7816 7845 7804
f 7792 7845 7832
f 7823 7846 7833
f 7805 7847 7793
f 7793 7847 7834
f 7818 7848 7806
f 7806 7848 7835
f 7809 7849 7836
f 7802 7850 7837
f 7814 7850 7802
f 7812 7851 7838
f 7824 7851 7812
f 7815 7852 7803
f 7803 7852 7839
f 7813 7853 7840
f 7825 7853 7813
f 7819 7854 7842
f 7841 7854 7831
f 7831 7854 7819
f 7832 7855 7820
f 7845 7855 7832
f 7820 7855 7843
f 7834 7856 7844
f 7816 7857 7845
f 7835 7858 7823
f 7823 7858 7846
f 7848 7858 7835
f 7817 7859 7805
f 7805 7859 7847
f 7818 7860 7848
f 7809 7861 7849
f 7821 7861 7809
f 7814 7862 7850
f 7838 7862 7826
f 7826 7862 7814
f 7836 7863 7824
f 7824 7863 7851
f 7849 7863 7836
f 7815 7864 7852
f 7827 7864 7815
f 7837 7865 7825
f 7825 7865 7853
f 7839 7866 6591
f 6591 7866 6592
f 1014 7867 7841
f 7841 7867 7854
f 7845 7868 7855
f 7857 7868 7845
f 7847 7869 7834
f 7859 7869 7847
f 7834 7869 7856
f 7842 7870 7828
f 7816 7870 7857
f 7828 7870 7816
f 7848 7871 7858
f 7843 7872 7829
f 7817 7872 7859
f 7829 7872 7817
f 7818 7873 7860
f 7830 7873 7818
f 7833 7874 7821
f 7821 7874 7861
f 7838 7875 7862
f 7849 7876 7863
f 7840 7877 7827
f 7827 7877 7864
f 7850 7878 7837
f 7862 7878 7850
f 7837 7878 7865
f 7852 7879 7839
f 7839 7879 7866
f 7864 7879 7852
f 7857 7880 7868
f 7859 7881 7869
f 7872 7881 7859
f 7842 7882 7870
f 7848 7883 7871
f 7860 7883 7848
f 7843 7884 7872
f 7855 7884 7843
f 7844 7885 7830
f 7830 7885 7873
f 7833 7886 7874
f 7846 7886 7833
f 7838 7887 7875
f 7851 7887 7838
f 7863 7887 7851
f 7861 7888 7849
f 7849 7888 7876
f 7840 7889 7877
f 7853 7889 7840
f 7865 7889 7853
f 7862 7890 7878
f 7864 7891 7879
f 7857 7892 7880
f 7870 7892 7857
f 7872 7893 7881
f 7854 7894 7842
f 7842 7894 7882
f 7867 7894 7854
f 7873 7895 7860
f 7860 7895 7883
f 7855 7896 7884
f 7844 7897 7885
f 7856 7897 7844
f 7846 7898 7886
f 7858 7898 7846
f 7863 7899 7887
f 7886 7900 7874
f 7861 7900 7888
f 7874 7900 7861
f 7878 7901 7865
f 7865 7901 7889
f 7866 7902 6592
f 7875 7903 7862
f 7862 7903 7890
f 7877 7904 7864
f 7864 7904 7891
f 1018 7905 1014
f 7867 7905 7894
f 1014 7905 7867
f 7870 7906 7892
f 7882 7906 7870
f 7884 7907 7872
f 7872 7907 7893
f 7896 7907 7884
f 7885 7908 7873
f 7873 7908 7895
f 7897 7908 7885
f 7855 7909 7896
f 7868 7909 7855
f 7869 7910 7856
f 7856 7910 7897
f 7858 7911 7898
f 7871 7911 7858
f 7876 7912 7863
f 7863 7912 7899
f 7888 7912 7876
f 7886 7913 7900
f 7890 7914 7878
f 7878 7914 7901
f 7879 7915 7866
f 7866 7915 7902
f 7887 7916 7875
f 7875 7916 7903
f 7877 7917 7904
f 7889 7917 7877
f 7882 7918 7906
f 7894 7918 7882
f 7896 7919 7907
f 7897 7920 7908
f 7868 7921 7909
f 7880 7921 7868
f 7892 7921 7880
f 7869 7922 7910
f 7881 7922 7869
f 7883 7923 7871
f 7871 7923 7911
f 7888 7924 7912
f 7886 7925 7913
f 7911 7925 7898
f 7898 7925 7886
f 7890 7926 7914
f 7879 7927 7915
f 7891 7927 7879
f 7887 7928 7916
f 7899 7928 7887
f 7901 7929 7889
f 7889 7929 7917
f 6592 7930 6593
f 7902 7930 6592
f 7905 7931 7894
f 1018 7931 7905
f 7894 7931 7918
f 7896 7932 7919
f 7921 7932 7909
f 7909 7932 7896
f 7897 7933 7920
f 7910 7933 7897
f 7892 7934 7921
f 7881 7935 7922
f 7893 7935 7881
f 7883 7936 7923
f 7895 7936 7883
f 7888 7937 7924
f 7900 7937 7888
f 7911 7938 7925
f 7903 7939 7890
f 7890 7939 7926
f 7916 7939 7903
f 7904 7940 7891
f 7891 7940 7927
f 7899 7941 7928
f 7912 7941 7899
f 7914 7942 7901
f 7901 7942 7929
f 7915 7943 7902
f 7927 7943 7915
f 7902 7943 7930
f 7921 7944 7932
f 7922 7945 7910
f 7910 7945 7933
f 7892 7946 7934
f 7906 7946 7892
f 7907 7947 7893
f 7893 7947 7935
f 7908 7948 7895
f 7895 7948 7936
f 7900 7949 7937
f 7913 7949 7900
f 7911 7950 7938
f 7923 7950 7911
f 7916 7951 7939
f 7917 7952 7904
f 7904 7952 7940
f 7912 7953 7941
f 7924 7953 7912
f 7926 7954 7914
f 7914 7954 7942
f 7927 7955 7943
f 7921 7956 7944
f 7934 7956 7921
f 7922 7957 7945
f 7947 7957 7935
f 7935 7957 7922
f 7906 7958 7946
f 7931 7958 7918
f 7918 7958 7906
f 7919 7959 7907
f 7907 7959 7947
f 7908 7960 7948
f 7920 7960 7908
f 7913 7961 7949
f 7938 7961 7925
f 7925 7961 7913
f 7923 7962 7950
f 7936 7962 7923
f 7916 7963 7951
f 7941 7963 7928
f 7928 7963 7916
f 7942 7964 7929
f 7917 7964 7952
f 7929 7964 7917
f 7943 7965 7930
f 7930 7965 6593
f 7937 7966 7924
f 7924 7966 7953
f 7926 7967 7954
f 7939 7967 7926
f 7940 7968 7927
f 7927 7968 7955
f 1022 7969 1018
f 7931 7969 7958
f 1018 7969 7931
f 7946 7970 7934
f 7934 7970 7956
f 7947 7971 7957
f 7932 7972 7919
f 7919 7972 7959
f 7945 7973 7933
f 7933 7973 7920
f 7920 7973 7960
f 7938 7974 7961
f 7950 7974 7938
f 7936 7975 7962
f 7948 7975 7936
f 7941 7976 7963
f 7942 7977 7964
f 7954 7977 7942
f 7943 7978 7965
f 7937 7979 7966
f 7949 7979 7937
f 7951 7980 7939
f 7939 7980 7967
f 7952 7981 7940
f 7940 7981 7968
f 7964 7981 7952
f 7946 7982 7970
f 7958 7982 7946
f 7969 7982 7958
f 7947 7983 7971
f 7959 7983 7947
f 7932 7984 7972
f 7944 7984 7932
f 7945 7985 7973
f 7950 7986 7974
f 7962 7986 7950
f 7973 7987 7960
f 7948 7987 7975
f 7960 7987 7948
f 7941 7988 7976
f 7953 7988 7941
f 7966 7988 7953
f 7954 7989 7977
f 7955 7990 7943
f 7943 7990 7978
f 7949 7991 7979
f 7961 7991 7949
f 7951 7992 7980
f 7963 7992 7951
f 7964 7993 7981
f 7977 7993 7964
f 6593 7994 6594
f 7965 7994 6593
f 1022 7995 7969
f 7969 7995 7982
f 7984 7996 7972
f 7959 7996 7983
f 7972 7996 7959
f 7944 7997 7984
f 7956 7997 7944
f 7945 7998 7985
f 7957 7998 7945
f 7962 7999 7986
f 7973 8000 7987
f 7966 8001 7988
f 7954 8002 7989
f 7967 8002 7954
f 7980 8002 7967
f 7955 8003 7990
f 7968 8003 7955
f 7974 8004 7961
f 7961 8004 7991
f 7976 8005 7963
f 7963 8005 7992
f 7977 8006 7993
f 7965 8007 7994
f 7978 8007 7965
f 7984 8008 7996
f 7997 8008 7984
f 7970 8009 7956
f 7956 8009 7997
f 7971 8010 7957
f 7957 8010 7998
f 7975 8011 7962
f 7962 8011 7999
f 7985 8012 7973
f 7973 8012 8000
f 7966 8013 8001
f 7979 8013 7966
f 7980 8014 8002
f 7981 8015 7968
f 7968 8015 8003
f 7986 8016 7974
f 7974 8016 8004
f 7976 8017 8005
f 7988 8017 7976
f 8001 8017 7988
f 7977 8018 8006
f 7989 8018 7977
f 7990 8019 7978
f 7978 8019 8007
f 7997 8020 8008
f 7970 8021 8009
f 7982 8021 7970
f 7995 8021 7982
f 7983 8022 7971
f 7971 8022 8010
f 7975 8023 8011
f 7987 8023 7975
f 7985 8024 8012
f 7998 8024 7985
f 7991 8025 7979
f 7979 8025 8013
f 7980 8026 8014
f 7992 8026 7980
f 7981 8027 8015
f 7993 8027 7981
f 7994 8028 6594
f 7986 8029 8016
f 7999 8029 7986
f 8011 8029 7999
f 8001 8030 8017
f 7989 8031 8018
f 8002 8031 7989
f 8003 8032 7990
f 7990 8032 8019
f 1026 8033 1022
f 7995 8033 8021
f 1022 8033 7995
f 8009 8034 7997
f 7997 8034 8020
f 7996 8035 7983
f 7983 8035 8022
f 7987 8036 8023
f 8000 8036 7987
f 8010 8037 7998
f 7998 8037 8024
f 7991 8038 8025
f 8004 8038 7991
f 8005 8039 7992
f 7992 8039 8026
f 7993 8040 8027
f 8006 8040 7993
f 8007 8041 7994
f 7994 8041 8028
f 8011 8042 8029
f 8013 8043 8001
f 8025 8043 8013
f 8001 8043 8030
f 8002 8044 8031
f 8014 8044 8002
f 8015 8045 8003
f 8003 8045 8032
f 8021 8046 8009
f 8009 8046 8034
f 8008 8047 7996
f 8020 8047 8008
f 7996 8047 8035
f 8012 8048 8000
f 8000 8048 8036
f 8010 8049 8037
f 8022 8049 8010
f 8035 8049 8022
f 8016 8050 8004
f 8004 8050 8038
f 8029 8050 8016
f 8017 8051 8005
f 8005 8051 8039
f 8006 8052 8040
f 8018 8052 8006
f 8019 8053 8007
f 8007 8053 8041
f 8011 8054 8042
f 8023 8054 8011
f 8025 8055 8043
f 8038 8055 8025
f 8014 8056 8044
f 8026 8056 8014
f 8015 8057 8045
f 8040 8057 8027
f 8027 8057 8015
f 8028 8058 6594
f 6594 8058 6595
f 8021 8059 8046
f 8033 8059 8021
f 1026 8059 8033
f 8020 8060 8047
f 8012 8061 8048
f 8024 8061 8012
f 8035 8062 8049
f 8029 8063 8050
f 8030 8064 8017
f 8017 8064 8051
f 8031 8065 8018
f 8018 8065 8052
f 8019 8066 8053
f 8032 8066 8019
f 8023 8067 8054
f 8048 8067 8036
f 8036 8067 8023
f 8038 8068 8055
f 8026 8069 8056
f 8039 8069 8026
f 8040 8070 8057
f 8041 8071 8028
f 8028 8071 8058
f 8053 8071 8041
f 8020 8072 8060
f 8034 8072 8020
f 8037 8073 8024
f 8024 8073 8061
f 8049 8073 8037
f 8035 8074 8062
f 8047 8074 8035
f 8042 8075 8029
f 8029 8075 8063
f 8054 8075 8042
f 8043 8076 8030
f 8030 8076 8064
f 8044 8077 8031
f 8031 8077 8065
f 8045 8078 8032
f 8032 8078 8066
f 8048 8079 8067
f 8050 8080 8038
f 8038 8080 8068
f 8051 8081 8039
f 8039 8081 8069
f 8064 8081 8051
f 8052 8082 8040
f 8040 8082 8070
f 8053 8083 8071
f 8034 8084 8072
f 8046 8084 8034
f 8049 8085 8073
f 8047 8086 8074
f 8060 8086 8047
f 8054 8087 8075
f 8055 8088 8043
f 8043 8088 8076
f 8056 8089 8044
f 8069 8089 8056
f 8044 8089 8077
f 8045 8090 8078
f 8057 8090 8045
f 8048 8091 8079
f 8061 8091 8048
f 8058 8092 6595
f 8050 8093 8080
f 8063 8093 8050
f 8064 8094 8081
f 8052 8095 8082
f 8065 8095 8052
f 8066 8096 8053
f 8053 8096 8083
f 1028 8097 1026
f 8046 8097 8084
f 1026 8097 8059
f 8059 8097 8046
f 8049 8098 8085
f 8062 8098 8049
f 8072 8099 8060
f 8060 8099 8086
f 8067 8100 8054
f 8054 8100 8087
f 8055 8101 8088
f 8068 8101 8055
f 8069 8102 8089
f 8057 8103 8090
f 8070 8103 8057
f 8073 8104 8061
f 8061 8104 8091
f 8071 8105 8058
f 8058 8105 8092
f 8083 8105 8071
f 8075 8106 8063
f 8063 8106 8093
f 8088 8107 8076
f 8076 8107 8064
f 8064 8107 8094
f 8077 8108 8065
f 8065 8108 8095
f 8078 8109 8066
f 8066 8109 8096
f 8074 8110 8062
f 8062 8110 8098
f 8084 8111 8072
f 8072 8111 8099
f 8097 8111 8084
f 8067 8112 8100
f 8079 8112 8067
f 8080 8113 8068
f 8068 8113 8101
f 8069 8114 8102
f 8081 8114 8069
f 8082 8115 8070
f 8070 8115 8103
f 8085 8116 8073
f 8073 8116 8104
f 8083 8117 8105
f 8096 8117 8083
f 8075 8118 8106
f 8087 8118 8075
f 8088 8119 8107
f 8101 8119 8088
f 8077 8120 8108
f 8089 8120 8077
f 8090 8121 8078
f 8103 8121 8090
f 8078 8121 8109
f 8092 8122 6595
f 8105 8122 8092
f 6595 8122 6596
f 8097 8123 8111
f 1028 8123 8097
f 8086 8124 8074
f 8074 8124 8110
f 8079 8125 8112
f 8091 8125 8079
f 8104 8125 8091
f 8080 8126 8113
f 8093 8126 8080
f 8081 8127 8114
f 8094 8127 8081
f 8108 8128 8095
f 8082 8128 8115
f 8095 8128 8082
f 8098 8129 8085
f 8110 8129 8098
f 8085 8129 8116
f 8096 8130 8117
f 8112 8131 8100
f 8087 8131 8118
f 8100 8131 8087
f 8101 8132 8119
f 8089 8133 8120
f 8102 8133 8089
f 8103 8134 8121
f 8117 8135 8105
f 8105 8135 8122
f 8086 8136 8124
f 8099 8136 8086
f 8116 8137 8104
f 8104 8137 8125
f 8106 8138 8093
f 8093 8138 8126
f 8107 8139 8094
f 8094 8139 8127
f 8108 8140 8128
f 8110 8141 8129
f 8096 8142 8130
f 8109 8142 8096
f 8112 8143 8131
f 8101 8144 8132
f 8113 8144 8101
f 8114 8145 8102
f 8102 8145 8133
f 8115 8146 8103
f 8103 8146 8134
f 8117 8147 8135
f 8111 8148 8099
f 8099 8148 8136
f 8116 8149 8137
f 8118 8150 8106
f 8106 8150 8138
f 8107 8151 8139
f 8119 8151 8107
f 8108 8152 8140
f 8120 8152 8108
f 8124 8153 8110
f 8110 8153 8141
f 8136 8153 8124
f 8109 8154 8142
f 8121 8154 8109
f 8122 8155 6596
f 8112 8156 8143
f 8125 8156 8112
f 8113 8157 8144
f 8126 8157 8113
f 8138 8157 8126
f 8114 8158 8145
f 8127 8158 8114
f 8115 8159 8146
f 8128 8159 8115
f 8117 8160 8147
f 8130 8160 8117
f 1024 8161 1028
f 8111 8161 8148
f 1028 8161 8123
f 8123 8161 8111
f 8116 8162 8149
f 8129 8162 8116
f 8143 8163 8131
f 8131 8163 8118
f 8118 8163 8150
f 8119 8164 8151
f 8132 8164 8119
f 8120 8165 8152
f 8133 8165 8120
f 8136 8166 8153
f 8121 8167 8154
f 8134 8167 8121
f 8122 8168 8155
f 8135 8168 8122
f 8149 8169 8137
f 8125 8169 8156
f 8137 8169 8125
f 8138 8170 8157
f 8139 8171 8127
f 8151 8171 8139
f 8127 8171 8158
f 8140 8172 8128
f 8128 8172 8159
f 8142 8173 8130
f 8130 8173 8160
f 8141 8174 8129
f 8129 8174 8162
f 8143 8175 8163
f 8132 8176 8164
f 8144 8176 8132
f 8145 8177 8133
f 8133 8177 8165
f 8158 8177 8145
f 8136 8178 8166
f 8148 8178 8136
f 8146 8179 8134
f 8134 8179 8167
f 8147 8180 8135
f 8135 8180 8168
f 8149 8181 8169
f 8150 8182 8138
f 8138 8182 8170
f 8164 8183 8151
f 8151 8183 8171
f 8152 8184 8140
f 8140 8184 8172
f 8154 8185 8142
f 8142 8185 8173
f 8155 8186 6596
f 6596 8186 6597
f 8148 8187 8178
f 1024 8187 8161
f 8161 8187 8148
f 8153 8188 8141
f 8141 8188 8174
f 8156 8189 8143
f 8143 8189 8175
f 8157 8190 8144
f 8144 8190 8176
f 8158 8191 8177
f 8172 8192 8159
f 8146 8192 8179
f 8159 8192 8146
f 8160 8193 8147
f 8147 8193 8180
f 8149 8194 8181
f 8162 8194 8149
f 8150 8195 8182
f 8163 8195 8150
f 8164 8196 8183
f 8176 8196 8164
f 8152 8197 8184
f 8165 8197 8152
f 8167 8198 8154
f 8154 8198 8185
f 8155 8199 8186
f 8168 8199 8155
f 8166 8200 8153
f 8153 8200 8188
f 8156 8201 8189
f 8169 8201 8156
f 8182 8202 8170
f 8157 8202 8190
f 8170 8202 8157
f 8183 8203 8171
f 8158 8203 8191
f 8171 8203 8158
f 8172 8204 8192
f 8184 8204 8172
f 8173 8205 8160
f 8160 8205 8193
f 8162 8206 8194
f 8174 8206 8162
f 8175 8207 8163
f 8163 8207 8195
f 8176 8208 8196
f 8177 8209 8165
f 8165 8209 8197
f 8167 8210 8198
f 8179 8210 8167
f 8180 8211 8168
f 8168 8211 8199
f 8187 8212 8178
f 8166 8212 8200
f 8178 8212 8166
f 8181 8213 8169
f 8169 8213 8201
f 8182 8214 8202
f 8183 8215 8203
f 8196 8215 8183
f 8184 8216 8204
f 8185 8217 8173
f 8173 8217 8205
f 8198 8217 8185
f 8186 8218 6597
f 8174 8219 8206
f 8188 8219 8174
f 8200 8219 8188
f 8175 8220 8207
f 8189 8220 8175
f 8176 8221 8208
f 8190 8221 8176
f 8177 8222 8209
f 8191 8222 8177
f 8192 8223 8179
f 8179 8223 8210
f 8193 8224 8180
f 8180 8224 8211
f 1020 8225 1024
f 8187 8225 8212
f 1024 8225 8187
f 8181 8226 8213
f 8194 8226 8181
f 8182 8227 8214
f 8195 8227 8182
f 8196 8228 8215
f 8197 8229 8184
f 8184 8229 8216
f 8198 8230 8217
f 8211 8231 8199
f 8186 8231 8218
f 8199 8231 8186
f 8200 8232 8219
f 8213 8233 8201
f 8189 8233 8220
f 8201 8233 8189
f 8190 8234 8221
f 8202 8234 8190
f 8191 8235 8222
f 8203 8235 8191
f 8192 8236 8223
f 8204 8236 8192
f 8205 8237 8193
f 8193 8237 8224
f 8206 8238 8194
f 8194 8238 8226
f 8207 8239 8195
f 8195 8239 8227
f 8208 8240 8196
f 8196 8240 8228
f 8209 8241 8197
f 8222 8241 8209
f 8197 8241 8229
f 8198 8242 8230
f 8210 8242 8198
f 8211 8243 8231
f 8224 8243 8211
f 8212 8244 8200
f 8225 8244 8212
f 8200 8244 8232
f 8213 8245 8233
f 8214 8246 8202
f 8202 8246 8234
f 8215 8247 8203
f 8203 8247 8235
f 8216 8248 8204
f 8204 8248 8236
f 8205 8249 8237
f 8217 8249 8205
f 8218 8250 6597
f 6597 8250 6598
f 8225 8251 8244
f 1020 8251 8225
f 8206 8252 8238
f 8219 8252 8206
f 8220 8253 8207
f 8207 8253 8239
f 8221 8254 8208
f 8234 8254 8221
f 8208 8254 8240
f 8222 8255 8241
f 8223 8256 8210
f 8210 8256 8242
f 8224 8257 8243
f 8226 8258 8213
f 8213 8258 8245
f 8239 8259 8227
f 8214 8259 8246
f 8227 8259 8214
f 8240 8260 8228
f 8215 8260 8247
f 8228 8260 8215
f 8216 8261 8248
f 8229 8261 8216
f 8217 8262 8249
f 8230 8262 8217
f 8242 8262 8230
f 8218 8263 8250
f 8231 8263 8218
f 8219 8264 8252
f 8232 8264 8219
f 8220 8265 8253
f 8233 8265 8220
f 8234 8266 8254
f 8222 8267 8255
f 8235 8267 8222
f 8223 8268 8256
f 8236 8268 8223
f 8249 8269 8237
f 8224 8269 8257
f 8237 8269 8224
f 8226 8270 8258
f 8238 8270 8226
f 8252 8270 8238
f 8239 8271 8259
f 8240 8272 8260
f 8241 8273 8229
f 8229 8273 8261
f 8242 8274 8262
f 8257 8275 8243
f 8231 8275 8263
f 8243 8275 8231
f 8244 8276 8232
f 8251 8276 8244
f 8232 8276 8264
f 8245 8277 8233
f 8233 8277 8265
f 8246 8278 8234
f 8234 8278 8266
f 8247 8279 8235
f 8235 8279 8267
f 8236 8280 8268
f 8248 8280 8236
f 8249 8281 8269
f 8250 8282 6598
f 8264 8283 8252
f 8252 8283 8270
f 8253 8284 8239
f 8239 8284 8271
f 8254 8285 8240
f 8240 8285 8272
f 8255 8286 8241
f 8241 8286 8273
f 8256 8287 8242
f 8242 8287 8274
f 8257 8288 8275
f 8251 8289 8276
f 1016 8289 1020
f 1020 8289 8251
f 8258 8290 8245
f 8245 8290 8277
f 8259 8291 8246
f 8246 8291 8278
f 8260 8292 8247
f 8272 8292 8260
f 8247 8292 8279
f 8273 8293 8261
f 8248 8293 8280
f 8261 8293 8248
f 8274 8294 8262
f 8262 8294 8249
f 8249 8294 8281
f 8263 8295 8250
f 8250 8295 8282
f 8275 8295 8263
f 8264 8296 8283
f 8277 8297 8265
f 8253 8297 8284
f 8265 8297 8253
f 8254 8298 8285
f 8266 8298 8254
f 8255 8299 8286
f 8267 8299 8255
f 8256 8300 8287
f 8280 8300 8268
f 8268 8300 8256
f 8257 8301 8288
f 8269 8301 8257
f 8258 8302 8290
f 8270 8302 8258
f 8259 8303 8291
f 8271 8303 8259
f 8272 8304 8292
f 8273 8305 8293
f 8274 8306 8294
f 8275 8307 8295
f 8276 8308 8264
f 8264 8308 8296
f 8277 8309 8297
f 8278 8310 8266
f 8266 8310 8298
f 8292 8311 8279
f 8279 8311 8267
f 8267 8311 8299
f 8280 8312 8300
f 8281 8313 8269
f 8269 8313 8301
f 8282 8314 6598
f 6598 8314 6599
f 8289 8315 8276
f 1016 8315 8289
f 8276 8315 8308
f 8283 8316 8270
f 8270 8316 8302
f 8296 8316 8283
f 8271 8317 8303
f 8284 8317 8271
f 8298 8318 8285
f 8272 8318 8304
f 8285 8318 8272
f 8286 8319 8273
f 8273 8319 8305
f 8274 8320 8306
f 8287 8320 8274
f 8288 8321 8275
f 8275 8321 8307
f 8290 8322 8277
f 8302 8322 8290
f 8277 8322 8309
f 8291 8323 8278
f 8303 8323 8291
f 8278 8323 8310
f 8292 8324 8311
f 8280 8325 8312
f 8293 8325 8280
f 8294 8326 8281
f 8281 8326 8313
f 8307 8327 8295
f 8282 8327 8314
f 8295 8327 8282
f 8296 8328 8316
f 8284 8329 8317
f 8297 8329 8284
f 8298 8330 8318
f 8286 8331 8319
f 8299 8331 8286
f 8300 8332 8287
f 8287 8332 8320
f 8288 8333 8321
f 8301 8333 8288
f 8302 8334 8322
f 8303 8335 8323
f 8292 8336 8324
f 8304 8336 8292
f 8319 8337 8305
f 8293 8337 8325
f 8305 8337 8293
f 8294 8338 8326
f 8306 8338 8294
f 8307 8339 8327
f 8308 8340 8296
f 8315 8340 8308
f 8296 8340 8328
f 8297 8341 8329
f 8309 8341 8297
f 8310 8342 8298
f 8298 8342 8330
f 8323 8342 8310
f 8311 8343 8299
f 8299 8343 8331
f 8300 8344 8332
f 8312 8344 8300
f 8313 8345 8301
f 8301 8345 8333
f 8326 8345 8313
f 8314 8346 6599
f 8328 8347 8316
f 8316 8347 8302
f 8302 8347 8334
f 8303 8348 8335
f 8317 8348 8303
f 8318 8349 8304
f 8304 8349 8336
f 8319 8350 8337
f 8332 8351 8320
f 8306 8351 8338
f 8320 8351 8306
f 8321 8352 8307
f 8307 8352 8339
f 8315 8353 8340
f 1012 8353 1016
f 1016 8353 8315
f 8309 8354 8341
f 8322 8354 8309
f 8323 8355 8342
f 8311 8356 8343
f 8324 8356 8311
f 8325 8357 8312
f 8312 8357 8344
f 8326 8358 8345
f 8327 8359 8314
f 8314 8359 8346
f 8328 8360 8347
f 8317 8361 8348
f 8329 8361 8317
f 8341 8361 8329
f 8318 8362 8349
f 8330 8362 8318
f 8319 8363 8350
f 8331 8363 8319
f 8332 8364 8351
f 8345 8365 8333
f 8333 8365 8321
f 8321 8365 8352
f 8322 8366 8354
f 8334 8366 8322
f 8323 8367 8355
f 8335 8367 8323
f 8324 8368 8356
f 8336 8368 8324
f 8350 8369 8337
f 8325 8369 8357
f 8337 8369 8325
f 8338 8370 8326
f 8326 8370 8358
f 8327 8371 8359
f 8339 8371 8327
f 8340 8372 8328
f 8328 8372 8360
f 8341 8373 8361
f 8342 8374 8330
f 8330 8374 8362
f 8331 8375 8363
f 8343 8375 8331
f 8344 8376 8332
f 8357 8376 8344
f 8332 8376 8364
f 8345 8377 8365
f 8358 8377 8345
f 8346 8378 6599
f 6599 8378 6600
f 8353 8379 8340
f 1012 8379 8353
f 8340 8379 8372
f 8347 8380 8334
f 8334 8380 8366
f 8348 8381 8335
f 8335 8381 8367
f 8349 8382 8336
f 8336 8382 8368
f 8350 8383 8369
f 8351 8384 8338
f 8338 8384 8370
f 8352 8385 8339
f 8339 8385 8371
f 8354 8386 8341
f 8366 8386 8354
f 8341 8386 8373
f 8355 8387 8342
f 8342 8387 8374
f 8343 8388 8375
f 8368 8388 8356
f 8356 8388 8343
f 8357 8389 8376
f 8358 8390 8377
f 8346 8391 8378
f 8359 8391 8346
f 8347 8392 8380
f 8360 8392 8347
f 8348 8393 8381
f 8373 8393 8361
f 8361 8393 8348
f 8349 8394 8382
f 8362 8394 8349
f 8350 8395 8383
f 8363 8395 8350
f 8351 8396 8384
f 8364 8396 8351
f 8352 8397 8385
f 8377 8397 8365
f 8365 8397 8352
f 8366 8398 8386
f 8367 8399 8355
f 8381 8399 8367
f 8355 8399 8387
f 8368 8400 8388
f 8357 8401 8389
f 8369 8401 8357
f 8384 8402 8370
f 8358 8402 8390
f 8370 8402 8358
f 8371 8403 8359
f 8359 8403 8391
f 8360 8404 8392
f 8372 8404 8360
f 8373 8405 8393
f 8374 8406 8362
f 8362 8406 8394
f 8375 8407 8363
f 8363 8407 8395
f 8376 8408 8364
f 8364 8408 8396
f 8377 8409 8397
f 8391 8410 8378
f 8378 8410 6600
f 8366 8411 8398
f 8380 8411 8366
f 8393 8412 8381
f 8381 8412 8399
f 8394 8413 8382
f 8382 8413 8368
f 8368 8413 8400
f 8383 8414 8369
f 8369 8414 8401
f 8384 8415 8402
f 8371 8416 8403
f 8385 8416 8371
f 1008 8417 1012
f 8379 8417 8372
f 1012 8417 8379
f 8372 8417 8404
f 8386 8418 8373
f 8373 8418 8405
f 8387 8419 8374
f 8374 8419 8406
f 8388 8420 8375
f 8375 8420 8407
f 8401 8421 8389
f 8376 8421 8408
f 8389 8421 8376
f 8390 8422 8377
f 8377 8422 8409
f 8391 8423 8410
f 8403 8423 8391
f 8380 8424 8411
f 8392 8424 8380
f 8393 8425 8412
f 8394 8426 8413
f 8406 8426 8394
f 8383 8427 8414
f 8395 8427 8383
f 8384 8428 8415
f 8396 8428 8384
f 8385 8429 8416
f 8397 8429 8385
f 8398 8430 8386
f 8386 8430 8418
f 8399 8431 8387
f 8387 8431 8419
f 8400 8432 8388
f 8388 8432 8420
f 8401 8433 8421
f 8390 8434 8422
f 8402 8434 8390
f 8403 8435 8423
f 8416 8435 8403
f 8417 8436 8404
f 8392 8436 8424
f 8404 8436 8392
f 8393 8437 8425
f 8405 8437 8393
f 8406 8438 8426
f 8407 8439 8395
f 8395 8439 8427
f 8408 8440 8396
f 8396 8440 8428
f 8422 8441 8409
f 8397 8441 8429
f 8409 8441 8397
f 8410 8442 6600
f 6600 8442 6601
f 8411 8443 8398
f 8424 8443 8411
f 8398 8443 8430
f 1008 8444 8417
f 8417 8444 8436
f 8412 8445 8399
f 8399 8445 8431
f 8400 8446 8432
f 8413 8446 8400
f 8401 8447 8433
f 8414 8447 8401
f 8415 8448 8402
f 8402 8448 8434
f 8416 8449 8435
f 8418 8450 8405
f 8405 8450 8437
f 8419 8451 8406
f 8406 8451 8438
f 8420 8452 8407
f 8407 8452 8439
f 8408 8453 8440
f 8421 8453 8408
f 8434 8454 8422
f 8422 8454 8441
f 8423 8455 8410
f 8410 8455 8442
f 8424 8456 8443
f 8437 8457 8425
f 8425 8457 8412
f 8412 8457 8445
f 8426 8458 8413
f 8413 8458 8446
f 8427 8459 8414
f 8439 8459 8427
f 8414 8459 8447
f 8428 8460 8415
f 8415 8460 8448
f 8416 8461 8449
f 8429 8461 8416
f 8418 8462 8450
f 8430 8462 8418
f 8419 8463 8451
f 8431 8463 8419
f 8420 8464 8452
f 8432 8464 8420
f 8421 8465 8453
f 8433 8465 8421
f 8434 8466 8454
f 8423 8467 8455
f 8435 8467 8423
f 8424 8468 8456
f 8436 8468 8424
f 8437 8469 8457
f 8426 8470 8458
f 8438 8470 8426
f 8452 8471 8439
f 8439 8471 8459
f 8428 8472 8460
f 8440 8472 8428
f 8441 8473 8429
f 8429 8473 8461
f 8442 8474 6601
f 8443 8475 8430
f 8430 8475 8462
f 8431 8476 8463
f 8445 8476 8431
f 8446 8477 8432
f 8432 8477 8464
f 8433 8478 8465
f 8447 8478 8433
f 8448 8479 8434
f 8434 8479 8466
f 8435 8480 8467
f 8449 8480 8435
f 8444 8481 8436
f 1008 8481 8444
f 1004 8481 1008
f 8436 8481 8468
f 8450 8482 8437
f 8437 8482 8469
f 8462 8482 8450
f 8438 8483 8470
f 8451 8483 8438
f 8463 8483 8451
f 8452 8484 8471
f 8453 8485 8440
f 8440 8485 8472
f 8441 8486 8473
f 8466 8486 8454
f 8454 8486 8441
f 8455 8487 8442
f 8442 8487 8474
f 8443 8488 8475
f 8456 8488 8443
f 8457 8489 8445
f 8445 8489 8476
f 8446 8490 8477
f 8458 8490 8446
f 8447 8491 8478
f 8459 8491 8447
f 8471 8491 8459
f 8460 8492 8448
f 8448 8492 8479
f 8449 8493 8480
f 8461 8493 8449
f 8462 8494 8482
f 8463 8495 8483
f 8452 8496 8484
f 8464 8496 8452
f 8453 8497 8485
f 8465 8497 8453
f 8466 8498 8486
f 8455 8499 8487
f 8467 8499 8455
f 8480 8499 8467
f 8456 8500 8488
f 8468 8500 8456
f 8481 8500 8468
f 8457 8501 8489
f 8469 8501 8457
f 8483 8502 8470
f 8470 8502 8458
f 8458 8502 8490
f 8471 8503 8491
f 8460 8504 8492
f 8472 8504 8460
f 8461 8505 8493
f 8473 8505 8461
f 8486 8505 8473
f 8474 8506 6601
f 6601 8506 8507
f 8487 8506 8474
f 8488 8508 8475
f 8475 8508 8462
f 8462 8508 8494
f 8463 8509 8495
f 8476 8509 8463
f 8477 8510 8464
f 8490 8510 8477
f 8464 8510 8496
f 1004 8511 8481
f 8481 8511 8500
f 8465 8512 8497
f 8478 8512 8465
f 8479 8513 8466
f 8466 8513 8498
f 8492 8513 8479
f 8480 8514 8499
f 8482 8515 8469
f 8469 8515 8501
f 8483 8516 8502
f 8496 8517 8484
f 8471 8517 8503
f 8484 8517 8471
f 8485 8518 8472
f 8472 8518 8504
f 8486 8519 8505
f 8499 8520 8487
f 8487 8520 8506
f 8488 8521 8508
f 8501 8522 8489
f 8489 8522 8476
f 8476 8522 8509
f 8490 8523 8510
f 8491 8524 8478
f 8478 8524 8512
f 8492 8525 8513
f 8493 8526 8480
f 8480 8526 8514
f 8482 8527 8515
f 8494 8527 8482
f 8508 8527 8494
f 8483 8528 8516
f 8495 8528 8483
f 8509 8528 8495
f 8496 8529 8517
f 8485 8530 8518
f 8497 8530 8485
f 8506 8531 8507
f 8486 8532 8519
f 8498 8532 8486
f 8499 8533 8520
f 8500 8534 8488
f 8488 8534 8521
f 8501 8535 8522
f 8490 8536 8523
f 8502 8536 8490
f 8491 8537 8524
f 8503 8537 8491
f 8492 8538 8525
f 8518 8538 8504
f 8504 8538 8492
f 8493 8539 8526
f 8519 8539 8505
f 8505 8539 8493
f 8521 8540 8508
f 8508 8540 8527
f 8509 8541 8528
f 8510 8542 8496
f 8496 8542 8529
f 8512 8543 8497
f 8497 8543 8530
f 8520 8544 8506
f 8506 8544 8531
f 8498 8545 8532
f 8513 8545 8498
f 8511 8546 8500
f 1000 8546 1004
f 8500 8546 8534
f 1004 8546 8511
f 8499 8547 8533
f 8514 8547 8499
f 8501 8548 8535
f 8515 8548 8501
f 8502 8549 8536
f 8516 8549 8502
f 8517 8550 8503
f 8503 8550 8537
f 8529 8550 8517
f 8530 8551 8518
f 8518 8551 8538
f 8519 8552 8539
f 8521 8553 8540
f 8522 8554 8509
f 8509 8554 8541
f 8510 8555 8542
f 8523 8555 8510
f 8524 8556 8512
f 8512 8556 8543
f 8537 8556 8524
f 8533 8557 8520
f 8547 8557 8533
f 8520 8557 8544
f 8525 8558 8513
f 8513 8558 8545
f 8514 8559 8547
f 8526 8559 8514
f 8527 8560 8515
f 8515 8560 8548
f 8528 8561 8516
f 8516 8561 8549
f 8529 8562 8550
f 8530 8563 8551
f 8519 8564 8552
f 8532 8564 8519
f 8546 8565 8534
f 8521 8565 8553
f 8534 8565 8521
f 8522 8566 8554
f 8535 8566 8522
f 8549 8567 8536
f 8523 8567 8555
f 8536 8567 8523
f 8537 8568 8556
f 8550 8568 8537
f 8547 8569 8557
f 8538 8570 8525
f 8525 8570 8558
f 8526 8571 8559
f 8539 8571 8526
f 8531 8572 8507
f 8507 8572 8573
f 8527 8574 8560
f 8540 8574 8527
f 8528 8575 8561
f 8541 8575 8528
f 8529 8576 8562
f 8542 8576 8529
f 8530 8577 8563
f 8543 8577 8530
f 8545 8578 8532
f 8532 8578 8564
f 8558 8578 8545
f 1000 8579 8546
f 8546 8579 8565
f 8560 8580 8548
f 8535 8580 8566
f 8548 8580 8535
f 8549 8581 8567
f 8550 8582 8568
f 8559 8583 8547
f 8547 8583 8569
f 8551 8584 8538
f 8538 8584 8570
f 8552 8585 8539
f 8539 8585 8571
f 8544 8586 8531
f 8557 8586 8544
f 8572 8586 8573
f 8531 8586 8572
f 8540 8587 8574
f 8553 8587 8540
f 8554 8588 8541
f 8566 8588 8554
f 8541 8588 8575
f 8555 8589 8542
f 8542 8589 8576
f 8543 8590 8577
f 8568 8590 8556
f 8556 8590 8543
f 8558 8591 8578
f 8570 8591 8558
f 8574 8592 8560
f 8560 8592 8580
f 8549 8593 8581
f 8561 8593 8549
f 8562 8594 8550
f 8550 8594 8582
f 8571 8595 8559
f 8559 8595 8583
f 8585 8595 8571
f 8551 8596 8584
f 8563 8596 8551
f 8577 8596 8563
f 8564 8597 8552
f 8552 8597 8585
f 8557 8598 8586
f 8553 8599 8587
f 8565 8599 8553
f 8566 8600 8588
f 8555 8601 8589
f 8567 8601 8555
f 8568 8602 8590
f 8570 8603 8591
f 8587 8604 8574
f 8574 8604 8592
f 8575 8605 8561
f 8561 8605 8593
f 8576 8606 8562
f 8562 8606 8594
f 8589 8606 8576
f 8585 8607 8595
f 8597 8607 8585
f 8577 8608 8596
f 8579 8609 8565
f 996 8609 1000
f 1000 8609 8579
f 8565 8609 8599
f 8564 8610 8597
f 8578 8610 8564
f 8557 8611 8598
f 8569 8611 8557
f 8580 8612 8566
f 8566 8612 8600
f 8581 8613 8567
f 8567 8613 8601
f 8582 8614 8568
f 8568 8614 8602
f 8570 8615 8603
f 8584 8615 8570
f 8587 8616 8604
f 8575 8617 8605
f 8588 8617 8575
f 8589 8618 8606
f 8597 8619 8607
f 8590 8620 8577
f 8577 8620 8608
f 8591 8621 8578
f 8578 8621 8610
f 8583 8622 8569
f 8569 8622 8611
f 8592 8623 8580
f 8580 8623 8612
f 8581 8624 8613
f 8593 8624 8581
f 8594 8625 8582
f 8582 8625 8614
f 8584 8626 8615
f 8596 8626 8584
f 8587 8627 8616
f 8599 8627 8587
f 8588 8628 8617
f 8600 8628 8588
f 8613 8629 8601
f 8589 8629 8618
f 8601 8629 8589
f 8597 8630 8619
f 8621 8630 8610
f 8610 8630 8597
f 8602 8631 8590
f 8590 8631 8620
f 8603 8632 8591
f 8591 8632 8621
f 8583 8633 8622
f 8595 8633 8583
f 8573 8634 8635
f 8592 8636 8623
f 8604 8636 8592
f 8593 8637 8624
f 8605 8637 8593
f 8617 8637 8605
f 8606 8638 8594
f 8594 8638 8625
f 8608 8639 8596
f 8596 8639 8626
f 8599 8640 8627
f 8609 8640 8599
f 996 8640 8609
f 8612 8641 8600
f 8600 8641 8628
f 8613 8642 8629
f 8621 8643 8630
f 8614 8644 8602
f 8602 8644 8631
f 8615 8645 8603
f 8603 8645 8632
f 8619 8646 8607
f 8595 8646 8633
f 8607 8646 8595
f 8598 8647 8586
f 8586 8647 8573
f 8573 8647 8634
f 8634 8647 8635
f 8616 8648 8604
f 8604 8648 8636
f 8628 8649 8617
f 8617 8649 8637
f 8606 8650 8638
f 8618 8650 8606
f 8620 8651 8608
f 8608 8651 8639
f 8631 8651 8620
f 8612 8652 8641
f 8623 8652 8612
f 8624 8653 8613
f 8637 8653 8624
f 8613 8653 8642
f 8632 8654 8621
f 8621 8654 8643
f 8625 8655 8614
f 8614 8655 8644
f 8626 8656 8615
f 8615 8656 8645
f 8639 8656 8626
f 8619 8657 8646
f 8598 8658 8647
f 8627 8659 8616
f 8616 8659 8648
f 8640 8659 8627
f 8628 8660 8649
f 8618 8661 8650
f 8629 8661 8618
f 8631 8662 8651
f 8648 8663 8636
f 8623 8663 8652
f 8636 8663 8623
f 8637 8664 8653
f 8632 8665 8654
f 8645 8665 8632
f 8638 8666 8625
f 8625 8666 8655
f 996 8667 8640
f 992 8667 996
f 8640 8667 8659
f 8639 8668 8656
f 8619 8669 8657
f 8630 8669 8619
f 8611 8670 8598
f 8598 8670 8658
f 8628 8671 8660
f 8641 8671 8628
f 8629 8672 8661
f 8642 8672 8629
f 8631 8673 8662
f 8644 8673 8631
f 8648 8674 8663
f 8649 8675 8637
f 8637 8675 8664
f 8656 8676 8645
f 8645 8676 8665
f 8668 8676 8656
f 8638 8677 8666
f 8650 8677 8638
f 8651 8678 8639
f 8662 8678 8651
f 8639 8678 8668
f 8630 8679 8669
f 8643 8679 8630
f 8611 8680 8670
f 8622 8680 8611
f 8652 8681 8641
f 8641 8681 8671
f 8653 8682 8642
f 8642 8682 8672
f 8655 8683 8644
f 8644 8683 8673
f 8659 8684 8648
f 8648 8684 8674
f 8660 8685 8649
f 8649 8685 8675
f 8668 8686 8676
f 8661 8687 8650
f 8650 8687 8677
f 8662 8688 8678
f 8654 8689 8643
f 8643 8689 8679
f 8633 8690 8622
f 8622 8690 8680
f 8635 8691 8692
f 8652 8693 8681
f 8663 8693 8652
f 8664 8694 8653
f 8653 8694 8682
f 8666 8695 8655
f 8655 8695 8683
f 8677 8695 8666
f 8659 8696 8684
f 992 8696 8667
f 8667 8696 8659
f 8660 8697 8685
f 8671 8697 8660
f 8668 8698 8686
f 8678 8698 8668
f 8682 8699 8672
f 8661 8699 8687
f 8672 8699 8661
f 8662 8700 8688
f 8673 8700 8662
f 8654 8701 8689
f 8665 8701 8654
f 8646 8702 8633
f 8633 8702 8690
f 8647 8703 8635
f 8635 8703 8691
f 8663 8704 8693
f 8674 8704 8663
f 8664 8705 8694
f 8675 8705 8664
f 8677 8706 8695
f 8681 8707 8671
f 8671 8707 8697
f 8688 8708 8678
f 8678 8708 8698
f 8700 8708 8688
f 8682 8709 8699
f 8683 8710 8673
f 8673 8710 8700
f 8686 8711 8676
f 8676 8711 8665
f 8665 8711 8701
f 8657 8712 8646
f 8646 8712 8702
f 8658 8713 8647
f 8647 8713 8703
f 8684 8714 8674
f 8674 8714 8704
f 8675 8715 8705
f 8685 8715 8675
f 8677 8716 8706
f 8687 8716 8677
f 8693 8717 8681
f 8704 8717 8693
f 8681 8717 8707
f 8700 8718 8708
f 8710 8718 8700
f 8694 8719 8682
f 8682 8719 8709
f 8706 8720 8695
f 8695 8720 8683
f 8683 8720 8710
f 988 8721 992
f 8684 8721 8714
f 8696 8721 8684
f 992 8721 8696
f 8686 8722 8711
f 8657 8723 8712
f 8669 8723 8657
f 8670 8724 8658
f 8658 8724 8713
f 8685 8725 8715
f 8697 8725 8685
f 8687 8726 8716
f 8699 8726 8687
f 8704 8727 8717
f 8710 8728 8718
f 8705 8729 8694
f 8694 8729 8719
f 8706 8730 8720
f 8686 8731 8722
f 8698 8731 8686
f 8669 8732 8723
f 8679 8732 8669
f 8690 8733 8680
f 8680 8733 8670
f 8670 8733 8724
f 8697 8734 8725
f 8707 8734 8697
f 8699 8735 8726
f 8709 8735 8699
f 8704 8736 8727
f 8714 8736 8704
f 8730 8737 8720
f 8720 8737 8710
f 8710 8737 8728
f 8705 8738 8729
f 8715 8738 8705
f 8706 8739 8730
f 8716 8739 8706
f 8691 8740 8692
f 8692 8740 8741
f 8698 8742 8731
f 8708 8742 8698
f 8689 8743 8679
f 8701 8743 8689
f 8679 8743 8732
f 8690 8744 8733
f 8707 8745 8734
f 8717 8745 8707
f 8719 8746 8709
f 8709 8746 8735
f 8721 8747 8714
f 8714 8747 8736
f 988 8747 8721
f 8730 8748 8737
f 8725 8749 8715
f 8715 8749 8738
f 8726 8750 8716
f 8735 8750 8726
f 8716 8750 8739
f 8703 8751 8691
f 8691 8751 8740
f 8708 8752 8742
f 8718 8752 8708
f 8701 8753 8743
f 8702 8754 8690
f 8690 8754 8744
f 8727 8755 8717
f 8717 8755 8745
f 8729 8756 8719
f 8738 8756 8729
f 8719 8756 8746
f 8739 8757 8730
f 8730 8757 8748
f 8734 8758 8725
f 8725 8758 8749
f 8735 8759 8750
f 8724 8760 8713
f 8713 8760 8703
f 8703 8760 8751
f 8728 8761 8718
f 8718 8761 8752
f 8701 8762 8753
f 8711 8762 8701
f 8702 8763 8754
f 8712 8763 8702
f 8736 8764 8727
f 8727 8764 8755
f 8738 8765 8756
f 8750 8766 8739
f 8759 8766 8750
f 8739 8766 8757
f 8734 8767 8758
f 8755 8767 8745
f 8745 8767 8734
f 8735 8768 8759
f 8746 8768 8735
f 984 8769 988
f 8736 8769 8764
f 988 8769 8747
f 8747 8769 8736
f 8724 8770 8760
f 8728 8771 8761
f 8737 8771 8728
f 8711 8772 8762
f 8722 8772 8711
f 8723 8773 8712
f 8712 8773 8763
f 8749 8774 8738
f 8738 8774 8765
f 8768 8775 8759
f 8759 8775 8766
f 8755 8776 8767
f 8756 8777 8746
f 8746 8777 8768
f 8724 8778 8770
f 8733 8778 8724
f 8737 8779 8771
f 8748 8779 8737
f 8731 8780 8722
f 8722 8780 8772
f 8742 8780 8731
f 8732 8781 8723
f 8723 8781 8773
f 8758 8782 8749
f 8749 8782 8774
f 8751 8783 8740
f 8740 8783 8741
f 8741 8783 8784
f 8768 8785 8775
f 8764 8786 8755
f 8755 8786 8776
f 8765 8787 8756
f 8756 8787 8777
f 8754 8788 8744
f 8733 8788 8778
f 8744 8788 8733
f 8757 8789 8748
f 8748 8789 8779
f 8742 8790 8780
f 8743 8791 8732
f 8732 8791 8781
f 8767 8792 8758
f 8758 8792 8782
f 8760 8793 8751
f 8751 8793 8783
f 984 8794 8769
f 8769 8794 8764
f 8764 8794 8786
f 8768 8795 8785
f 8777 8795 8768
f 8787 8795 8777
f 8774 8796 8765
f 8765 8796 8787
f 8782 8796 8774
f 8754 8797 8788
f 8766 8798 8757
f 8757 8798 8789
f 8742 8799 8790
f 8752 8799 8742
f 8743 8800 8791
f 8753 8800 8743
f 8767 8801 8792
f 8776 8801 8767
f 8770 8802 8760
f 8760 8802 8793
f 8796 8803 8787
f 8787 8803 8795
f 8782 8804 8796
f 8754 8805 8797
f 8763 8805 8754
f 8766 8806 8798
f 8775 8806 8766
f 8761 8807 8752
f 8752 8807 8799
f 8772 8808 8762
f 8753 8808 8800
f 8762 8808 8753
f 8786 8809 8776
f 8776 8809 8801
f 8794 8809 8786
f 8770 8810 8802
f 8796 8811 8803
f 8782 8812 8804
f 8801 8812 8792
f 8792 8812 8782
f 8763 8813 8805
f 8773 8813 8763
f 980 8814 984
f 984 8814 8794
f 8794 8814 8809
f 8785 8815 8775
f 8775 8815 8806
f 8761 8816 8807
f 8771 8816 8761
f 8772 8817 8808
f 8770 8818 8810
f 8778 8818 8770
f 8788 8818 8778
f 8804 8819 8796
f 8796 8819 8811
f 8801 8820 8812
f 8773 8821 8813
f 8781 8821 8773
f 8785 8822 8815
f 8803 8822 8795
f 8795 8822 8785
f 8783 8823 8784
f 8784 8823 8824
f 8771 8825 8816
f 8779 8825 8771
f 8772 8826 8817
f 8780 8826 8772
f 8788 8827 8818
f 8804 8828 8819
f 8812 8828 8804
f 8801 8829 8820
f 8809 8829 8801
f 8781 8830 8821
f 8800 8830 8791
f 8791 8830 8781
f 8803 8831 8822
f 8783 8832 8823
f 8793 8832 8783
f 8789 8833 8779
f 8779 8833 8825
f 8798 8833 8789
f 8790 8834 8780
f 8780 8834 8826
f 8797 8835 8788
f 8788 8835 8827
f 8809 8836 8829
f 980 8836 8814
f 8814 8836 8809
f 8812 8837 8828
f 8820 8837 8812
f 8829 8837 8820
f 8800 8838 8830
f 8803 8839 8831
f 8819 8839 8811
f 8811 8839 8803
f 8802 8840 8793
f 8793 8840 8832
f 8810 8840 8802
f 8798 8841 8833
f 8806 8841 8798
f 8790 8842 8834
f 8807 8842 8799
f 8799 8842 8790
f 8805 8843 8797
f 8813 8843 8805
f 8797 8843 8835
f 8829 8844 8837
f 8800 8845 8838
f 8808 8845 8800
f 8817 8845 8808
f 8819 8846 8839
f 8810 8847 8840
f 8806 8848 8841
f 8807 8849 8842
f 8813 8850 8843
f 976 8851 980
f 8836 8851 8829
f 980 8851 8836
f 8829 8851 8844
f 8817 8852 8845
f 8837 8853 8828
f 8828 8853 8819
f 8819 8853 8846
f 8827 8854 8818
f 8818 8854 8810
f 8810 8854 8847
f 8815 8855 8806
f 8806 8855 8848
f 8822 8855 8815
f 8816 8856 8807
f 8807 8856 8849
f 8821 8857 8813
f 8813 8857 8850
f 8823 8858 8824
f 8824 8858 8859
f 8817 8860 8852
f 8834 8860 8826
f 8826 8860 8817
f 8837 8861 8853
f 8827 8862 8854
f 8822 8863 8855
f 8831 8863 8822
f 8825 8864 8816
f 8816 8864 8856
f 8821 8865 8857
f 8830 8865 8821
f 8838 8865 8830
f 8823 8866 8858
f 8832 8866 8823
f 8840 8866 8832
f 8834 8867 8860
f 8837 8868 8861
f 8844 8868 8837
f 8851 8868 8844
f 8835 8869 8827
f 8827 8869 8862
f 8831 8870 8863
f 8833 8871 8825
f 8825 8871 8864
f 8858 8872 8859
f 8859 8872 8873
f 8838 8874 8865
f 8840 8875 8866
f 8851 8876 8868
f 976 8876 8851
f 8842 8877 8834
f 8834 8877 8867
f 8835 8878 8869
f 8843 8878 8835
f 8831 8879 8870
f 8839 8879 8831
f 8833 8880 8871
f 8841 8880 8833
f 8848 8880 8841
f 8866 8881 8858
f 8858 8881 8872
f 8845 8882 8838
f 8838 8882 8874
f 8847 8883 8840
f 8840 8883 8875
f 8842 8884 8877
f 8849 8884 8842
f 8843 8885 8878
f 8850 8885 8843
f 8839 8886 8879
f 8846 8886 8839
f 8848 8887 8880
f 8875 8888 8866
f 8883 8888 8875
f 8866 8888 8881
f 8852 8889 8845
f 8845 8889 8882
f 8860 8889 8852
f 8854 8890 8847
f 8847 8890 8883
f 8856 8891 8849
f 8849 8891 8884
f 8857 8892 8850
f 8850 8892 8885
f 8861 8893 8853
f 8853 8893 8846
f 8846 8893 8886
f 8881 8894 8872
f 8872 8894 8873
f 8855 8895 8848
f 8848 8895 8887
f 8883 8896 8888
f 8860 8897 8889
f 8862 8898 8854
f 8854 8898 8890
f 8864 8899 8856
f 8856 8899 8891
f 8865 8900 8857
f 8857 8900 8892
f 8861 8901 8893
f 8888 8902 8881
f 8881 8902 8894
f 8855 8903 8895
f 8863 8903 8855
f 8898 8904 8890
f 8890 8904 8883
f 8883 8904 8896
f 8860 8905 8897
f 8877 8905 8867
f 8867 8905 8860
f 8862 8906 8898
f 8869 8906 8862
f 8871 8907 8864
f 8864 8907 8899
f 8865 8908 8900
f 8874 8908 8865
f 8861 8909 8901
f 8868 8909 8861
f 8876 8909 8868
f 8888 8910 8902
f 8863 8911 8903
f 8870 8911 8863
f 8898 8912 8904
f 8877 8913 8905
f 8894 8914 8873
f 8873 8914 8915
f 8878 8916 8869
f 8869 8916 8906
f 972 8917 976
f 8876 8917 8909
f 976 8917 8876
f 8871 8918 8907
f 8880 8918 8871
f 8874 8919 8908
f 8882 8919 8874
f 8896 8920 8888
f 8888 8920 8910
f 8870 8921 8911
f 8879 8921 8870
f 8898 8922 8912
f 8906 8922 8898
f 8891 8923 8884
f 8884 8923 8877
f 8877 8923 8913
f 8902 8924 8894
f 8894 8924 8914
f 8910 8924 8902
f 8878 8925 8916
f 8885 8925 8878
f 8880 8926 8918
f 8887 8926 8880
f 8897 8927 8889
f 8889 8927 8882
f 8882 8927 8919
f 8904 8928 8896
f 8896 8928 8920
f 8886 8929 8879
f 8879 8929 8921
f 8925 8930 8916
f 8916 8930 8906
f 8906 8930 8922
f 8891 8931 8923
f 8899 8931 8891
f 8910 8932 8924
f 8920 8932 8910
f 8892 8933 8885
f 8885 8933 8925
f 8887 8934 8926
f 8895 8934 8887
f 8897 8935 8927
f 8912 8936 8904
f 8904 8936 8928
f 8914 8937 8915
f 8886 8938 8929
f 8893 8938 8886
f 8933 8939 8925
f 8925 8939 8930
f 8899 8940 8931
f 8920 8941 8932
f 8900 8942 8892
f 8892 8942 8933
f 8903 8943 8895
f 8895 8943 8934
f 8905 8944 8897
f 8897 8944 8935
f 8912 8945 8936
f 8930 8945 8922
f 8922 8945 8912
f 8914 8946 8937
f 8924 8946 8914
f 8901 8947 8893
f 8893 8947 8938
f 8909 8947 8901
f 8933 8948 8939
f 8907 8949 8899
f 8899 8949 8940
f 8920 8950 8941
f 8928 8950 8920
f 8900 8951 8942
f 8908 8951 8900
f 8911 8952 8903
f 8903 8952 8943
f 8905 8953 8944
f 8913 8953 8905
f 8930 8954 8945
f 8924 8955 8946
f 8932 8955 8924
f 8909 8956 8947
f 8942 8957 8933
f 8933 8957 8948
f 8951 8957 8942
f 8918 8958 8907
f 8907 8958 8949
f 8936 8959 8928
f 8945 8959 8936
f 8928 8959 8950
f 8919 8960 8908
f 8908 8960 8951
f 8937 8961 8915
f 8915 8961 8962
f 8909 8963 8956
f 968 8963 972
f 972 8963 8917
f 8917 8963 8909
f 8929 8964 8921
f 8911 8964 8952
f 8921 8964 8911
f 8923 8965 8913
f 8913 8965 8953
f 8931 8965 8923
f 8939 8966 8930
f 8930 8966 8954
f 8941 8967 8932
f 8932 8967 8955
f 8951 8968 8957
f 8926 8969 8918
f 8934 8969 8926
f 8918 8969 8958
f 8945 8970 8959
f 8927 8971 8919
f 8919 8971 8960
f 8937 8972 8961
f 8955 8972 8946
f 8946 8972 8937
f 8929 8973 8964
f 8931 8974 8965
f 8939 8975 8966
f 8948 8975 8939
f 8950 8976 8941
f 8941 8976 8967
f 8959 8976 8950
f 8960 8977 8951
f 8951 8977 8968
f 8934 8978 8969
f 8943 8978 8934
f 8945 8979 8970
f 8966 8979 8954
f 8954 8979 8945
f 8935 8980 8927
f 8927 8980 8971
f 8955 8981 8972
f 8938 8982 8929
f 8929 8982 8973
f 8947 8982 8938
f 8940 8983 8931
f 8949 8983 8940
f 8931 8983 8974
f 8957 8984 8948
f 8948 8984 8975
f 8968 8984 8957
f 8959 8985 8976
f 8961 8986 8962
f 8960 8987 8977
f 8971 8987 8960
f 8943 8988 8978
f 8975 8989 8966
f 8966 8989 8979
f 8935 8990 8980
f 8944 8990 8935
f 8967 8991 8955
f 8955 8991 8981
f 8947 8992 8982
f 8949 8993 8983
f 8968 8994 8984
f 8959 8995 8985
f 8970 8995 8959
f 8972 8996 8961
f 8961 8996 8986
f 8980 8997 8971
f 8971 8997 8987
f 8964 8998 8952
f 8952 8998 8943
f 8943 8998 8988
f 8975 8999 8989
f 8953 9000 8944
f 8944 9000 8990
f 8967 9001 8991
f 8976 9001 8967
f 8947 9002 8992
f 8956 9002 8947
f 8958 9003 8949
f 8949 9003 8993
f 8968 9004 8994
f 8977 9004 8968
f 8987 9004 8977
f 8979 9005 8970
f 8970 9005 8995
f 8981 9006 8972
f 8972 9006 8996
f 9000 9007 8990
f 8980 9007 8997
f 8990 9007 8980
f 8964 9008 8998
f 8984 9009 8975
f 8975 9009 8999
f 8953 9010 9000
f 8965 9010 8953
f 8985 9011 8976
f 8976 9011 9001
f 8996 9012 8986
f 8986 9012 8962
f 8962 9012 9013
f 963 9014 968
f 8956 9014 9002
f 8963 9014 8956
f 9002 9014 963
f 968 9014 8963
f 8958 9015 9003
f 8969 9015 8958
f 8997 9016 8987
f 8987 9016 9004
f 8979 9017 9005
f 8999 9017 8989
f 8989 9017 8979
f 8981 9018 9006
f 8991 9018 8981
f 9000 9019 9007
f 8964 9020 9008
f 8973 9020 8964
f 8994 9021 8984
f 8984 9021 9009
f 8974 9022 8965
f 8965 9022 9010
f 8983 9022 8974
f 8995 9023 8985
f 8985 9023 9011
f 8996 9024 9012
f 8969 9025 9015
f 8978 9025 8969
f 8997 9026 9016
f 8999 9027 9017
f 8991 9028 9018
f 9001 9028 8991
f 9011 9028 9001
f 9010 9029 9000
f 9000 9029 9019
f 9022 9029 9010
f 8982 9030 8973
f 8973 9030 9020
f 9004 9031 8994
f 8994 9031 9021
f 8983 9032 9022
f 9005 9033 8995
f 8995 9033 9023
f 9006 9034 8996
f 8996 9034 9024
f 8988 9035 8978
f 8998 9035 8988
f 8978 9035 9025
f 9007 9036 8997
f 8997 9036 9026
f 8999 9037 9027
f 9009 9037 8999
f 9011 9038 9028
f 9012 9039 9013
f 9022 9040 9029
f 9002 9041 8992
f 8992 9041 8982
f 8982 9041 9030
f 9004 9042 9031
f 9016 9042 9004
f 8993 9043 8983
f 8983 9043 9032
f 9005 9044 9033
f 9017 9044 9005
f 9018 9045 9006
f 9006 9045 9034
f 8998 9046 9035
f 9008 9046 8998
f 9007 9047 9036
f 9019 9047 9007
f 9021 9048 9009
f 9009 9048 9037
f 9011 9049 9038
f 9023 9049 9011
f 9034 9050 9024
f 9012 9050 9039
f 9024 9050 9012
f 9043 9051 9032
f 9032 9051 9022
f 9022 9051 9040
f 9002 9052 9041
f 963 9052 9002
f 9016 9053 9042
f 9026 9053 9016
f 9003 9054 8993
f 8993 9054 9043
f 9027 9055 9017
f 9017 9055 9044
f 9018 9056 9045
f 9028 9056 9018
f 9008 9057 9046
f 9020 9057 9008
f 9040 9058 9029
f 9029 9058 9019
f 9019 9058 9047
f 9021 9059 9048
f 9031 9059 9021
f 9042 9059 9031
f 9033 9060 9023
f 9023 9060 9049
f 9034 9061 9050
f 959 9062 963
f 9052 9062 959
f 963 9062 9052
f 9043 9063 9051
f 9054 9063 9043
f 9036 9064 9026
f 9026 9064 9053
f 9015 9065 9003
f 9003 9065 9054
f 9048 9066 9037
f 9037 9066 9027
f 9027 9066 9055
f 9038 9067 9028
f 9028 9067 9056
f 9039 9068 9013
f 9013 9068 9069
f 9020 9070 9057
f 9040 9071 9058
f 9042 9072 9059
f 9053 9072 9042
f 9044 9073 9033
f 9033 9073 9060
f 9045 9074 9034
f 9034 9074 9061
f 9054 9075 9063
f 9036 9076 9064
f 9047 9076 9036
f 9025 9077 9015
f 9015 9077 9065
f 9048 9078 9066
f 9049 9079 9038
f 9038 9079 9067
f 9039 9080 9068
f 9050 9080 9039
f 9030 9081 9020
f 9020 9081 9070
f 9063 9082 9051
f 9040 9082 9071
f 9051 9082 9040
f 9053 9083 9072
f 9044 9084 9073
f 9066 9084 9055
f 9055 9084 9044
f 9045 9085 9074
f 9056 9085 9045
f 9054 9086 9075
f 9065 9086 9054
f 9047 9087 9076
f 9058 9087 9047
f 9025 9088 9077
f 9035 9088 9025
f 9059 9089 9048
f 9048 9089 9078
f 9060 9090 9049
f 9073 9090 9060
f 9049 9090 9079
f 9050 9091 9080
f 9061 9091 9050
f 9030 9092 9081
f 9041 9092 9030
f 9063 9093 9082
f 9076 9094 9064
f 9064 9094 9053
f 9053 9094 9083
f 9066 9095 9084
f 9067 9096 9056
f 9056 9096 9085
f 9068 9097 9069
f 9088 9098 9077
f 9077 9098 9065
f 9065 9098 9086
f 9071 9099 9058
f 9058 9099 9087
f 9046 9100 9035
f 9035 9100 9088
f 9057 9100 9046
f 9059 9101 9089
f 9072 9101 9059
f 9073 9102 9090
f 9074 9103 9061
f 9061 9103 9091
f 9092 9104 955
f 9052 9104 9041
f 959 9104 9052
f 9041 9104 9092
f 9063 9105 9093
f 9075 9105 9063
f 9076 9106 9094
f 9066 9107 9095
f 9078 9107 9066
f 9067 9108 9096
f 9079 9108 9067
f 9080 9109 9068
f 9091 9109 9080
f 9068 9109 9097
f 9088 9110 9098
f 9071 9111 9099
f 9082 9111 9071
f 9057 9112 9100
f 9072 9113 9101
f 9083 9113 9072
f 9095 9114 9084
f 9073 9114 9102
f 9084 9114 9073
f 9096 9115 9085
f 9085 9115 9074
f 9074 9115 9103
f 955 9116 959
f 9104 9116 955
f 959 9116 9104
f 9075 9117 9105
f 9086 9117 9075
f 9076 9118 9106
f 9087 9118 9076
f 9089 9119 9078
f 9078 9119 9107
f 9079 9120 9108
f 9102 9120 9090
f 9090 9120 9079
f 9091 9121 9109
f 9100 9122 9088
f 9088 9122 9110
f 9082 9123 9111
f 9093 9123 9082
f 9070 9124 9057
f 9057 9124 9112
f 9094 9125 9083
f 9083 9125 9113
f 9095 9126 9114
f 9096 9127 9115
f 9097 9128 9069
f 9069 9128 9129
f 9098 9130 9086
f 9086 9130 9117
f 9099 9131 9087
f 9087 9131 9118
f 9101 9132 9089
f 9089 9132 9119
f 9102 9133 9120
f 9103 9134 9091
f 9091 9134 9121
f 9112 9135 9100
f 9100 9135 9122
f 9105 9136 9093
f 9093 9136 9123
f 9070 9137 9124
f 9081 9137 9070
f 9106 9138 9094
f 9094 9138 9125
f 9107 9139 9095
f 9095 9139 9126
f 9096 9140 9127
f 9108 9140 9096
f 9097 9141 9128
f 9109 9141 9097
f 9110 9142 9098
f 9098 9142 9130
f 9099 9143 9131
f 9111 9143 9099
f 9113 9144 9101
f 9101 9144 9132
f 9102 9145 9133
f 9114 9145 9102
f 9115 9146 9103
f 9103 9146 9134
f 9127 9146 9115
f 9124 9147 9112
f 9112 9147 9135
f 9130 9148 9117
f 9105 9148 9136
f 9117 9148 9105
f 9081 9149 9137
f 955 9149 9092
f 9092 9149 9081
f 9118 9150 9106
f 9106 9150 9138
f 9119 9151 9107
f 9107 9151 9139
f 9108 9152 9140
f 9120 9152 9108
f 9109 9153 9141
f 9121 9153 9109
f 9110 9154 9142
f 9135 9154 9122
f 9122 9154 9110
f 9111 9155 9143
f 9123 9155 9111
f 9113 9156 9144
f 9125 9156 9113
f 9114 9157 9145
f 9126 9157 9114
f 9127 9158 9146
f 9128 9159 9129
f 9137 9160 9124
f 9124 9160 9147
f 9130 9161 9148
f 955 9162 9149
f 9118 9163 9150
f 9131 9163 9118
f 9132 9164 9119
f 9144 9164 9132
f 9119 9164 9151
f 9133 9165 9120
f 9120 9165 9152
f 9134 9166 9121
f 9121 9166 9153
f 9135 9167 9154
f 9136 9168 9123
f 9123 9168 9155
f 9138 9169 9125
f 9125 9169 9156
f 9150 9169 9138
f 9139 9170 9126
f 9151 9170 9139
f 9126 9170 9157
f 9127 9171 9158
f 9140 9171 9127
f 9141 9172 9128
f 9153 9172 9141
f 9128 9172 9159
f 951 9173 955
f 955 9173 9162
f 9149 9174 9137
f 9137 9174 9160
f 9142 9175 9130
f 9130 9175 9161
f 9131 9176 9163
f 9143 9176 9131
f 9144 9177 9164
f 9156 9177 9144
f 9145 9178 9133
f 9133 9178 9165
f 9157 9178 9145
f 9146 9179 9134
f 9134 9179 9166
f 9158 9179 9146
f 9135 9180 9167
f 9147 9180 9135
f 9148 9181 9136
f 9136 9181 9168
f 9161 9181 9148
f 9150 9182 9169
f 9151 9183 9170
f 9140 9184 9171
f 9152 9184 9140
f 9165 9184 9152
f 9153 9185 9172
f 9162 9186 9149
f 9173 9186 9162
f 9149 9186 9174
f 9167 9187 9154
f 9142 9187 9175
f 9154 9187 9142
f 9143 9188 9176
f 9155 9188 9143
f 9156 9189 9177
f 9157 9190 9178
f 9158 9191 9179
f 9159 9192 9129
f 9129 9192 9193
f 9174 9194 9160
f 9147 9194 9180
f 9160 9194 9147
f 9161 9195 9181
f 9163 9196 9150
f 9150 9196 9182
f 951 9197 9173
f 9173 9197 9186
f 9164 9198 9151
f 9151 9198 9183
f 9165 9199 9184
f 9153 9200 9185
f 9166 9200 9153
f 9167 9201 9187
f 9155 9202 9188
f 9181 9202 9168
f 9168 9202 9155
f 9169 9203 9156
f 9156 9203 9189
f 9170 9204 9157
f 9157 9204 9190
f 9171 9205 9158
f 9158 9205 9191
f 9172 9206 9159
f 9159 9206 9192
f 9185 9206 9172
f 9174 9207 9194
f 9175 9208 9161
f 9187 9208 9175
f 9161 9208 9195
f 9176 9209 9163
f 9163 9209 9196
f 9177 9210 9164
f 9189 9210 9177
f 9164 9210 9198
f 9165 9211 9199
f 9190 9211 9178
f 9178 9211 9165
f 9179 9212 9166
f 9166 9212 9200
f 9180 9213 9167
f 9167 9213 9201
f 9181 9214 9202
f 9182 9215 9169
f 9169 9215 9203
f 9196 9215 9182
f 9170 9216 9204
f 9183 9216 9170
f 9198 9216 9183
f 9171 9217 9205
f 9184 9217 9171
f 9185 9218 9206
f 9174 9219 9207
f 9186 9219 9174
f 9187 9220 9208
f 9176 9221 9209
f 9188 9221 9176
f 9189 9222 9210
f 9190 9223 9211
f 9204 9223 9190
f 9179 9224 9212
f 9191 9224 9179
f 9192 9225 9193
f 9207 9226 9194
f 9194 9226 9180
f 9180 9226 9213
f 9195 9227 9181
f 9181 9227 9214
f 9196 9228 9215
f 9198 9229 9216
f 9210 9229 9198
f 9184 9230 9217
f 9211 9230 9199
f 9199 9230 9184
f 9197 9231 9186
f 951 9231 9197
f 9186 9231 9219
f 947 9231 951
f 9200 9232 9185
f 9185 9232 9218
f 9201 9233 9187
f 9187 9233 9220
f 9202 9234 9188
f 9188 9234 9221
f 9203 9235 9189
f 9189 9235 9222
f 9204 9236 9223
f 9217 9237 9205
f 9205 9237 9191
f 9191 9237 9224
f 9192 9238 9225
f 9206 9238 9192
f 9207 9239 9226
f 9195 9240 9227
f 9208 9240 9195
f 9209 9241 9196
f 9196 9241 9228
f 9210 9242 9229
f 9211 9243 9230
f 9200 9244 9232
f 9212 9244 9200
f 9213 9245 9201
f 9201 9245 9233
f 9214 9246 9202
f 9202 9246 9234
f 9228 9247 9215
f 9215 9247 9203
f 9203 9247 9235
f 9229 9248 9216
f 9216 9248 9204
f 9204 9248 9236
f 9230 9249 9217
f 9217 9249 9237
f 9206 9250 9238
f 9218 9250 9206
f 9232 9250 9218
f 9231 9251 9219
f 9207 9251 9239
f 9219 9251 9207
f 9208 9252 9240
f 9220 9252 9208
f 9209 9253 9241
f 9221 9253 9209
f 9222 9254 9210
f 9235 9254 9222
f 9210 9254 9242
f 9223 9255 9211
f 9211 9255 9243
f 9212 9256 9244
f 9224 9256 9212
f 9225 9257 9193
f 9193 9257 9258
f 9213 9259 9245
f 9226 9259 9213
f 9214 9260 9246
f 9227 9260 9214
f 9228 9261 9247
f 9229 9262 9248
f 9230 9263 9249
f 9232 9264 9250
f 947 9265 9231
f 9231 9265 9251
f 9233 9266 9220
f 9220 9266 9252
f 9234 9267 9221
f 9221 9267 9253
f 9235 9268 9254
f 9223 9269 9255
f 9236 9269 9223
f 9237 9270 9224
f 9224 9270 9256
f 9238 9271 9225
f 9250 9271 9238
f 9225 9271 9257
f 9239 9272 9226
f 9226 9272 9259
f 9252 9273 9240
f 9240 9273 9227
f 9227 9273 9260
f 9241 9274 9228
f 9228 9274 9261
f 9253 9274 9241
f 9229 9275 9262
f 9242 9275 9229
f 9243 9276 9230
f 9230 9276 9263
f 9244 9277 9232
f 9232 9277 9264
f 9245 9278 9233
f 9233 9278 9266
f 9260 9279 9246
f 9246 9279 9234
f 9234 9279 9267
f 9235 9280 9268
f 9247 9280 9235
f 9261 9280 9247
f 9248 9281 9236
f 9236 9281 9269
f 9249 9282 9237
f 9237 9282 9270
f 9250 9283 9271
f 9251 9284 9239
f 9239 9284 9272
f 9252 9285 9273
f 9253 9286 9274
f 9242 9287 9275
f 9254 9287 9242
f 9269 9288 9255
f 9243 9288 9276
f 9255 9288 9243
f 9244 9289 9277
f 9256 9289 9244
f 9257 9290 9258
f 9245 9291 9278
f 9259 9291 9245
f 9260 9292 9279
f 9261 9293 9280
f 9275 9294 9262
f 9262 9294 9248
f 9248 9294 9281
f 943 9295 947
f 9251 9295 9284
f 947 9295 9265
f 9265 9295 9251
f 9249 9296 9282
f 9263 9296 9249
f 9264 9297 9250
f 9250 9297 9283
f 9266 9298 9252
f 9252 9298 9285
f 9267 9299 9253
f 9253 9299 9286
f 9254 9300 9287
f 9268 9300 9254
f 9269 9301 9288
f 9270 9302 9256
f 9256 9302 9289
f 9271 9303 9257
f 9257 9303 9290
f 9272 9304 9259
f 9259 9304 9291
f 9260 9305 9292
f 9273 9305 9260
f 9261 9306 9293
f 9274 9306 9261
f 9275 9307 9294
f 9263 9308 9296
f 9276 9308 9263
f 9289 9309 9277
f 9264 9309 9297
f 9277 9309 9264
f 9278 9310 9266
f 9266 9310 9298
f 9279 9311 9267
f 9292 9311 9279
f 9267 9311 9299
f 9280 9312 9268
f 9268 9312 9300
f 9281 9313 9269
f 9269 9313 9301
f 9270 9314 9302
f 9282 9314 9270
f 9271 9315 9303
f 9283 9315 9271
f 9272 9316 9304
f 9284 9316 9272
f 9285 9317 9273
f 9273 9317 9305
f 9274 9318 9306
f 9286 9318 9274
f 9275 9319 9307
f 9287 9319 9275
f 9288 9320 9276
f 9301 9320 9288
f 9276 9320 9308
f 9289 9321 9309
f 9290 9322 9258
f 9258 9322 9323
f 9278 9324 9310
f 9291 9324 9278
f 9292 9325 9311
f 9293 9326 9280
f 9280 9326 9312
f 9281 9327 9313
f 9294 9327 9281
f 9282 9328 9314
f 9296 9328 9282
f 9308 9328 9296
f 9283 9329 9315
f 9309 9329 9297
f 9297 9329 9283
f 9295 9330 9284
f 943 9330 9295
f 9284 9330 9316
f 9285 9331 9317
f 9298 9331 9285
f 9299 9332 9286
f 9286 9332 9318
f 9300 9333 9287
f 9287 9333 9319
f 9301 9334 9320
f 9302 9335 9289
f 9289 9335 9321
f 9290 9336 9322
f 9303 9336 9290
f 9304 9337 9291
f 9291 9337 9324
f 9317 9338 9305
f 9292 9338 9325
f 9305 9338 9292
f 9293 9339 9326
f 9306 9339 9293
f 9318 9339 9306
f 9294 9340 9327
f 9307 9340 9294
f 9308 9341 9328
f 9309 9342 9329
f 9310 9343 9298
f 9298 9343 9331
f 9311 9344 9299
f 9299 9344 9332
f 9300 9345 9333
f 9326 9345 9312
f 9312 9345 9300
f 9301 9346 9334
f 9313 9346 9301
f 9328 9347 9314
f 9302 9347 9335
f 9314 9347 9302
f 9303 9348 9336
f 9315 9348 9303
f 9316 9349 9304
f 9304 9349 9337
f 9330 9349 9316
f 9331 9350 9317
f 9317 9350 9338
f 9318 9351 9339
f 9319 9352 9307
f 9307 9352 9340
f 9333 9352 9319
f 9308 9353 9341
f 9320 9353 9308
f 9309 9354 9342
f 9335 9354 9321
f 9321 9354 9309
f 9322 9355 9323
f 9310 9356 9343
f 9324 9356 9310
f 9311 9357 9344
f 9325 9357 9311
f 9326 9358 9345
f 943 9359 9330
f 939 9359 943
f 9330 9359 9349
f 9313 9360 9346
f 9327 9360 9313
f 9340 9360 9327
f 9328 9361 9347
f 9315 9362 9348
f 9329 9362 9315
f 9331 9363 9350
f 9318 9364 9351
f 9332 9364 9318
f 9333 9365 9352
f 9320 9366 9353
f 9346 9366 9334
f 9334 9366 9320
f 9335 9367 9354
f 9336 9368 9322
f 9322 9368 9355
f 9348 9368 9336
f 9337 9369 9324
f 9324 9369 9356
f 9338 9370 9325
f 9325 9370 9357
f 9350 9370 9338
f 9326 9371 9358
f 9339 9371 9326
f 9340 9372 9360
f 9328 9373 9361
f 9341 9373 9328
f 9342 9374 9329
f 9329 9374 9362
f 9354 9374 9342
f 9343 9375 9331
f 9331 9375 9363
f 9344 9376 9332
f 9332 9376 9364
f 9357 9376 9344
f 9345 9377 9333
f 9333 9377 9365
f 9346 9378 9366
f 9347 9379 9335
f 9335 9379 9367
f 9361 9379 9347
f 9348 9380 9368
f 9337 9381 9369
f 9349 9381 9337
f 9350 9382 9370
f 9363 9382 9350
f 9339 9383 9371
f 9351 9383 9339
f 9340 9384 9372
f 9352 9384 9340
f 9365 9384 9352
f 9341 9385 9373
f 9353 9385 9341
f 9354 9386 9374
f 9355 9387 9323
f 9323 9387 9388
f 9369 9389 9356
f 9356 9389 9343
f 9343 9389 9375
f 9357 9390 9376
f 9370 9390 9357
f 9358 9391 9345
f 9345 9391 9377
f 9360 9392 9346
f 9346 9392 9378
f 9361 9393 9379
f 9373 9393 9361
f 9348 9394 9380
f 9362 9394 9348
f 9349 9395 9381
f 939 9395 9359
f 9359 9395 9349
f 9375 9396 9363
f 9363 9396 9382
f 9351 9397 9383
f 9364 9397 9351
f 9365 9398 9384
f 9353 9399 9385
f 9366 9399 9353
f 9367 9400 9354
f 9354 9400 9386
f 9355 9401 9387
f 9368 9401 9355
f 9369 9402 9389
f 9370 9403 9390
f 9358 9404 9391
f 9371 9404 9358
f 9372 9405 9360
f 9360 9405 9392
f 9373 9406 9393
f 9374 9407 9362
f 9362 9407 9394
f 9375 9408 9396
f 9376 9409 9364
f 9364 9409 9397
f 9391 9410 9377
f 9365 9410 9398
f 9377 9410 9365
f 9378 9411 9366
f 9366 9411 9399
f 9367 9412 9400
f 9379 9412 9367
f 9380 9413 9368
f 9368 9413 9401
f 9369 9414 9402
f 9381 9414 9369
f 9382 9415 9370
f 9370 9415 9403
f 9383 9416 9371
f 9371 9416 9404
f 9384 9417 9372
f 9372 9417 9405
f 9385 9418 9373
f 9373 9418 9406
f 9386 9419 9374
f 9374 9419 9407
f 9387 9420 9388
f 9401 9420 9387
f 9375 9421 9408
f 9389 9421 9375
f 9376 9422 9409
f 9390 9422 9376
f 9391 9423 9410
f 935 9424 939
f 9381 9424 9414
f 9395 9424 9381
f 939 9424 9395
f 9405 9425 9392
f 9378 9425 9411
f 9392 9425 9378
f 9393 9426 9379
f 9406 9426 9393
f 9379 9426 9412
f 9380 9427 9413
f 9394 9427 9380
f 9382 9428 9415
f 9396 9428 9382
f 9397 9429 9383
f 9383 9429 9416
f 9384 9430 9417
f 9398 9430 9384
f 9385 9431 9418
f 9399 9431 9385
f 9400 9432 9386
f 9386 9432 9419
f 9401 9433 9420
f 9402 9434 9389
f 9389 9434 9421
f 9403 9435 9390
f 9390 9435 9422
f 9391 9436 9423
f 9404 9436 9391
f 9405 9437 9425
f 9406 9438 9426
f 9407 9439 9394
f 9394 9439 9427
f 9408 9440 9396
f 9396 9440 9428
f 9409 9441 9397
f 9422 9441 9409
f 9397 9441 9429
f 9398 9442 9430
f 9410 9442 9398
f 9425 9443 9411
f 9411 9443 9399
f 9399 9443 9431
f 9426 9444 9412
f 9412 9444 9400
f 9400 9444 9432
f 9413 9445 9401
f 9427 9445 9413
f 9401 9445 9433
f 9414 9446 9402
f 9402 9446 9434
f 9415 9447 9403
f 9403 9447 9435
f 9416 9448 9404
f 9429 9448 9416
f 9404 9448 9436
f 9405 9449 9437
f 9417 9449 9405
f 9418 9450 9406
f 9431 9450 9418
f 9406 9450 9438
f 9432 9451 9419
f 9419 9451 9407
f 9407 9451 9439
f 9388 9452 9453
f 9420 9452 9388
f 9434 9454 9421
f 9421 9454 9408
f 9408 9454 9440
f 9422 9455 9441
f 9435 9455 9422
f 9423 9456 9410
f 9410 9456 9442
f 9425 9457 9443
f 9426 9458 9444
f 9427 9459 9445
f 9424 9460 9414
f 935 9460 9424
f 9414 9460 9446
f 9415 9461 9447
f 9428 9461 9415
f 9429 9462 9448
f 9430 9463 9417
f 9417 9463 9449
f 9431 9464 9450
f 9432 9465 9451
f 9420 9466 9452
f 9433 9466 9420
f 9434 9467 9454
f 9447 9468 9435
f 9435 9468 9455
f 9436 9469 9423
f 9423 9469 9456
f 9437 9470 9425
f 9425 9470 9457
f 9426 9471 9458
f 9438 9471 9426
f 9439 9472 9427
f 9451 9472 9439
f 9427 9472 9459
f 9428 9473 9461
f 9440 9473 9428
f 9429 9474 9462
f 9441 9474 9429
f 9430 9475 9463
f 9442 9475 9430
f 9456 9475 9442
f 9443 9476 9431
f 9457 9476 9443
f 9431 9476 9464
f 9432 9477 9465
f 9444 9477 9432
f 9445 9478 9433
f 9433 9478 9466
f 9434 9479 9467
f 9446 9479 9434
f 9447 9480 9468
f 9448 9481 9436
f 9436 9481 9469
f 9449 9482 9437
f 9437 9482 9470
f 9450 9483 9438
f 9438 9483 9471
f 9465 9484 9451
f 9451 9484 9472
f 9452 9485 9453
f 9454 9486 9440
f 9440 9486 9473
f 9455 9487 9441
f 9441 9487 9474
f 9446 9488 9479
f 935 9488 9460
f 931 9488 935
f 9460 9488 9446
f 9456 9489 9475
f 9469 9489 9456
f 9457 9490 9476
f 9444 9491 9477
f 9458 9491 9444
f 9445 9492 9478
f 9459 9492 9445
f 9447 9493 9480
f 9461 9493 9447
f 9448 9494 9481
f 9462 9494 9448
f 9449 9495 9482
f 9463 9495 9449
f 9450 9496 9483
f 9464 9496 9450
f 9465 9497 9484
f 9452 9498 9485
f 9466 9498 9452
f 9467 9499 9454
f 9454 9499 9486
f 9480 9500 9468
f 9455 9500 9487
f 9468 9500 9455
f 9469 9501 9489
f 9470 9502 9457
f 9457 9502 9490
f 9471 9503 9458
f 9458 9503 9491
f 9472 9504 9459
f 9459 9504 9492
f 9473 9505 9461
f 9461 9505 9493
f 9462 9506 9494
f 9474 9506 9462
f 9475 9507 9463
f 9463 9507 9495
f 9476 9508 9464
f 9464 9508 9496
f 9477 9509 9465
f 9465 9509 9497
f 9478 9510 9466
f 9466 9510 9498
f 9479 9511 9467
f 9467 9511 9499
f 9488 9511 9479
f 9480 9512 9500
f 9481 9513 9469
f 9469 9513 9501
f 9470 9514 9502
f 9482 9514 9470
f 9495 9514 9482
f 9496 9515 9483
f 9483 9515 9471
f 9471 9515 9503
f 9484 9516 9472
f 9472 9516 9504
f 9486 9517 9473
f 9473 9517 9505
f 9499 9517 9486
f 9487 9518 9474
f 9474 9518 9506
f 9453 9519 9520
f 9485 9519 9453
f 9475 9521 9507
f 9489 9521 9475
f 9490 9522 9476
f 9476 9522 9508
f 9477 9523 9509
f 9491 9523 9477
f 9503 9523 9491
f 9478 9524 9510
f 9492 9524 9478
f 9488 9525 9511
f 931 9525 9488
f 9493 9526 9480
f 9480 9526 9512
f 9481 9527 9513
f 9494 9527 9481
f 9506 9527 9494
f 9495 9528 9514
f 9496 9529 9515
f 9484 9530 9516
f 9497 9530 9484
f 9499 9531 9517
f 9487 9532 9518
f 9500 9532 9487
f 9485 9533 9519
f 9498 9533 9485
f 9489 9534 9521
f 9513 9534 9501
f 9501 9534 9489
f 9490 9535 9522
f 9502 9535 9490
f 9503 9536 9523
f 9504 9537 9492
f 9492 9537 9524
f 9505 9538 9493
f 9493 9538 9526
f 9506 9539 9527
f 9507 9540 9495
f 9495 9540 9528
f 9496 9541 9529
f 9508 9541 9496
f 9509 9542 9497
f 9497 9542 9530
f 9523 9542 9509
f 9499 9543 9531
f 9511 9543 9499
f 9525 9543 9511
f 9512 9544 9500
f 9500 9544 9532
f 9526 9544 9512
f 9524 9545 9510
f 9510 9545 9498
f 9498 9545 9533
f 9513 9546 9534
f 9514 9547 9502
f 9502 9547 9535
f 9515 9548 9503
f 9503 9548 9536
f 9516 9549 9504
f 9504 9549 9537
f 9519 9550 9520
f 9517 9551 9505
f 9505 9551 9538
f 9525 9552 9543
f 927 9552 931
f 931 9552 9525
f 9506 9553 9539
f 9518 9553 9506
f 9521 9554 9507
f 9507 9554 9540
f 9508 9555 9541
f 9522 9555 9508
f 9523 9556 9542
f 9526 9557 9544
f 9524 9558 9545
f 9513 9559 9546
f 9527 9559 9513
f 9514 9560 9547
f 9528 9560 9514
f 9515 9561 9548
f 9529 9561 9515
f 9530 9562 9516
f 9516 9562 9549
f 9545 9563 9533
f 9519 9563 9550
f 9533 9563 9519
f 9517 9564 9551
f 9531 9564 9517
f 9518 9565 9553
f 9532 9565 9518
f 9544 9565 9532
f 9521 9566 9554
f 9534 9566 9521
f 9535 9567 9522
f 9522 9567 9555
f 9523 9568 9556
f 9536 9568 9523
f 9538 9569 9526
f 9526 9569 9557
f 9549 9570 9537
f 9524 9570 9558
f 9537 9570 9524
f 9553 9571 9539
f 9527 9571 9559
f 9539 9571 9527
f 9540 9572 9528
f 9554 9572 9540
f 9528 9572 9560
f 9555 9573 9541
f 9529 9573 9561
f 9541 9573 9529
f 9542 9574 9530
f 9530 9574 9562
f 9545 9575 9563
f 9552 9576 9543
f 9531 9576 9564
f 9543 9576 9531
f 9557 9577 9544
f 9544 9577 9565
f 9546 9578 9534
f 9534 9578 9566
f 9535 9579 9567
f 9547 9579 9535
f 9548 9580 9536
f 9536 9580 9568
f 9551 9581 9538
f 9538 9581 9569
f 9549 9582 9570
f 9562 9582 9549
f 9553 9583 9571
f 9554 9584 9572
f 9567 9585 9555
f 9555 9585 9573
f 9568 9586 9556
f 9556 9586 9542
f 9542 9586 9574
f 9520 9587 9588
f 9563 9587 9550
f 9550 9587 9520
f 9545 9589 9575
f 9558 9589 9545
f 927 9590 9552
f 9552 9590 9576
f 9557 9591 9577
f 9569 9591 9557
f 9559 9592 9546
f 9571 9592 9559
f 9546 9592 9578
f 9547 9593 9579
f 9560 9593 9547
f 9561 9594 9548
f 9548 9594 9580
f 9564 9595 9551
f 9551 9595 9581
f 9562 9596 9582
f 9565 9597 9553
f 9553 9597 9583
f 9554 9598 9584
f 9566 9598 9554
f 9579 9599 9567
f 9567 9599 9585
f 9580 9600 9568
f 9568 9600 9586
f 9563 9601 9587
f 9570 9602 9558
f 9558 9602 9589
f 9569 9603 9591
f 9583 9604 9571
f 9571 9604 9592
f 9560 9605 9593
f 9584 9605 9572
f 9572 9605 9560
f 9573 9606 9561
f 9561 9606 9594
f 9576 9607 9564
f 9564 9607 9595
f 9574 9608 9562
f 9586 9608 9574
f 9562 9608 9596
f 9577 9609 9565
f 9565 9609 9597
f 9566 9610 9598
f 9578 9610 9566
f 9579 9611 9599
f 9580 9612 9600
f 9575 9613 9563
f 9563 9613 9601
f 9570 9614 9602
f 9582 9614 9570
f 9587 9615 9588
f 9601 9615 9587
f 9581 9616 9569
f 9569 9616 9603
f 923 9617 927
f 927 9617 9590
f 9590 9617 9576
f 9576 9617 9607
f 9583 9618 9604
f 9598 9619 9584
f 9584 9619 9605
f 9585 9620 9573
f 9573 9620 9606
f 9586 9621 9608
f 9577 9622 9609
f 9591 9622 9577
f 9592 9623 9578
f 9578 9623 9610
f 9593 9624 9579
f 9579 9624 9611
f 9580 9625 9612
f 9594 9625 9580
f 9606 9625 9594
f 9575 9626 9613
f 9589 9626 9575
f 9582 9627 9614
f 9596 9627 9582
f 9601 9628 9615
f 9581 9629 9616
f 9595 9629 9581
f 9583 9630 9618
f 9609 9630 9597
f 9597 9630 9583
f 9598 9631 9619
f 9585 9632 9620
f 9599 9632 9585
f 9586 9633 9621
f 9600 9633 9586
f 9591 9634 9622
f 9603 9634 9591
f 9604 9635 9592
f 9592 9635 9623
f 9605 9636 9593
f 9593 9636 9624
f 9606 9637 9625
f 9589 9638 9626
f 9602 9638 9589
f 9608 9639 9596
f 9596 9639 9627
f 9613 9640 9601
f 9601 9640 9628
f 9617 9641 9607
f 9607 9641 9595
f 9595 9641 9629
f 9609 9642 9630
f 9610 9643 9598
f 9598 9643 9631
f 9611 9644 9599
f 9599 9644 9632
f 9624 9644 9611
f 9625 9645 9612
f 9600 9645 9633
f 9612 9645 9600
f 9629 9646 9616
f 9603 9646 9634
f 9616 9646 9603
f 9618 9647 9604
f 9604 9647 9635
f 9605 9648 9636
f 9619 9648 9605
f 9606 9649 9637
f 9620 9649 9606
f 9614 9650 9602
f 9602 9650 9638
f 9621 9651 9608
f 9633 9651 9621
f 9608 9651 9639
f 9626 9652 9613
f 9613 9652 9640
f 9588 9653 9654
f 9615 9653 9588
f 923 9655 9617
f 9617 9655 9641
f 9609 9656 9642
f 9634 9656 9622
f 9622 9656 9609
f 9623 9657 9610
f 9610 9657 9643
f 9624 9658 9644
f 9625 9659 9645
f 9629 9660 9646
f 9618 9661 9647
f 9642 9661 9630
f 9630 9661 9618
f 9631 9662 9619
f 9619 9662 9648
f 9643 9662 9631
f 9620 9663 9649
f 9632 9663 9620
f 9614 9664 9650
f 9627 9664 9614
f 9633 9665 9651
f 9626 9666 9652
f 9638 9666 9626
f 9615 9667 9653
f 9628 9667 9615
f 9634 9668 9656
f 9623 9669 9657
f 9647 9669 9635
f 9635 9669 9623
f 9624 9670 9658
f 9636 9670 9624
f 9625 9671 9659
f 9637 9671 9625
f 9641 9672 9629
f 9629 9672 9660
f 9656 9673 9642
f 9642 9673 9661
f 9643 9674 9662
f 9644 9675 9632
f 9632 9675 9663
f 9658 9675 9644
f 9639 9676 9627
f 9627 9676 9664
f 9645 9677 9633
f 9633 9677 9665
f 9650 9678 9638
f 9664 9678 9650
f 9638 9678 9666
f 9653 9679 9654
f 9640 9680 9628
f 9628 9680 9667
f 9652 9680 9640
f 9655 9681 9641
f 919 9681 923
f 923 9681 9655
f 9641 9681 9672
f 9646 9682 9634
f 9634 9682 9668
f 9660 9682 9646
f 9647 9683 9669
f 9648 9684 9636
f 9636 9684 9670
f 9637 9685 9671
f 9649 9685 9637
f 9656 9686 9673
f 9657 9687 9643
f 9643 9687 9674
f 9658 9688 9675
f 9651 9689 9639
f 9639 9689 9676
f 9665 9689 9651
f 9659 9690 9645
f 9645 9690 9677
f 9664 9691 9678
f 9653 9692 9679
f 9680 9692 9667
f 9667 9692 9653
f 9652 9693 9680
f 9660 9694 9682
f 9647 9695 9683
f 9661 9695 9647
f 9648 9696 9684
f 9662 9696 9648
f 9663 9697 9649
f 9649 9697 9685
f 9675 9697 9663
f 9656 9698 9686
f 9668 9698 9656
f 9669 9699 9657
f 9657 9699 9687
f 9684 9700 9670
f 9658 9700 9688
f 9670 9700 9658
f 9665 9701 9689
f 9659 9702 9690
f 9671 9702 9659
f 9676 9703 9664
f 9664 9703 9691
f 9680 9704 9692
f 9678 9705 9666
f 9652 9705 9693
f 9666 9705 9652
f 9681 9706 9672
f 9672 9706 9660
f 9660 9706 9694
f 9673 9707 9661
f 9661 9707 9695
f 9662 9708 9696
f 9674 9708 9662
f 9675 9709 9697
f 9682 9710 9668
f 9668 9710 9698
f 9683 9711 9669
f 9669 9711 9699
f 9684 9712 9700
f 9677 9713 9665
f 9665 9713 9701
f 9671 9714 9702
f 9685 9714 9671
f 9689 9715 9676
f 9676 9715 9703
f 9693 9716 9680
f 9680 9716 9704
f 9678 9717 9705
f 9654 9718 9719
f 9679 9718 9654
f 919 9720 9681
f 9681 9720 9706
f 9686 9721 9673
f 9673 9721 9707
f 9674 9722 9708
f 9687 9722 9674
f 9675 9723 9709
f 9688 9723 9675
f 9694 9724 9682
f 9682 9724 9710
f 9695 9725 9683
f 9707 9725 9695
f 9683 9725 9711
f 9696 9726 9684
f 9684 9726 9712
f 9677 9727 9713
f 9690 9727 9677
f 9702 9727 9690
f 9685 9728 9714
f 9697 9728 9685
f 9689 9729 9715
f 9701 9729 9689
f 9693 9730 9716
f 9705 9730 9693
f 9678 9731 9717
f 9691 9731 9678
f 9679 9732 9718
f 9692 9732 9679
f 9698 9733 9686
f 9686 9733 9721
f 9711 9734 9699
f 9687 9734 9722
f 9699 9734 9687
f 9712 9735 9700
f 9688 9735 9723
f 9700 9735 9688
f 9694 9736 9724
f 9706 9736 9694
f 9707 9737 9725
f 9696 9738 9726
f 9708 9738 9696
f 9722 9738 9708
f 9702 9739 9727
f 9709 9740 9697
f 9697 9740 9728
f 9713 9741 9701
f 9701 9741 9729
f 9717 9742 9705
f 9705 9742 9730
f 9718 9743 9719
f 9715 9744 9703
f 9691 9744 9731
f 9703 9744 9691
f 9704 9745 9692
f 9716 9745 9704
f 9692 9745 9732
f 9706 9746 9736
f 919 9746 9720
f 9720 9746 9706
f 915 9746 919
f 9710 9747 9698
f 9698 9747 9733
f 9711 9748 9734
f 9712 9749 9735
f 9721 9750 9707
f 9733 9750 9721
f 9707 9750 9737
f 9722 9751 9738
f 9714 9752 9702
f 9702 9752 9739
f 9709 9753 9740
f 9723 9753 9709
f 9727 9754 9713
f 9713 9754 9741
f 9731 9755 9717
f 9717 9755 9742
f 9718 9756 9743
f 9732 9756 9718
f 9715 9757 9744
f 9716 9758 9745
f 9710 9759 9747
f 9724 9759 9710
f 9736 9759 9724
f 9725 9760 9711
f 9711 9760 9748
f 9738 9761 9726
f 9712 9761 9749
f 9726 9761 9712
f 9733 9762 9750
f 9747 9762 9733
f 9722 9763 9751
f 9734 9763 9722
f 9728 9764 9714
f 9714 9764 9752
f 9723 9765 9753
f 9735 9765 9723
f 9727 9766 9754
f 9739 9766 9727
f 9752 9766 9739
f 9744 9767 9731
f 9731 9767 9755
f 9745 9768 9732
f 9732 9768 9756
f 9715 9769 9757
f 9729 9769 9715
f 9716 9770 9758
f 9730 9770 9716
f 9742 9770 9730
f 9736 9771 9759
f 9725 9772 9760
f 9737 9772 9725
f 9738 9773 9761
f 9747 9774 9762
f 9748 9775 9734
f 9734 9775 9763
f 9760 9775 9748
f 9753 9776 9740
f 9728 9776 9764
f 9740 9776 9728
f 9749 9777 9735
f 9735 9777 9765
f 9764 9778 9752
f 9752 9778 9766
f 9757 9779 9744
f 9744 9779 9767
f 9745 9780 9768
f 9758 9780 9745
f 9754 9781 9741
f 9729 9781 9769
f 9741 9781 9729
f 9742 9782 9770
f 9719 9783 9784
f 9743 9783 9719
f 915 9785 9746
f 9736 9785 9771
f 9746 9785 9736
f 9737 9786 9772
f 9750 9786 9737
f 9751 9787 9738
f 9738 9787 9773
f 9763 9787 9751
f 9759 9788 9747
f 9747 9788 9774
f 9760 9789 9775
f 9753 9790 9776
f 9749 9791 9777
f 9761 9791 9749
f 9764 9792 9778
f 9781 9793 9769
f 9757 9793 9779
f 9769 9793 9757
f 9782 9794 9770
f 9758 9794 9780
f 9770 9794 9758
f 9754 9795 9781
f 9755 9796 9742
f 9742 9796 9782
f 9743 9797 9783
f 9768 9797 9756
f 9756 9797 9743
f 9750 9798 9786
f 9762 9798 9750
f 9763 9799 9787
f 9759 9800 9788
f 9771 9800 9759
f 9786 9801 9772
f 9760 9801 9789
f 9772 9801 9760
f 9753 9802 9790
f 9765 9802 9753
f 9761 9803 9791
f 9773 9803 9761
f 9790 9804 9776
f 9764 9804 9792
f 9776 9804 9764
f 9781 9805 9793
f 9782 9806 9794
f 9778 9807 9766
f 9766 9807 9754
f 9754 9807 9795
f 9783 9808 9784
f 9779 9809 9767
f 9755 9809 9796
f 9767 9809 9755
f 9768 9810 9797
f 9780 9810 9768
f 9785 9811 9771
f 911 9811 915
f 9771 9811 9800
f 915 9811 9785
f 9762 9812 9798
f 9774 9812 9762
f 9763 9813 9799
f 9775 9813 9763
f 9786 9814 9801
f 9765 9815 9802
f 9777 9815 9765
f 9787 9816 9773
f 9773 9816 9803
f 9790 9817 9804
f 9795 9818 9781
f 9781 9818 9805
f 9782 9819 9806
f 9796 9819 9782
f 9778 9820 9807
f 9792 9820 9778
f 9797 9821 9783
f 9783 9821 9808
f 9779 9822 9809
f 9780 9823 9810
f 9774 9824 9812
f 9788 9824 9774
f 9789 9825 9775
f 9775 9825 9813
f 9786 9826 9814
f 9812 9826 9798
f 9798 9826 9786
f 9791 9827 9777
f 9777 9827 9815
f 9803 9827 9791
f 9787 9828 9816
f 9799 9828 9787
f 9802 9829 9790
f 9790 9829 9817
f 9795 9830 9818
f 9807 9830 9795
f 9796 9831 9819
f 9809 9831 9796
f 9792 9832 9820
f 9797 9833 9821
f 9810 9833 9797
f 9779 9834 9822
f 9793 9834 9779
f 9780 9835 9823
f 9794 9835 9780
f 9800 9836 9788
f 9788 9836 9824
f 9811 9836 9800
f 9814 9837 9801
f 9801 9837 9789
f 9789 9837 9825
f 9812 9838 9826
f 9803 9839 9827
f 9813 9840 9799
f 9799 9840 9828
f 9815 9841 9802
f 9802 9841 9829
f 9832 9842 9820
f 9807 9842 9830
f 9820 9842 9807
f 9822 9843 9809
f 9809 9843 9831
f 9792 9844 9832
f 9804 9844 9792
f 9810 9845 9833
f 9823 9845 9810
f 9793 9846 9834
f 9805 9846 9793
f 9794 9847 9835
f 9806 9847 9794
f 9784 9848 9849
f 9808 9848 9784
f 911 9850 9811
f 9811 9850 9836
f 9814 9851 9837
f 9826 9851 9814
f 9824 9852 9812
f 9812 9852 9838
f 9816 9853 9803
f 9803 9853 9839
f 9813 9854 9840
f 9825 9854 9813
f 9837 9854 9825
f 9815 9855 9841
f 9827 9855 9815
f 9832 9856 9842
f 9822 9857 9843
f 9834 9857 9822
f 9817 9858 9804
f 9804 9858 9844
f 9835 9859 9823
f 9847 9859 9835
f 9823 9859 9845
f 9818 9860 9805
f 9805 9860 9846
f 9819 9861 9806
f 9806 9861 9847
f 9808 9862 9848
f 9821 9862 9808
f 9833 9862 9821
f 9826 9863 9851
f 9824 9864 9852
f 9836 9864 9824
f 9828 9865 9816
f 9816 9865 9853
f 9840 9865 9828
f 9837 9866 9854
f 9827 9867 9855
f 9839 9867 9827
f 9832 9868 9856
f 9844 9868 9832
f 9846 9869 9834
f 9834 9869 9857
f 9841 9870 9829
f 9817 9870 9858
f 9829 9870 9817
f 9847 9871 9859
f 9848 9872 9849
f 9818 9873 9860
f 9830 9873 9818
f 9819 9874 9861
f 9843 9874 9831
f 9831 9874 9819
f 9833 9875 9862
f 911 9876 9850
f 9850 9876 9836
f 907 9876 911
f 9836 9876 9864
f 9838 9877 9826
f 9826 9877 9863
f 9840 9878 9865
f 9851 9879 9837
f 9837 9879 9866
f 9839 9880 9867
f 9853 9880 9839
f 9858 9881 9844
f 9844 9881 9868
f 9846 9882 9869
f 9860 9882 9846
f 9841 9883 9870
f 9861 9884 9847
f 9847 9884 9871
f 9862 9885 9848
f 9848 9885 9872
f 9856 9886 9842
f 9830 9886 9873
f 9842 9886 9830
f 9843 9887 9874
f 9857 9887 9843
f 9845 9888 9833
f 9833 9888 9875
f 9838 9889 9877
f 9852 9889 9838
f 9854 9890 9840
f 9840 9890 9878
f 9866 9890 9854
f 9863 9891 9851
f 9851 9891 9879
f 9853 9892 9880
f 9865 9892 9853
f 9870 9893 9858
f 9858 9893 9881
f 9873 9894 9860
f 9860 9894 9882
f 9841 9895 9883
f 9867 9895 9855
f 9855 9895 9841
f 9874 9896 9861
f 9861 9896 9884
f 9862 9897 9885
f 9875 9897 9862
f 9856 9898 9886
f 9868 9898 9856
f 9857 9899 9887
f 9845 9900 9888
f 9859 9900 9845
f 9871 9900 9859
f 9852 9901 9889
f 9864 9901 9852
f 9866 9902 9890
f 9879 9902 9866
f 9877 9903 9863
f 9863 9903 9891
f 9865 9904 9892
f 9878 9904 9865
f 9870 9905 9893
f 9883 9905 9870
f 9873 9906 9894
f 9886 9906 9873
f 9867 9907 9895
f 9874 9908 9896
f 9887 9908 9874
f 9899 9908 9887
f 9875 9909 9897
f 9888 9909 9875
f 9868 9910 9898
f 9869 9911 9857
f 9857 9911 9899
f 9871 9912 9900
f 9849 9913 9914
f 9872 9913 9849
f 9864 9915 9901
f 907 9915 9876
f 9876 9915 9864
f 9879 9916 9902
f 9877 9917 9903
f 9889 9917 9877
f 9902 9918 9890
f 9890 9918 9878
f 9878 9918 9904
f 9895 9919 9883
f 9883 9919 9905
f 9907 9919 9895
f 9898 9920 9886
f 9886 9920 9906
f 9867 9921 9907
f 9880 9921 9867
f 9899 9922 9908
f 9900 9923 9888
f 9888 9923 9909
f 9912 9923 9900
f 9881 9924 9868
f 9868 9924 9910
f 9882 9925 9869
f 9869 9925 9911
f 9896 9926 9884
f 9884 9926 9871
f 9871 9926 9912
f 9913 9927 9914
f 9885 9927 9872
f 9872 9927 9913
f 9879 9928 9916
f 9903 9928 9891
f 9891 9928 9879
f 9889 9929 9917
f 9901 9929 9889
f 9916 9930 9902
f 9902 9930 9918
f 9907 9931 9919
f 9898 9932 9920
f 9910 9932 9898
f 9880 9933 9921
f 9904 9933 9892
f 9892 9933 9880
f 9899 9934 9922
f 9925 9934 9911
f 9911 9934 9899
f 9912 9935 9923
f 9893 9936 9881
f 9905 9936 9893
f 9881 9936 9924
f 9894 9937 9882
f 9882 9937 9925
f 9906 9937 9894
f 9896 9938 9926
f 9885 9939 9927
f 9897 9939 9885
f 9909 9939 9897
f 907 9940 9915
f 903 9940 907
f 9901 9940 9929
f 9915 9940 9901
f 9903 9941 9928
f 9916 9942 9930
f 9907 9943 9931
f 9921 9943 9907
f 9924 9944 9910
f 9910 9944 9932
f 9904 9945 9933
f 9925 9946 9934
f 9926 9947 9912
f 9912 9947 9935
f 9905 9948 9936
f 9906 9949 9937
f 9908 9950 9896
f 9896 9950 9938
f 9909 9951 9939
f 9917 9952 9903
f 9903 9952 9941
f 9916 9953 9942
f 9928 9953 9916
f 9941 9953 9928
f 9933 9954 9921
f 9921 9954 9943
f 9924 9955 9944
f 9936 9955 9924
f 9918 9956 9904
f 9904 9956 9945
f 9937 9957 9925
f 9925 9957 9946
f 9938 9958 9926
f 9926 9958 9947
f 9919 9959 9905
f 9905 9959 9948
f 9920 9960 9906
f 9906 9960 9949
f 9922 9961 9908
f 9908 9961 9950
f 9909 9962 9951
f 9923 9962 9909
f 9929 9963 9917
f 9917 9963 9952
f 9941 9964 9953
f 9933 9965 9954
f 9945 9965 9933
f 9948 9966 9936
f 9936 9966 9955
f 9918 9967 9956
f 9930 9967 9918
f 9937 9968 9957
f 9949 9968 9937
f 9950 9969 9938
f 9961 9969 9950
f 9938 9969 9958
f 9931 9970 9919
f 9919 9970 9959
f 9943 9970 9931
f 9920 9971 9960
f 9932 9971 9920
f 9922 9972 9961
f 9934 9972 9922
f 9923 9973 9962
f 9935 9973 9923
f 9914 9974 9975
f 9929 9976 9963
f 903 9976 9940
f 9940 9976 9929
f 9941 9977 9964
f 9952 9977 9941
f 9945 9978 9965
f 9956 9978 9945
f 9959 9979 9948
f 9948 9979 9966
f 9970 9979 9959
f 9930 9980 9967
f 9942 9980 9930
f 9960 9981 9949
f 9949 9981 9968
f 9961 9982 9969
f 9943 9983 9970
f 9932 9984 9971
f 9944 9984 9932
f 9957 9985 9946
f 9934 9985 9972
f 9946 9985 9934
f 9935 9986 9973
f 9947 9986 9935
f 9974 9987 9975
f 9927 9987 9914
f 9914 9987 9974
f 9939 9987 9927
f 9963 9988 9952
f 9952 9988 9977
f 9976 9988 9963
f 9967 9989 9956
f 9956 9989 9978
f 9970 9990 9979
f 9953 9991 9942
f 9942 9991 9980
f 9960 9992 9981
f 9971 9992 9960
f 9972 9993 9961
f 9961 9993 9982
f 9954 9994 9943
f 9965 9994 9954
f 9943 9994 9983
f 9955 9995 9944
f 9966 9995 9955
f 9944 9995 9984
f 9957 9996 9985
f 9958 9997 9947
f 9969 9997 9958
f 9947 9997 9986
f 9939 9998 9987
f 9951 9998 9939
f 9976 9999 9988
f 899 9999 903
f 903 9999 9976
f 9980 10000 9967
f 9967 10000 9989
f 9991 10000 9980
f 9983 10001 9970
f 9970 10001 9990
f 9953 10002 9991
f 9964 10002 9953
f 9984 10003 9971
f 9971 10003 9992
f 9972 10004 9993
f 9985 10004 9972
f 9965 10005 9994
f 9966 10006 9995
f 9957 10007 9996
f 9968 10007 9957
f 9969 10008 9997
f 9951 10009 9998
f 9991 10010 10000
f 9983 10011 10001
f 9994 10011 9983
f 9964 10012 10002
f 9977 10012 9964
f 9995 10013 9984
f 9984 10013 10003
f 9996 10014 9985
f 9985 10014 10004
f 9965 10015 10005
f 9978 10015 9965
f 9966 10016 10006
f 9990 10016 9979
f 9979 10016 9966
f 9981 10017 9968
f 9992 10017 9981
f 9968 10017 10007
f 9969 10018 10008
f 9982 10018 9969
f 9951 10019 10009
f 9962 10019 9951
f 10002 10020 9991
f 9991 10020 10010
f 10012 10020 10002
f 9994 10021 10011
f 10005 10021 9994
f 9988 10022 9977
f 9977 10022 10012
f 9995 10023 10013
f 10006 10023 9995
f 9996 10024 10014
f 10007 10024 9996
f 10000 10025 9989
f 9989 10025 9978
f 9978 10025 10015
f 9990 10026 10016
f 9992 10027 10017
f 10003 10027 9992
f 9993 10028 9982
f 10004 10028 9993
f 9982 10028 10018
f 9962 10029 10019
f 9973 10029 9962
f 9975 10030 10031
f 9999 10032 9988
f 899 10032 9999
f 9988 10032 10022
f 10012 10033 10020
f 10005 10034 10021
f 10015 10034 10005
f 10006 10035 10023
f 10016 10035 10006
f 10027 10036 10017
f 10017 10036 10007
f 10007 10036 10024
f 10000 10037 10025
f 10001 10038 9990
f 9990 10038 10026
f 10003 10039 10027
f 10004 10040 10028
f 9986 10041 9973
f 9973 10041 10029
f 9975 10042 10030
f 10030 10042 10031
f 9987 10042 9975
f 10012 10043 10033
f 10032 10043 10022
f 10022 10043 10012
f 10025 10044 10015
f 10015 10044 10034
f 10016 10045 10035
f 10026 10045 10016
f 10027 10046 10036
f 10000 10047 10037
f 10010 10047 10000
f 10021 10048 10011
f 10011 10048 10001
f 10001 10048 10038
f 10003 10049 10039
f 10023 10049 10013
f 10013 10049 10003
f 10024 10050 10014
f 10004 10050 10040
f 10014 10050 10004
f 10008 10051 9997
f 9997 10051 9986
f 9986 10051 10041
f 9987 10052 10042
f 9998 10052 9987
f 899 10053 10032
f 895 10053 899
f 10032 10053 10043
f 10037 10054 10025
f 10047 10054 10037
f 10025 10054 10044
f 10038 10055 10026
f 10026 10055 10045
f 10039 10056 10027
f 10027 10056 10046
f 10020 10057 10010
f 10033 10057 10020
f 10010 10057 10047
f 10021 10058 10048
f 10023 10059 10049
f 10024 10060 10050
f 10008 10061 10051
f 9998 10062 10052
f 10009 10062 9998
f 10047 10063 10054
f 10038 10064 10055
f 10048 10064 10038
f 10049 10065 10039
f 10039 10065 10056
f 10033 10066 10057
f 10021 10067 10058
f 10034 10067 10021
f 10044 10067 10034
f 10035 10068 10023
f 10023 10068 10059
f 10045 10068 10035
f 10024 10069 10060
f 10036 10069 10024
f 10008 10070 10061
f 10018 10070 10008
f 10029 10071 10019
f 10009 10071 10062
f 10019 10071 10009
f 10057 10072 10047
f 10047 10072 10063
f 10067 10073 10058
f 10048 10073 10064
f 10058 10073 10048
f 10049 10074 10065
f 10059 10074 10049
f 10033 10075 10066
f 10043 10075 10033
f 10044 10076 10067
f 10045 10077 10068
f 10036 10078 10069
f 10046 10078 10036
f 10018 10079 10070
f 10028 10079 10018
f 10029 10080 10071
f 10031 10081 10082
f 895 10083 10053
f 10053 10083 10043
f 10043 10083 10075
f 10066 10084 10057
f 10057 10084 10072
f 10067 10085 10073
f 10068 10086 10059
f 10059 10086 10074
f 10077 10086 10068
f 10054 10087 10044
f 10044 10087 10076
f 10055 10088 10045
f 10045 10088 10077
f 10056 10089 10046
f 10065 10089 10056
f 10046 10089 10078
f 10040 10090 10028
f 10050 10090 10040
f 10028 10090 10079
f 10041 10091 10029
f 10029 10091 10080
f 10042 10092 10031
f 10081 10092 10082
f 10031 10092 10081
f 10075 10093 10066
f 10066 10093 10084
f 10076 10094 10067
f 10067 10094 10085
f 10077 10095 10086
f 10063 10096 10054
f 10054 10096 10087
f 10064 10097 10055
f 10073 10097 10064
f 10055 10097 10088
f 10065 10098 10089
f 10074 10098 10065
f 10050 10099 10090
f 10051 10100 10041
f 10041 10100 10091
f 10052 10101 10042
f 10062 10101 10052
f 10042 10101 10092
f 891 10102 895
f 895 10102 10083
f 10083 10102 10075
f 10075 10102 10093
f 10076 10103 10094
f 10087 10103 10076
f 10088 10104 10077
f 10077 10104 10095
f 10063 10105 10096
f 10072 10105 10063
f 10073 10106 10097
f 10074 10107 10098
f 10060 10108 10050
f 10069 10108 10060
f 10050 10108 10099
f 10061 10109 10051
f 10051 10109 10100
f 10062 10110 10101
f 10096 10111 10087
f 10087 10111 10103
f 10088 10112 10104
f 10097 10112 10088
f 10072 10113 10105
f 10084 10113 10072
f 10073 10114 10106
f 10094 10114 10085
f 10085 10114 10073
f 10086 10115 10074
f 10074 10115 10107
f 10069 10116 10108
f 10061 10117 10109
f 10079 10117 10070
f 10070 10117 10061
f 10062 10118 10110
f 10071 10118 10062
f 10105 10119 10096
f 10113 10119 10105
f 10096 10119 10111
f 10097 10120 10112
f 10106 10120 10097
f 10093 10121 10084
f 10084 10121 10113
f 10094 10122 10114
f 10086 10123 10115
f 10095 10123 10086
f 10089 10124 10078
f 10069 10124 10116
f 10078 10124 10069
f 10079 10125 10117
f 10080 10126 10071
f 10071 10126 10118
f 10082 10127 10128
f 10102 10129 10093
f 10093 10129 10121
f 891 10129 10102
f 10113 10130 10119
f 10106 10131 10120
f 10114 10131 10106
f 10103 10132 10094
f 10094 10132 10122
f 10111 10132 10103
f 10104 10133 10095
f 10095 10133 10123
f 10089 10134 10124
f 10090 10135 10079
f 10079 10135 10125
f 10091 10136 10080
f 10080 10136 10126
f 10127 10137 10128
f 10092 10137 10082
f 10082 10137 10127
f 10113 10138 10130
f 10121 10138 10113
f 10129 10138 10121
f 10122 10139 10114
f 10114 10139 10131
f 10111 10140 10132
f 10112 10141 10104
f 10104 10141 10133
f 10089 10142 10134
f 10098 10142 10089
f 10107 10142 10098
f 10099 10143 10090
f 10090 10143 10135
f 10100 10144 10091
f 10091 10144 10136
f 10101 10145 10092
f 10092 10145 10137
f 10110 10145 10101
f 887 10146 891
f 10129 10146 10138
f 891 10146 10129
f 10132 10147 10122
f 10122 10147 10139
f 10140 10147 10132
f 10111 10148 10140
f 10119 10148 10111
f 10120 10149 10112
f 10112 10149 10141
f 10107 10150 10142
f 10099 10151 10143
f 10108 10151 10099
f 10100 10152 10144
f 10109 10152 10100
f 10110 10153 10145
f 10140 10154 10147
f 10130 10155 10119
f 10119 10155 10148
f 10131 10156 10120
f 10139 10156 10131
f 10120 10156 10149
f 10107 10157 10150
f 10115 10157 10107
f 10116 10158 10108
f 10108 10158 10151
f 10109 10159 10152
f 10117 10159 10109
f 10118 10160 10110
f 10110 10160 10153
f 10148 10161 10140
f 10140 10161 10154
f 10138 10162 10130
f 10130 10162 10155
f 10139 10163 10156
f 10123 10164 10115
f 10115 10164 10157
f 10116 10165 10158
f 10124 10165 10116
f 10117 10166 10159
f 10125 10166 10117
f 10126 10167 10118
f 10118 10167 10160
f 10128 10168 10169
f 10138 10170 10162
f 887 10170 10146
f 10146 10170 10138
f 10155 10171 10148
f 10148 10171 10161
f 10162 10171 10155
f 10139 10172 10163
f 10147 10172 10139
f 10123 10173 10164
f 10133 10173 10123
f 10124 10174 10165
f 10134 10174 10124
f 10135 10175 10125
f 10125 10175 10166
f 10144 10176 10136
f 10126 10176 10167
f 10136 10176 10126
f 10168 10177 10169
f 10128 10177 10168
f 10137 10177 10128
f 10162 10178 10171
f 10154 10179 10147
f 10147 10179 10172
f 10141 10180 10133
f 10133 10180 10173
f 10142 10181 10134
f 10134 10181 10174
f 10135 10182 10175
f 10143 10182 10135
f 10144 10183 10176
f 10145 10184 10137
f 10137 10184 10177
f 10170 10185 10162
f 10162 10185 10178
f 887 10185 10170
f 883 10185 887
f 10161 10186 10154
f 10154 10186 10179
f 10149 10187 10141
f 10156 10187 10149
f 10141 10187 10180
f 10142 10188 10181
f 10150 10188 10142
f 10143 10189 10182
f 10151 10189 10143
f 10144 10190 10183
f 10152 10190 10144
f 10145 10191 10184
f 10153 10191 10145
f 10171 10192 10161
f 10161 10192 10186
f 10156 10193 10187
f 10164 10194 10157
f 10157 10194 10150
f 10150 10194 10188
f 10158 10195 10151
f 10151 10195 10189
f 10159 10196 10152
f 10152 10196 10190
f 10160 10197 10153
f 10153 10197 10191
f 10171 10198 10192
f 10178 10198 10171
f 10163 10199 10156
f 10156 10199 10193
f 10164 10200 10194
f 10158 10201 10195
f 10165 10201 10158
f 10174 10201 10165
f 10159 10202 10196
f 10166 10202 10159
f 10160 10203 10197
f 10167 10203 10160
f 10176 10203 10167
f 10169 10204 10205
f 10178 10206 10198
f 874 10206 883
f 10185 10206 10178
f 883 10206 10185
f 10163 10207 10199
f 10172 10207 10163
f 10164 10208 10200
f 10173 10208 10164
f 10174 10209 10201
f 10175 10210 10166
f 10166 10210 10202
f 10182 10210 10175
f 10176 10211 10203
f 10177 10212 10169
f 10204 10212 10205
f 10169 10212 10204
f 10179 10213 10172
f 10172 10213 10207
f 10180 10214 10173
f 10173 10214 10208
f 10174 10215 10209
f 10181 10215 10174
f 10188 10215 10181
f 10182 10216 10210
f 10176 10217 10211
f 10183 10217 10176
f 10177 10218 10212
f 10184 10218 10177
f 10179 10219 10213
f 10186 10219 10179
f 10193 10220 10187
f 10180 10220 10214
f 10187 10220 10180
f 10188 10221 10215
f 10182 10222 10216
f 10189 10222 10182
f 10190 10223 10183
f 10183 10223 10217
f 10191 10224 10184
f 10197 10224 10191
f 10184 10224 10218
f 10192 10225 10186
f 10186 10225 10219
f 10199 10226 10193
f 10193 10226 10220
f 10194 10227 10188
f 10188 10227 10221
f 10195 10228 10189
f 10201 10228 10195
f 10189 10228 10222
f 10190 10229 10223
f 10196 10229 10190
f 10197 10230 10224
f 10198 10231 10192
f 10192 10231 10225
f 10199 10232 10226
f 10200 10233 10194
f 10194 10233 10227
f 10209 10234 10201
f 10201 10234 10228
f 10196 10235 10229
f 10202 10235 10196
f 10197 10236 10230
f 10203 10236 10197
f 10205 10237 10238
f 10198 10239 10231
f 10206 10239 10198
f 874 10239 10206
f 10199 10240 10232
f 10207 10240 10199
f 10208 10241 10200
f 10200 10241 10233
f 10209 10242 10234
f 10202 10243 10235
f 10210 10243 10202
f 10203 10244 10236
f 10211 10244 10203
f 10237 10245 10238
f 10212 10245 10205
f 10205 10245 10237
f 10213 10246 10207
f 10207 10246 10240
f 10219 10246 10213
f 10208 10247 10241
f 10214 10247 10208
f 10209 10248 10242
f 10215 10248 10209
f 10210 10249 10243
f 10216 10249 10210
f 10211 10250 10244
f 10217 10250 10211
f 10218 10251 10212
f 10212 10251 10245
f 10224 10251 10218
f 10219 10252 10246
f 10214 10253 10247
f 10220 10253 10214
f 10227 10254 10221
f 10215 10254 10248
f 10221 10254 10215
f 10216 10255 10249
f 10222 10255 10216
f 10217 10256 10250
f 10223 10256 10217
f 10224 10257 10251
f 10225 10258 10219
f 10219 10258 10252
f 10226 10259 10220
f 10220 10259 10253
f 10227 10260 10254
f 10228 10261 10222
f 10222 10261 10255
f 10235 10262 10229
f 10229 10262 10223
f 10223 10262 10256
f 10230 10263 10224
f 10224 10263 10257
f 10239 10264 10231
f 10225 10264 10258
f 10231 10264 10225
f 10232 10265 10226
f 10226 10265 10259
f 10233 10266 10227
f 10227 10266 10260
f 10242 10267 10234
f 10228 10267 10261
f 10234 10267 10228
f 10235 10268 10262
f 10244 10269 10236
f 10236 10269 10230
f 10230 10269 10263
f 10238 10270 10271
f 874 10272 10239
f 857 10272 874
f 838 10272 857
f 10239 10272 10264
f 10232 10273 10265
f 10240 10273 10232
f 10241 10274 10233
f 10233 10274 10266
f 10242 10275 10267
f 10248 10275 10242
f 10235 10276 10268
f 10243 10276 10235
f 10244 10277 10269
f 10270 10278 10271
f 10245 10278 10238
f 10238 10278 10270
f 10240 10279 10273
f 10246 10279 10240
f 10253 10280 10247
f 10247 10280 10241
f 10241 10280 10274
f 10248 10281 10275
f 10254 10281 10248
f 10243 10282 10276
f 10249 10282 10243
f 10244 10283 10277
f 10250 10283 10244
f 10245 10284 10278
f 10251 10284 10245
f 10257 10284 10251
f 10246 10285 10279
f 10252 10285 10246
f 10253 10286 10280
f 10254 10287 10281
f 10249 10288 10282
f 10255 10288 10249
f 10256 10289 10250
f 10250 10289 10283
f 10262 10289 10256
f 10263 10290 10257
f 10257 10290 10284
f 10258 10291 10252
f 10252 10291 10285
f 10259 10292 10253
f 10253 10292 10286
f 10266 10293 10260
f 10260 10293 10254
f 10254 10293 10287
f 10261 10294 10255
f 10255 10294 10288
f 10262 10295 10289
f 10263 10296 10290
f 10264 10297 10258
f 10258 10297 10291
f 10265 10298 10259
f 10259 10298 10292
f 10266 10299 10293
f 10267 10300 10261
f 10261 10300 10294
f 10268 10301 10262
f 10262 10301 10295
f 10263 10302 10296
f 10269 10302 10263
f 10271 10303 10304
f 10272 10305 10264
f 838 10305 10272
f 10264 10305 10297
f 10273 10306 10265
f 10279 10306 10273
f 10265 10306 10298
f 10266 10307 10299
f 10274 10307 10266
f 10267 10308 10300
f 10275 10308 10267
f 10268 10309 10301
f 10276 10309 10268
f 10282 10309 10276
f 10269 10310 10302
f 10277 10310 10269
f 10303 10311 10304
f 10271 10311 10303
f 10278 10311 10271
f 10279 10312 10306
f 10280 10313 10274
f 10274 10313 10307
f 10281 10314 10275
f 10275 10314 10308
f 10282 10315 10309
f 10277 10316 10310
f 10283 10316 10277
f 10278 10317 10311
f 10284 10317 10278
f 10279 10318 10312
f 10285 10318 10279
f 10280 10319 10313
f 10286 10319 10280
f 10287 10320 10281
f 10281 10320 10314
f 10282 10321 10315
f 10288 10321 10282
f 10289 10322 10283
f 10283 10322 10316
f 10284 10323 10317
f 10290 10323 10284
f 10297 10324 10291
f 10285 10324 10318
f 10291 10324 10285
f 10286 10325 10319
f 10292 10325 10286
f 10293 10326 10287
f 10287 10326 10320
f 10299 10326 10293
f 10294 10327 10288
f 10288 10327 10321
f 10300 10327 10294
f 10295 10328 10289
f 10289 10328 10322
f 10301 10328 10295
f 10296 10329 10290
f 10290 10329 10323
f 10305 10330 10297
f 10297 10330 10324
f 10298 10331 10292
f 10292 10331 10325
f 10299 10332 10326
f 10308 10333 10300
f 10300 10333 10327
f 10301 10334 10328
f 10302 10335 10296
f 10296 10335 10329
f 10304 10336 10337
f 838 10338 10305
f 828 10338 838
f 10305 10338 10330
f 10312 10339 10306
f 10306 10339 10298
f 10298 10339 10331
f 10299 10340 10332
f 10307 10340 10299
f 10308 10341 10333
f 10309 10342 10301
f 10301 10342 10334
f 10310 10343 10302
f 10302 10343 10335
f 10311 10344 10304
f 10304 10344 10336
f 10336 10344 10337
f 10312 10345 10339
f 10318 10345 10312
f 10307 10346 10340
f 10313 10346 10307
f 10319 10346 10313
f 10308 10347 10341
f 10314 10347 10308
f 10320 10347 10314
f 10309 10348 10342
f 10315 10348 10309
f 10310 10349 10343
f 10316 10349 10310
f 10311 10350 10344
f 10317 10350 10311
f 10323 10350 10317
f 10318 10351 10345
f 10319 10352 10346
f 10320 10353 10347
f 10321 10354 10315
f 10315 10354 10348
f 10328 10355 10322
f 10322 10355 10316
f 10316 10355 10349
f 10323 10356 10350
f 10330 10357 10324
f 10318 10357 10351
f 10324 10357 10318
f 10325 10358 10319
f 10319 10358 10352
f 10326 10359 10320
f 10320 10359 10353
f 10321 10360 10354
f 10327 10360 10321
f 10328 10361 10355
f 10334 10361 10328
f 10329 10362 10323
f 10323 10362 10356
f 10330 10363 10357
f 10331 10364 10325
f 10325 10364 10358
f 10332 10365 10326
f 10326 10365 10359
f 10333 10366 10327
f 10327 10366 10360
f 10334 10367 10361
f 10335 10368 10329
f 10329 10368 10362
f 10337 10369 10370
f 10338 10371 10330
f 10330 10371 10363
f 828 10371 10338
f 816 10371 828
f 10339 10372 10331
f 10331 10372 10364
f 10332 10373 10365
f 10340 10373 10332
f 10341 10374 10333
f 10333 10374 10366
f 10342 10375 10334
f 10334 10375 10367
f 10343 10376 10335
f 10335 10376 10368
f 10344 10377 10337
f 10369 10377 10370
f 10337 10377 10369
f 10339 10378 10372
f 10345 10378 10339
f 10351 10378 10345
f 10340 10379 10373
f 10352 10379 10346
f 10346 10379 10340
f 10341 10380 10374
f 10347 10380 10341
f 10348 10381 10342
f 10342 10381 10375
f 10343 10382 10376
f 10349 10382 10343
f 10355 10382 10349
f 10344 10383 10377
f 10350 10383 10344
f 10351 10384 10378
f 10352 10385 10379
f 10347 10386 10380
f 10353 10386 10347
f 10348 10387 10381
f 10354 10387 10348
f 10355 10388 10382
f 10361 10388 10355
f 10350 10389 10383
f 10356 10389 10350
f 10351 10390 10384
f 10357 10390 10351
f 10364 10391 10358
f 10352 10391 10385
f 10358 10391 10352
f 10365 10392 10359
f 10359 10392 10353
f 10353 10392 10386
f 10354 10393 10387
f 10360 10393 10354
f 10361 10394 10388
f 10356 10395 10389
f 10362 10395 10356
f 10371 10396 10363
f 10363 10396 10357
f 10357 10396 10390
f 10364 10397 10391
f 10365 10398 10392
f 10366 10399 10360
f 10360 10399 10393
f 10367 10400 10361
f 10375 10400 10367
f 10361 10400 10394
f 10368 10401 10362
f 10362 10401 10395
f 10370 10402 10403
f 816 10404 10371
f 10371 10404 10396
f 814 10404 816
f 10372 10405 10364
f 10378 10405 10372
f 10364 10405 10397
f 10373 10406 10365
f 10365 10406 10398
f 10366 10407 10399
f 10374 10407 10366
f 10380 10407 10374
f 10381 10408 10375
f 10375 10408 10400
f 10376 10409 10368
f 10368 10409 10401
f 10370 10410 10402
f 10402 10410 10403
f 10377 10410 10370
f 10378 10411 10405
f 10373 10412 10406
f 10385 10412 10379
f 10379 10412 10373
f 10380 10413 10407
f 10381 10414 10408
f 10376 10415 10409
f 10382 10415 10376
f 10383 10416 10377
f 10389 10416 10383
f 10377 10416 10410
f 10384 10417 10378
f 10378 10417 10411
f 10385 10418 10412
f 10386 10419 10380
f 10380 10419 10413
f 10381 10420 10414
f 10387 10420 10381
f 10382 10421 10415
f 10388 10421 10382
f 10389 10422 10416
f 10395 10422 10389
f 10384 10423 10417
f 10390 10423 10384
f 10396 10423 10390
f 10397 10424 10391
f 10391 10424 10385
f 10385 10424 10418
f 10386 10425 10419
f 10392 10425 10386
f 10399 10426 10393
f 10387 10426 10420
f 10393 10426 10387
f 10388 10427 10421
f 10394 10427 10388
f 10395 10428 10422
f 10396 10429 10423
f 10397 10430 10424
f 10392 10431 10425
f 10398 10431 10392
f 10399 10432 10426
f 10407 10432 10399
f 10394 10433 10427
f 10400 10433 10394
f 10395 10434 10428
f 10401 10434 10395
f 10403 10435 10436
f 10404 10437 10396
f 814 10437 10404
f 812 10437 814
f 810 10437 812
f 10396 10437 10429
f 10411 10438 10405
f 10405 10438 10397
f 10397 10438 10430
f 10398 10439 10431
f 10406 10439 10398
f 10407 10440 10432
f 10408 10441 10400
f 10400 10441 10433
f 10401 10442 10434
f 10409 10442 10401
f 10410 10443 10403
f 10435 10443 10436
f 10403 10443 10435
f 10417 10444 10411
f 10411 10444 10438
f 10412 10445 10406
f 10406 10445 10439
f 10407 10446 10440
f 10419 10446 10413
f 10413 10446 10407
f 10408 10447 10441
f 10414 10447 10408
f 10409 10448 10442
f 10415 10448 10409
f 10410 10449 10443
f 10416 10449 10410
f 10422 10449 10416
f 10417 10450 10444
f 10418 10451 10412
f 10412 10451 10445
f 10419 10452 10446
f 10420 10453 10414
f 10414 10453 10447
f 10421 10454 10415
f 10415 10454 10448
f 10427 10454 10421
f 10422 10455 10449
f 10428 10455 10422
f 10417 10456 10450
f 10423 10456 10417
f 10424 10457 10418
f 10418 10457 10451
f 10419 10458 10452
f 10425 10458 10419
f 10420 10459 10453
f 10426 10459 10420
f 10427 10460 10454
f 10428 10461 10455
f 10437 10462 10429
f 10423 10462 10456
f 10429 10462 10423
f 10424 10463 10457
f 10430 10463 10424
f 10425 10464 10458
f 10431 10464 10425
f 10426 10465 10459
f 10432 10465 10426
f 10433 10466 10427
f 10427 10466 10460
f 10434 10467 10428
f 10428 10467 10461
f 10436 10468 10469
f 810 10470 10437
f 10437 10470 10462
f 10438 10471 10430
f 10430 10471 10463
f 10431 10472 10464
f 10439 10472 10431
f 10440 10473 10432
f 10432 10473 10465
f 10441 10474 10433
f 10433 10474 10466
f 10434 10475 10467
f 10442 10475 10434
f 10443 10476 10436
f 10436 10476 10468
f 10468 10476 10469
f 10444 10477 10438
f 10438 10477 10471
f 10445 10478 10439
f 10439 10478 10472
f 10446 10479 10440
f 10452 10479 10446
f 10440 10479 10473
f 10447 10480 10441
f 10441 10480 10474
f 10448 10481 10442
f 10442 10481 10475
f 10443 10482 10476
f 10449 10482 10443
f 10450 10483 10444
f 10444 10483 10477
f 10445 10484 10478
f 10451 10484 10445
f 10452 10485 10479
f 10447 10486 10480
f 10453 10486 10447
f 10448 10487 10481
f 10454 10487 10448
f 10449 10488 10482
f 10455 10488 10449
f 10450 10489 10483
f 10456 10489 10450
f 10451 10490 10484
f 10463 10490 10457
f 10457 10490 10451
f 10452 10491 10485
f 10458 10491 10452
f 10453 10492 10486
f 10465 10492 10459
f 10459 10492 10453
f 10460 10493 10454
f 10454 10493 10487
f 10455 10494 10488
f 10461 10494 10455
f 10456 10495 10489
f 10462 10495 10456
f 10463 10496 10490
f 10472 10497 10464
f 10458 10497 10491
f 10464 10497 10458
f 10465 10498 10492
f 10474 10499 10466
f 10460 10499 10493
f 10466 10499 10460
f 10467 10500 10461
f 10461 10500 10494
f 10469 10501 10502
f 10470 10503 10462
f 808 10503 810
f 810 10503 10470
f 10462 10503 10495
f 10471 10504 10463
f 10463 10504 10496
f 10472 10505 10497
f 10473 10506 10465
f 10465 10506 10498
f 10480 10507 10474
f 10474 10507 10499
f 10475 10508 10467
f 10481 10508 10475
f 10467 10508 10500
f 10476 10509 10469
f 10469 10509 10501
f 10501 10509 10502
f 10477 10510 10471
f 10471 10510 10504
f 10478 10511 10472
f 10472 10511 10505
f 10479 10512 10473
f 10473 10512 10506
f 10480 10513 10507
f 10481 10514 10508
f 10482 10515 10476
f 10476 10515 10509
f 10483 10516 10477
f 10477 10516 10510
f 10484 10517 10478
f 10478 10517 10511
f 10479 10518 10512
f 10485 10518 10479
f 10491 10518 10485
f 10486 10519 10480
f 10480 10519 10513
f 10487 10520 10481
f 10481 10520 10514
f 10482 10521 10515
f 10488 10521 10482
f 10494 10521 10488
f 10483 10522 10516
f 10489 10522 10483
f 10495 10522 10489
f 10484 10523 10517
f 10490 10523 10484
f 10491 10524 10518
f 10486 10525 10519
f 10492 10525 10486
f 10487 10526 10520
f 10493 10526 10487
f 10494 10527 10521
f 10503 10528 10495
f 10495 10528 10522
f 10490 10529 10523
f 10496 10529 10490
f 10491 10530 10524
f 10497 10530 10491
f 10492 10531 10525
f 10498 10531 10492
f 10493 10532 10526
f 10499 10532 10493
f 10494 10533 10527
f 10508 10533 10500
f 10500 10533 10494
f 10502 10534 10535
f 808 10536 10503
f 806 10536 808
f 10503 10536 10528
f 10504 10537 10496
f 10496 10537 10529
f 10505 10538 10497
f 10497 10538 10530
f 10506 10539 10498
f 10498 10539 10531
f 10507 10540 10499
f 10499 10540 10532
f 10513 10540 10507
f 10508 10541 10533
f 10509 10542 10502
f 10502 10542 10534
f 10534 10542 10535
f 10504 10543 10537
f 10510 10543 10504
f 10511 10544 10505
f 10505 10544 10538
f 10512 10545 10506
f 10506 10545 10539
f 10513 10546 10540
f 10508 10547 10541
f 10514 10547 10508
f 10509 10548 10542
f 10521 10548 10515
f 10515 10548 10509
f 10510 10549 10543
f 10516 10549 10510
f 10511 10550 10544
f 10517 10550 10511
f 10512 10551 10545
f 10518 10551 10512
f 10519 10552 10513
f 10513 10552 10546
f 10514 10553 10547
f 10520 10553 10514
f 10526 10553 10520
f 10521 10554 10548
f 10516 10555 10549
f 10522 10555 10516
f 10523 10556 10517
f 10517 10556 10550
f 10518 10557 10551
f 10524 10557 10518
f 10519 10558 10552
f 10531 10558 10525
f 10525 10558 10519
f 10532 10559 10526
f 10526 10559 10553
f 10527 10560 10521
f 10521 10560 10554
f 10522 10561 10555
f 10528 10561 10522
f 10523 10562 10556
f 10529 10562 10523
f 10524 10563 10557
f 10530 10563 10524
f 10531 10564 10558
f 10532 10565 10559
f 10540 10565 10532
f 10541 10566 10533
f 10527 10566 10560
f 10533 10566 10527
f 10535 10567 10568
f 803 10569 806
f 10528 10569 10561
f 806 10569 10536
f 10536 10569 10528
f 10537 10570 10529
f 10543 10570 10537
f 10529 10570 10562
f 10538 10571 10530
f 10530 10571 10563
f 10539 10572 10531
f 10531 10572 10564
f 10540 10573 10565
f 10541 10574 10566
f 10542 10575 10535
f 10567 10575 10568
f 10535 10575 10567
f 10549 10576 10543
f 10543 10576 10570
f 10544 10577 10538
f 10550 10577 10544
f 10538 10577 10571
f 10545 10578 10539
f 10539 10578 10572
f 10546 10579 10540
f 10540 10579 10573
f 10541 10580 10574
f 10547 10580 10541
f 10548 10581 10542
f 10542 10581 10575
f 10549 10582 10576
f 10550 10583 10577
f 10551 10584 10545
f 10545 10584 10578
f 10546 10585 10579
f 10552 10585 10546
f 10547 10586 10580
f 10553 10586 10547
f 10548 10587 10581
f 10554 10587 10548
f 10555 10588 10549
f 10549 10588 10582
f 10561 10588 10555
f 10556 10589 10550
f 10550 10589 10583
f 10551 10590 10584
f 10557 10590 10551
f 10552 10591 10585
f 10558 10591 10552
f 10559 10592 10553
f 10553 10592 10586
f 10560 10593 10554
f 10554 10593 10587
f 10561 10594 10588
f 10569 10594 10561
f 10556 10595 10589
f 10562 10595 10556
f 10557 10596 10590
f 10563 10596 10557
f 10558 10597 10591
f 10564 10597 10558
f 10565 10598 10559
f 10559 10598 10592
f 10560 10599 10593
f 10566 10599 10560
f 10568 10600 10601
f 800 10602 803
f 797 10602 800
f 10569 10602 10594
f 803 10602 10569
f 10562 10603 10595
f 10570 10603 10562
f 10563 10604 10596
f 10571 10604 10563
f 10572 10605 10564
f 10578 10605 10572
f 10564 10605 10597
f 10579 10606 10573
f 10573 10606 10565
f 10565 10606 10598
f 10574 10607 10566
f 10566 10607 10599
f 10568 10608 10600
f 10575 10608 10568
f 10600 10608 10601
f 10582 10609 10576
f 10570 10609 10603
f 10576 10609 10570
f 10571 10610 10604
f 10577 10610 10571
f 10578 10611 10605
f 10579 10612 10606
f 10574 10613 10607
f 10580 10613 10574
f 10575 10614 10608
f 10581 10614 10575
f 10582 10615 10609
f 10583 10616 10577
f 10577 10616 10610
f 10590 10617 10584
f 10584 10617 10578
f 10578 10617 10611
f 10579 10618 10612
f 10585 10618 10579
f 10580 10619 10613
f 10592 10619 10586
f 10586 10619 10580
f 10581 10620 10614
f 10587 10620 10581
f 10582 10621 10615
f 10588 10621 10582
f 10589 10622 10583
f 10583 10622 10616
f 10590 10623 10617
f 10591 10624 10585
f 10597 10624 10591
f 10585 10624 10618
f 10592 10625 10619
f 10593 10626 10587
f 10587 10626 10620
f 10588 10627 10621
f 10594 10627 10588
f 10589 10628 10622
f 10595 10628 10589
f 10590 10629 10623
f 10596 10629 10590
f 10597 10630 10624
f 10605 10630 10597
f 10606 10631 10598
f 10598 10631 10592
f 10592 10631 10625
f 10593 10632 10626
f 10607 10632 10599
f 10599 10632 10593
f 10601 10633 10634
f 10594 10635 10627
f 10602 10635 10594
f 797 10635 10602
f 10603 10636 10595
f 10595 10636 10628
f 10596 10637 10629
f 10604 10637 10596
f 10605 10638 10630
f 10611 10638 10605
f 10606 10639 10631
f 10607 10640 10632
f 10633 10641 10634
f 10608 10641 10601
f 10601 10641 10633
f 10603 10642 10636
f 10609 10642 10603
f 10610 10643 10604
f 10616 10643 10610
f 10604 10643 10637
f 10611 10644 10638
f 10612 10645 10606
f 10606 10645 10639
f 10613 10646 10607
f 10607 10646 10640
f 10614 10647 10608
f 10620 10647 10614
f 10608 10647 10641
f 10609 10648 10642
f 10615 10648 10609
f 10616 10649 10643
f 10617 10650 10611
f 10611 10650 10644
f 10618 10651 10612
f 10612 10651 10645
f 10613 10652 10646
f 10619 10652 10613
f 10620 10653 10647
f 10615 10654 10648
f 10621 10654 10615
f 10616 10655 10649
f 10622 10655 10616
f 10617 10656 10650
f 10623 10656 10617
f 10618 10657 10651
f 10624 10657 10618
f 10630 10657 10624
f 10619 10658 10652
f 10625 10658 10619
f 10620 10659 10653
f 10626 10659 10620
f 10621 10660 10654
f 10627 10660 10621
f 10635 10660 10627
f 10622 10661 10655
f 10628 10661 10622
f 10623 10662 10656
f 10629 10662 10623
f 10630 10663 10657
f 10625 10664 10658
f 10639 10664 10631
f 10631 10664 10625
f 10632 10665 10626
f 10626 10665 10659
f 10634 10666 10667
f 794 10668 797
f 10635 10668 10660
f 797 10668 10635
f 10628 10669 10661
f 10636 10669 10628
f 10629 10670 10662
f 10637 10670 10629
f 10630 10671 10663
f 10638 10671 10630
f 10645 10672 10639
f 10639 10672 10664
f 10632 10673 10665
f 10640 10673 10632
f 10634 10674 10666
f 10666 10674 10667
f 10641 10674 10634
f 10642 10675 10636
f 10636 10675 10669
f 10637 10676 10670
f 10643 10676 10637
f 10644 10677 10638
f 10638 10677 10671
f 10645 10678 10672
f 10640 10679 10673
f 10646 10679 10640
f 10641 10680 10674
f 10647 10680 10641
f 10648 10681 10642
f 10642 10681 10675
f 10649 10682 10643
f 10643 10682 10676
f 10644 10683 10677
f 10650 10683 10644
f 10651 10684 10645
f 10645 10684 10678
f 10652 10685 10646
f 10646 10685 10679
f 10653 10686 10647
f 10647 10686 10680
f 10654 10687 10648
f 10660 10687 10654
f 10648 10687 10681
f 10649 10688 10682
f 10655 10688 10649
f 10650 10689 10683
f 10656 10689 10650
f 10662 10689 10656
f 10651 10690 10684
f 10657 10690 10651
f 10658 10691 10652
f 10664 10691 10658
f 10652 10691 10685
f 10653 10692 10686
f 10659 10692 10653
f 10660 10693 10687
f 10661 10694 10655
f 10655 10694 10688
f 10662 10695 10689
f 10663 10696 10657
f 10657 10696 10690
f 10664 10697 10691
f 10665 10698 10659
f 10659 10698 10692
f 10667 10699 10700
f 10660 10701 10693
f 10668 10701 10660
f 791 10701 794
f 794 10701 10668
f 10669 10702 10661
f 10661 10702 10694
f 10675 10702 10669
f 10662 10703 10695
f 10670 10703 10662
f 10671 10704 10663
f 10663 10704 10696
f 10664 10705 10697
f 10672 10705 10664
f 10673 10706 10665
f 10665 10706 10698
f 10667 10707 10699
f 10699 10707 10700
f 10674 10707 10667
f 10675 10708 10702
f 10670 10709 10703
f 10676 10709 10670
f 10677 10710 10671
f 10671 10710 10704
f 10678 10711 10672
f 10672 10711 10705
f 10673 10712 10706
f 10679 10712 10673
f 10680 10713 10674
f 10674 10713 10707
f 10675 10714 10708
f 10681 10714 10675
f 10682 10715 10676
f 10676 10715 10709
f 10677 10716 10710
f 10689 10716 10683
f 10683 10716 10677
f 10678 10717 10711
f 10684 10717 10678
f 10685 10718 10679
f 10679 10718 10712
f 10686 10719 10680
f 10692 10719 10686
f 10680 10719 10713
f 10687 10720 10681
f 10693 10720 10687
f 10681 10720 10714
f 10688 10721 10682
f 10682 10721 10715
f 10689 10722 10716
f 10690 10723 10684
f 10684 10723 10717
f 10685 10724 10718
f 10691 10724 10685
f 10692 10725 10719
f 10693 10726 10720
f 10688 10727 10721
f 10694 10727 10688
f 10689 10728 10722
f 10695 10728 10689
f 10696 10729 10690
f 10704 10729 10696
f 10690 10729 10723
f 10697 10730 10691
f 10691 10730 10724
f 10692 10731 10725
f 10698 10731 10692
f 10700 10732 10733
f 10693 10734 10726
f 10701 10734 10693
f 788 10734 791
f 791 10734 10701
f 10702 10735 10694
f 10694 10735 10727
f 10703 10736 10695
f 10695 10736 10728
f 10704 10737 10729
f 10711 10738 10705
f 10705 10738 10697
f 10697 10738 10730
f 10706 10739 10698
f 10698 10739 10731
f 10700 10740 10732
f 10732 10740 10733
f 10707 10740 10700
f 10702 10741 10735
f 10708 10741 10702
f 10709 10742 10703
f 10703 10742 10736
f 10704 10743 10737
f 10710 10743 10704
f 10711 10744 10738
f 10712 10745 10706
f 10706 10745 10739
f 10713 10746 10707
f 10707 10746 10740
f 10714 10747 10708
f 10708 10747 10741
f 10709 10748 10742
f 10715 10748 10709
f 10716 10749 10710
f 10710 10749 10743
f 10711 10750 10744
f 10717 10750 10711
f 10718 10751 10712
f 10712 10751 10745
f 10725 10752 10719
f 10719 10752 10713
f 10713 10752 10746
f 10720 10753 10714
f 10714 10753 10747
f 10721 10754 10715
f 10715 10754 10748
f 10722 10755 10716
f 10716 10755 10749
f 10723 10756 10717
f 10717 10756 10750
f 10724 10757 10718
f 10718 10757 10751
f 10725 10758 10752
f 10720 10759 10753
f 10726 10759 10720
f 10727 10760 10721
f 10721 10760 10754
f 10728 10761 10722
f 10722 10761 10755
f 10723 10762 10756
f 10729 10762 10723
f 10724 10763 10757
f 10730 10763 10724
f 10725 10764 10758
f 10731 10764 10725
f 10733 10765 10766
f 10726 10767 10759
f 10734 10767 10726
f 778 10767 788
f 788 10767 10734
f 10735 10768 10727
f 10727 10768 10760
f 10736 10769 10728
f 10728 10769 10761
f 10737 10770 10729
f 10729 10770 10762
f 10730 10771 10763
f 10738 10771 10730
f 10731 10772 10764
f 10739 10772 10731
f 10733 10773 10765
f 10740 10773 10733
f 10765 10773 10766
f 10747 10774 10741
f 10735 10774 10768
f 10741 10774 10735
f 10748 10775 10742
f 10736 10775 10769
f 10742 10775 10736
f 10737 10776 10770
f 10743 10776 10737
f 10738 10777 10771
f 10744 10777 10738
f 10739 10778 10772
f 10745 10778 10739
f 10752 10779 10746
f 10740 10779 10773
f 10746 10779 10740
f 10747 10780 10774
f 10748 10781 10775
f 10755 10782 10749
f 10749 10782 10743
f 10743 10782 10776
f 10744 10783 10777
f 10750 10783 10744
f 10751 10784 10745
f 10745 10784 10778
f 10757 10784 10751
f 10752 10785 10779
f 10747 10786 10780
f 10753 10786 10747
f 10759 10786 10753
f 10754 10787 10748
f 10748 10787 10781
f 10755 10788 10782
f 10750 10789 10783
f 10756 10789 10750
f 10757 10790 10784
f 10758 10791 10752
f 10752 10791 10785
f 10759 10792 10786
f 10760 10793 10754
f 10754 10793 10787
f 10755 10794 10788
f 10761 10794 10755
f 10756 10795 10789
f 10762 10795 10756
f 10763 10796 10757
f 10757 10796 10790
f 10771 10796 10763
f 10764 10797 10758
f 10758 10797 10791
f 10766 10798 10799
f 10759 10800 10792
f 10767 10800 10759
f 767 10800 778
f 754 10800 767
f 778 10800 10767
f 10760 10801 10793
f 10768 10801 10760
f 10774 10801 10768
f 10769 10802 10761
f 10761 10802 10794
f 10770 10803 10762
f 10762 10803 10795
f 10777 10804 10771
f 10771 10804 10796
f 10772 10805 10764
f 10764 10805 10797
f 10766 10806 10798
f 10798 10806 10799
f 10773 10806 10766
f 10774 10807 10801
f 10781 10808 10775
f 10775 10808 10769
f 10769 10808 10802
f 10770 10809 10803
f 10776 10809 10770
f 10777 10810 10804
f 10772 10811 10805
f 10778 10811 10772
f 10773 10812 10806
f 10779 10812 10773
f 10780 10813 10774
f 10774 10813 10807
f 10781 10814 10808
f 10782 10815 10776
f 10776 10815 10809
f 10777 10816 10810
f 10783 10816 10777
f 10778 10817 10811
f 10790 10817 10784
f 10784 10817 10778
f 10785 10818 10779
f 10791 10818 10785
f 10779 10818 10812
f 10786 10819 10780
f 10780 10819 10813
f 10787 10820 10781
f 10781 10820 10814
f 10788 10821 10782
f 10794 10821 10788
f 10782 10821 10815
f 10783 10822 10816
f 10795 10822 10789
f 10789 10822 10783
f 10790 10823 10817
f 10791 10824 10818
f 10792 10825 10786
f 10800 10825 10792
f 10786 10825 10819
f 10787 10826 10820
f 10793 10826 10787
f 10794 10827 10821
f 10795 10828 10822
f 10796 10829 10790
f 10790 10829 10823
f 10797 10830 10791
f 10805 10830 10797
f 10791 10830 10824
f 10799 10831 10832
f 10800 10833 10825
f 754 10833 10800
f 10801 10834 10793
f 10807 10834 10801
f 10793 10834 10826
f 10794 10835 10827
f 10802 10835 10794
f 10795 10836 10828
f 10803 10836 10795
f 10796 10837 10829
f 10804 10837 10796
f 10805 10838 10830
f 10806 10839 10799
f 10799 10839 10831
f 10807 10840 10834
f 10802 10841 10835
f 10808 10841 10802
f 10803 10842 10836
f 10809 10842 10803
f 10810 10843 10804
f 10804 10843 10837
f 10805 10844 10838
f 10811 10844 10805
f 10806 10845 10839
f 10812 10845 10806
f 10807 10846 10840
f 10813 10846 10807
f 10814 10847 10808
f 10808 10847 10841
f 10815 10848 10809
f 10809 10848 10842
f 10810 10849 10843
f 10816 10849 10810
f 10817 10850 10811
f 10811 10850 10844
f 10818 10851 10812
f 10812 10851 10845
f 10813 10852 10846
f 10819 10852 10813
f 10825 10852 10819
f 10814 10853 10847
f 10820 10853 10814
f 10821 10854 10815
f 10815 10854 10848
f 10816 10855 10849
f 10822 10855 10816
f 10823 10856 10817
f 10829 10856 10823
f 10817 10856 10850
f 10818 10857 10851
f 10824 10857 10818
f 10825 10858 10852
f 10826 10859 10820
f 10820 10859 10853
f 10827 10860 10821
f 10821 10860 10854
f 10822 10861 10855
f 10828 10861 10822
f 10829 10862 10856
f 10824 10863 10857
f 10830 10863 10824
f 10832 10864 10865
f 10831 10864 10832
f 10825 10866 10858
f 10833 10866 10825
f 754 10866 10833
f 740 10866 754
f 10826 10867 10859
f 10834 10867 10826
f 10827 10868 10860
f 10835 10868 10827
f 10828 10869 10861
f 10836 10869 10828
f 10829 10870 10862
f 10843 10870 10837
f 10837 10870 10829
f 10830 10871 10863
f 10838 10871 10830
f 10831 10872 10864
f 10839 10872 10831
f 10834 10873 10867
f 10840 10873 10834
f 10846 10873 10840
f 10841 10874 10835
f 10835 10874 10868
f 10836 10875 10869
f 10842 10875 10836
f 10843 10876 10870
f 10838 10877 10871
f 10844 10877 10838
f 10851 10878 10845
f 10839 10878 10872
f 10845 10878 10839
f 10846 10879 10873
f 10847 10880 10841
f 10841 10880 10874
f 10842 10881 10875
f 10848 10881 10842
f 10843 10882 10876
f 10849 10882 10843
f 10844 10883 10877
f 10850 10883 10844
f 10851 10884 10878
f 10852 10885 10846
f 10846 10885 10879
f 10853 10886 10847
f 10847 10886 10880
f 10860 10887 10854
f 10854 10887 10848
f 10848 10887 10881
f 10861 10888 10855
f 10855 10888 10849
f 10849 10888 10882
f 10856 10889 10850
f 10850 10889 10883
f 10857 10890 10851
f 10851 10890 10884
f 10852 10891 10885
f 10866 10891 10858
f 10858 10891 10852
f 10859 10892 10853
f 10853 10892 10886
f 10860 10893 10887
f 10861 10894 10888
f 10856 10895 10889
f 10870 10895 10862
f 10862 10895 10856
f 10863 10896 10857
f 10857 10896 10890
f 10865 10897 10898
f 10864 10897 10865
f 10872 10897 10864
f 10866 10899 10891
f 740 10899 10866
f 732 10899 740
f 10859 10900 10892
f 10867 10900 10859
f 10860 10901 10893
f 10868 10901 10860
f 10861 10902 10894
f 10875 10902 10869
f 10869 10902 10861
f 10870 10903 10895
f 10871 10904 10863
f 10863 10904 10896
f 10872 10905 10897
f 10873 10906 10867
f 10867 10906 10900
f 10874 10907 10868
f 10880 10907 10874
f 10868 10907 10901
f 10875 10908 10902
f 10870 10909 10903
f 10876 10909 10870
f 10871 10910 10904
f 10877 10910 10871
f 10878 10911 10872
f 10884 10911 10878
f 10872 10911 10905
f 10873 10912 10906
f 10879 10912 10873
f 10880 10913 10907
f 10875 10914 10908
f 10881 10914 10875
f 10876 10915 10909
f 10882 10915 10876
f 10877 10916 10910
f 10883 10916 10877
f 10889 10916 10883
f 10884 10917 10911
f 10885 10918 10879
f 10879 10918 10912
f 10886 10919 10880
f 10880 10919 10913
f 10887 10920 10881
f 10881 10920 10914
f 10888 10921 10882
f 10894 10921 10888
f 10882 10921 10915
f 10889 10922 10916
f 10890 10923 10884
f 10884 10923 10917
f 10885 10924 10918
f 10891 10924 10885
f 10892 10925 10886
f 10886 10925 10919
f 10893 10926 10887
f 10887 10926 10920
f 10894 10927 10921
f 10895 10928 10889
f 10889 10928 10922
f 10890 10929 10923
f 10896 10929 10890
f 10898 10930 10931
f 10897 10930 10898
f 10891 10932 10924
f 10899 10932 10891
f 732 10932 10899
f 728 10932 732
f 10892 10933 10925
f 10906 10933 10900
f 10900 10933 10892
f 10893 10934 10926
f 10901 10934 10893
f 10902 10935 10894
f 10894 10935 10927
f 10909 10936 10903
f 10895 10936 10928
f 10903 10936 10895
f 10904 10937 10896
f 10896 10937 10929
f 10897 10938 10930
f 10905 10938 10897
f 10906 10939 10933
f 10901 10940 10934
f 10907 10940 10901
f 10902 10941 10935
f 10908 10941 10902
f 10914 10941 10908
f 10909 10942 10936
f 10916 10943 10910
f 10910 10943 10904
f 10904 10943 10937
f 10905 10944 10938
f 10917 10944 10911
f 10911 10944 10905
f 10906 10945 10939
f 10912 10945 10906
f 10907 10946 10940
f 10913 10946 10907
f 10914 10947 10941
f 10909 10948 10942
f 10915 10948 10909
f 10916 10949 10943
f 10917 10950 10944
f 10912 10951 10945
f 10918 10951 10912
f 10913 10952 10946
f 10919 10952 10913
f 10926 10953 10920
f 10920 10953 10914
f 10914 10953 10947
f 10921 10954 10915
f 10915 10954 10948
f 10922 10955 10916
f 10916 10955 10949
f 10923 10956 10917
f 10917 10956 10950
f 10918 10957 10951
f 10924 10957 10918
f 10925 10958 10919
f 10919 10958 10952
f 10926 10959 10953
f 10927 10960 10921
f 10921 10960 10954
f 10935 10960 10927
f 10928 10961 10922
f 10922 10961 10955
f 10936 10961 10928
f 10929 10962 10923
f 10923 10962 10956
f 10931 10963 10964
f 10930 10963 10931
f 10924 10965 10957
f 10932 10965 10924
f 728 10965 10932
f 724 10965 728
f 720 10965 724
f 10933 10966 10925
f 10925 10966 10958
f 10934 10967 10926
f 10926 10967 10959
f 10935 10968 10960
f 10936 10969 10961
f 10937 10970 10929
f 10943 10970 10937
f 10929 10970 10962
f 10930 10971 10963
f 10938 10971 10930
f 10933 10972 10966
f 10939 10972 10933
f 10945 10972 10939
f 10934 10973 10967
f 10940 10973 10934
f 10941 10974 10935
f 10935 10974 10968
f 10936 10975 10969
f 10942 10975 10936
f 10943 10976 10970
f 10938 10977 10971
f 10944 10977 10938
f 10945 10978 10972
f 10940 10979 10973
f 10946 10979 10940
f 10947 10980 10941
f 10941 10980 10974
f 10942 10981 10975
f 10948 10981 10942
f 10949 10982 10943
f 10943 10982 10976
f 10944 10983 10977
f 10950 10983 10944
f 10957 10984 10951
f 10945 10984 10978
f 10951 10984 10945
f 10946 10985 10979
f 10952 10985 10946
f 10958 10985 10952
f 10947 10986 10980
f 10953 10986 10947
f 10948 10987 10981
f 10954 10987 10948
f 10955 10988 10949
f 10949 10988 10982
f 10956 10989 10950
f 10950 10989 10983
f 10957 10990 10984
f 10958 10991 10985
f 10953 10992 10986
f 10959 10992 10953
f 10960 10993 10954
f 10954 10993 10987
f 10961 10994 10955
f 10955 10994 10988
f 10962 10995 10956
f 10956 10995 10989
f 10970 10995 10962
f 10964 10996 10997
f 10963 10996 10964
f 10957 10998 10990
f 720 10998 10965
f 10965 10998 10957
f 10958 10999 10991
f 10966 10999 10958
f 10959 11000 10992
f 10967 11000 10959
f 10960 11001 10993
f 10968 11001 10960
f 10969 11002 10961
f 10975 11002 10969
f 10961 11002 10994
f 10970 11003 10995
f 10963 11004 10996
f 10971 11004 10963
f 10972 11005 10966
f 10966 11005 10999
f 10979 11006 10973
f 10973 11006 10967
f 10967 11006 11000
f 10968 11007 11001
f 10974 11007 10968
f 10975 11008 11002
f 10976 11009 10970
f 10970 11009 11003
f 10971 11010 11004
f 10977 11010 10971
f 10983 11010 10977
f 10972 11011 11005
f 10978 11011 10972
f 10979 11012 11006
f 10974 11013 11007
f 10980 11013 10974
f 10981 11014 10975
f 10975 11014 11008
f 10976 11015 11009
f 10988 11015 10982
f 10982 11015 10976
f 10983 11016 11010
f 10978 11017 11011
f 10984 11017 10978
f 10985 11018 10979
f 10979 11018 11012
f 10980 11019 11013
f 10986 11019 10980
f 10987 11020 10981
f 10981 11020 11014
f 10988 11021 11015
f 10989 11022 10983
f 10983 11022 11016
f 10990 11023 10984
f 10998 11023 10990
f 10984 11023 11017
f 10991 11024 10985
f 10985 11024 11018
f 11000 11025 10992
f 10986 11025 11019
f 10992 11025 10986
f 10987 11026 11020
f 11001 11026 10993
f 10993 11026 10987
f 10994 11027 10988
f 10988 11027 11021
f 11002 11027 10994
f 10989 11028 11022
f 10995 11028 10989
f 11004 11029 10996
f 10997 11029 6602
f 6603 11029 11030
f 6602 11029 6603
f 10996 11029 10997
f 10998 11031 11023
f 720 11031 10998
f 716 11031 720
f 10999 11032 10991
f 10991 11032 11024
f 11000 11033 11025
f 11001 11034 11026
f 11002 11035 11027
f 11003 11036 10995
f 10995 11036 11028
f 11029 11037 11030
f 11004 11037 11029
f 11005 11038 10999
f 10999 11038 11032
f 11000 11039 11033
f 11006 11039 11000
f 11001 11040 11034
f 11013 11040 11007
f 11007 11040 11001
f 11002 11041 11035
f 11008 11041 11002
f 11003 11042 11036
f 11009 11042 11003
f 11037 11043 11030
f 11030 11043 11044
f 11004 11043 11037
f 11044 11043 11045
f 11016 11043 11010
f 11010 11043 11004
f 11005 11046 11038
f 11011 11046 11005
f 11006 11047 11039
f 11012 11047 11006
f 11013 11048 11040
f 11014 11049 11008
f 11008 11049 11041
f 11009 11050 11042
f 11015 11050 11009
f 11043 11051 11045
f 11016 11051 11043
f 11023 11052 11017
f 11011 11052 11046
f 11017 11052 11011
f 11012 11053 11047
f 11018 11053 11012
f 11024 11053 11018
f 11013 11054 11048
f 11019 11054 11013
f 11014 11055 11049
f 11020 11055 11014
f 11026 11055 11020
f 11015 11056 11050
f 11027 11056 11021
f 11021 11056 11015
f 11051 11057 11045
f 11045 11057 11058
f 11022 11057 11016
f 11016 11057 11051
f 11023 11059 11052
f 11024 11060 11053
f 11025 11061 11019
f 11019 11061 11054
f 11026 11062 11055
f 11027 11063 11056
f 11022 11064 11057
f 11057 11064 11058
f 11058 11064 11065
f 11028 11064 11022
f 11031 11066 11023
f 11023 11066 11059
f 716 11066 11031
f 714 11066 716
f 11032 11067 11024
f 11024 11067 11060
f 11033 11068 11025
f 11025 11068 11061
f 11034 11069 11026
f 11026 11069 11062
f 11035 11070 11027
f 11027 11070 11063
f 11036 11071 11028
f 11065 11071 11072
f 11064 11071 11065
f 11028 11071 11064
f 11032 11073 11067
f 11038 11073 11032
f 11046 11073 11038
f 11033 11074 11068
f 11039 11074 11033
f 11034 11075 11069
f 11040 11075 11034
f 11041 11076 11035
f 11049 11076 11041
f 11035 11076 11070
f 11071 11077 11072
f 11042 11077 11036
f 11072 11077 11078
f 11036 11077 11071
f 11050 11077 11042
f 11046 11079 11073
f 11047 11080 11039
f 11039 11080 11074
f 11040 11081 11075
f 11048 11081 11040
f 11054 11081 11048
f 11049 11082 11076
f 11050 11083 11077
f 11078 11083 11084
f 11077 11083 11078
f 11046 11085 11079
f 11052 11085 11046
f 11047 11086 11080
f 11053 11086 11047
f 11054 11087 11081
f 11055 11088 11049
f 11049 11088 11082
f 11050 11089 11083
f 11083 11089 11084
f 11084 11089 11090
f 11090 11089 11091
f 11056 11089 11050
f 11066 11092 11059
f 11052 11092 11085
f 11059 11092 11052
f 11053 11093 11086
f 11060 11093 11053
f 11061 11094 11054
f 11054 11094 11087
f 11055 11095 11088
f 11069 11095 11062
f 11062 11095 11055
f 11063 11096 11056
f 11056 11096 11089
f 11091 11096 11097
f 11089 11096 11091
f 714 11098 11066
f 11066 11098 11092
f 713 11098 714
f 11067 11099 11060
f 11060 11099 11093
f 11068 11100 11061
f 11061 11100 11094
f 11075 11101 11069
f 11069 11101 11095
f 11070 11102 11063
f 11063 11102 11096
f 11096 11102 11097
f 11073 11103 11067
f 11079 11103 11073
f 11067 11103 11099
f 11074 11104 11068
f 11068 11104 11100
f 11075 11105 11101
f 11070 11106 11102
f 11076 11106 11070
f 11097 11106 11107
f 11102 11106 11097
f 11079 11108 11103
f 11080 11109 11074
f 11074 11109 11104
f 11081 11110 11075
f 11075 11110 11105
f 11106 11111 11107
f 11076 11111 11106
f 11107 11111 11112
f 11082 11111 11076
f 11079 11113 11108
f 11085 11113 11079
f 11092 11113 11085
f 11080 11114 11109
f 11086 11114 11080
f 11087 11115 11081
f 11081 11115 11110
f 11111 11116 11112
f 11082 11116 11111
f 11112 11116 11117
f 11088 11116 11082
f 11095 11116 11088
f 11092 11118 11113
f 11093 11119 11086
f 11086 11119 11114
f 11087 11120 11115
f 11094 11120 11087
f 11116 11121 11117
f 11117 11121 11122
f 11095 11121 11116
f 11092 11123 11118
f 718 11123 713
f 722 11123 718
f 11098 11123 11092
f 713 11123 11098
f 11093 11124 11119
f 11099 11124 11093
f 11094 11125 11120
f 11100 11125 11094
f 11121 11126 11122
f 11095 11126 11121
f 11122 11126 11127
f 11127 11126 11128
f 11101 11126 11095
f 11103 11129 11099
f 11099 11129 11124
f 11100 11130 11125
f 11104 11130 11100
f 11109 11130 11104
f 11126 11131 11128
f 11128 11131 11132
f 11101 11131 11126
f 11105 11131 11101
f 11103 11133 11129
f 11108 11133 11103
f 11109 11134 11130
f 11131 11135 11132
f 11105 11135 11131
f 11110 11135 11105
f 11113 11136 11108
f 11118 11136 11113
f 11108 11136 11133
f 11114 11137 11109
f 11109 11137 11134
f 11135 11138 11132
f 11132 11138 11139
f 11115 11138 11110
f 11110 11138 11135
f 11123 11140 11118
f 11118 11140 11136
f 11114 11141 11137
f 11119 11141 11114
f 11120 11142 11115
f 11115 11142 11138
f 11125 11142 11120
f 11139 11142 11143
f 11138 11142 11139
f 722 11144 11123
f 11123 11144 11140
f 11119 11145 11141
f 11124 11145 11119
f 11143 11146 11147
f 11142 11146 11143
f 11125 11146 11142
f 11129 11148 11124
f 11124 11148 11145
f 11146 11149 11147
f 11125 11149 11146
f 11147 11149 11150
f 11130 11149 11125
f 11129 11151 11148
f 11133 11151 11129
f 11149 11152 11150
f 11130 11152 11149
f 11150 11152 11153
f 11134 11152 11130
f 11133 11154 11151
f 11136 11154 11133
f 11152 11155 11153
f 11134 11155 11152
f 11153 11155 11156
f 11137 11155 11134
f 11136 11157 11154
f 11140 11157 11136
f 11145 11158 11141
f 11137 11158 11155
f 11156 11158 11159
f 11155 11158 11156
f 11141 11158 11137
f 11144 11160 11140
f 726 11160 722
f 722 11160 11144
f 11140 11160 11157
f 11145 11161 11158
f 11158 11161 11159
f 11159 11161 11162
f 11161 11163 11162
f 11148 11163 11145
f 11162 11163 11164
f 11145 11163 11161
f 11151 11165 11148
f 11148 11165 11163
f 11163 11165 11164
f 11164 11165 11166
f 11154 11167 11151
f 11151 11167 11165
f 11165 11167 11166
f 11166 11167 11168
f 11160 11169 11157
f 11154 11169 11167
f 11157 11169 11154
f 11167 11169 11168
f 11168 11169 11170
f 11170 11169 6605
f 11169 11171 6605
f 6605 11171 730
f 726 11171 11160
f 11160 11171 11169
f 730 11171 726
f 11172 11173 11174
f 11175 11176 11177
f 11175 11177 11178
f 11179 11175 11178
f 11179 11178 11180
f 11181 11179 11180
f 11182 11181 11180
f 11183 11180 11184
f 11183 11182 11180
f 11185 11183 11184
f 11185 11186 11183
f 11187 11188 11189
f 11187 11190 11188
f 11187 11189 11186
f 11187 11186 11185
f 11191 11192 11172
f 11191 11172 11174
f 11191 11193 11192
f 11191 11194 11193
f 11195 11196 11190
f 11195 11184 11196
f 11195 11190 11187
f 11195 11185 11184
f 11195 11187 11185
f 11197 11191 11174
f 11197 11174 11198
f 11197 11194 11191
f 11199 11200 705
f 11199 11201 11200
f 11199 11202 11201
f 11199 705 1367
f 11203 11204 11205
f 11206 11204 11203
f 11206 11203 11199
f 11207 11206 11199
f 11207 11204 11206
f 11208 11207 11199
f 11208 11204 11207
f 11208 1367 11209
f 11208 11209 11210
f 11208 11210 11211
f 11208 11211 11212
f 11208 11212 11204
f 11208 11199 1367
f 11213 11214 11045
f 11213 11045 11058
f 11213 11058 11065
f 11213 11065 11072
f 11213 11215 11214
f 11213 11196 11216
f 11213 11072 11196
f 11213 11216 11215
f 11217 11218 11194
f 11217 11219 11220
f 11217 11220 11221
f 11217 11221 11218
f 11217 11194 11197
f 11222 11223 772
f 11222 11224 11223
f 11222 11225 11226
f 11222 11227 11225
f 11222 11228 11227
f 11222 772 773
f 11222 773 774
f 11222 11226 11224
f 11229 11222 774
f 11229 11230 11228
f 11229 11228 11222
f 11229 774 775
f 11231 11229 775
f 11231 11230 11229
f 11231 11232 11230
f 11233 11231 775
f 11233 11234 11232
f 11233 775 776
f 11233 11232 11231
f 11235 11233 776
f 11235 11234 11233
f 11236 11235 776
f 11236 11234 11235
f 11236 776 780
f 11237 11234 11236
f 11237 11238 11234
f 11237 11236 780
f 11239 11238 11237
f 11239 11237 780
f 11239 11240 11238
f 11241 11239 780
f 11241 11240 11239
f 11241 11242 11240
f 11241 780 781
f 11243 11242 11241
f 11243 11241 781
f 11244 11242 11243
f 11244 11243 781
f 11244 11245 11242
f 11246 11244 781
f 11246 11245 11244
f 11246 781 782
f 11246 11247 11245
f 11248 11246 782
f 11249 11248 782
f 11249 782 783
f 11250 11249 783
f 11251 11252 11227
f 11251 11228 11230
f 11251 11227 11228
f 11251 11230 11232
f 11251 11253 11252
f 11251 11232 11234
f 11254 11234 11238
f 11254 11251 11234
f 11254 11253 11251
f 11255 11256 11253
f 11255 11253 11254
f 11255 11254 11238
f 11257 11258 11256
f 11257 11256 11255
f 11257 11255 11238
f 11257 11238 11240
f 11259 11257 11240
f 11259 11240 11242
f 11259 11258 11257
f 11260 11259 11242
f 11260 11258 11259
f 11260 11242 11245
f 11261 11258 11260
f 11261 11260 11245
f 11261 11245 11247
f 11262 11258 11261
f 11262 11261 11247
f 11263 786 787
f 11263 787 711
f 11263 11264 11265
f 11263 711 11266
f 11263 11266 11264
f 11267 11268 11269
f 11270 11265 11264
f 11271 11270 11264
f 11272 11271 11264
f 11272 11273 11271
f 11272 11264 11266
f 11274 11273 11272
f 11274 11272 11266
f 11274 11275 11273
f 11274 11266 11276
f 11277 11274 11276
f 11277 11275 11274
f 11278 11276 11279
f 11278 11277 11276
f 11278 11275 11277
f 11278 11280 11275
f 11281 11278 11279
f 11281 11280 11278
f 11281 11279 11282
f 11283 11280 11281
f 11283 11281 11282
f 11283 11284 11280
f 11285 11282 11286
f 11285 11283 11282
f 11285 11284 11283
f 11287 11288 11289
f 11290 11285 11286
f 11290 11286 11291
f 11290 11291 11292
f 11290 11292 11293
f 11290 11293 11294
f 11290 11294 11295
f 11290 11284 11285
f 11290 11296 11297
f 11290 11295 11296
f 11290 11297 11284
f 11298 11273 11299
f 11298 11300 11273
f 11301 11288 11287
f 11301 11302 11288
f 11301 11287 11303
f 11301 11303 11302
f 11304 11298 11299
f 11305 11306 11307
f 11305 11299 11308
f 11305 11303 11304
f 11305 11302 11303
f 11305 11304 11299
f 11305 11307 11302
f 11309 11308 11310
f 11309 11306 11305
f 11309 11305 11308
f 11311 11309 11310
f 11311 11306 11309
f 11311 11310 11312
f 11313 11314 11311
f 6605 735 734
f 6605 734 736
f 11313 11311 11312
f 11315 11316 11314
f 11315 11314 11313
f 11315 11313 11312
f 11317 11316 11315
f 11317 11318 11316
f 11170 736 737
f 11170 737 738
f 11317 11315 11312
f 11317 11312 11319
f 11320 11321 11318
f 11320 11318 11317
f 11320 11317 11319
f 11322 11321 11320
f 11322 11323 11321
f 11322 11320 11319
f 11170 6605 736
f 11168 738 742
f 11168 742 743
f 11168 743 744
f 11324 11323 11322
f 11324 11322 11319
f 11325 11326 11323
f 11325 11319 11327
f 11325 11323 11324
f 11325 11324 11319
f 11328 11329 11326
f 11328 11330 11329
f 11328 11326 11325
f 11328 11325 11327
f 11168 11170 738
f 11331 11330 11328
f 11331 11328 11327
f 11332 11330 11331
f 11332 11331 11327
f 11333 11327 11334
f 11333 11330 11332
f 11333 11332 11327
f 11335 11330 11333
f 11335 11333 11334
f 11336 11335 11334
f 11336 11330 11335
f 11337 11334 11338
f 11337 11338 11339
f 11337 11339 11340
f 11337 11336 11334
f 11341 11337 11340
f 11342 11314 11316
f 11342 11318 11321
f 11342 11343 11314
f 11342 11316 11318
f 11342 11186 11343
f 11344 11186 11342
f 11344 11342 11321
f 11344 11321 11323
f 11344 11323 11326
f 11344 11326 11329
f 11344 11329 11330
f 11345 11346 11347
f 11345 11172 11192
f 11345 11348 11173
f 11345 11173 11172
f 11345 11347 11348
f 11349 11186 11344
f 11349 11175 11179
f 11349 11346 11175
f 11349 11179 11181
f 11349 11181 11182
f 11349 11183 11186
f 11349 11182 11183
f 11350 11346 11345
f 11350 11345 11192
f 11350 11193 11351
f 11350 11351 11352
f 11350 11352 11176
f 11350 11192 11193
f 11350 11175 11346
f 11350 11176 11175
f 11353 11202 11199
f 11353 11198 11202
f 11353 11197 11198
f 11353 11217 11197
f 11353 11199 11203
f 11354 11203 11205
f 11354 11217 11353
f 11354 11205 11355
f 11354 11355 11219
f 11354 11353 11203
f 11354 11219 11217
f 11356 11246 11248
f 11356 11247 11246
f 11356 11248 11249
f 11357 11356 11249
f 11357 11247 11356
f 11357 11250 11269
f 11357 11249 11250
f 11358 11250 783
f 11359 11247 11357
f 11359 11357 11269
f 11359 11269 11268
f 11359 11262 11247
f 11360 11361 11362
f 11363 11361 786
f 11363 786 11263
f 11363 11263 11265
f 11363 11362 11361
f 11364 11267 11269
f 11364 11365 11366
f 11367 11368 11258
f 11367 11258 11262
f 11367 11369 11368
f 11370 11366 11365
f 11370 11362 11371
f 11370 11365 11360
f 11370 11360 11362
f 11372 11267 11373
f 11372 11268 11267
f 11374 11371 11362
f 11374 11265 11270
f 11374 11362 11363
f 11374 11363 11265
f 11375 11366 11376
f 11375 11373 11267
f 11375 11364 11366
f 11375 11267 11364
f 11377 11376 11366
f 11377 11371 11300
f 11377 11370 11371
f 11377 11366 11370
f 11378 11379 11287
f 11378 11287 11289
f 11378 11289 11369
f 11378 11373 11379
f 11378 11369 11372
f 11378 11372 11373
f 11380 11371 11374
f 11380 11271 11273
f 11380 11273 11300
f 11380 11300 11371
f 11380 11374 11270
f 11380 11270 11271
f 11381 11287 11379
f 11381 11375 11376
f 11381 11303 11287
f 11381 11379 11373
f 11381 11373 11375
f 11382 11300 11298
f 11382 11298 11304
f 11382 11304 11303
f 11382 11377 11300
f 11382 11381 11376
f 11382 11303 11381
f 11382 11376 11377
f 11383 11384 11306
f 11383 11311 11314
f 11383 11343 11384
f 11383 11314 11343
f 11383 11306 11311
f 11385 11386 11348
f 11385 11387 11386
f 11385 11347 11341
f 11385 11341 11340
f 11385 11348 11347
f 11385 11340 11387
f 11388 11330 11336
f 11388 11336 11337
f 11388 11337 11341
f 11389 11347 11346
f 11389 11344 11330
f 11389 11341 11347
f 11389 11349 11344
f 11389 11330 11388
f 11389 11346 11349
f 11389 11388 11341
f 11390 11361 11360
f 11390 783 786
f 11390 11358 783
f 11390 11360 11358
f 11390 786 11361
f 11391 11269 11250
f 11391 11250 11358
f 11391 11364 11269
f 11392 11364 11391
f 11392 11360 11365
f 11392 11365 11364
f 11392 11391 11358
f 11392 11358 11360
f 11393 11359 11268
f 11393 11262 11359
f 11393 11367 11262
f 11393 11369 11367
f 11393 11372 11369
f 11393 11268 11372
f 11394 6603 11395
f 6604 6603 11394
f 11396 748 749
f 11396 749 750
f 11397 748 11396
f 11397 11162 11164
f 11397 11164 11166
f 11397 11166 11168
f 11397 744 745
f 11397 745 746
f 11397 746 747
f 11397 747 748
f 11397 11168 744
f 11398 752 756
f 11398 756 757
f 11398 757 758
f 11399 752 11398
f 11399 751 752
f 11400 751 11399
f 11401 11396 750
f 11401 751 11400
f 11401 750 751
f 11402 11159 11162
f 11402 11396 11401
f 11402 11397 11396
f 11402 11162 11397
f 11403 11399 11398
f 11403 11401 11400
f 11403 11156 11159
f 11403 11400 11399
f 11403 11402 11401
f 11403 11159 11402
f 11404 11403 11398
f 11405 11404 11398
f 11406 11398 758
f 11406 11405 11398
f 11407 11153 11156
f 11407 11405 11406
f 11407 11404 11405
f 11407 11156 11403
f 11407 11403 11404
f 11408 11407 11406
f 11409 11408 11406
f 11410 11408 11409
f 11410 11407 11408
f 11410 11153 11407
f 11410 11150 11153
f 11410 11409 11411
f 11410 11411 11412
f 11413 11410 11412
f 11414 11413 11412
f 11415 11413 11414
f 11415 11150 11410
f 11415 11410 11413
f 11415 11414 11416
f 11417 11415 11416
f 11418 11417 11416
f 11419 11418 11420
f 11421 11418 11419
f 11421 11417 11418
f 11421 11415 11417
f 11422 11419 11420
f 11422 11421 11419
f 11423 11422 11420
f 11424 11253 11256
f 11424 11420 11252
f 11424 11423 11420
f 11424 11252 11253
f 11425 11423 11424
f 11426 11424 11256
f 11426 11425 11424
f 11427 11426 11256
f 11427 11256 11258
f 11428 11426 11427
f 11429 11422 11423
f 11429 11415 11421
f 11429 11143 11147
f 11429 11147 11150
f 11429 11423 11425
f 11429 11150 11415
f 11429 11421 11422
f 11430 11426 11428
f 11430 11429 11425
f 11430 11428 11431
f 11430 11139 11143
f 11430 11425 11426
f 11430 11143 11429
f 11432 11430 11431
f 11432 11132 11139
f 11432 11139 11430
f 11433 11132 11432
f 11433 11128 11132
f 11433 11432 11431
f 11433 11434 11288
f 11433 11431 11434
f 11384 11433 11288
f 11435 11112 11117
f 11436 11112 11435
f 11436 11107 11112
f 11437 11107 11436
f 11438 11097 11107
f 11438 11107 11437
f 11439 11097 11438
f 11439 11438 11186
f 11440 11439 11186
f 11440 11097 11439
f 11441 11440 11186
f 11441 11091 11097
f 11441 11097 11440
f 11442 11441 11186
f 11442 11091 11441
f 11189 11091 11442
f 11189 11090 11091
f 11189 11442 11186
f 11188 11090 11189
f 11190 11090 11188
f 11190 11078 11084
f 11190 11084 11090
f 11198 11443 11201
f 11198 11201 11202
f 11174 11173 11444
f 11174 11444 11445
f 11174 11443 11198
f 11174 11445 11443
f 11196 11072 11078
f 11196 11078 11190
f 11194 11218 11446
f 11447 11194 11446
f 11447 11193 11194
f 11448 11351 11193
f 11448 11193 11447
f 11448 11447 11446
f 11448 11446 11449
f 11450 11351 11448
f 11450 11352 11351
f 11450 11448 11449
f 11450 11449 11451
f 11452 11176 11352
f 11452 11177 11176
f 11452 11352 11450
f 11452 11450 11451
f 11453 11177 11452
f 11453 11178 11177
f 11453 11452 11451
f 11453 11451 11454
f 11455 11178 11453
f 11455 11184 11180
f 11455 11196 11184
f 11455 11453 11454
f 11455 11180 11178
f 11455 11454 11456
f 11216 11196 11455
f 11457 11216 11455
f 11457 11455 11456
f 11457 11456 11458
f 11215 11216 11457
f 11459 11215 11457
f 11459 11458 11460
f 11459 11457 11458
f 11214 11044 11045
f 11214 11215 11459
f 11461 11459 11460
f 11461 11214 11459
f 11461 11460 11462
f 11463 11044 11214
f 11463 11030 11044
f 11463 11214 11461
f 11464 6603 11030
f 11464 11030 11463
f 11464 11461 11462
f 11464 11463 11461
f 11464 11395 6603
f 11464 11462 11395
f 11465 758 759
f 11465 11406 758
f 11465 759 760
f 11465 760 761
f 11465 761 762
f 11465 11411 11409
f 11465 11409 11406
f 11465 11412 11411
f 11466 11412 11465
f 11466 11465 762
f 11466 762 763
f 11466 763 764
f 11467 769 770
f 11467 770 771
f 11468 11420 11467
f 11468 11467 771
f 11468 771 772
f 11223 11420 11468
f 11223 11468 772
f 11224 11420 11223
f 11469 11466 764
f 11469 11414 11412
f 11469 11416 11414
f 11469 11412 11466
f 11470 11469 764
f 11470 764 765
f 11470 11416 11469
f 11226 11420 11224
f 11471 11420 11418
f 11471 11467 11420
f 11471 11470 765
f 11471 11416 11470
f 11471 765 769
f 11471 11418 11416
f 11471 769 11467
f 11225 11252 11420
f 11225 11420 11226
f 11227 11252 11225
f 11276 11266 711
f 11368 11427 11258
f 11368 11431 11428
f 11368 11428 11427
f 11279 711 710
f 11279 11276 711
f 11282 11279 710
f 11286 11282 710
f 11472 11431 11368
f 11472 11434 11431
f 11472 11368 11369
f 11291 11286 710
f 11291 710 709
f 11292 11291 709
f 11293 11292 709
f 11294 11293 709
f 11294 709 708
f 11473 11474 11295
f 11473 11295 11294
f 11473 11294 708
f 11475 11474 11473
f 11475 11473 708
f 11476 11474 11475
f 11476 11475 708
f 11477 11474 11476
f 11477 11476 708
f 11477 708 706
f 11478 11474 11477
f 11478 11477 706
f 11478 706 707
f 11478 707 705
f 11289 11434 11472
f 11289 11472 11369
f 11289 11288 11434
f 11479 11273 11275
f 11479 11299 11273
f 11479 11310 11308
f 11479 11308 11299
f 11302 11384 11288
f 11480 11479 11275
f 11480 11310 11479
f 11481 11275 11280
f 11481 11480 11275
f 11481 11310 11480
f 11481 11312 11310
f 11482 11481 11280
f 11482 11312 11481
f 11483 11482 11280
f 11483 11312 11482
f 11483 11319 11312
f 11484 11280 11284
f 11484 11483 11280
f 11484 11319 11483
f 11484 11327 11319
f 11485 11484 11284
f 11485 11327 11484
f 11486 11485 11284
f 11486 11327 11485
f 11486 11334 11327
f 11486 11284 11297
f 11487 11338 11334
f 11487 11486 11297
f 11487 11334 11486
f 11488 11487 11297
f 11488 11338 11487
f 11489 11297 11296
f 11489 11488 11297
f 11489 11339 11338
f 11489 11338 11488
f 11490 11489 11296
f 11490 11340 11339
f 11490 11339 11489
f 11491 11490 11296
f 11491 11340 11490
f 11492 11296 11295
f 11492 11491 11296
f 11492 11340 11491
f 11387 11295 11474
f 11387 11492 11295
f 11387 11340 11492
f 11307 11384 11302
f 11306 11384 11307
f 11493 11478 705
f 11493 11474 11478
f 11494 11493 705
f 11200 11494 705
f 11200 11201 11443
f 11200 11443 11445
f 11495 11435 11117
f 11495 11117 11122
f 11495 11122 11127
f 11495 11127 11128
f 11495 11128 11433
f 11495 11433 11384
f 11496 11444 11173
f 11496 11445 11444
f 11496 11200 11445
f 11496 11494 11200
f 11496 11493 11494
f 11497 11493 11496
f 11386 11493 11497
f 11386 11387 11474
f 11386 11474 11493
f 11498 11495 11384
f 11498 11436 11435
f 11498 11435 11495
f 11348 11497 11496
f 11348 11386 11497
f 11348 11496 11173
f 11343 11438 11437
f 11343 11436 11498
f 11343 11498 11384
f 11343 11186 11438
f 11343 11437 11436
f 1373 11394 1370
f 6604 11394 1373
f 1370 11395 1647
f 11394 11395 1370
f 1647 11462 1652
f 11395 11462 1647
f 1652 11460 1655
f 11462 11460 1652
f 1655 11458 1658
f 11460 11458 1655
f 1658 11456 1660
f 11458 11456 1658
f 1660 11454 1663
f 11456 11454 1660
f 1663 11451 1664
f 11454 11451 1663
f 1664 11449 1527
f 11451 11449 1664
f 1527 11446 1528
f 1528 11446 1529
f 11449 11446 1527
f 1529 11218 1541
f 11446 11218 1529
f 1541 11221 1553
f 11218 11221 1541
f 11221 11220 1553
f 1553 11220 1554
f 11220 11219 1554
f 1554 11219 1567
f 11219 11355 1567
f 1567 11355 1577
f 1577 11205 1578
f 11355 11205 1577
f 1578 11204 1586
f 11205 11204 1578
f 1586 11212 1592
f 1592 11212 1593
f 11204 11212 1586
f 1593 11211 1597
f 11212 11211 1593
f 1597 11210 1599
f 11211 11210 1597
f 1599 11209 1600
f 11210 11209 1599
f 11209 1367 1600
f 1600 1367 213
f 3921 3853 11499
f 3989 3921 11499
f 4050 3989 11499
f 4106 4050 11499
f 4156 4106 11499
f 11500 4195 4156
f 11500 4237 4195
f 11500 4156 11499
f 4270 4237 11500
f 4286 4270 11500
f 4286 8873 4327
f 8873 8915 4327
f 8915 8962 4327
f 4327 8962 4373
f 8962 9013 4373
f 4373 9013 4424
f 9013 9069 4424
f 4424 9069 4480
f 9069 9129 4480
f 4480 9129 4540
f 4540 9129 4607
f 9129 9193 4607
f 9193 9258 4607
f 4607 9258 4674
f 4674 9258 4740
f 9258 9323 4740
f 9323 9388 4740
f 4740 9388 4805
f 9388 9453 4805
f 4805 9453 4870
f 4870 9453 4935
f 9453 9520 4935
f 4935 9520 5000
f 9520 9588 5000
f 9588 9654 5000
f 5000 9654 5065
f 9654 9719 5065
f 5065 9719 5130
f 9719 9784 5130
f 5130 9784 5195
f 5195 9784 5260
f 9784 9849 5260
f 5260 9914 5325
f 9849 9914 5260
f 5325 9975 5386
f 5386 9975 5442
f 9914 9975 5325
f 9975 10031 5442
f 5442 10082 5493
f 10031 10082 5442
f 5493 10128 5539
f 5539 10128 5580
f 10082 10128 5493
f 10128 10169 5580
f 5580 10205 5616
f 5616 10205 5649
f 10169 10205 5580
f 10205 10238 5649
f 10238 10271 5649
f 5649 10271 5682
f 10271 10304 5682
f 5682 10304 5715
f 10304 10337 5715
f 5715 10337 5748
f 10337 10370 5748
f 5748 10370 5781
f 10370 10403 5781
f 5781 10403 5814
f 10403 10436 5814
f 5814 10436 5847
f 5847 10436 5880
f 10436 10469 5880
f 10469 10502 5880
f 5880 10502 5913
f 10502 10535 5913
f 5913 10535 5946
f 5946 10535 5979
f 10535 10568 5979
f 10568 10601 5979
f 5979 10601 6012
f 6012 10601 6045
f 10601 10634 6045
f 10634 10667 6045
f 6045 10667 6078
f 10667 10700 6078
f 6078 10700 6111
f 6111 10700 6144
f 10700 10733 6144
f 10733 10766 6144
f 6144 10766 6177
f 10766 10799 6177
f 6177 10799 6210
f 6210 10799 6243
f 10799 10832 6243
f 10832 10865 6243
f 6243 10865 6276
f 6276 10865 6309
f 10865 10898 6309
f 10898 10931 6309
f 6309 10931 6342
f 10931 10964 6342
f 6342 10964 6375
f 10964 10997 6375
f 6375 10997 6408
f 10997 6602 6408
f 6408 6602 1967
f 1967 6604 1373
f 6602 6604 1967
f 3853 6601 11501
f 3853 11501 11499
f 8859 8873 11502
f 8824 8859 11502
f 8784 8824 11502
f 8741 8784 11502
f 11501 8573 8635
f 11501 8635 8692
f 11501 8692 8741
f 11501 8741 11502
f 8507 8573 11501
f 6601 8507 11501
f 8873 4286 11500
f 8873 11500 11502
f 11501 11503 11504
f 11499 11501 11504
f 11505 11502 11500
f 11505 11506 11502
f 11504 11505 11500
f 11504 11500 11499
f 11506 11503 11501
f 11506 11501 11502
f 11504 11503 11507
f 11507 11503 11508
f 11505 11504 11509
f 11509 11504 11507
f 11503 11506 11508
f 11508 11506 11510
f 11506 11505 11510
f 11510 11505 11509
f 11510 11509 11508
f 11508 11509 11507

